customer_id,credit_score,credit_utilization,debt_ratio,open_credit_lines,past_due_30_59,past_due_60_89,past_due_90plus,real_estate_loans
CUST000000,598,0.4871,0.6783,4,0,0,0,1
CUST000001,792,0.0523,0.3178,2,0,0,0,0
CUST000002,349,0.601,0.5696,0,0,0,0,0
CUST000003,739,0.5873,0.0441,8,0,0,0,1
CUST000004,491,0.0241,0.1065,5,0,0,0,0
CUST000005,692,0.0764,0.2268,3,1,0,0,1
CUST000006,549,0.4641,0.8879,3,0,0,0,0
CUST000007,653,0.4139,0.2482,4,1,0,0,0
CUST000008,605,0.1138,0.416,6,1,0,0,1
CUST000009,678,0.5199,0.3369,4,0,1,0,1
CUST000010,702,0.5072,0.1162,3,0,0,1,1
CUST000011,695,0.1065,0.6393,2,0,0,0,1
CUST000012,584,0.2017,0.5482,2,0,1,0,0
CUST000013,674,0.17,0.2429,3,0,0,0,0
CUST000014,733,0.1156,0.3727,4,1,0,0,1
CUST000015,629,0.2155,0.2752,5,0,0,0,1
CUST000016,665,0.3459,0.6886,1,0,0,0,2
CUST000017,548,0.2204,0.352,1,0,0,0,1
CUST000018,676,0.1371,0.4745,4,2,1,0,2
CUST000019,592,0.17,0.3769,5,0,1,0,1
CUST000020,631,0.1022,0.3838,5,0,0,0,1
CUST000021,649,0.4719,0.5258,9,0,0,0,0
CUST000022,668,0.229,0.2367,4,0,1,0,1
CUST000023,613,0.0604,0.0969,2,0,0,0,0
CUST000024,799,0.0785,0.2461,2,1,0,0,0
CUST000025,563,0.4905,0.0782,5,0,0,0,0
CUST000026,506,0.2647,0.1067,5,0,0,0,0
CUST000027,536,0.135,0.2377,3,1,0,0,1
CUST000028,558,0.6365,0.4412,6,2,0,0,0
CUST000029,650,0.5244,0.0436,2,2,0,0,0
CUST000030,812,0.2454,0.2072,1,0,1,0,1
CUST000031,684,0.0555,0.339,3,0,0,0,1
CUST000032,626,0.4657,0.1153,5,0,0,0,0
CUST000033,586,0.7469,0.3275,3,1,1,0,0
CUST000034,754,0.4351,0.3697,6,1,0,0,0
CUST000035,550,0.3431,0.048,1,2,0,2,0
CUST000036,506,0.2686,0.1296,3,1,0,0,0
CUST000037,570,0.2898,0.4209,4,1,0,1,0
CUST000038,601,0.0172,0.1871,1,0,0,0,0
CUST000039,702,0.3766,0.299,1,1,0,0,1
CUST000040,722,0.2191,0.2178,6,0,0,0,1
CUST000041,696,0.4623,0.0739,5,0,0,0,0
CUST000042,448,0.3673,0.6135,1,0,0,0,1
CUST000043,650,0.4006,0.1452,2,0,0,0,0
CUST000044,653,0.098,0.606,2,0,0,0,0
CUST000045,685,0.3021,0.322,3,0,0,0,0
CUST000046,512,0.2657,0.1473,2,1,0,0,0
CUST000047,611,0.1621,0.617,9,0,0,1,1
CUST000048,608,0.1352,0.3454,5,1,0,0,0
CUST000049,730,0.311,0.0746,2,0,0,0,1
CUST000050,651,0.1892,0.0546,6,0,0,0,0
CUST000051,587,0.3158,0.1365,4,0,0,0,2
CUST000052,484,0.3537,0.5148,7,1,1,0,1
CUST000053,526,0.3157,0.5729,4,0,1,0,0
CUST000054,700,0.3495,0.2913,2,0,0,0,0
CUST000055,449,0.2003,0.3019,2,2,0,0,0
CUST000056,472,0.1831,0.4313,7,1,0,0,1
CUST000057,717,0.1448,0.1043,7,2,1,0,0
CUST000058,706,0.4992,0.498,5,1,0,1,0
CUST000059,526,0.1636,0.1567,3,0,0,0,0
CUST000060,623,0.1971,0.1614,5,0,0,0,2
CUST000061,779,0.1358,0.2137,4,0,0,0,0
CUST000062,652,0.3984,0.4297,5,1,0,0,0
CUST000063,680,0.237,0.1833,2,0,1,0,0
CUST000064,783,0.1806,0.545,7,1,0,0,0
CUST000065,813,0.1303,0.4481,6,0,0,0,1
CUST000066,650,0.3986,0.4027,3,0,1,1,2
CUST000067,777,0.2237,0.366,3,0,0,0,0
CUST000068,728,0.1136,0.7812,5,0,0,0,1
CUST000069,605,0.3269,0.2716,7,0,0,0,0
CUST000070,683,0.3219,0.2512,9,0,1,0,1
CUST000071,487,0.2111,0.2819,6,1,1,0,0
CUST000072,700,0.3472,0.3975,1,0,0,0,0
CUST000073,600,0.3125,0.2487,1,0,0,0,1
CUST000074,576,0.1488,0.1905,4,0,0,0,0
CUST000075,740,0.2812,0.3157,1,0,1,0,1
CUST000076,556,0.5993,0.1762,6,0,0,0,0
CUST000077,681,0.3525,0.4763,5,0,0,0,0
CUST000078,732,0.2015,0.6472,3,0,0,0,0
CUST000079,607,0.1397,0.4643,5,1,2,0,0
CUST000080,664,0.311,0.4057,5,0,0,1,1
CUST000081,579,0.2009,0.2768,7,0,0,0,0
CUST000082,564,0.2887,0.847,4,1,0,0,1
CUST000083,627,0.429,0.7509,3,0,0,0,0
CUST000084,900,0.1207,0.1205,2,0,0,0,0
CUST000085,810,0.0511,0.2598,2,0,0,0,0
CUST000086,601,0.2489,0.3995,4,1,0,0,0
CUST000087,636,0.1514,0.5739,1,0,0,0,1
CUST000088,611,0.1933,0.3664,4,0,0,0,0
CUST000089,531,0.4556,0.4457,6,0,1,0,0
CUST000090,581,0.2002,0.0518,1,0,1,0,0
CUST000091,605,0.2157,0.1776,2,0,0,0,0
CUST000092,426,0.2977,0.4104,6,0,0,0,1
CUST000093,621,0.1654,0.6448,3,0,0,0,0
CUST000094,713,0.1999,0.3888,4,0,0,0,2
CUST000095,823,0.1484,0.1845,5,0,0,0,0
CUST000096,697,0.1615,0.2945,1,0,0,0,0
CUST000097,568,0.1765,0.6136,4,0,0,0,0
CUST000098,560,0.2471,0.1387,5,0,2,0,1
CUST000099,642,0.4977,0.4237,2,1,0,0,0
CUST000100,653,0.2939,0.2484,1,0,0,0,0
CUST000101,639,0.3252,0.2398,5,0,0,0,1
CUST000102,754,0.1608,0.0769,6,0,0,0,0
CUST000103,689,0.4684,0.2175,5,0,0,0,1
CUST000104,693,0.1364,0.0881,4,0,0,0,0
CUST000105,680,0.66,0.1981,3,1,0,0,0
CUST000106,588,0.4521,0.441,6,0,1,0,0
CUST000107,502,0.2655,0.0163,5,0,0,0,0
CUST000108,638,0.4677,0.315,6,0,0,0,1
CUST000109,591,0.4991,0.2865,8,1,0,0,1
CUST000110,707,0.1419,0.4451,3,0,0,0,0
CUST000111,597,0.2049,0.2296,2,1,0,0,0
CUST000112,754,0.4212,0.1653,5,0,0,0,1
CUST000113,708,0.327,0.275,2,0,0,2,0
CUST000114,800,0.2384,0.2424,2,0,0,0,0
CUST000115,792,0.2059,0.2611,2,0,0,0,0
CUST000116,716,0.2763,0.3451,8,1,1,0,0
CUST000117,547,0.6615,0.3364,3,0,0,0,0
CUST000118,610,0.2369,0.3222,4,0,0,0,2
CUST000119,587,0.0733,0.3422,7,0,0,0,0
CUST000120,660,0.036,0.4877,5,0,0,0,0
CUST000121,691,0.1683,0.0365,8,1,0,1,0
CUST000122,622,0.4229,0.0677,5,1,0,0,2
CUST000123,704,0.3618,0.1128,1,1,0,0,0
CUST000124,591,0.5109,0.2393,5,0,0,0,1
CUST000125,443,0.752,0.5871,4,1,0,0,0
CUST000126,670,0.2563,0.5744,5,0,1,0,0
CUST000127,625,0.2255,0.0981,4,0,0,0,0
CUST000128,661,0.4842,0.6293,2,1,0,0,2
CUST000129,720,0.4389,0.3998,3,0,0,0,2
CUST000130,629,0.3459,0.321,10,0,0,0,1
CUST000131,540,0.2558,0.1502,6,0,0,0,2
CUST000132,597,0.2914,0.2678,5,1,0,0,0
CUST000133,777,0.298,0.546,7,1,0,0,1
CUST000134,689,0.6448,0.6633,6,0,1,1,1
CUST000135,755,0.383,0.1956,4,0,0,1,1
CUST000136,607,0.3755,0.2391,4,0,0,0,2
CUST000137,716,0.5679,0.1908,0,1,1,0,0
CUST000138,737,0.4248,0.2522,4,0,0,1,1
CUST000139,512,0.3102,0.2251,7,0,0,0,2
CUST000140,677,0.3245,0.4073,2,1,0,0,2
CUST000141,668,0.2601,0.2435,3,0,1,0,1
CUST000142,544,0.3598,0.6108,3,0,0,0,0
CUST000143,545,0.0437,0.5753,5,0,0,0,0
CUST000144,834,0.1109,0.4236,3,0,0,0,1
CUST000145,665,0.2916,0.1439,4,2,0,0,0
CUST000146,764,0.0782,0.4925,1,1,0,0,1
CUST000147,716,0.3242,0.1785,5,0,0,0,2
CUST000148,655,0.2514,0.26,3,1,0,0,0
CUST000149,559,0.1201,0.6436,6,1,0,0,0
CUST000150,708,0.3945,0.3035,5,1,0,0,0
CUST000151,651,0.2996,0.641,1,0,0,0,2
CUST000152,665,0.2583,0.3008,5,0,1,0,0
CUST000153,675,0.1401,0.4447,11,0,0,0,0
CUST000154,682,0.2267,0.4073,7,0,0,0,1
CUST000155,699,0.6182,0.6124,6,0,0,0,0
CUST000156,568,0.1766,0.3438,2,0,0,0,0
CUST000157,713,0.2304,0.3155,6,0,0,2,0
CUST000158,716,0.2991,0.661,2,1,0,0,1
CUST000159,669,0.3309,0.1462,4,1,0,0,0
CUST000160,704,0.3339,0.1016,6,1,0,0,0
CUST000161,780,0.4333,0.2155,2,0,0,0,1
CUST000162,726,0.6684,0.2864,4,0,0,0,1
CUST000163,547,0.2182,0.2713,4,0,0,0,0
CUST000164,602,0.0716,0.088,5,0,0,0,0
CUST000165,633,0.2507,0.6089,2,0,0,0,2
CUST000166,597,0.2759,0.2842,4,1,0,0,1
CUST000167,525,0.2946,0.211,5,0,1,0,0
CUST000168,735,0.2928,0.2943,6,0,0,0,1
CUST000169,579,0.4761,0.5718,3,0,0,0,1
CUST000170,760,0.1715,0.6748,4,0,0,0,0
CUST000171,504,0.6171,0.3309,3,0,0,1,0
CUST000172,720,0.3939,0.1593,4,1,0,1,0
CUST000173,727,0.1144,0.2023,1,0,0,0,0
CUST000174,671,0.3147,0.2149,4,0,0,0,1
CUST000175,627,0.356,0.2865,9,1,0,0,0
CUST000176,649,0.1607,0.3588,5,0,1,0,0
CUST000177,652,0.3446,0.2883,3,0,0,1,1
CUST000178,692,0.3008,0.3898,5,0,0,0,0
CUST000179,634,0.2532,0.4672,5,0,0,1,3
CUST000180,647,0.2382,0.1963,3,0,0,0,1
CUST000181,680,0.3373,0.6655,4,0,0,0,0
CUST000182,652,0.1304,0.1968,4,0,0,0,2
CUST000183,570,0.4006,0.4195,2,0,0,0,0
CUST000184,579,0.3897,0.4139,7,0,0,0,0
CUST000185,643,0.2857,0.2332,5,0,0,0,2
CUST000186,494,0.4191,0.3316,3,0,1,0,0
CUST000187,637,0.0622,0.693,3,1,0,0,1
CUST000188,665,0.305,0.2765,3,1,0,0,0
CUST000189,642,0.182,0.6007,1,0,0,0,0
CUST000190,691,0.2249,0.0198,3,0,0,0,0
CUST000191,668,0.7922,0.3712,2,0,1,0,0
CUST000192,727,0.1457,0.3314,2,0,0,0,0
CUST000193,664,0.3513,0.3532,3,0,0,0,1
CUST000194,824,0.2577,0.0574,4,0,0,0,1
CUST000195,653,0.2327,0.4133,2,0,1,1,1
CUST000196,719,0.3377,0.1316,3,0,1,0,0
CUST000197,633,0.0594,0.4338,4,2,0,0,1
CUST000198,653,0.1483,0.5277,4,1,1,0,0
CUST000199,565,0.1625,0.6202,9,0,1,0,0
CUST000200,641,0.3199,0.5217,3,0,0,0,2
CUST000201,575,0.0163,0.4862,4,0,0,0,0
CUST000202,753,0.2599,0.2649,4,1,1,1,0
CUST000203,666,0.4803,0.3833,7,0,0,0,1
CUST000204,701,0.1471,0.2531,3,0,1,0,0
CUST000205,493,0.4468,0.2637,4,0,0,0,1
CUST000206,504,0.3051,0.158,3,0,0,0,0
CUST000207,621,0.197,0.2278,5,0,0,0,0
CUST000208,522,0.1605,0.0363,7,2,0,0,1
CUST000209,396,0.3079,0.3069,10,0,0,0,0
CUST000210,722,0.2299,0.3531,6,0,0,1,0
CUST000211,679,0.0983,0.4216,3,0,0,0,0
CUST000212,578,0.1379,0.1791,4,0,0,0,0
CUST000213,661,0.3419,0.223,7,1,0,0,1
CUST000214,815,0.1753,0.5219,8,1,0,0,0
CUST000215,566,0.2444,0.3364,4,0,0,0,0
CUST000216,732,0.2748,0.1008,3,2,0,0,1
CUST000217,609,0.2248,0.5206,3,0,0,0,1
CUST000218,594,0.125,0.1114,3,0,0,0,1
CUST000219,537,0.3816,0.2778,5,0,0,0,1
CUST000220,663,0.3964,0.0668,5,0,0,0,1
CUST000221,723,0.0781,0.3156,4,0,1,0,0
CUST000222,678,0.1462,0.4035,2,1,0,0,0
CUST000223,630,0.4677,0.4675,7,0,0,0,0
CUST000224,592,0.5028,0.8109,6,2,0,0,2
CUST000225,806,0.3808,0.1882,4,0,1,0,1
CUST000226,600,0.0962,0.3646,5,0,0,0,4
CUST000227,599,0.3623,0.4192,2,0,0,1,0
CUST000228,509,0.0883,0.8316,7,0,0,0,0
CUST000229,808,0.1995,0.3683,8,0,0,0,0
CUST000230,498,0.3382,0.1808,7,0,0,0,0
CUST000231,736,0.321,0.1477,4,0,0,0,0
CUST000232,704,0.2516,0.11,1,1,1,0,1
CUST000233,607,0.5566,0.5011,5,0,0,0,0
CUST000234,670,0.5833,0.5933,8,0,0,0,0
CUST000235,692,0.4461,0.6225,3,0,1,0,0
CUST000236,854,0.397,0.3132,3,0,0,0,1
CUST000237,808,0.2656,0.6207,5,0,0,0,2
CUST000238,716,0.2388,0.0853,4,0,0,0,1
CUST000239,673,0.3709,0.0115,4,2,0,1,1
CUST000240,710,0.2628,0.3701,6,1,0,0,1
CUST000241,671,0.3319,0.3692,7,0,0,0,0
CUST000242,682,0.1463,0.4669,0,0,0,0,1
CUST000243,591,0.2284,0.233,3,0,0,0,0
CUST000244,644,0.3584,0.2489,3,0,0,0,0
CUST000245,720,0.5825,0.0756,1,0,0,0,0
CUST000246,655,0.1437,0.4218,7,1,0,0,0
CUST000247,694,0.3346,0.138,8,0,0,0,0
CUST000248,604,0.1712,0.2622,2,0,1,0,0
CUST000249,646,0.2936,0.2661,1,1,0,0,0
CUST000250,539,0.1507,0.164,2,0,0,0,0
CUST000251,721,0.1241,0.167,5,0,0,0,0
CUST000252,492,0.1833,0.0921,2,0,0,0,0
CUST000253,693,0.1688,0.0379,5,0,1,0,0
CUST000254,527,0.7722,0.59,2,0,0,1,1
CUST000255,565,0.3833,0.2059,3,0,0,0,1
CUST000256,562,0.4693,0.2841,4,0,0,0,1
CUST000257,727,0.3561,0.6321,6,0,1,0,0
CUST000258,541,0.2889,0.2642,8,1,0,0,1
CUST000259,633,0.1476,0.178,5,0,1,0,0
CUST000260,612,0.2274,0.4758,4,0,0,0,0
CUST000261,627,0.4637,0.3054,6,1,0,1,2
CUST000262,717,0.1044,0.2596,1,0,0,0,1
CUST000263,639,0.0946,0.6561,7,0,0,0,1
CUST000264,637,0.357,0.1843,4,1,0,0,0
CUST000265,568,0.7389,0.3205,5,0,0,0,2
CUST000266,564,0.6656,0.3186,4,1,0,0,1
CUST000267,524,0.5636,0.2827,3,0,0,0,1
CUST000268,618,0.3926,0.1222,4,0,0,0,0
CUST000269,784,0.199,0.3145,5,0,0,0,0
CUST000270,666,0.2465,0.1903,5,1,0,0,0
CUST000271,655,0.1833,0.5408,5,0,0,0,0
CUST000272,510,0.1673,0.3224,7,1,0,0,0
CUST000273,750,0.1405,0.2345,5,1,0,0,0
CUST000274,794,0.759,0.3518,2,0,0,0,1
CUST000275,575,0.3637,0.2416,3,0,0,0,1
CUST000276,562,0.173,0.3067,3,0,0,1,0
CUST000277,779,0.3715,0.3755,5,1,0,0,0
CUST000278,685,0.1571,0.1991,2,0,0,0,1
CUST000279,805,0.2727,0.6604,1,0,0,0,0
CUST000280,756,0.203,0.4644,4,0,0,0,0
CUST000281,477,0.6728,0.2611,3,0,0,0,0
CUST000282,793,0.3879,0.5096,1,0,0,0,0
CUST000283,662,0.4809,0.2799,4,1,0,0,0
CUST000284,652,0.1217,0.6267,4,1,0,0,1
CUST000285,653,0.3595,0.545,8,0,0,0,1
CUST000286,643,0.2244,0.0994,7,0,0,0,1
CUST000287,513,0.4855,0.4785,6,1,0,0,0
CUST000288,775,0.0884,0.513,7,0,0,1,0
CUST000289,600,0.1814,0.1888,3,0,0,0,1
CUST000290,622,0.2353,0.2484,2,1,1,1,0
CUST000291,702,0.0919,0.4313,11,0,0,0,0
CUST000292,807,0.2193,0.2594,4,0,1,0,0
CUST000293,642,0.3458,0.1511,2,1,0,0,1
CUST000294,668,0.2777,0.1676,8,0,0,0,1
CUST000295,776,0.1514,0.2188,3,0,1,1,0
CUST000296,701,0.3151,0.1249,3,0,0,0,0
CUST000297,692,0.3335,0.2958,7,0,0,0,1
CUST000298,390,0.3398,0.0616,6,0,0,0,0
CUST000299,623,0.5568,0.0771,4,0,0,0,1
CUST000300,665,0.2204,0.4493,11,0,0,0,2
CUST000301,664,0.3867,0.2765,8,1,0,0,0
CUST000302,732,0.065,0.3148,3,0,0,0,2
CUST000303,540,0.2299,0.3133,5,0,0,0,0
CUST000304,558,0.5102,0.1412,5,1,0,0,0
CUST000305,738,0.2617,0.2929,7,1,0,0,1
CUST000306,748,0.2837,0.2565,0,0,0,0,2
CUST000307,557,0.1716,0.2451,5,0,1,0,0
CUST000308,674,0.1002,0.4378,2,0,0,0,1
CUST000309,628,0.1138,0.278,4,1,0,0,0
CUST000310,592,0.655,0.3035,5,0,0,0,0
CUST000311,542,0.3996,0.2489,6,0,0,0,2
CUST000312,569,0.4315,0.3547,6,0,0,0,2
CUST000313,576,0.0935,0.3231,4,0,0,1,0
CUST000314,790,0.2771,0.462,3,0,1,0,1
CUST000315,695,0.2106,0.7184,5,1,0,0,0
CUST000316,676,0.2347,0.3066,4,0,0,0,0
CUST000317,549,0.5737,0.3415,1,0,0,0,1
CUST000318,769,0.2436,0.2823,2,0,0,0,2
CUST000319,780,0.2555,0.4434,5,0,1,0,0
CUST000320,672,0.2457,0.185,5,0,0,0,0
CUST000321,662,0.587,0.3841,3,0,0,0,0
CUST000322,662,0.1192,0.5741,4,0,0,1,0
CUST000323,717,0.128,0.1676,1,0,0,0,0
CUST000324,519,0.2927,0.1918,2,0,0,0,1
CUST000325,554,0.3491,0.3598,4,0,0,0,1
CUST000326,578,0.1455,0.1048,2,1,0,0,0
CUST000327,608,0.1897,0.3716,2,0,0,0,0
CUST000328,677,0.1935,0.3612,3,0,0,1,0
CUST000329,742,0.055,0.2774,6,0,0,1,2
CUST000330,734,0.2027,0.2828,1,0,0,0,0
CUST000331,509,0.3135,0.3977,1,2,0,1,0
CUST000332,820,0.0854,0.0649,5,1,0,0,1
CUST000333,849,0.5541,0.4248,3,0,0,0,1
CUST000334,798,0.1553,0.0861,5,1,1,0,1
CUST000335,588,0.1749,0.2117,4,0,0,0,0
CUST000336,606,0.1057,0.0469,4,0,0,0,0
CUST000337,508,0.5324,0.1101,4,0,1,0,2
CUST000338,676,0.3112,0.1512,8,0,0,0,1
CUST000339,674,0.0702,0.5467,4,1,0,0,0
CUST000340,617,0.2544,0.3616,8,0,0,0,0
CUST000341,568,0.0742,0.37,2,0,0,0,1
CUST000342,670,0.4095,0.4834,5,0,0,0,1
CUST000343,635,0.4591,0.34,2,2,0,0,1
CUST000344,685,0.3793,0.3634,4,0,0,0,0
CUST000345,791,0.0518,0.424,5,0,0,0,0
CUST000346,710,0.3882,0.0943,1,0,0,0,0
CUST000347,672,0.2747,0.2923,6,2,0,0,0
CUST000348,668,0.2542,0.5404,5,0,0,0,0
CUST000349,557,0.2593,0.4202,5,0,0,1,0
CUST000350,645,0.4317,0.6099,4,0,0,0,0
CUST000351,678,0.4156,0.2729,2,0,3,0,2
CUST000352,733,0.3476,0.1235,3,0,0,0,1
CUST000353,710,0.0128,0.3199,3,0,0,0,0
CUST000354,627,0.2524,0.1864,3,1,0,0,1
CUST000355,774,0.4315,0.2356,1,0,0,1,0
CUST000356,475,0.2949,0.4968,4,0,0,0,0
CUST000357,701,0.1239,0.3704,8,0,0,0,0
CUST000358,564,0.3633,0.7141,7,0,0,0,0
CUST000359,788,0.4439,0.4171,4,0,1,0,0
CUST000360,739,0.1466,0.7447,2,0,0,1,0
CUST000361,518,0.1653,0.435,4,0,0,0,0
CUST000362,560,0.3375,0.3332,2,1,0,0,0
CUST000363,494,0.3037,0.1035,8,0,1,0,0
CUST000364,718,0.3184,0.2284,0,0,0,0,0
CUST000365,691,0.4135,0.2514,6,0,0,0,1
CUST000366,732,0.3693,0.5914,2,0,0,0,1
CUST000367,410,0.3699,0.3807,3,0,2,0,0
CUST000368,576,0.0456,0.2182,2,0,0,0,1
CUST000369,716,0.3953,0.2947,12,1,0,0,1
CUST000370,765,0.0422,0.5995,6,0,0,0,0
CUST000371,619,0.455,0.1253,2,1,0,0,1
CUST000372,676,0.2421,0.2256,2,1,1,0,1
CUST000373,720,0.2596,0.1298,1,0,0,1,1
CUST000374,789,0.3109,0.4803,6,1,0,1,1
CUST000375,510,0.2569,0.1379,2,0,0,0,1
CUST000376,631,0.274,0.4084,2,0,0,0,0
CUST000377,513,0.6095,0.4005,4,0,0,0,0
CUST000378,691,0.2645,0.2533,6,1,0,0,0
CUST000379,520,0.5753,0.2202,3,0,0,0,0
CUST000380,650,0.381,0.4822,2,0,0,0,0
CUST000381,660,0.2787,0.1287,5,0,0,0,0
CUST000382,577,0.0893,0.3308,3,0,0,0,0
CUST000383,740,0.1595,0.3638,5,1,0,0,1
CUST000384,671,0.2126,0.5118,3,0,1,0,1
CUST000385,654,0.4195,0.1944,1,0,0,0,1
CUST000386,588,0.2019,0.3281,1,0,1,0,0
CUST000387,632,0.4523,0.081,4,0,0,0,0
CUST000388,568,0.5052,0.1984,2,3,0,0,1
CUST000389,622,0.1444,0.0892,3,0,0,1,1
CUST000390,651,0.3,0.2948,4,1,0,0,0
CUST000391,883,0.1835,0.1606,4,1,0,0,1
CUST000392,643,0.0825,0.3503,4,0,0,1,1
CUST000393,586,0.3015,0.1204,10,0,0,0,0
CUST000394,534,0.1694,0.3202,4,1,0,0,1
CUST000395,708,0.4648,0.3457,10,0,0,0,0
CUST000396,556,0.5225,0.4459,9,0,0,0,1
CUST000397,684,0.1956,0.5844,1,0,0,0,2
CUST000398,774,0.3326,0.5604,6,0,0,0,0
CUST000399,718,0.1918,0.6805,2,0,0,1,0
CUST000400,566,0.1206,0.1604,4,0,0,0,0
CUST000401,671,0.1334,0.4555,7,1,0,1,0
CUST000402,766,0.2758,0.5597,2,0,0,0,0
CUST000403,680,0.1661,0.185,5,0,0,0,0
CUST000404,632,0.2325,0.6383,5,1,0,0,0
CUST000405,730,0.1475,0.0987,4,1,0,0,0
CUST000406,695,0.1718,0.3215,3,0,0,0,2
CUST000407,662,0.3295,0.1908,5,0,0,0,0
CUST000408,711,0.2606,0.3122,4,0,0,0,0
CUST000409,676,0.6484,0.5168,2,0,0,0,0
CUST000410,609,0.4666,0.3535,4,0,0,0,0
CUST000411,668,0.5403,0.2494,5,0,1,0,0
CUST000412,627,0.3186,0.4539,7,1,0,0,0
CUST000413,754,0.4017,0.1273,2,0,0,0,0
CUST000414,626,0.1526,0.553,5,0,0,0,0
CUST000415,626,0.1719,0.3637,2,0,0,0,0
CUST000416,724,0.3871,0.2714,3,0,0,1,1
CUST000417,629,0.1415,0.551,3,1,0,0,1
CUST000418,659,0.1197,0.3535,2,0,0,0,0
CUST000419,619,0.236,0.1194,7,0,0,0,1
CUST000420,580,0.0887,0.4589,2,1,1,0,2
CUST000421,623,0.1737,0.2578,2,0,0,0,1
CUST000422,595,0.1408,0.1288,1,1,0,0,0
CUST000423,897,0.0783,0.4869,0,0,0,0,1
CUST000424,625,0.3064,0.1964,3,0,0,0,0
CUST000425,607,0.1478,0.4452,2,0,1,0,1
CUST000426,728,0.1799,0.6404,2,0,1,0,0
CUST000427,723,0.2306,0.2888,3,0,0,0,1
CUST000428,568,0.5235,0.256,5,1,0,0,1
CUST000429,671,0.6695,0.1727,4,2,0,0,1
CUST000430,626,0.1403,0.2457,3,0,0,0,0
CUST000431,676,0.2971,0.1596,5,1,0,1,0
CUST000432,626,0.2798,0.4913,4,0,0,0,0
CUST000433,464,0.3709,0.448,3,2,0,0,0
CUST000434,699,0.3352,0.3369,4,0,0,0,0
CUST000435,691,0.3821,0.1804,5,2,1,0,1
CUST000436,539,0.3631,0.559,1,0,0,0,1
CUST000437,740,0.1795,0.3799,4,0,1,0,0
CUST000438,740,0.1094,0.4193,5,0,0,0,0
CUST000439,758,0.5151,0.363,7,0,0,0,0
CUST000440,511,0.4271,0.3284,6,0,0,0,0
CUST000441,726,0.0751,0.7365,4,0,0,0,0
CUST000442,574,0.1619,0.6759,4,0,0,0,0
CUST000443,540,0.4218,0.2324,7,0,0,0,0
CUST000444,604,0.3161,0.6319,4,0,0,1,0
CUST000445,629,0.0617,0.2417,7,0,0,0,0
CUST000446,604,0.2895,0.4695,1,0,0,0,0
CUST000447,757,0.0356,0.3946,6,0,0,0,0
CUST000448,557,0.2566,0.0987,2,1,0,0,0
CUST000449,738,0.3077,0.2304,2,1,0,0,1
CUST000450,611,0.0708,0.3951,6,0,1,0,0
CUST000451,658,0.3162,0.213,2,0,0,0,0
CUST000452,625,0.2426,0.5613,3,0,0,0,0
CUST000453,577,0.4732,0.3212,5,0,2,0,0
CUST000454,575,0.1744,0.3793,8,0,0,0,1
CUST000455,532,0.2667,0.4362,5,0,0,1,0
CUST000456,524,0.3371,0.453,2,1,1,0,1
CUST000457,634,0.4167,0.3947,2,0,0,0,0
CUST000458,774,0.176,0.4107,3,0,0,0,1
CUST000459,549,0.1714,0.2693,3,0,0,0,0
CUST000460,666,0.1482,0.7337,8,0,0,0,0
CUST000461,637,0.4088,0.389,3,1,0,0,0
CUST000462,766,0.2475,0.1406,6,0,0,0,0
CUST000463,693,0.0085,0.0711,3,0,0,0,1
CUST000464,592,0.5396,0.2235,5,0,0,0,0
CUST000465,543,0.5146,0.4933,5,0,0,0,1
CUST000466,477,0.1366,0.104,2,0,0,0,0
CUST000467,581,0.5103,0.6879,6,1,0,0,1
CUST000468,845,0.1549,0.4852,3,0,0,0,1
CUST000469,597,0.402,0.309,5,1,0,0,2
CUST000470,480,0.1767,0.667,4,0,0,0,2
CUST000471,502,0.231,0.3939,3,0,0,0,2
CUST000472,793,0.1754,0.1702,4,0,0,0,1
CUST000473,610,0.0981,0.5854,5,0,0,0,0
CUST000474,686,0.2684,0.3017,5,0,0,0,0
CUST000475,678,0.1123,0.2133,4,0,0,0,0
CUST000476,593,0.0996,0.2019,3,0,0,0,0
CUST000477,607,0.3585,0.5115,1,1,0,0,1
CUST000478,566,0.4306,0.4688,4,0,0,0,0
CUST000479,486,0.1381,0.0653,1,0,0,0,0
CUST000480,742,0.1354,0.3201,3,0,0,0,0
CUST000481,722,0.1962,0.7795,2,0,0,0,0
CUST000482,648,0.3188,0.2704,7,0,0,0,0
CUST000483,657,0.1801,0.1881,5,0,0,0,1
CUST000484,739,0.4844,0.2418,3,0,0,0,1
CUST000485,444,0.3541,0.3701,3,0,0,0,0
CUST000486,697,0.3187,0.5115,3,0,0,0,0
CUST000487,743,0.1971,0.6617,5,1,0,0,1
CUST000488,820,0.2658,0.306,6,0,0,0,0
CUST000489,733,0.4791,0.1893,5,2,0,0,0
CUST000490,794,0.1875,0.222,5,0,0,0,0
CUST000491,630,0.5313,0.2991,10,0,0,1,0
CUST000492,652,0.2724,0.254,3,1,0,0,0
CUST000493,577,0.3086,0.5511,7,1,1,0,0
CUST000494,595,0.2435,0.239,7,1,0,0,0
CUST000495,735,0.1366,0.3755,1,0,0,0,0
CUST000496,689,0.0403,0.2119,0,1,0,0,0
CUST000497,697,0.1527,0.3338,6,1,1,0,0
CUST000498,512,0.4021,0.0377,2,0,1,0,0
CUST000499,695,0.7964,0.5994,5,0,0,0,0
CUST000500,773,0.1407,0.4886,1,0,0,0,0
CUST000501,690,0.4055,0.3464,5,1,0,0,0
CUST000502,564,0.0338,0.2685,3,0,0,1,0
CUST000503,647,0.1917,0.5876,4,0,0,0,2
CUST000504,778,0.3779,0.4458,4,0,0,0,2
CUST000505,678,0.3623,0.096,1,0,0,0,0
CUST000506,764,0.2506,0.2228,2,1,0,0,1
CUST000507,823,0.2474,0.7034,4,0,0,0,0
CUST000508,634,0.0999,0.6986,5,0,0,0,1
CUST000509,555,0.1869,0.2846,4,0,0,0,1
CUST000510,606,0.1547,0.3401,3,1,0,0,1
CUST000511,824,0.675,0.2471,4,0,0,0,0
CUST000512,726,0.3545,0.0673,5,1,0,0,0
CUST000513,673,0.3097,0.3993,6,0,0,1,0
CUST000514,748,0.1339,0.6841,3,0,0,0,0
CUST000515,610,0.3054,0.4245,4,0,0,0,1
CUST000516,622,0.267,0.1943,3,0,0,0,0
CUST000517,587,0.3283,0.2185,6,0,0,0,1
CUST000518,846,0.4217,0.0772,5,0,0,0,0
CUST000519,668,0.2097,0.2571,5,0,0,0,1
CUST000520,641,0.1878,0.6753,4,1,1,0,3
CUST000521,670,0.1589,0.6308,2,0,0,0,0
CUST000522,642,0.2502,0.0519,3,0,0,0,1
CUST000523,574,0.2053,0.6393,3,0,0,0,0
CUST000524,748,0.2075,0.2089,6,0,0,0,1
CUST000525,499,0.811,0.4484,5,0,1,0,0
CUST000526,669,0.3349,0.2832,3,0,0,0,1
CUST000527,707,0.3294,0.2043,2,0,0,0,0
CUST000528,513,0.2719,0.6382,3,1,0,1,1
CUST000529,692,0.1149,0.7857,4,0,0,0,0
CUST000530,610,0.0632,0.1602,7,0,0,1,1
CUST000531,503,0.3166,0.4103,2,0,1,0,1
CUST000532,667,0.1542,0.2359,4,0,0,0,0
CUST000533,734,0.2044,0.6665,5,1,0,0,0
CUST000534,900,0.4632,0.1653,3,0,0,0,1
CUST000535,615,0.3676,0.1112,2,1,0,0,0
CUST000536,695,0.3731,0.161,2,0,0,0,0
CUST000537,734,0.3563,0.1968,5,1,0,0,0
CUST000538,663,0.4595,0.4892,4,0,2,0,1
CUST000539,716,0.1984,0.2688,2,1,0,0,0
CUST000540,612,0.2726,0.3742,3,0,0,0,1
CUST000541,634,0.2986,0.6378,3,0,0,0,0
CUST000542,537,0.7215,0.6391,2,0,0,0,2
CUST000543,616,0.2412,0.2594,2,0,0,0,0
CUST000544,502,0.1854,0.1859,5,2,0,0,1
CUST000545,510,0.094,0.3244,2,0,0,0,0
CUST000546,729,0.3191,0.1734,3,0,0,0,0
CUST000547,534,0.4038,0.2974,7,0,0,0,1
CUST000548,734,0.0984,0.7117,5,0,0,0,0
CUST000549,636,0.2879,0.3024,7,0,0,0,1
CUST000550,636,0.1411,0.3701,2,3,0,0,0
CUST000551,583,0.2675,0.3213,6,1,0,0,0
CUST000552,647,0.1878,0.3516,1,2,0,0,2
CUST000553,789,0.4146,0.145,4,0,0,0,0
CUST000554,585,0.2496,0.3079,3,0,0,0,0
CUST000555,619,0.5086,0.5002,6,1,0,0,2
CUST000556,721,0.2979,0.1276,10,0,0,0,0
CUST000557,546,0.1165,0.4866,5,1,0,0,1
CUST000558,538,0.7454,0.1151,5,1,0,0,0
CUST000559,646,0.2251,0.2713,4,0,0,0,2
CUST000560,758,0.1252,0.646,2,0,0,0,0
CUST000561,642,0.2618,0.2537,5,0,1,0,2
CUST000562,625,0.2212,0.3833,1,0,0,1,0
CUST000563,647,0.4844,0.3799,2,0,0,0,3
CUST000564,642,0.3944,0.3004,1,1,1,0,1
CUST000565,592,0.2234,0.1882,2,0,0,0,0
CUST000566,734,0.3145,0.5203,6,0,0,0,0
CUST000567,670,0.493,0.2636,4,1,1,0,1
CUST000568,604,0.3156,0.1034,3,0,2,0,1
CUST000569,656,0.4278,0.3444,4,1,0,0,0
CUST000570,621,0.1829,0.3111,3,0,0,0,0
CUST000571,522,0.2209,0.3223,1,1,0,0,0
CUST000572,845,0.3508,0.2847,3,0,0,0,0
CUST000573,662,0.3583,0.4403,4,0,0,0,0
CUST000574,560,0.2856,0.547,7,3,0,0,3
CUST000575,547,0.4398,0.4836,2,1,0,0,0
CUST000576,516,0.4436,0.2775,5,0,0,0,0
CUST000577,584,0.3126,0.4146,5,0,0,0,1
CUST000578,543,0.3345,0.341,6,0,0,0,2
CUST000579,630,0.3112,0.2379,3,0,0,0,0
CUST000580,798,0.0898,0.6024,2,0,0,0,2
CUST000581,587,0.1379,0.1965,4,0,0,0,1
CUST000582,900,0.2201,0.53,4,0,0,0,0
CUST000583,709,0.2821,0.5762,6,0,0,0,0
CUST000584,848,0.3691,0.2959,3,0,0,0,0
CUST000585,533,0.1719,0.7249,10,0,0,0,0
CUST000586,587,0.2061,0.2451,4,2,0,0,2
CUST000587,592,0.4168,0.4833,1,0,0,0,1
CUST000588,643,0.3704,0.7319,5,0,1,0,0
CUST000589,711,0.8281,0.3,5,0,0,0,0
CUST000590,513,0.1638,0.3838,3,0,2,0,1
CUST000591,728,0.1838,0.7138,6,1,0,0,1
CUST000592,587,0.1225,0.3783,3,0,0,0,0
CUST000593,814,0.4187,0.2602,4,0,0,0,0
CUST000594,682,0.1332,0.2337,5,1,0,0,0
CUST000595,763,0.2006,0.3986,5,0,0,0,0
CUST000596,609,0.1193,0.3683,6,0,1,0,0
CUST000597,699,0.5757,0.4308,8,0,0,0,1
CUST000598,608,0.148,0.3579,3,0,0,0,0
CUST000599,705,0.6996,0.1573,3,2,1,0,1
CUST000600,671,0.4269,0.2121,3,0,0,0,0
CUST000601,788,0.1781,0.3801,3,1,0,0,0
CUST000602,735,0.0475,0.6313,5,0,1,0,0
CUST000603,693,0.4757,0.2774,2,0,0,0,0
CUST000604,667,0.6374,0.3058,3,1,1,0,0
CUST000605,657,0.2781,0.1757,6,2,0,0,0
CUST000606,516,0.4503,0.6221,5,1,0,0,0
CUST000607,548,0.3597,0.1948,4,0,0,0,0
CUST000608,569,0.2401,0.0935,4,0,0,0,2
CUST000609,799,0.2022,0.1225,3,0,0,0,0
CUST000610,602,0.32,0.232,4,1,0,1,0
CUST000611,610,0.2085,0.2774,2,0,0,0,0
CUST000612,705,0.3011,0.5124,4,0,0,0,1
CUST000613,567,0.4344,0.5625,2,0,0,0,2
CUST000614,777,0.1785,0.1845,2,1,0,0,0
CUST000615,420,0.3359,0.5551,0,0,0,0,0
CUST000616,761,0.2351,0.2231,6,0,0,0,1
CUST000617,817,0.5479,0.5106,5,0,0,0,2
CUST000618,681,0.553,0.4215,5,0,0,0,0
CUST000619,587,0.1969,0.2438,3,0,0,0,1
CUST000620,735,0.152,0.1521,12,0,1,0,0
CUST000621,583,0.1298,0.3274,1,0,0,0,0
CUST000622,840,0.2535,0.4318,5,0,0,1,0
CUST000623,701,0.2183,0.2344,4,0,0,1,2
CUST000624,568,0.1275,0.2277,6,0,0,0,0
CUST000625,725,0.4625,0.2396,5,0,1,0,1
CUST000626,557,0.5273,0.3951,7,0,0,1,0
CUST000627,579,0.3831,0.1458,7,0,0,0,0
CUST000628,720,0.1659,0.2271,1,0,0,1,2
CUST000629,587,0.1269,0.4636,2,0,0,0,0
CUST000630,661,0.2785,0.625,4,1,0,0,1
CUST000631,702,0.0623,0.1307,6,0,0,0,1
CUST000632,589,0.2664,0.4766,2,0,0,0,0
CUST000633,601,0.145,0.3546,1,0,0,1,0
CUST000634,805,0.177,0.3148,2,0,0,0,0
CUST000635,711,0.1828,0.037,6,0,2,0,1
CUST000636,649,0.1377,0.4135,3,0,0,0,0
CUST000637,642,0.463,0.4895,1,0,0,0,0
CUST000638,543,0.5909,0.3346,1,2,0,0,0
CUST000639,693,0.0656,0.3627,5,0,0,0,2
CUST000640,660,0.1937,0.4826,5,0,0,0,1
CUST000641,733,0.1881,0.5865,4,2,0,0,0
CUST000642,461,0.5153,0.3692,2,0,0,0,0
CUST000643,632,0.2602,0.301,3,0,1,0,1
CUST000644,642,0.4727,0.6882,4,0,0,0,0
CUST000645,680,0.5323,0.0585,7,0,1,0,0
CUST000646,671,0.2423,0.4439,3,0,0,0,0
CUST000647,697,0.3471,0.2968,3,0,0,0,0
CUST000648,632,0.3332,0.1366,6,0,0,0,1
CUST000649,538,0.2496,0.3242,9,1,0,0,0
CUST000650,519,0.3066,0.1973,4,0,0,0,0
CUST000651,644,0.3499,0.0613,4,0,0,0,1
CUST000652,900,0.0409,0.167,11,0,0,0,1
CUST000653,702,0.2748,0.8044,4,0,0,0,1
CUST000654,879,0.1832,0.2956,4,0,0,0,0
CUST000655,713,0.1235,0.3893,6,1,0,0,0
CUST000656,555,0.2759,0.5131,4,0,0,0,0
CUST000657,638,0.1586,0.3301,4,0,0,1,1
CUST000658,878,0.2892,0.1356,1,0,0,0,1
CUST000659,720,0.1746,0.1566,5,0,0,0,1
CUST000660,717,0.3333,0.532,3,0,0,0,2
CUST000661,588,0.5892,0.1299,6,2,0,0,0
CUST000662,651,0.0626,0.1733,4,1,0,0,0
CUST000663,554,0.7788,0.1821,4,1,0,0,0
CUST000664,611,0.1581,0.3588,2,0,0,0,1
CUST000665,664,0.4226,0.2369,3,0,1,0,1
CUST000666,595,0.101,0.1815,5,0,0,0,0
CUST000667,736,0.6611,0.2861,5,0,0,0,2
CUST000668,598,0.0979,0.4679,3,1,1,0,0
CUST000669,679,0.66,0.2309,4,0,0,0,0
CUST000670,739,0.5138,0.4227,3,0,0,0,1
CUST000671,837,0.5031,0.4067,1,0,1,0,0
CUST000672,683,0.2146,0.4553,4,0,0,1,2
CUST000673,558,0.3362,0.4001,3,1,2,0,0
CUST000674,649,0.2155,0.1812,5,0,0,0,0
CUST000675,826,0.1865,0.5669,4,0,0,0,1
CUST000676,736,0.3391,0.6252,1,0,0,0,0
CUST000677,667,0.0666,0.1372,4,0,0,1,0
CUST000678,702,0.0982,0.0957,5,2,0,0,0
CUST000679,675,0.3565,0.3253,5,0,0,0,0
CUST000680,535,0.0791,0.1984,4,0,0,0,0
CUST000681,668,0.2846,0.2512,3,0,0,0,0
CUST000682,587,0.4812,0.1848,3,2,1,0,2
CUST000683,601,0.2752,0.3466,2,2,0,0,0
CUST000684,624,0.1155,0.6843,3,0,0,0,1
CUST000685,463,0.3728,0.163,11,1,0,1,1
CUST000686,635,0.334,0.1938,6,0,0,0,1
CUST000687,499,0.2106,0.1473,2,0,0,0,0
CUST000688,725,0.1489,0.2251,3,0,0,0,0
CUST000689,465,0.2687,0.5702,4,0,0,0,0
CUST000690,494,0.6582,0.8101,3,0,0,0,0
CUST000691,481,0.319,0.1111,7,0,0,0,0
CUST000692,678,0.2831,0.5088,4,0,0,1,1
CUST000693,649,0.4099,0.1818,3,1,0,0,0
CUST000694,804,0.2884,0.107,7,1,0,0,1
CUST000695,689,0.2921,0.7067,4,1,0,0,0
CUST000696,492,0.3722,0.2948,3,0,0,0,0
CUST000697,574,0.2595,0.527,4,0,1,0,0
CUST000698,667,0.3816,0.4441,6,0,0,0,0
CUST000699,680,0.2503,0.3194,4,1,0,0,0
CUST000700,489,0.3182,0.4681,4,1,0,0,0
CUST000701,731,0.4114,0.0589,4,0,0,0,0
CUST000702,572,0.2479,0.0119,5,1,0,0,1
CUST000703,574,0.117,0.503,7,0,0,0,1
CUST000704,747,0.0579,0.6974,3,0,0,0,2
CUST000705,651,0.4643,0.5206,4,0,1,0,0
CUST000706,681,0.4729,0.5912,5,0,0,0,1
CUST000707,698,0.2969,0.138,7,1,0,0,1
CUST000708,510,0.6004,0.1073,7,0,0,0,0
CUST000709,672,0.2528,0.6761,2,0,0,0,0
CUST000710,823,0.4372,0.108,5,0,1,0,0
CUST000711,631,0.5564,0.1784,2,0,0,0,1
CUST000712,684,0.226,0.3751,1,2,0,0,1
CUST000713,879,0.5643,0.5458,5,0,1,0,1
CUST000714,789,0.1864,0.2286,4,0,0,0,1
CUST000715,610,0.5236,0.2924,5,0,0,0,0
CUST000716,694,0.2809,0.3071,6,0,2,0,1
CUST000717,718,0.6432,0.3904,2,0,0,0,0
CUST000718,844,0.3724,0.1637,5,1,0,0,2
CUST000719,568,0.1336,0.3149,0,0,0,0,0
CUST000720,900,0.0627,0.4167,5,0,0,0,1
CUST000721,676,0.5731,0.3903,2,0,0,1,0
CUST000722,622,0.2143,0.8052,6,0,1,0,1
CUST000723,706,0.6395,0.7998,7,0,0,0,0
CUST000724,617,0.5089,0.8257,2,0,0,0,0
CUST000725,620,0.0548,0.756,9,0,1,0,0
CUST000726,599,0.3102,0.2047,3,0,0,0,1
CUST000727,601,0.0964,0.1611,2,0,0,0,2
CUST000728,498,0.149,0.6479,4,0,0,0,0
CUST000729,503,0.3691,0.5548,4,1,0,0,0
CUST000730,578,0.2467,0.1899,4,1,0,0,0
CUST000731,674,0.0837,0.3738,6,0,0,0,0
CUST000732,585,0.3445,0.1147,8,1,0,0,1
CUST000733,840,0.3964,0.1877,3,0,0,0,0
CUST000734,707,0.4648,0.4257,5,0,0,0,1
CUST000735,590,0.1698,0.4467,5,1,0,1,1
CUST000736,813,0.4995,0.6138,6,1,1,1,0
CUST000737,631,0.3341,0.3226,2,1,0,0,0
CUST000738,630,0.1761,0.4272,5,0,0,0,0
CUST000739,708,0.1425,0.2542,2,0,2,0,0
CUST000740,643,0.2811,0.554,6,0,0,0,1
CUST000741,659,0.3261,0.2577,3,0,1,0,0
CUST000742,711,0.2744,0.2263,7,2,0,0,1
CUST000743,547,0.2365,0.3698,6,0,0,0,0
CUST000744,640,0.4052,0.1554,7,0,0,0,0
CUST000745,565,0.5143,0.1162,5,0,0,1,0
CUST000746,681,0.1755,0.0486,2,0,0,0,1
CUST000747,523,0.0303,0.3704,5,1,0,0,2
CUST000748,792,0.2132,0.2266,6,0,0,1,1
CUST000749,597,0.19,0.1783,5,0,0,0,1
CUST000750,620,0.16,0.7202,5,0,0,0,1
CUST000751,640,0.3844,0.6962,0,0,0,0,0
CUST000752,563,0.0623,0.2993,2,0,0,0,1
CUST000753,671,0.3115,0.1582,3,1,1,0,2
CUST000754,750,0.3598,0.2849,6,0,0,0,1
CUST000755,620,0.3683,0.657,5,1,0,0,1
CUST000756,612,0.1501,0.4192,7,0,0,0,0
CUST000757,708,0.2467,0.3756,0,2,0,1,1
CUST000758,702,0.5215,0.5476,5,1,0,0,0
CUST000759,661,0.5421,0.4368,7,0,0,0,1
CUST000760,760,0.177,0.2911,4,0,0,0,0
CUST000761,687,0.1704,0.3095,1,1,0,1,0
CUST000762,810,0.4284,0.2281,4,0,0,0,0
CUST000763,623,0.11,0.8418,3,0,1,0,0
CUST000764,547,0.1352,0.222,3,0,0,0,0
CUST000765,775,0.1482,0.2836,4,2,0,0,0
CUST000766,491,0.2532,0.1566,3,2,0,0,0
CUST000767,574,0.4834,0.178,4,1,1,1,1
CUST000768,561,0.4689,0.4132,2,1,2,0,2
CUST000769,655,0.5933,0.1231,2,1,0,0,1
CUST000770,643,0.106,0.2377,3,0,1,0,1
CUST000771,759,0.2008,0.5255,2,0,0,1,3
CUST000772,656,0.3747,0.3456,1,0,0,0,0
CUST000773,598,0.6233,0.2035,4,0,0,0,0
CUST000774,625,0.3546,0.2581,2,1,0,0,1
CUST000775,566,0.2442,0.0132,3,1,0,0,2
CUST000776,709,0.1508,0.3086,4,0,0,1,0
CUST000777,784,0.356,0.1624,4,1,0,0,1
CUST000778,669,0.0739,0.352,0,0,0,0,0
CUST000779,648,0.0732,0.1842,4,1,1,0,0
CUST000780,692,0.2773,0.0239,5,0,2,0,2
CUST000781,609,0.4528,0.4873,2,1,0,0,0
CUST000782,637,0.4277,0.3723,7,0,0,0,0
CUST000783,635,0.0846,0.5854,5,0,0,0,1
CUST000784,713,0.1819,0.222,5,0,0,0,0
CUST000785,615,0.2519,0.4768,4,0,0,0,0
CUST000786,459,0.2143,0.1934,4,1,0,0,0
CUST000787,548,0.6385,0.2202,4,0,0,0,0
CUST000788,858,0.5722,0.445,10,0,0,0,0
CUST000789,635,0.3674,0.6714,11,0,0,0,1
CUST000790,695,0.1876,0.3204,6,0,0,0,1
CUST000791,643,0.4476,0.4549,3,1,0,0,1
CUST000792,643,0.271,0.2361,1,0,0,0,1
CUST000793,549,0.2805,0.5563,5,0,0,0,2
CUST000794,803,0.1032,0.3387,4,1,1,0,0
CUST000795,583,0.5667,0.2538,2,0,0,0,0
CUST000796,581,0.0708,0.4273,3,0,0,0,0
CUST000797,684,0.4018,0.1382,6,1,0,0,0
CUST000798,755,0.2015,0.2808,2,1,0,0,0
CUST000799,625,0.2082,0.3309,7,0,0,0,0
CUST000800,481,0.2847,0.2033,4,1,0,0,2
CUST000801,484,0.2836,0.7493,4,1,0,0,1
CUST000802,789,0.2956,0.0554,6,0,0,0,0
CUST000803,657,0.0723,0.2099,5,0,0,0,0
CUST000804,770,0.6601,0.0821,5,1,0,0,1
CUST000805,671,0.3119,0.7186,2,0,0,0,1
CUST000806,573,0.1492,0.3413,2,0,0,0,0
CUST000807,685,0.2,0.0721,3,0,1,0,1
CUST000808,674,0.0533,0.1504,4,0,0,0,0
CUST000809,695,0.105,0.6431,4,0,0,0,2
CUST000810,657,0.3064,0.3922,1,0,0,0,0
CUST000811,607,0.3584,0.5645,5,0,0,0,1
CUST000812,753,0.2611,0.6887,6,0,0,0,0
CUST000813,644,0.4758,0.6368,4,0,1,0,3
CUST000814,671,0.0937,0.3681,4,0,0,1,1
CUST000815,562,0.1936,0.1941,6,1,1,0,1
CUST000816,553,0.0928,0.6334,3,0,0,0,0
CUST000817,577,0.4672,0.5759,5,0,0,0,0
CUST000818,552,0.1509,0.506,2,0,0,0,0
CUST000819,456,0.4149,0.649,4,0,1,0,0
CUST000820,594,0.084,0.42,4,3,0,0,0
CUST000821,787,0.2177,0.6258,8,0,0,0,1
CUST000822,612,0.4586,0.2611,4,0,1,0,0
CUST000823,536,0.1022,0.4088,5,0,1,0,2
CUST000824,714,0.6566,0.6453,2,0,0,0,0
CUST000825,639,0.3054,0.4906,3,0,0,0,1
CUST000826,616,0.4416,0.2928,3,0,0,0,0
CUST000827,542,0.0786,0.2946,7,0,0,0,0
CUST000828,651,0.4047,0.0152,4,0,1,0,0
CUST000829,653,0.0645,0.3368,3,0,0,0,0
CUST000830,678,0.2983,0.2015,2,1,0,0,0
CUST000831,657,0.1387,0.286,7,2,0,0,1
CUST000832,637,0.3407,0.515,5,1,0,0,0
CUST000833,650,0.5225,0.367,6,0,0,1,0
CUST000834,640,0.0751,0.3555,3,0,0,0,1
CUST000835,517,0.4718,0.2719,5,0,0,0,0
CUST000836,826,0.1131,0.2849,4,0,0,0,1
CUST000837,704,0.3115,0.5994,6,1,0,0,0
CUST000838,663,0.2372,0.3942,2,0,0,0,0
CUST000839,629,0.1675,0.601,1,0,0,0,0
CUST000840,635,0.1079,0.0817,3,0,2,0,1
CUST000841,676,0.2929,0.4207,4,0,0,0,0
CUST000842,776,0.1866,0.5338,3,0,0,0,0
CUST000843,588,0.2001,0.6368,5,0,0,0,0
CUST000844,674,0.4139,0.4227,2,0,0,0,0
CUST000845,504,0.4521,0.4794,2,0,0,0,1
CUST000846,723,0.04,0.3867,2,0,0,0,0
CUST000847,681,0.2542,0.2928,2,0,0,0,0
CUST000848,641,0.4321,0.1244,2,1,1,1,0
CUST000849,455,0.2233,0.2821,1,0,0,0,1
CUST000850,598,0.0715,0.3251,5,1,1,0,0
CUST000851,565,0.6097,0.5085,4,0,0,0,1
CUST000852,568,0.234,0.3832,3,0,0,0,0
CUST000853,483,0.1544,0.2474,3,0,0,0,0
CUST000854,617,0.2536,0.1085,2,0,0,0,0
CUST000855,814,0.0824,0.2625,3,0,0,0,0
CUST000856,714,0.4471,0.5397,3,0,0,1,0
CUST000857,655,0.1525,0.1838,7,0,0,0,0
CUST000858,700,0.3275,0.7051,4,0,0,0,0
CUST000859,847,0.456,0.1642,3,0,0,0,0
CUST000860,560,0.2711,0.1527,2,0,0,0,0
CUST000861,580,0.1841,0.255,3,2,0,0,1
CUST000862,606,0.1959,0.5831,4,0,0,0,0
CUST000863,523,0.3126,0.1228,2,0,0,0,0
CUST000864,679,0.3384,0.7339,4,0,0,1,2
CUST000865,622,0.2282,0.0357,3,1,1,1,0
CUST000866,706,0.3594,0.2026,4,0,0,0,1
CUST000867,725,0.5939,0.2642,1,0,0,0,1
CUST000868,769,0.0684,0.369,3,1,1,1,1
CUST000869,715,0.1524,0.3471,6,0,0,0,1
CUST000870,616,0.1279,0.7082,6,0,0,0,1
CUST000871,604,0.4297,0.6148,3,1,0,0,0
CUST000872,561,0.1237,0.5744,3,0,1,0,0
CUST000873,654,0.2929,0.3447,4,0,0,0,2
CUST000874,682,0.3299,0.4476,3,0,1,1,0
CUST000875,516,0.162,0.5326,5,0,0,0,0
CUST000876,754,0.6736,0.4433,2,1,1,1,0
CUST000877,652,0.0439,0.239,1,0,1,0,1
CUST000878,616,0.3298,0.3859,3,1,0,0,0
CUST000879,559,0.1513,0.6679,2,1,0,0,0
CUST000880,776,0.1556,0.1801,4,0,1,0,0
CUST000881,696,0.0211,0.2813,3,0,1,1,1
CUST000882,728,0.1809,0.2515,8,0,0,0,1
CUST000883,640,0.0799,0.3811,2,0,0,0,0
CUST000884,796,0.2315,0.1442,6,0,0,0,0
CUST000885,724,0.5706,0.1281,6,1,0,0,1
CUST000886,769,0.1873,0.2887,6,0,0,0,0
CUST000887,755,0.2705,0.3174,10,0,1,1,0
CUST000888,594,0.4622,0.454,4,1,0,0,1
CUST000889,669,0.1035,0.4702,7,0,0,1,2
CUST000890,770,0.2975,0.1823,4,0,0,0,0
CUST000891,694,0.255,0.5771,4,1,1,0,1
CUST000892,561,0.3484,0.5498,2,0,1,0,1
CUST000893,658,0.4146,0.3138,1,0,0,0,0
CUST000894,723,0.2773,0.2589,2,0,1,0,0
CUST000895,519,0.0251,0.0913,2,0,0,1,0
CUST000896,563,0.0631,0.6986,4,0,0,0,1
CUST000897,522,0.4062,0.4966,3,0,0,0,0
CUST000898,693,0.1773,0.4459,5,0,0,0,1
CUST000899,790,0.1987,0.4916,4,0,0,0,0
CUST000900,467,0.3025,0.0835,4,0,0,0,0
CUST000901,669,0.078,0.1249,6,0,0,0,0
CUST000902,593,0.5937,0.6341,5,1,0,0,1
CUST000903,804,0.5027,0.1359,6,0,0,1,0
CUST000904,670,0.3672,0.3083,9,1,0,0,0
CUST000905,727,0.1395,0.3444,3,0,0,0,2
CUST000906,775,0.4629,0.2731,3,1,0,0,1
CUST000907,666,0.1778,0.3858,2,0,1,0,0
CUST000908,488,0.1099,0.1393,6,1,0,0,0
CUST000909,639,0.4983,0.3258,6,0,0,0,2
CUST000910,669,0.4852,0.0909,8,0,0,0,0
CUST000911,544,0.2431,0.305,4,0,0,0,1
CUST000912,480,0.3666,0.4684,2,0,0,0,0
CUST000913,526,0.4139,0.8121,1,0,0,0,1
CUST000914,770,0.1623,0.053,7,0,0,0,0
CUST000915,545,0.2777,0.1682,4,1,0,0,1
CUST000916,900,0.1117,0.7885,6,1,0,0,0
CUST000917,779,0.2517,0.1043,9,1,0,0,0
CUST000918,732,0.1703,0.1463,4,0,0,0,0
CUST000919,511,0.7561,0.5558,4,0,0,0,0
CUST000920,777,0.3271,0.3266,6,0,2,0,0
CUST000921,605,0.5142,0.3279,9,0,0,0,0
CUST000922,485,0.2298,0.1855,5,0,0,0,1
CUST000923,673,0.2686,0.3235,3,0,0,0,0
CUST000924,691,0.1216,0.4535,2,0,0,0,1
CUST000925,578,0.0799,0.5095,8,0,0,0,1
CUST000926,596,0.0657,0.6339,3,0,1,0,0
CUST000927,634,0.3927,0.3429,4,0,1,0,0
CUST000928,632,0.4651,0.1979,6,1,0,0,0
CUST000929,717,0.3004,0.3344,3,0,0,0,0
CUST000930,625,0.3291,0.483,3,2,0,0,1
CUST000931,798,0.2288,0.4745,5,0,1,0,0
CUST000932,678,0.1562,0.3599,4,1,1,0,0
CUST000933,501,0.5424,0.1185,3,0,0,0,0
CUST000934,754,0.0031,0.1594,5,0,0,0,0
CUST000935,574,0.1351,0.603,3,1,0,0,2
CUST000936,753,0.2862,0.4466,2,0,0,0,2
CUST000937,681,0.2389,0.5626,1,0,0,0,0
CUST000938,576,0.5059,0.4078,2,1,0,0,1
CUST000939,612,0.1106,0.4446,5,0,0,0,0
CUST000940,691,0.4741,0.2347,4,0,0,0,0
CUST000941,674,0.3953,0.1214,6,0,0,0,1
CUST000942,736,0.5178,0.1672,2,0,0,1,1
CUST000943,689,0.2369,0.5822,2,2,0,0,0
CUST000944,650,0.153,0.0744,1,1,0,0,0
CUST000945,659,0.2383,0.1251,2,0,0,0,0
CUST000946,633,0.2486,0.1204,6,1,0,1,1
CUST000947,697,0.6411,0.5367,3,0,0,1,0
CUST000948,688,0.41,0.2222,4,0,0,0,0
CUST000949,673,0.0763,0.2516,4,1,0,1,0
CUST000950,857,0.1261,0.226,9,1,0,0,3
CUST000951,684,0.1847,0.5163,6,0,0,1,0
CUST000952,761,0.0557,0.6128,1,0,0,0,1
CUST000953,591,0.2889,0.4781,1,0,0,0,0
CUST000954,651,0.3424,0.3228,4,0,0,0,0
CUST000955,457,0.427,0.3038,5,0,1,0,1
CUST000956,658,0.2119,0.3851,5,0,0,0,0
CUST000957,595,0.0774,0.3413,5,1,0,0,1
CUST000958,586,0.1164,0.1496,7,1,1,0,2
CUST000959,669,0.6755,0.6843,2,0,0,1,0
CUST000960,614,0.3043,0.3485,7,1,0,0,1
CUST000961,511,0.2162,0.0632,6,0,0,0,1
CUST000962,632,0.3276,0.3967,6,0,0,0,0
CUST000963,900,0.0438,0.601,2,0,0,0,0
CUST000964,688,0.7092,0.5041,4,0,0,0,0
CUST000965,675,0.402,0.444,3,1,0,0,0
CUST000966,548,0.2849,0.3384,2,0,0,0,0
CUST000967,538,0.1968,0.2704,1,0,0,0,0
CUST000968,566,0.4166,0.1029,3,1,0,0,1
CUST000969,675,0.3408,0.375,8,0,0,0,0
CUST000970,540,0.3844,0.3156,3,0,0,1,0
CUST000971,779,0.3201,0.6409,7,1,0,0,1
CUST000972,545,0.3631,0.083,5,1,0,1,0
CUST000973,723,0.0483,0.1843,6,0,2,0,1
CUST000974,674,0.2405,0.0638,5,0,0,0,0
CUST000975,785,0.4125,0.2811,1,1,0,0,0
CUST000976,552,0.1308,0.0391,7,0,0,0,0
CUST000977,900,0.4316,0.2627,4,0,0,0,3
CUST000978,667,0.0985,0.2489,2,1,0,0,0
CUST000979,758,0.7447,0.2968,3,2,0,0,0
CUST000980,685,0.2633,0.3953,5,1,0,0,0
CUST000981,554,0.6388,0.7108,1,0,0,0,0
CUST000982,581,0.3221,0.0927,2,0,0,0,0
CUST000983,652,0.2426,0.3382,2,0,0,1,0
CUST000984,580,0.4377,0.0833,6,0,0,0,1
CUST000985,663,0.291,0.2683,4,0,0,0,0
CUST000986,729,0.1478,0.1757,4,0,0,0,2
CUST000987,765,0.2669,0.4011,5,0,0,1,1
CUST000988,800,0.1516,0.3451,6,0,0,0,1
CUST000989,646,0.1446,0.018,3,0,0,0,2
CUST000990,612,0.4119,0.2948,6,1,0,0,1
CUST000991,494,0.696,0.5513,7,0,0,0,0
CUST000992,438,0.1442,0.0615,6,0,0,0,0
CUST000993,641,0.6131,0.5002,3,1,0,0,0
CUST000994,763,0.3813,0.0372,5,1,0,0,1
CUST000995,661,0.2252,0.0795,0,0,0,0,1
CUST000996,688,0.3463,0.1593,4,0,1,0,0
CUST000997,558,0.1496,0.3121,4,0,0,0,0
CUST000998,610,0.3061,0.7196,5,0,0,0,0
CUST000999,755,0.3437,0.4652,1,0,0,0,0
CUST001000,690,0.1077,0.3776,3,0,0,0,0
CUST001001,608,0.2488,0.449,4,0,0,0,2
CUST001002,710,0.0418,0.1381,4,1,0,0,0
CUST001003,661,0.2174,0.3229,6,1,0,0,2
CUST001004,748,0.3023,0.0935,7,1,0,0,2
CUST001005,694,0.0104,0.443,8,0,0,0,0
CUST001006,621,0.1768,0.0348,1,1,0,0,0
CUST001007,630,0.1543,0.4048,5,0,0,0,0
CUST001008,527,0.1393,0.283,5,0,0,0,0
CUST001009,504,0.5136,0.544,6,1,0,0,0
CUST001010,610,0.1929,0.1123,3,0,0,0,1
CUST001011,772,0.2478,0.1514,3,0,0,0,0
CUST001012,689,0.1395,0.2569,4,0,0,0,0
CUST001013,624,0.4548,0.0617,7,0,0,0,1
CUST001014,709,0.2398,0.1256,3,0,0,0,1
CUST001015,750,0.229,0.4382,5,0,0,1,0
CUST001016,595,0.3771,0.0552,3,0,0,0,0
CUST001017,596,0.0689,0.2354,7,1,0,0,0
CUST001018,900,0.7605,0.482,3,0,0,0,0
CUST001019,570,0.2679,0.6457,4,1,0,1,0
CUST001020,600,0.4571,0.2819,6,3,1,0,0
CUST001021,618,0.2905,0.359,5,2,0,0,0
CUST001022,560,0.3894,0.4477,2,1,1,1,2
CUST001023,477,0.1036,0.1027,3,0,0,0,3
CUST001024,658,0.4507,0.4508,8,0,0,0,0
CUST001025,593,0.166,0.3463,3,1,0,0,0
CUST001026,690,0.2294,0.2447,3,1,0,0,0
CUST001027,575,0.1574,0.5086,4,2,0,0,0
CUST001028,763,0.4067,0.3548,1,0,0,0,1
CUST001029,645,0.3626,0.6697,8,1,1,0,1
CUST001030,574,0.2826,0.6589,2,1,0,1,0
CUST001031,589,0.089,0.7398,5,1,1,0,0
CUST001032,627,0.3772,0.377,2,1,0,0,1
CUST001033,773,0.1694,0.7444,5,0,0,0,2
CUST001034,598,0.3351,0.1598,2,0,2,0,0
CUST001035,505,0.0624,0.2905,4,0,0,0,0
CUST001036,807,0.2259,0.1502,0,1,1,0,0
CUST001037,488,0.1336,0.1013,2,0,0,0,0
CUST001038,862,0.6935,0.1925,4,1,0,0,1
CUST001039,484,0.2227,0.6356,5,0,0,0,2
CUST001040,615,0.5907,0.4937,2,0,1,0,1
CUST001041,611,0.5352,0.4293,2,1,0,0,0
CUST001042,729,0.1403,0.518,4,0,0,0,4
CUST001043,713,0.4648,0.5942,3,0,0,0,0
CUST001044,825,0.3641,0.3867,6,0,2,1,0
CUST001045,513,0.5398,0.5836,1,0,0,0,0
CUST001046,495,0.2708,0.1935,1,0,0,0,0
CUST001047,744,0.2481,0.1486,2,1,0,0,0
CUST001048,855,0.4271,0.4284,2,0,0,0,0
CUST001049,760,0.3717,0.7079,7,0,0,0,0
CUST001050,716,0.3008,0.3327,4,0,0,0,1
CUST001051,757,0.2913,0.1924,3,0,0,0,0
CUST001052,529,0.3309,0.2423,4,0,0,0,1
CUST001053,629,0.2306,0.6132,4,0,0,0,0
CUST001054,653,0.1615,0.5365,4,1,0,0,1
CUST001055,641,0.2056,0.2322,3,0,0,0,1
CUST001056,698,0.2224,0.3335,5,1,0,0,0
CUST001057,648,0.296,0.3809,5,1,0,0,0
CUST001058,610,0.4882,0.1726,1,2,0,0,0
CUST001059,546,0.0784,0.3846,1,0,1,0,1
CUST001060,637,0.6124,0.3246,7,1,0,0,0
CUST001061,533,0.3127,0.1681,6,0,0,0,1
CUST001062,642,0.1033,0.0348,4,0,0,0,0
CUST001063,679,0.1342,0.4433,7,0,1,0,1
CUST001064,591,0.0838,0.3828,3,0,0,0,0
CUST001065,717,0.494,0.0868,8,1,1,0,0
CUST001066,743,0.2868,0.0711,2,0,0,0,0
CUST001067,605,0.2908,0.4193,3,1,1,1,0
CUST001068,616,0.4167,0.3847,6,1,0,0,0
CUST001069,716,0.1828,0.3183,1,0,0,0,1
CUST001070,559,0.1423,0.3821,2,1,0,0,2
CUST001071,550,0.4856,0.6324,4,0,0,0,3
CUST001072,618,0.0723,0.2559,3,0,0,0,2
CUST001073,648,0.6003,0.4833,8,1,0,0,0
CUST001074,601,0.0296,0.2373,2,0,0,1,1
CUST001075,701,0.0115,0.2218,5,0,0,0,0
CUST001076,527,0.1858,0.2293,4,0,0,2,0
CUST001077,690,0.0882,0.2726,3,1,0,0,0
CUST001078,601,0.3647,0.3925,9,0,0,0,1
CUST001079,793,0.2985,0.4977,3,0,0,0,0
CUST001080,732,0.0474,0.5063,9,0,0,0,0
CUST001081,661,0.05,0.0529,4,0,0,0,2
CUST001082,646,0.298,0.4722,2,0,0,0,0
CUST001083,604,0.238,0.2243,2,0,0,0,1
CUST001084,410,0.3996,0.0546,3,4,1,0,2
CUST001085,660,0.4807,0.5505,4,0,0,0,0
CUST001086,752,0.1607,0.3855,1,0,0,0,2
CUST001087,565,0.242,0.4443,8,0,0,0,0
CUST001088,576,0.2126,0.222,5,1,0,0,0
CUST001089,659,0.1541,0.0848,4,0,0,0,2
CUST001090,536,0.3506,0.0409,4,0,0,0,0
CUST001091,584,0.5298,0.2976,5,2,0,0,0
CUST001092,610,0.1434,0.1876,6,0,0,0,1
CUST001093,661,0.4662,0.4436,2,1,0,1,1
CUST001094,836,0.1517,0.3304,5,0,0,0,0
CUST001095,646,0.5366,0.3211,4,0,0,0,1
CUST001096,684,0.2042,0.2815,2,0,0,0,1
CUST001097,643,0.4108,0.2792,1,1,0,0,1
CUST001098,677,0.2203,0.492,1,0,0,0,1
CUST001099,664,0.083,0.1979,10,0,0,0,0
CUST001100,737,0.4895,0.0708,8,0,0,0,1
CUST001101,802,0.1808,0.1824,1,1,0,0,1
CUST001102,637,0.0504,0.4489,6,0,0,0,1
CUST001103,617,0.3543,0.4372,4,0,0,0,0
CUST001104,863,0.3682,0.2879,6,0,1,0,0
CUST001105,803,0.2212,0.1203,3,1,0,0,1
CUST001106,682,0.2022,0.3453,2,0,0,0,0
CUST001107,763,0.4544,0.3955,8,0,0,0,0
CUST001108,797,0.1976,0.3897,6,0,0,0,0
CUST001109,630,0.5885,0.2273,2,0,0,0,1
CUST001110,738,0.3668,0.7302,4,0,1,0,1
CUST001111,666,0.1937,0.1741,4,2,0,0,0
CUST001112,669,0.1821,0.3639,6,0,0,0,1
CUST001113,723,0.4386,0.2776,2,0,0,0,1
CUST001114,809,0.2914,0.2927,5,0,1,0,0
CUST001115,701,0.2721,0.3208,5,0,0,0,1
CUST001116,735,0.3385,0.4629,4,0,0,0,0
CUST001117,735,0.6892,0.5197,4,0,0,0,0
CUST001118,771,0.131,0.0193,2,1,0,0,0
CUST001119,706,0.0526,0.7681,4,0,0,0,0
CUST001120,675,0.3102,0.4831,2,0,0,0,0
CUST001121,623,0.3509,0.8517,3,0,0,0,0
CUST001122,713,0.2978,0.3494,4,0,0,0,0
CUST001123,619,0.0818,0.2824,2,0,1,0,2
CUST001124,662,0.2897,0.3317,3,0,0,0,0
CUST001125,561,0.127,0.1181,3,0,0,0,2
CUST001126,845,0.6036,0.4751,5,0,0,0,0
CUST001127,555,0.21,0.1783,5,0,1,0,1
CUST001128,705,0.3641,0.1565,2,1,0,0,2
CUST001129,584,0.4709,0.4174,1,0,0,0,0
CUST001130,530,0.0788,0.3607,5,1,0,1,0
CUST001131,697,0.1314,0.1,3,0,0,0,1
CUST001132,790,0.5021,0.5096,2,1,0,0,0
CUST001133,585,0.1221,0.1658,6,0,0,0,1
CUST001134,708,0.0311,0.2897,3,0,0,1,1
CUST001135,817,0.5195,0.3799,5,0,1,0,1
CUST001136,861,0.2711,0.2793,5,0,0,0,0
CUST001137,630,0.4054,0.616,4,0,1,0,0
CUST001138,651,0.1793,0.4585,4,1,0,0,2
CUST001139,666,0.1344,0.2022,4,0,0,0,0
CUST001140,721,0.2148,0.0886,1,0,0,0,0
CUST001141,640,0.5056,0.3604,6,0,0,0,0
CUST001142,715,0.2025,0.2469,9,2,1,0,1
CUST001143,651,0.3128,0.2482,2,0,0,0,1
CUST001144,588,0.1253,0.2673,4,0,0,0,1
CUST001145,696,0.2063,0.5698,4,0,0,0,1
CUST001146,605,0.0804,0.3923,1,1,0,0,1
CUST001147,567,0.2446,0.4707,4,1,0,0,0
CUST001148,657,0.2104,0.4282,2,0,1,0,0
CUST001149,583,0.5161,0.6059,4,0,0,0,0
CUST001150,624,0.2463,0.0893,4,0,0,0,0
CUST001151,744,0.5595,0.4423,1,0,0,0,1
CUST001152,603,0.1284,0.374,5,0,0,1,2
CUST001153,548,0.6664,0.5207,7,2,0,0,2
CUST001154,709,0.1739,0.1162,2,0,0,0,3
CUST001155,755,0.2579,0.1635,3,0,1,0,2
CUST001156,617,0.3282,0.8146,6,0,0,0,0
CUST001157,777,0.3764,0.0804,5,2,0,0,0
CUST001158,707,0.195,0.8866,5,0,0,0,0
CUST001159,786,0.2852,0.3109,5,0,0,0,0
CUST001160,570,0.3741,0.151,5,0,0,0,0
CUST001161,493,0.5288,0.3001,2,1,1,0,0
CUST001162,703,0.1628,0.4781,2,0,0,0,0
CUST001163,655,0.257,0.3362,2,0,0,0,1
CUST001164,676,0.489,0.0379,2,0,0,0,1
CUST001165,694,0.313,0.6888,3,0,1,0,0
CUST001166,795,0.195,0.2963,7,0,0,0,0
CUST001167,596,0.4365,0.3738,4,0,0,0,0
CUST001168,807,0.5974,0.1716,7,0,0,1,0
CUST001169,609,0.1722,0.6528,4,0,0,0,2
CUST001170,698,0.3962,0.506,2,0,0,0,0
CUST001171,690,0.3465,0.3884,4,1,1,0,0
CUST001172,583,0.2984,0.3617,3,0,0,0,0
CUST001173,695,0.3873,0.1028,2,0,2,0,3
CUST001174,564,0.3692,0.1748,5,0,0,0,0
CUST001175,478,0.0771,0.3172,7,1,0,1,0
CUST001176,741,0.346,0.4499,5,1,1,0,0
CUST001177,746,0.5891,0.3154,4,0,0,0,0
CUST001178,523,0.4475,0.3018,3,0,0,0,1
CUST001179,629,0.5009,0.403,1,2,1,0,0
CUST001180,552,0.3034,0.358,7,0,0,0,0
CUST001181,709,0.4203,0.2748,1,1,0,0,1
CUST001182,752,0.3837,0.3136,3,0,0,0,1
CUST001183,572,0.0549,0.6628,3,0,0,0,0
CUST001184,455,0.3444,0.2595,3,1,0,0,0
CUST001185,696,0.5506,0.2532,4,1,0,0,0
CUST001186,705,0.0728,0.268,5,1,0,0,1
CUST001187,573,0.5161,0.4449,2,0,0,0,1
CUST001188,605,0.1412,0.5274,4,1,0,0,0
CUST001189,581,0.1011,0.1537,4,1,0,0,2
CUST001190,652,0.5655,0.3389,4,0,0,0,0
CUST001191,725,0.6955,0.0693,5,0,0,0,0
CUST001192,687,0.1005,0.6343,2,0,0,0,1
CUST001193,700,0.4961,0.3111,4,0,0,1,0
CUST001194,535,0.5505,0.5646,3,1,0,0,3
CUST001195,600,0.2623,0.1209,2,0,0,0,1
CUST001196,756,0.831,0.3187,6,0,1,1,3
CUST001197,542,0.2733,0.1795,2,0,0,0,1
CUST001198,575,0.3578,0.1088,2,0,0,0,0
CUST001199,707,0.312,0.771,7,1,1,0,0
CUST001200,486,0.3213,0.4864,4,0,0,0,2
CUST001201,560,0.2538,0.3576,2,1,0,0,0
CUST001202,721,0.3093,0.1835,5,1,0,0,0
CUST001203,513,0.8233,0.3334,3,0,0,0,0
CUST001204,581,0.1311,0.4022,0,0,0,1,1
CUST001205,705,0.0131,0.2876,5,0,0,0,1
CUST001206,550,0.1455,0.0753,5,3,0,0,0
CUST001207,727,0.3538,0.6997,2,1,0,0,0
CUST001208,675,0.3255,0.2376,8,0,0,0,0
CUST001209,627,0.5393,0.7691,5,0,0,0,1
CUST001210,479,0.0473,0.7761,5,0,0,0,1
CUST001211,652,0.4336,0.4729,8,0,0,0,0
CUST001212,509,0.2543,0.1391,3,0,0,0,0
CUST001213,495,0.0266,0.0612,4,1,0,0,1
CUST001214,686,0.3095,0.111,5,0,1,0,0
CUST001215,675,0.1283,0.4538,7,0,0,1,0
CUST001216,469,0.6207,0.0869,2,1,0,0,1
CUST001217,625,0.3863,0.5064,5,2,0,0,1
CUST001218,692,0.1271,0.593,7,0,0,0,0
CUST001219,674,0.1641,0.0179,7,0,0,0,0
CUST001220,668,0.1112,0.3843,6,1,0,0,0
CUST001221,627,0.4223,0.3653,2,1,0,0,2
CUST001222,747,0.3228,0.3823,5,0,0,0,0
CUST001223,665,0.1224,0.1967,1,0,0,0,1
CUST001224,752,0.5625,0.4381,2,0,0,0,0
CUST001225,654,0.5872,0.4825,5,0,0,1,0
CUST001226,548,0.4084,0.2039,5,0,0,0,0
CUST001227,666,0.3482,0.2852,2,1,0,0,0
CUST001228,529,0.3053,0.1142,2,0,0,0,0
CUST001229,688,0.0525,0.5497,2,1,0,0,2
CUST001230,821,0.2448,0.3648,2,0,0,0,3
CUST001231,656,0.1022,0.2238,2,0,0,1,1
CUST001232,641,0.3666,0.1965,7,0,1,0,1
CUST001233,731,0.1531,0.421,1,0,0,0,0
CUST001234,673,0.1842,0.1372,2,0,0,0,0
CUST001235,864,0.2053,0.1294,3,0,1,0,0
CUST001236,646,0.2441,0.1513,8,3,0,0,0
CUST001237,679,0.4475,0.5844,5,0,1,1,0
CUST001238,743,0.5887,0.175,4,0,0,0,0
CUST001239,518,0.2793,0.7625,3,0,0,0,0
CUST001240,714,0.19,0.5637,0,0,0,0,0
CUST001241,611,0.1948,0.0222,1,0,1,0,0
CUST001242,623,0.1059,0.5392,4,0,0,0,0
CUST001243,719,0.5291,0.3665,3,0,0,0,0
CUST001244,587,0.2836,0.4126,3,0,0,0,1
CUST001245,629,0.344,0.224,6,0,0,0,1
CUST001246,636,0.2658,0.6053,3,0,1,0,1
CUST001247,642,0.5773,0.5233,5,0,0,0,1
CUST001248,588,0.3228,0.3074,1,0,0,0,0
CUST001249,700,0.2312,0.1111,1,0,0,0,1
CUST001250,543,0.497,0.574,6,0,0,0,1
CUST001251,481,0.0371,0.1134,3,0,0,1,0
CUST001252,623,0.4972,0.4976,4,1,0,0,0
CUST001253,698,0.2972,0.0098,4,0,0,0,0
CUST001254,701,0.2793,0.0687,2,1,0,0,0
CUST001255,678,0.4173,0.208,2,0,0,0,0
CUST001256,620,0.2256,0.3439,5,0,0,1,0
CUST001257,686,0.3097,0.5677,7,0,1,1,0
CUST001258,638,0.2987,0.1183,2,0,0,0,0
CUST001259,644,0.3277,0.4824,2,0,0,0,1
CUST001260,422,0.3054,0.0608,3,0,0,0,0
CUST001261,610,0.4786,0.1023,4,0,0,0,0
CUST001262,473,0.3276,0.0991,3,0,1,0,2
CUST001263,841,0.2529,0.4959,4,0,0,0,1
CUST001264,727,0.2464,0.134,7,0,1,0,1
CUST001265,758,0.249,0.0484,3,0,0,0,1
CUST001266,604,0.2071,0.2438,2,1,0,0,1
CUST001267,643,0.2512,0.3589,2,0,1,0,0
CUST001268,533,0.4614,0.2984,1,0,0,0,0
CUST001269,546,0.1817,0.0817,6,0,0,0,0
CUST001270,626,0.4459,0.228,4,0,0,0,0
CUST001271,600,0.0849,0.2516,5,0,0,0,0
CUST001272,691,0.3737,0.1067,3,1,0,0,0
CUST001273,686,0.5357,0.4485,2,1,0,0,0
CUST001274,614,0.39,0.52,3,0,0,0,0
CUST001275,725,0.424,0.1921,4,0,0,0,0
CUST001276,546,0.0952,0.114,4,0,0,0,0
CUST001277,537,0.3179,0.452,6,0,1,0,1
CUST001278,696,0.6301,0.2992,6,0,0,0,3
CUST001279,699,0.1736,0.318,3,1,0,1,1
CUST001280,726,0.309,0.3172,4,0,0,0,1
CUST001281,520,0.2014,0.6112,2,0,0,0,0
CUST001282,575,0.2204,0.6477,3,1,0,0,0
CUST001283,677,0.1698,0.434,5,0,0,0,0
CUST001284,679,0.4169,0.5063,7,1,0,0,1
CUST001285,820,0.2978,0.5909,3,0,0,0,0
CUST001286,558,0.3344,0.1616,12,0,1,0,0
CUST001287,842,0.1213,0.067,2,1,0,0,0
CUST001288,697,0.2651,0.3311,7,1,1,0,0
CUST001289,755,0.3397,0.4757,5,1,1,0,0
CUST001290,705,0.3192,0.6749,2,0,0,0,0
CUST001291,584,0.1308,0.1956,2,0,0,0,0
CUST001292,600,0.137,0.1759,2,0,0,1,0
CUST001293,650,0.2938,0.2778,1,0,0,0,0
CUST001294,513,0.1714,0.1282,1,1,0,0,0
CUST001295,503,0.2301,0.3013,5,0,0,0,1
CUST001296,594,0.2116,0.27,6,0,0,0,0
CUST001297,713,0.3038,0.0888,7,0,0,0,0
CUST001298,591,0.6036,0.2287,4,0,0,0,3
CUST001299,644,0.1479,0.1658,4,0,0,0,0
CUST001300,637,0.534,0.2782,8,0,0,1,0
CUST001301,741,0.2038,0.6505,6,0,1,0,0
CUST001302,688,0.1351,0.0056,3,0,0,0,0
CUST001303,727,0.1954,0.1829,6,1,0,1,1
CUST001304,755,0.1325,0.3298,3,0,1,0,0
CUST001305,561,0.182,0.459,4,0,0,0,1
CUST001306,462,0.1883,0.0972,6,0,1,0,1
CUST001307,613,0.3527,0.2474,2,0,0,0,2
CUST001308,752,0.2872,0.2035,8,0,0,0,0
CUST001309,712,0.2116,0.6075,4,0,0,0,0
CUST001310,616,0.2629,0.0847,2,2,0,0,0
CUST001311,823,0.0179,0.1874,6,0,0,1,0
CUST001312,720,0.1158,0.3744,4,0,0,0,1
CUST001313,596,0.2588,0.4503,2,0,1,0,0
CUST001314,755,0.3798,0.3469,4,0,0,1,0
CUST001315,508,0.3626,0.3818,7,0,0,0,1
CUST001316,680,0.5796,0.0539,4,1,0,0,0
CUST001317,602,0.2413,0.4525,6,0,0,0,0
CUST001318,644,0.1539,0.0621,0,0,0,0,0
CUST001319,704,0.1946,0.2258,4,1,0,0,1
CUST001320,733,0.092,0.6007,6,0,0,0,0
CUST001321,660,0.2841,0.3123,4,3,0,0,0
CUST001322,630,0.1446,0.5011,2,1,0,0,1
CUST001323,495,0.4838,0.1221,3,0,0,0,0
CUST001324,510,0.474,0.3987,4,1,0,0,1
CUST001325,418,0.1969,0.4352,1,0,0,0,0
CUST001326,665,0.4105,0.5384,2,0,0,0,0
CUST001327,733,0.3696,0.4002,2,0,0,0,0
CUST001328,435,0.1801,0.0436,3,0,0,0,0
CUST001329,745,0.1274,0.4584,2,0,1,0,2
CUST001330,775,0.1206,0.0633,6,0,0,0,0
CUST001331,666,0.2331,0.4038,3,0,0,0,0
CUST001332,789,0.1998,0.1602,6,0,1,0,0
CUST001333,646,0.1164,0.2988,2,0,0,0,1
CUST001334,537,0.1998,0.5125,4,0,1,0,0
CUST001335,620,0.3437,0.3969,4,0,0,0,0
CUST001336,794,0.2278,0.5128,3,0,0,0,0
CUST001337,595,0.0847,0.0287,5,0,0,0,1
CUST001338,688,0.2767,0.2084,7,0,0,0,0
CUST001339,699,0.5062,0.2658,7,0,0,0,0
CUST001340,756,0.1781,0.2516,3,0,0,0,0
CUST001341,482,0.277,0.5291,6,0,0,0,0
CUST001342,775,0.2706,0.5859,3,0,0,0,0
CUST001343,565,0.1324,0.3035,0,0,1,0,0
CUST001344,786,0.1318,0.4539,8,0,0,0,0
CUST001345,617,0.3459,0.0274,3,0,0,0,0
CUST001346,618,0.2923,0.2252,5,0,0,0,0
CUST001347,719,0.1764,0.297,3,0,0,0,1
CUST001348,767,0.6353,0.1961,5,1,0,0,2
CUST001349,608,0.3459,0.7413,5,0,1,0,0
CUST001350,625,0.1827,0.1417,4,0,0,0,1
CUST001351,595,0.2914,0.1541,3,1,0,1,0
CUST001352,598,0.3726,0.764,2,1,0,1,0
CUST001353,695,0.4081,0.4182,2,0,0,0,1
CUST001354,642,0.1166,0.5749,6,0,0,0,0
CUST001355,763,0.3498,0.5563,1,0,0,0,1
CUST001356,588,0.1296,0.2079,6,1,0,0,0
CUST001357,718,0.317,0.4521,3,0,0,0,3
CUST001358,714,0.2035,0.1371,6,0,0,0,1
CUST001359,625,0.5865,0.5678,3,1,0,0,0
CUST001360,627,0.3646,0.2535,8,0,0,0,1
CUST001361,694,0.0607,0.3063,6,0,0,0,0
CUST001362,588,0.2776,0.452,5,1,0,0,0
CUST001363,617,0.3095,0.1758,1,1,0,0,0
CUST001364,533,0.1067,0.2779,8,0,0,0,0
CUST001365,568,0.3614,0.554,3,0,0,0,0
CUST001366,557,0.2501,0.3788,3,0,0,0,0
CUST001367,566,0.4149,0.2975,3,0,0,0,0
CUST001368,492,0.1229,0.2724,10,0,0,0,1
CUST001369,501,0.1708,0.5536,5,0,0,0,0
CUST001370,728,0.2214,0.0686,0,0,0,0,0
CUST001371,637,0.2478,0.0735,4,1,1,0,0
CUST001372,762,0.509,0.387,4,0,0,0,0
CUST001373,744,0.3022,0.5189,7,1,0,0,1
CUST001374,608,0.2367,0.3191,1,0,0,0,0
CUST001375,567,0.0478,0.0704,5,1,0,1,0
CUST001376,664,0.553,0.4252,2,0,0,0,1
CUST001377,610,0.4234,0.4481,4,0,0,0,0
CUST001378,707,0.0664,0.4011,11,0,0,0,1
CUST001379,471,0.0584,0.4495,5,1,0,0,0
CUST001380,680,0.1163,0.3198,2,0,0,0,0
CUST001381,793,0.1002,0.2538,6,1,0,0,0
CUST001382,614,0.2141,0.1093,4,0,0,2,0
CUST001383,705,0.1479,0.5174,6,0,0,0,0
CUST001384,540,0.0364,0.573,3,0,0,0,0
CUST001385,596,0.3072,0.2958,5,0,0,0,1
CUST001386,571,0.2562,0.042,8,0,1,0,0
CUST001387,788,0.144,0.4,3,0,0,0,0
CUST001388,827,0.1622,0.4562,2,0,0,0,0
CUST001389,606,0.3462,0.4465,1,1,0,0,1
CUST001390,767,0.4071,0.0359,2,0,0,0,1
CUST001391,703,0.0889,0.3209,3,0,0,1,0
CUST001392,615,0.331,0.3536,6,0,0,0,1
CUST001393,793,0.1509,0.4499,4,0,1,1,0
CUST001394,598,0.0438,0.2672,3,0,0,0,1
CUST001395,592,0.2423,0.1336,3,0,0,0,1
CUST001396,558,0.0719,0.6267,6,0,0,0,1
CUST001397,730,0.0255,0.2709,2,0,0,0,0
CUST001398,564,0.1264,0.2607,2,0,0,0,1
CUST001399,637,0.4326,0.4678,5,0,0,0,0
CUST001400,619,0.2685,0.1868,2,0,0,1,0
CUST001401,603,0.2457,0.1732,6,1,0,0,1
CUST001402,630,0.2455,0.4698,3,0,1,0,0
CUST001403,612,0.3832,0.0572,6,0,0,0,0
CUST001404,793,0.1527,0.0611,5,0,1,0,0
CUST001405,690,0.6064,0.3445,3,0,0,0,0
CUST001406,658,0.4419,0.3293,6,0,0,0,0
CUST001407,613,0.3792,0.4586,4,1,1,0,0
CUST001408,537,0.0969,0.3999,2,0,1,0,0
CUST001409,593,0.1684,0.3299,6,0,0,0,0
CUST001410,648,0.3704,0.1629,6,0,0,0,2
CUST001411,644,0.4218,0.3243,2,0,0,0,1
CUST001412,664,0.291,0.3698,3,0,1,0,3
CUST001413,782,0.6199,0.2692,5,0,0,0,0
CUST001414,610,0.2931,0.1719,2,0,0,0,0
CUST001415,777,0.3506,0.2921,4,0,0,0,1
CUST001416,632,0.1845,0.3573,5,1,0,0,1
CUST001417,668,0.1203,0.4601,4,1,0,1,2
CUST001418,641,0.0776,0.6634,1,0,0,0,1
CUST001419,770,0.194,0.3787,10,2,0,0,0
CUST001420,574,0.3965,0.1268,5,0,0,0,0
CUST001421,722,0.2875,0.5285,6,0,0,0,0
CUST001422,807,0.1368,0.5242,2,2,1,0,1
CUST001423,641,0.2832,0.3785,5,0,0,0,3
CUST001424,389,0.5365,0.1663,4,0,0,0,0
CUST001425,549,0.3956,0.3913,2,0,0,0,0
CUST001426,611,0.3129,0.333,3,1,0,0,1
CUST001427,686,0.3179,0.428,3,1,0,1,0
CUST001428,768,0.3168,0.2489,5,1,0,0,0
CUST001429,641,0.4377,0.3367,3,0,1,0,0
CUST001430,610,0.5976,0.182,6,1,0,0,0
CUST001431,710,0.5401,0.1954,5,2,0,0,0
CUST001432,635,0.2603,0.0524,6,0,1,0,0
CUST001433,652,0.5623,0.4877,5,0,1,0,0
CUST001434,606,0.4258,0.1839,3,0,0,0,1
CUST001435,797,0.0885,0.7204,6,0,1,0,2
CUST001436,667,0.2888,0.4422,3,0,1,0,1
CUST001437,756,0.2579,0.1569,5,0,2,0,0
CUST001438,684,0.2495,0.4814,10,0,0,0,0
CUST001439,751,0.1589,0.5056,6,0,0,0,1
CUST001440,727,0.4477,0.3007,5,1,0,1,2
CUST001441,726,0.3978,0.3197,3,0,0,0,0
CUST001442,692,0.1733,0.2967,3,0,0,0,0
CUST001443,513,0.0963,0.3824,7,0,0,1,0
CUST001444,510,0.0911,0.4498,6,1,0,0,1
CUST001445,558,0.0972,0.3299,2,1,0,0,0
CUST001446,756,0.4549,0.3549,4,0,0,0,2
CUST001447,709,0.4818,0.5144,2,0,1,0,1
CUST001448,620,0.5636,0.1394,5,0,0,0,1
CUST001449,781,0.2697,0.4114,3,0,0,0,0
CUST001450,741,0.2976,0.641,4,2,0,0,0
CUST001451,698,0.0745,0.0985,3,1,0,0,0
CUST001452,715,0.4604,0.1814,0,1,0,0,0
CUST001453,704,0.1221,0.2593,6,1,0,0,1
CUST001454,539,0.4207,0.3276,2,0,0,0,2
CUST001455,654,0.3106,0.4373,3,0,0,0,0
CUST001456,699,0.3309,0.5464,5,0,0,1,1
CUST001457,647,0.6497,0.3055,6,0,1,0,0
CUST001458,586,0.3008,0.2959,2,0,0,0,0
CUST001459,495,0.3601,0.2026,6,0,1,0,0
CUST001460,577,0.3921,0.2254,3,0,0,1,1
CUST001461,733,0.0571,0.4816,6,1,0,0,0
CUST001462,700,0.3178,0.2015,7,0,2,0,0
CUST001463,507,0.1335,0.6243,3,0,0,0,0
CUST001464,718,0.1631,0.1745,3,0,0,1,0
CUST001465,532,0.4153,0.1489,4,0,1,1,0
CUST001466,633,0.1917,0.5649,2,0,0,0,2
CUST001467,723,0.3769,0.6436,4,0,0,0,2
CUST001468,621,0.0599,0.4042,5,0,0,0,0
CUST001469,525,0.1945,0.0463,4,0,0,1,0
CUST001470,415,0.4303,0.4619,2,0,0,0,0
CUST001471,565,0.1194,0.0842,3,0,0,0,0
CUST001472,611,0.604,0.2303,6,0,0,0,0
CUST001473,686,0.1532,0.1506,3,0,1,0,0
CUST001474,596,0.1001,0.612,4,1,0,0,1
CUST001475,604,0.3868,0.6493,6,0,1,0,0
CUST001476,603,0.1926,0.6518,7,0,0,0,1
CUST001477,586,0.4387,0.1446,3,0,0,1,0
CUST001478,817,0.3455,0.1748,4,0,1,0,0
CUST001479,673,0.1527,0.5697,10,0,0,0,0
CUST001480,565,0.1901,0.6835,4,0,0,0,0
CUST001481,460,0.4227,0.3072,1,0,0,0,1
CUST001482,661,0.4385,0.6905,4,2,0,0,1
CUST001483,781,0.3067,0.1677,3,0,0,0,0
CUST001484,696,0.3153,0.2194,9,0,0,0,0
CUST001485,880,0.1012,0.5897,2,0,1,0,1
CUST001486,598,0.2588,0.6579,5,0,0,0,0
CUST001487,698,0.2153,0.3406,4,0,0,0,0
CUST001488,515,0.2421,0.2522,3,0,1,1,1
CUST001489,491,0.2467,0.381,2,0,1,0,1
CUST001490,634,0.1009,0.4079,4,0,0,0,1
CUST001491,755,0.3816,0.2029,2,2,1,0,0
CUST001492,801,0.3935,0.3067,5,1,0,0,1
CUST001493,655,0.2911,0.6309,3,0,0,0,0
CUST001494,569,0.3613,0.4447,4,0,0,0,2
CUST001495,452,0.5811,0.445,1,0,0,0,0
CUST001496,596,0.4303,0.4429,6,1,0,0,1
CUST001497,645,0.2968,0.5829,1,0,0,1,1
CUST001498,597,0.5528,0.461,2,1,0,0,1
CUST001499,487,0.2776,0.2179,7,0,0,1,0
CUST001500,649,0.602,0.556,4,0,0,0,2
CUST001501,617,0.2362,0.053,8,0,0,0,1
CUST001502,690,0.1324,0.1656,9,1,0,0,0
CUST001503,575,0.4124,0.2318,3,0,1,0,1
CUST001504,615,0.5142,0.4414,7,0,0,0,0
CUST001505,649,0.4773,0.3401,4,0,0,0,0
CUST001506,681,0.4,0.6555,2,0,0,0,0
CUST001507,605,0.2812,0.2736,4,0,0,0,0
CUST001508,578,0.0454,0.5441,4,0,0,0,1
CUST001509,548,0.2047,0.5447,7,1,0,0,1
CUST001510,654,0.1845,0.1222,2,0,0,0,1
CUST001511,613,0.2817,0.1382,3,0,0,0,1
CUST001512,800,0.5496,0.332,3,0,0,0,1
CUST001513,630,0.5538,0.7424,2,0,0,0,0
CUST001514,659,0.6018,0.4247,3,0,0,1,1
CUST001515,730,0.0149,0.1937,3,1,0,0,0
CUST001516,742,0.3225,0.0583,1,0,0,1,1
CUST001517,607,0.09,0.1328,5,1,0,0,0
CUST001518,816,0.2052,0.4407,3,0,0,0,0
CUST001519,839,0.0439,0.2145,4,0,0,0,1
CUST001520,617,0.3079,0.2642,1,1,0,0,0
CUST001521,647,0.3061,0.3349,5,0,0,0,0
CUST001522,675,0.2791,0.1686,1,1,0,0,1
CUST001523,577,0.141,0.0709,3,0,0,0,0
CUST001524,642,0.2637,0.2417,4,1,1,0,1
CUST001525,558,0.166,0.5891,3,0,1,0,0
CUST001526,641,0.5386,0.4083,6,0,1,0,1
CUST001527,632,0.0674,0.33,6,0,0,0,0
CUST001528,680,0.1675,0.2944,5,0,0,0,0
CUST001529,694,0.101,0.3562,3,0,0,0,0
CUST001530,642,0.2382,0.1364,4,0,0,0,1
CUST001531,763,0.1304,0.281,4,0,0,0,0
CUST001532,562,0.2425,0.4578,4,1,0,1,1
CUST001533,612,0.1026,0.2392,4,0,0,0,1
CUST001534,584,0.1559,0.1128,2,0,0,0,0
CUST001535,783,0.0994,0.2013,4,0,1,0,1
CUST001536,630,0.3095,0.8194,6,0,0,0,0
CUST001537,632,0.2756,0.5035,7,0,0,0,1
CUST001538,765,0.1213,0.1691,6,1,0,0,1
CUST001539,511,0.2355,0.3877,2,0,0,0,0
CUST001540,556,0.398,0.3997,2,1,0,0,0
CUST001541,637,0.4404,0.6311,1,0,0,0,0
CUST001542,598,0.4848,0.1087,2,0,0,0,0
CUST001543,728,0.1374,0.5664,4,0,0,1,0
CUST001544,521,0.0362,0.168,5,0,0,0,1
CUST001545,702,0.0684,0.3642,4,0,0,0,3
CUST001546,560,0.212,0.2408,4,1,0,0,0
CUST001547,673,0.1098,0.1059,6,0,0,1,0
CUST001548,729,0.1996,0.6024,3,0,0,0,0
CUST001549,818,0.3769,0.4173,5,0,0,0,0
CUST001550,515,0.3926,0.2605,2,0,0,0,0
CUST001551,659,0.0299,0.2632,5,0,0,1,0
CUST001552,736,0.2694,0.0439,6,0,1,0,0
CUST001553,656,0.2106,0.245,4,2,0,0,0
CUST001554,684,0.1806,0.3021,3,0,0,0,1
CUST001555,587,0.1353,0.3753,7,0,0,0,1
CUST001556,621,0.1973,0.6437,4,0,0,0,2
CUST001557,580,0.6031,0.1893,5,1,0,2,0
CUST001558,705,0.263,0.4155,5,1,0,1,1
CUST001559,817,0.113,0.2413,6,0,0,0,0
CUST001560,664,0.33,0.512,5,0,0,0,0
CUST001561,655,0.2464,0.6246,4,0,0,0,0
CUST001562,457,0.128,0.2445,2,0,0,0,1
CUST001563,644,0.1385,0.3823,2,0,1,0,0
CUST001564,701,0.475,0.0846,5,1,0,0,1
CUST001565,501,0.2068,0.4566,6,0,0,0,0
CUST001566,665,0.3096,0.222,2,0,0,0,0
CUST001567,649,0.3875,0.513,4,0,0,0,0
CUST001568,469,0.4715,0.3064,2,0,0,0,1
CUST001569,688,0.3837,0.2134,5,1,0,0,0
CUST001570,612,0.1244,0.7987,7,0,0,0,0
CUST001571,661,0.489,0.2033,6,1,0,0,0
CUST001572,679,0.2044,0.0758,4,0,1,1,1
CUST001573,582,0.0727,0.768,2,0,0,0,0
CUST001574,681,0.1734,0.3345,2,0,0,0,0
CUST001575,604,0.1993,0.3544,4,0,0,0,0
CUST001576,662,0.3292,0.3674,4,1,1,0,1
CUST001577,592,0.2974,0.4482,2,0,0,0,1
CUST001578,747,0.0349,0.1957,7,1,0,1,0
CUST001579,712,0.5195,0.2803,8,1,0,0,1
CUST001580,619,0.4677,0.3153,3,0,1,0,1
CUST001581,713,0.1236,0.5162,6,0,0,0,1
CUST001582,612,0.5655,0.1406,4,0,0,0,0
CUST001583,670,0.2452,0.3523,2,0,0,0,0
CUST001584,574,0.4188,0.76,2,0,0,1,2
CUST001585,737,0.221,0.1496,4,0,0,0,2
CUST001586,639,0.1197,0.2701,1,0,2,0,1
CUST001587,589,0.4098,0.2912,8,0,0,0,0
CUST001588,671,0.4587,0.4143,3,0,1,0,1
CUST001589,493,0.4888,0.4885,1,1,0,0,1
CUST001590,559,0.3565,0.3515,4,0,0,0,0
CUST001591,623,0.3952,0.3696,3,0,0,0,0
CUST001592,661,0.2567,0.5026,1,0,1,0,1
CUST001593,660,0.2037,0.2673,2,1,0,0,1
CUST001594,601,0.6389,0.4403,4,0,0,0,0
CUST001595,703,0.1965,0.1762,4,0,0,0,1
CUST001596,539,0.171,0.0809,4,1,0,0,0
CUST001597,626,0.3649,0.1227,7,0,0,0,0
CUST001598,746,0.3347,0.2166,2,1,0,0,0
CUST001599,702,0.364,0.4965,3,0,0,0,0
CUST001600,765,0.5464,0.1268,1,0,0,0,1
CUST001601,853,0.2709,0.3991,11,0,0,0,0
CUST001602,595,0.1438,0.0392,8,1,1,0,1
CUST001603,681,0.1575,0.2605,3,0,0,0,2
CUST001604,577,0.5656,0.3959,5,0,0,0,1
CUST001605,551,0.22,0.7491,1,1,1,1,0
CUST001606,689,0.2483,0.1412,4,0,0,0,0
CUST001607,653,0.216,0.6913,4,1,0,0,0
CUST001608,614,0.5733,0.3564,6,0,0,0,1
CUST001609,702,0.1296,0.1009,3,1,2,0,0
CUST001610,617,0.4063,0.5026,6,0,0,0,2
CUST001611,515,0.254,0.6793,7,0,0,0,0
CUST001612,711,0.1297,0.1796,6,1,0,0,0
CUST001613,588,0.4134,0.0555,5,1,0,0,0
CUST001614,718,0.0358,0.2144,5,0,0,0,1
CUST001615,682,0.2626,0.4666,3,0,0,0,1
CUST001616,414,0.2942,0.4352,5,0,1,0,0
CUST001617,624,0.5546,0.4702,4,0,0,0,1
CUST001618,565,0.0739,0.4859,2,1,0,0,0
CUST001619,733,0.0348,0.2946,0,0,0,0,0
CUST001620,599,0.3256,0.4212,7,0,0,0,1
CUST001621,726,0.2155,0.2328,5,1,0,0,0
CUST001622,656,0.0959,0.0245,3,1,0,0,1
CUST001623,598,0.1485,0.0661,6,0,0,0,2
CUST001624,695,0.2664,0.2975,1,0,0,0,0
CUST001625,730,0.2052,0.1176,5,0,0,0,2
CUST001626,544,0.3945,0.6245,6,0,0,1,0
CUST001627,512,0.2653,0.0923,3,2,0,0,0
CUST001628,643,0.1318,0.4677,3,0,0,0,0
CUST001629,614,0.6983,0.583,4,0,0,0,1
CUST001630,693,0.4304,0.6325,2,0,0,0,1
CUST001631,721,0.1908,0.2406,0,0,0,0,1
CUST001632,500,0.1415,0.0711,4,0,0,0,1
CUST001633,616,0.4783,0.316,3,1,0,0,0
CUST001634,510,0.1862,0.1912,4,0,0,1,0
CUST001635,528,0.3039,0.2147,2,0,0,0,0
CUST001636,499,0.0845,0.4263,4,1,0,0,0
CUST001637,616,0.2312,0.2513,4,1,0,0,1
CUST001638,508,0.1038,0.1829,9,0,0,0,2
CUST001639,590,0.1904,0.5978,6,1,0,0,0
CUST001640,572,0.305,0.4205,4,0,1,0,0
CUST001641,619,0.2756,0.1675,5,1,0,0,1
CUST001642,650,0.3165,0.3069,5,0,0,0,0
CUST001643,643,0.3073,0.3506,7,1,0,1,1
CUST001644,540,0.2928,0.7269,3,0,0,0,0
CUST001645,647,0.3035,0.1163,8,0,2,0,0
CUST001646,612,0.3307,0.1064,5,2,0,0,2
CUST001647,691,0.3467,0.6024,7,0,0,0,0
CUST001648,590,0.2997,0.239,7,0,0,0,0
CUST001649,702,0.4302,0.6358,5,0,0,0,0
CUST001650,562,0.3037,0.5973,5,1,0,0,1
CUST001651,566,0.5445,0.5995,6,0,0,0,0
CUST001652,640,0.2192,0.212,4,0,0,0,0
CUST001653,495,0.0439,0.2555,1,0,0,0,0
CUST001654,571,0.1762,0.0766,1,1,0,0,1
CUST001655,753,0.4797,0.2327,1,0,0,0,1
CUST001656,710,0.4026,0.2913,3,0,0,0,1
CUST001657,615,0.7179,0.0376,1,0,0,0,1
CUST001658,862,0.1222,0.5191,4,0,0,0,1
CUST001659,635,0.1864,0.2387,6,0,0,0,1
CUST001660,664,0.4,0.0819,8,1,0,0,0
CUST001661,780,0.6148,0.5206,1,2,0,0,0
CUST001662,679,0.5122,0.7184,8,0,0,0,1
CUST001663,622,0.1795,0.2967,5,0,0,0,0
CUST001664,713,0.2982,0.4489,4,1,0,0,0
CUST001665,705,0.2847,0.3358,4,1,0,0,0
CUST001666,584,0.2273,0.3604,4,0,0,0,0
CUST001667,631,0.4473,0.1946,2,0,0,0,1
CUST001668,662,0.2817,0.3106,4,1,0,0,0
CUST001669,663,0.2729,0.5777,6,0,0,0,0
CUST001670,572,0.3721,0.6078,5,0,0,0,1
CUST001671,677,0.262,0.1172,3,0,0,1,0
CUST001672,617,0.116,0.3466,3,0,0,0,1
CUST001673,693,0.1318,0.3659,4,0,0,0,1
CUST001674,730,0.2001,0.3151,4,1,0,0,0
CUST001675,577,0.5327,0.394,5,0,0,0,1
CUST001676,617,0.1697,0.4616,5,0,0,1,1
CUST001677,667,0.5891,0.7864,9,1,0,0,1
CUST001678,716,0.3815,0.3487,1,1,0,0,0
CUST001679,599,0.5515,0.209,3,0,0,0,1
CUST001680,653,0.2611,0.3193,4,1,0,0,1
CUST001681,795,0.3589,0.3461,7,1,0,0,2
CUST001682,724,0.5589,0.6084,3,0,0,1,0
CUST001683,628,0.0529,0.3348,4,0,0,0,0
CUST001684,818,0.4351,0.4078,5,0,1,0,1
CUST001685,692,0.235,0.532,2,0,0,0,1
CUST001686,807,0.3517,0.1502,4,1,1,0,1
CUST001687,751,0.4228,0.147,5,0,1,0,2
CUST001688,900,0.3963,0.3718,10,1,0,0,0
CUST001689,783,0.5093,0.4888,5,1,0,0,0
CUST001690,609,0.2456,0.342,5,0,1,0,0
CUST001691,723,0.1789,0.1816,3,0,1,0,2
CUST001692,569,0.3008,0.4936,0,0,0,0,0
CUST001693,733,0.8978,0.307,5,0,0,0,0
CUST001694,803,0.3551,0.1049,3,0,0,0,1
CUST001695,575,0.3085,0.2632,3,0,1,0,1
CUST001696,717,0.2113,0.2448,5,1,0,1,0
CUST001697,708,0.2438,0.4385,6,0,0,0,0
CUST001698,711,0.1816,0.3764,5,2,0,1,1
CUST001699,544,0.4494,0.2983,3,0,0,0,0
CUST001700,608,0.1147,0.3702,4,0,0,0,0
CUST001701,679,0.4217,0.2041,4,1,1,1,0
CUST001702,617,0.4672,0.051,2,0,0,1,0
CUST001703,563,0.6584,0.7449,6,0,0,0,1
CUST001704,737,0.5112,0.5522,5,0,0,0,0
CUST001705,592,0.0702,0.245,2,1,0,0,1
CUST001706,647,0.0965,0.5664,5,0,0,0,0
CUST001707,852,0.1534,0.1968,4,1,0,0,0
CUST001708,743,0.4777,0.5955,6,1,0,0,0
CUST001709,654,0.0517,0.0787,3,0,0,0,0
CUST001710,686,0.0701,0.2786,3,0,0,0,0
CUST001711,676,0.24,0.4062,2,0,0,0,0
CUST001712,519,0.1637,0.4538,3,0,0,0,2
CUST001713,681,0.196,0.5211,8,0,0,0,0
CUST001714,753,0.2636,0.2624,5,0,0,0,0
CUST001715,643,0.0506,0.2045,3,0,1,0,1
CUST001716,717,0.5104,0.6431,1,0,1,0,0
CUST001717,697,0.0328,0.2303,4,0,0,0,1
CUST001718,709,0.2603,0.1284,2,0,0,0,0
CUST001719,555,0.1901,0.1396,4,0,0,0,1
CUST001720,687,0.7004,0.1415,4,0,1,0,2
CUST001721,805,0.1096,0.0985,1,0,0,0,0
CUST001722,648,0.1133,0.3878,3,1,0,1,1
CUST001723,627,0.2947,0.6752,5,0,0,0,0
CUST001724,724,0.1613,0.0919,4,2,0,0,2
CUST001725,734,0.2085,0.5726,6,0,1,0,0
CUST001726,760,0.0988,0.4282,3,0,0,0,0
CUST001727,640,0.0883,0.1172,5,0,0,0,1
CUST001728,698,0.5447,0.2759,3,1,0,0,2
CUST001729,825,0.3082,0.1337,6,0,0,0,0
CUST001730,577,0.213,0.5314,2,0,0,1,0
CUST001731,525,0.1811,0.1981,6,0,0,0,1
CUST001732,721,0.4669,0.314,4,0,0,0,0
CUST001733,689,0.5876,0.3913,4,3,0,0,0
CUST001734,613,0.4145,0.1829,1,1,1,0,0
CUST001735,592,0.4293,0.2149,7,0,0,0,0
CUST001736,643,0.0413,0.3855,6,0,0,0,0
CUST001737,741,0.1493,0.6435,2,0,0,1,0
CUST001738,735,0.1956,0.4876,2,0,1,0,0
CUST001739,670,0.2793,0.3086,5,0,1,0,0
CUST001740,607,0.1626,0.3974,4,1,0,1,1
CUST001741,424,0.2998,0.1646,10,1,0,1,0
CUST001742,691,0.1968,0.1541,5,0,0,0,0
CUST001743,710,0.318,0.1388,3,1,0,0,1
CUST001744,637,0.2507,0.1014,10,0,1,0,1
CUST001745,860,0.6864,0.365,4,1,0,0,0
CUST001746,583,0.1629,0.1084,5,0,0,0,0
CUST001747,783,0.1607,0.2353,1,0,0,0,0
CUST001748,719,0.3531,0.3695,3,0,0,0,0
CUST001749,634,0.4525,0.1907,4,0,0,0,0
CUST001750,506,0.1991,0.0792,4,1,0,0,1
CUST001751,775,0.3245,0.502,4,0,0,0,0
CUST001752,655,0.1735,0.5177,6,1,0,0,0
CUST001753,812,0.0422,0.2091,4,0,0,0,0
CUST001754,656,0.0074,0.4997,4,0,0,0,0
CUST001755,781,0.1295,0.2099,6,2,0,0,0
CUST001756,522,0.0698,0.2042,2,0,1,1,0
CUST001757,529,0.106,0.0261,7,0,0,0,0
CUST001758,614,0.0694,0.3415,4,1,0,0,1
CUST001759,455,0.3585,0.4634,5,0,0,0,1
CUST001760,678,0.1027,0.4244,6,1,0,0,0
CUST001761,582,0.478,0.1214,2,0,0,0,0
CUST001762,718,0.2512,0.3793,5,2,0,0,1
CUST001763,476,0.3084,0.1376,6,1,0,0,1
CUST001764,754,0.3117,0.2375,6,0,0,0,1
CUST001765,658,0.1104,0.3376,3,0,0,0,0
CUST001766,732,0.688,0.0188,6,1,0,0,0
CUST001767,635,0.1276,0.4693,6,0,0,0,0
CUST001768,500,0.1672,0.3422,2,1,0,0,2
CUST001769,769,0.5472,0.3029,6,0,0,0,0
CUST001770,717,0.2209,0.103,4,0,0,0,0
CUST001771,736,0.2478,0.0749,3,0,0,0,0
CUST001772,661,0.2105,0.4906,5,0,0,0,0
CUST001773,815,0.6257,0.294,5,1,0,0,0
CUST001774,877,0.353,0.2317,2,0,0,0,0
CUST001775,774,0.3847,0.3404,4,0,0,0,1
CUST001776,523,0.5766,0.2735,4,1,0,0,0
CUST001777,673,0.2027,0.0975,3,0,0,0,0
CUST001778,590,0.2303,0.5838,9,0,0,0,2
CUST001779,529,0.1506,0.6408,13,0,0,0,1
CUST001780,639,0.0726,0.2308,3,1,0,0,0
CUST001781,754,0.3636,0.0956,2,0,0,0,0
CUST001782,611,0.0597,0.439,5,0,0,0,1
CUST001783,598,0.1209,0.5377,5,0,0,0,0
CUST001784,623,0.1644,0.1516,6,1,0,0,1
CUST001785,838,0.1382,0.2723,5,1,0,0,0
CUST001786,697,0.7035,0.2938,2,1,0,0,1
CUST001787,586,0.2813,0.4314,3,0,0,1,0
CUST001788,807,0.3636,0.7118,6,1,0,0,2
CUST001789,662,0.2272,0.2374,1,0,0,0,1
CUST001790,575,0.2661,0.4581,3,0,0,0,0
CUST001791,606,0.1138,0.0459,0,0,0,0,0
CUST001792,576,0.1838,0.215,3,0,1,0,0
CUST001793,638,0.41,0.3699,6,1,0,0,1
CUST001794,644,0.1911,0.4117,4,0,1,0,0
CUST001795,668,0.5488,0.1156,3,1,0,1,0
CUST001796,602,0.5358,0.5537,5,0,0,0,0
CUST001797,706,0.1152,0.4431,4,0,0,0,0
CUST001798,794,0.4067,0.3627,2,0,0,0,0
CUST001799,597,0.2929,0.3964,2,1,0,0,0
CUST001800,767,0.3144,0.0921,2,0,0,0,0
CUST001801,668,0.1443,0.2267,2,0,0,0,0
CUST001802,636,0.3504,0.39,5,0,0,0,2
CUST001803,717,0.1936,0.3554,5,1,0,0,1
CUST001804,695,0.6252,0.3998,10,0,0,0,0
CUST001805,708,0.1578,0.5469,2,0,0,0,0
CUST001806,588,0.0872,0.2189,2,0,0,0,0
CUST001807,560,0.6078,0.3675,4,0,0,0,2
CUST001808,460,0.3796,0.0573,5,1,0,1,0
CUST001809,687,0.2293,0.334,4,0,0,0,0
CUST001810,568,0.8068,0.1887,2,0,0,0,2
CUST001811,599,0.2166,0.4209,2,1,0,0,0
CUST001812,641,0.3919,0.0706,5,0,0,0,1
CUST001813,539,0.3975,0.3991,5,0,0,0,0
CUST001814,780,0.3856,0.1579,4,0,0,0,0
CUST001815,625,0.674,0.4313,9,0,0,0,0
CUST001816,699,0.1335,0.2558,6,0,1,0,0
CUST001817,730,0.182,0.0954,1,1,0,0,0
CUST001818,489,0.339,0.2853,5,1,0,0,1
CUST001819,618,0.591,0.0027,3,1,0,0,0
CUST001820,726,0.2337,0.1442,4,0,0,0,0
CUST001821,561,0.1322,0.3851,2,2,0,1,0
CUST001822,679,0.1816,0.407,4,0,0,0,0
CUST001823,571,0.0888,0.4819,6,0,0,1,0
CUST001824,687,0.3837,0.3384,4,0,0,0,0
CUST001825,601,0.4483,0.2478,6,0,0,0,0
CUST001826,658,0.3282,0.4179,3,0,0,0,0
CUST001827,766,0.3556,0.3774,5,1,0,0,0
CUST001828,715,0.6312,0.1491,3,1,0,0,1
CUST001829,585,0.3269,0.2147,4,0,0,0,1
CUST001830,698,0.185,0.3263,2,1,0,0,1
CUST001831,686,0.657,0.6738,4,0,0,0,1
CUST001832,757,0.4562,0.2573,3,0,0,0,1
CUST001833,659,0.4048,0.1229,2,0,0,0,0
CUST001834,656,0.148,0.443,1,0,0,0,0
CUST001835,722,0.4471,0.2753,6,0,0,0,0
CUST001836,724,0.4551,0.4063,1,0,0,0,1
CUST001837,900,0.1376,0.4896,5,0,0,1,0
CUST001838,789,0.1547,0.1811,3,0,0,0,1
CUST001839,652,0.4754,0.2596,6,2,0,0,1
CUST001840,643,0.4618,0.2138,5,0,0,0,0
CUST001841,583,0.3514,0.2413,5,0,0,0,1
CUST001842,516,0.0616,0.1201,1,0,0,0,0
CUST001843,661,0.484,0.4164,4,1,0,0,0
CUST001844,459,0.3462,0.6525,4,2,0,0,1
CUST001845,828,0.1462,0.1597,2,0,0,0,0
CUST001846,578,0.2203,0.4418,7,0,0,0,0
CUST001847,767,0.0858,0.0555,4,0,1,0,0
CUST001848,640,0.4892,0.0721,3,0,0,0,1
CUST001849,702,0.0696,0.0907,8,0,0,0,1
CUST001850,536,0.2722,0.4677,2,1,0,0,0
CUST001851,703,0.4357,0.1618,1,0,1,0,2
CUST001852,663,0.3372,0.3765,5,1,0,0,0
CUST001853,827,0.1126,0.1848,3,0,0,0,1
CUST001854,537,0.0813,0.2705,5,0,0,2,0
CUST001855,532,0.1605,0.1573,9,0,0,0,0
CUST001856,559,0.2416,0.3996,10,0,0,1,1
CUST001857,468,0.0792,0.5212,8,1,0,0,0
CUST001858,575,0.2807,0.2466,4,0,0,0,0
CUST001859,565,0.3171,0.6476,6,0,1,0,0
CUST001860,648,0.4056,0.6348,5,1,0,0,0
CUST001861,655,0.2085,0.2614,8,0,0,0,0
CUST001862,517,0.1407,0.1551,1,0,0,1,0
CUST001863,759,0.2252,0.2958,7,0,0,0,1
CUST001864,703,0.2907,0.3441,8,1,0,0,1
CUST001865,735,0.355,0.2226,7,0,0,0,0
CUST001866,759,0.1938,0.47,2,0,0,0,0
CUST001867,564,0.3982,0.128,5,0,0,0,0
CUST001868,599,0.3508,0.5919,4,0,0,0,2
CUST001869,686,0.0756,0.1352,3,3,0,0,1
CUST001870,768,0.1146,0.5446,1,0,1,0,0
CUST001871,680,0.6562,0.6424,7,0,0,0,1
CUST001872,651,0.5474,0.4946,5,0,1,0,0
CUST001873,591,0.148,0.2917,1,1,0,0,0
CUST001874,533,0.2713,0.2732,7,1,1,0,0
CUST001875,756,0.2401,0.2352,2,0,0,0,1
CUST001876,618,0.057,0.5965,5,0,0,0,1
CUST001877,657,0.1151,0.1125,0,1,0,0,1
CUST001878,805,0.2827,0.2634,7,1,1,0,0
CUST001879,620,0.4751,0.4749,1,0,1,0,0
CUST001880,659,0.0544,0.4607,3,2,0,0,1
CUST001881,610,0.2696,0.3967,9,0,0,0,0
CUST001882,535,0.1703,0.2749,2,0,0,0,2
CUST001883,683,0.2706,0.2315,3,1,0,0,1
CUST001884,476,0.2769,0.4034,2,0,0,0,0
CUST001885,783,0.2935,0.2079,2,0,0,0,1
CUST001886,467,0.5298,0.6066,5,0,0,0,0
CUST001887,628,0.0807,0.1919,8,0,0,0,0
CUST001888,605,0.1354,0.3069,2,0,0,0,0
CUST001889,753,0.2752,0.5229,5,0,0,1,2
CUST001890,588,0.3835,0.0246,8,0,0,0,0
CUST001891,510,0.5537,0.4141,3,0,0,0,2
CUST001892,535,0.5513,0.1083,4,0,0,0,0
CUST001893,462,0.3486,0.4269,2,1,0,0,0
CUST001894,732,0.0738,0.2884,3,1,0,0,0
CUST001895,818,0.4461,0.3942,3,1,0,0,0
CUST001896,762,0.2569,0.1899,3,0,0,0,0
CUST001897,657,0.2392,0.4025,1,0,1,0,0
CUST001898,683,0.3177,0.2942,2,0,0,1,0
CUST001899,622,0.3467,0.5581,2,0,1,2,1
CUST001900,603,0.3215,0.1656,4,0,0,0,0
CUST001901,698,0.2188,0.4136,5,0,0,0,1
CUST001902,534,0.1261,0.1984,7,1,0,0,0
CUST001903,702,0.1892,0.4912,3,1,0,0,0
CUST001904,649,0.5422,0.114,2,0,0,0,0
CUST001905,713,0.2144,0.5085,2,0,0,0,0
CUST001906,699,0.1902,0.4328,5,0,0,0,0
CUST001907,543,0.4455,0.5858,6,1,0,0,0
CUST001908,721,0.3808,0.4297,3,0,0,0,0
CUST001909,791,0.5495,0.4539,7,0,0,0,1
CUST001910,723,0.1352,0.2741,2,1,0,0,0
CUST001911,570,0.1894,0.5156,4,1,0,0,0
CUST001912,732,0.2265,0.4905,7,1,1,0,0
CUST001913,693,0.2662,0.3512,6,0,0,0,1
CUST001914,483,0.1325,0.1649,4,0,0,0,1
CUST001915,632,0.1461,0.5698,6,0,0,0,1
CUST001916,726,0.0441,0.3455,2,1,0,0,0
CUST001917,645,0.1877,0.5883,5,1,0,0,1
CUST001918,700,0.4796,0.1809,3,0,0,0,0
CUST001919,600,0.1223,0.2754,9,0,1,0,0
CUST001920,678,0.3281,0.3002,4,0,0,0,0
CUST001921,764,0.0186,0.0881,6,2,0,0,1
CUST001922,697,0.2604,0.2768,1,0,0,0,0
CUST001923,675,0.2656,0.351,2,0,0,0,1
CUST001924,660,0.3405,0.4424,5,0,0,0,0
CUST001925,644,0.1413,0.1584,4,1,0,0,1
CUST001926,585,0.4355,0.244,3,0,0,0,2
CUST001927,622,0.0724,0.4221,3,1,0,0,1
CUST001928,668,0.3503,0.2384,3,0,0,0,0
CUST001929,473,0.0916,0.5999,1,1,0,0,0
CUST001930,766,0.3369,0.2927,3,0,0,0,0
CUST001931,604,0.1154,0.1447,3,0,0,0,1
CUST001932,544,0.3053,0.2744,1,1,0,0,0
CUST001933,831,0.367,0.4648,5,0,1,0,0
CUST001934,668,0.2233,0.5225,5,0,0,0,0
CUST001935,748,0.3069,0.2468,6,0,0,1,0
CUST001936,590,0.3222,0.3944,4,0,0,0,0
CUST001937,752,0.0556,0.4218,3,0,0,0,1
CUST001938,715,0.3177,0.2937,4,0,0,0,2
CUST001939,622,0.2252,0.6557,4,0,1,2,1
CUST001940,497,0.2736,0.2583,6,0,0,0,1
CUST001941,745,0.0423,0.3107,4,0,0,1,0
CUST001942,632,0.073,0.355,5,1,0,0,1
CUST001943,756,0.4914,0.4814,2,1,0,0,0
CUST001944,619,0.545,0.2044,4,0,0,0,1
CUST001945,643,0.2187,0.4586,3,0,2,0,0
CUST001946,682,0.2185,0.639,5,0,0,0,0
CUST001947,828,0.23,0.2736,3,2,0,0,0
CUST001948,578,0.4601,0.3371,4,0,0,0,0
CUST001949,612,0.2245,0.3222,5,0,0,0,0
CUST001950,601,0.204,0.3335,2,0,0,0,0
CUST001951,593,0.4625,0.2565,3,1,0,1,1
CUST001952,645,0.0903,0.6487,2,0,0,0,0
CUST001953,751,0.1179,0.2639,3,0,1,0,1
CUST001954,616,0.1414,0.2273,5,1,0,1,0
CUST001955,819,0.1334,0.2697,7,1,0,0,1
CUST001956,768,0.4328,0.0957,2,0,0,1,0
CUST001957,640,0.2682,0.3425,2,0,0,0,1
CUST001958,584,0.4529,0.253,2,0,0,0,2
CUST001959,717,0.2956,0.4846,3,1,0,0,0
CUST001960,784,0.5086,0.6214,4,0,0,0,0
CUST001961,743,0.3226,0.0405,6,1,0,0,0
CUST001962,588,0.2401,0.2101,2,0,0,0,2
CUST001963,636,0.1422,0.1322,8,0,0,0,0
CUST001964,519,0.2735,0.1035,2,0,0,0,2
CUST001965,531,0.2016,0.6802,5,0,0,1,2
CUST001966,737,0.319,0.3311,3,0,0,0,1
CUST001967,703,0.051,0.2583,7,1,0,0,0
CUST001968,798,0.3107,0.1423,4,0,0,0,1
CUST001969,544,0.0954,0.1699,4,0,0,0,1
CUST001970,772,0.2079,0.1409,3,0,0,0,0
CUST001971,768,0.343,0.4961,10,1,0,1,1
CUST001972,837,0.1309,0.079,7,0,0,0,0
CUST001973,729,0.1674,0.1575,1,0,1,0,0
CUST001974,419,0.1882,0.2671,5,0,0,0,1
CUST001975,700,0.2202,0.5029,6,1,0,0,0
CUST001976,483,0.3093,0.0957,6,0,0,0,1
CUST001977,453,0.4224,0.4058,2,0,0,0,0
CUST001978,675,0.0373,0.2658,2,0,0,0,1
CUST001979,722,0.4202,0.2945,0,0,0,0,3
CUST001980,496,0.8437,0.1087,9,0,0,0,1
CUST001981,454,0.3543,0.0575,4,0,0,0,1
CUST001982,611,0.5057,0.3867,10,0,0,0,0
CUST001983,697,0.4008,0.5685,5,1,0,0,0
CUST001984,649,0.4042,0.2834,4,0,0,0,0
CUST001985,619,0.4427,0.2938,5,0,0,0,0
CUST001986,541,0.0568,0.5188,6,2,0,1,1
CUST001987,619,0.3793,0.6688,3,0,0,0,0
CUST001988,740,0.3038,0.3197,4,1,0,1,0
CUST001989,667,0.7148,0.1456,5,0,0,0,0
CUST001990,680,0.4662,0.0117,5,0,0,1,1
CUST001991,810,0.1248,0.2686,3,1,0,0,1
CUST001992,829,0.2353,0.541,4,2,0,0,0
CUST001993,820,0.1487,0.409,2,1,0,0,0
CUST001994,890,0.1375,0.2136,5,0,0,0,0
CUST001995,573,0.6009,0.1428,2,1,1,0,2
CUST001996,543,0.5757,0.122,2,0,0,0,1
CUST001997,699,0.1807,0.4395,2,0,0,0,0
CUST001998,626,0.1052,0.2436,4,0,0,0,0
CUST001999,653,0.1223,0.4918,2,1,0,0,2
CUST002000,465,0.3241,0.3014,2,0,0,0,2
CUST002001,680,0.0661,0.0326,4,0,0,0,0
CUST002002,613,0.2433,0.0553,3,0,0,0,0
CUST002003,615,0.2834,0.1566,3,0,0,1,0
CUST002004,637,0.5022,0.4394,4,0,0,0,0
CUST002005,506,0.3114,0.3958,4,0,0,0,1
CUST002006,595,0.0673,0.7265,4,0,0,0,0
CUST002007,783,0.6021,0.405,3,0,0,0,1
CUST002008,680,0.318,0.7452,4,0,0,0,0
CUST002009,780,0.6457,0.185,4,0,0,0,0
CUST002010,543,0.3156,0.5445,2,0,1,0,0
CUST002011,673,0.5491,0.1854,4,1,0,0,0
CUST002012,553,0.3444,0.244,4,1,0,0,1
CUST002013,841,0.1081,0.4163,7,0,0,0,0
CUST002014,549,0.155,0.4188,8,0,1,0,0
CUST002015,742,0.5966,0.6934,3,0,0,0,0
CUST002016,614,0.7494,0.5059,3,0,0,0,1
CUST002017,756,0.214,0.222,1,1,0,0,0
CUST002018,530,0.3667,0.0317,2,0,0,0,0
CUST002019,604,0.044,0.3169,3,0,0,0,1
CUST002020,708,0.2675,0.0474,4,0,1,0,1
CUST002021,643,0.5881,0.1034,4,0,2,1,0
CUST002022,666,0.1455,0.4607,5,0,0,0,0
CUST002023,613,0.4053,0.1154,7,0,0,0,0
CUST002024,632,0.5045,0.1964,6,1,0,0,0
CUST002025,628,0.3395,0.5478,4,0,0,0,1
CUST002026,582,0.0616,0.0984,4,0,1,0,1
CUST002027,833,0.1393,0.5337,3,0,0,0,0
CUST002028,798,0.3825,0.1072,6,0,0,0,0
CUST002029,780,0.2301,0.1889,2,0,0,0,0
CUST002030,715,0.2515,0.5964,5,0,0,0,1
CUST002031,742,0.2631,0.4619,5,0,0,0,0
CUST002032,589,0.2496,0.5216,7,0,0,0,2
CUST002033,554,0.2732,0.0969,5,0,0,0,0
CUST002034,766,0.1132,0.484,4,1,1,0,0
CUST002035,695,0.441,0.2618,5,0,0,0,0
CUST002036,767,0.4113,0.8004,7,0,0,0,1
CUST002037,692,0.4208,0.5766,4,0,0,1,0
CUST002038,586,0.7054,0.2356,3,0,0,0,1
CUST002039,548,0.5661,0.4313,4,1,0,0,2
CUST002040,705,0.2647,0.1849,2,0,0,0,1
CUST002041,728,0.1927,0.4245,7,0,1,0,0
CUST002042,705,0.6084,0.2495,1,0,1,0,0
CUST002043,565,0.4747,0.1408,1,0,0,0,1
CUST002044,675,0.6101,0.2629,8,2,0,1,0
CUST002045,680,0.4178,0.3349,6,2,0,0,1
CUST002046,594,0.2055,0.1202,8,0,0,0,1
CUST002047,776,0.2826,0.4133,3,0,0,0,0
CUST002048,642,0.0687,0.1331,4,0,0,0,1
CUST002049,792,0.2037,0.264,3,0,0,0,3
CUST002050,690,0.0873,0.2548,1,0,0,0,0
CUST002051,642,0.4171,0.5058,5,0,0,0,0
CUST002052,667,0.1594,0.2619,5,1,0,0,0
CUST002053,468,0.29,0.313,7,0,0,0,0
CUST002054,655,0.208,0.441,4,0,1,0,0
CUST002055,445,0.7086,0.166,3,0,0,1,0
CUST002056,608,0.3155,0.2582,5,1,0,0,1
CUST002057,692,0.3239,0.2322,7,2,0,0,2
CUST002058,620,0.0789,0.3298,3,1,0,0,0
CUST002059,792,0.4852,0.4834,3,0,0,0,0
CUST002060,657,0.0627,0.3048,6,0,0,0,1
CUST002061,715,0.2593,0.3992,3,0,0,0,1
CUST002062,645,0.2637,0.2424,6,0,1,0,0
CUST002063,690,0.5322,0.2784,3,2,1,0,4
CUST002064,629,0.2537,0.2578,5,0,0,0,0
CUST002065,713,0.2536,0.5444,2,0,0,0,0
CUST002066,762,0.2416,0.3145,1,0,0,0,1
CUST002067,668,0.407,0.4139,4,0,0,1,1
CUST002068,781,0.1703,0.2734,7,0,0,0,1
CUST002069,632,0.2954,0.5462,3,0,0,0,0
CUST002070,773,0.2816,0.4516,7,0,0,0,3
CUST002071,727,0.4103,0.2963,3,1,0,0,0
CUST002072,636,0.0371,0.1708,3,0,0,0,0
CUST002073,720,0.4882,0.5101,6,0,0,0,0
CUST002074,718,0.2497,0.414,2,0,0,0,0
CUST002075,736,0.1054,0.3893,0,0,0,0,1
CUST002076,466,0.1101,0.1002,5,1,0,0,0
CUST002077,556,0.1418,0.2034,2,0,0,0,0
CUST002078,629,0.327,0.1898,7,0,0,0,1
CUST002079,677,0.2248,0.3067,4,1,0,0,0
CUST002080,708,0.1448,0.4925,5,0,0,0,1
CUST002081,615,0.2565,0.3853,3,0,0,0,2
CUST002082,725,0.1547,0.0698,5,1,0,0,1
CUST002083,460,0.3363,0.342,2,0,0,0,0
CUST002084,528,0.3223,0.3176,5,0,0,0,2
CUST002085,605,0.2799,0.244,5,1,0,0,0
CUST002086,839,0.1865,0.5699,4,0,0,0,0
CUST002087,733,0.3208,0.6768,3,0,0,0,3
CUST002088,616,0.2518,0.3609,4,0,0,0,0
CUST002089,802,0.5233,0.0942,5,0,1,0,0
CUST002090,563,0.7141,0.1641,4,1,0,0,0
CUST002091,585,0.1474,0.2631,4,0,0,1,1
CUST002092,675,0.4344,0.3734,4,2,0,0,0
CUST002093,661,0.1025,0.2184,1,0,0,0,0
CUST002094,688,0.3185,0.7086,7,0,1,0,1
CUST002095,619,0.4284,0.212,6,0,0,0,0
CUST002096,713,0.1055,0.241,1,0,0,0,1
CUST002097,662,0.3649,0.2042,3,0,0,0,2
CUST002098,761,0.0589,0.1645,3,0,0,0,0
CUST002099,724,0.1604,0.3479,4,0,0,0,0
CUST002100,591,0.4198,0.1206,5,1,1,0,1
CUST002101,544,0.3532,0.5532,5,0,1,0,1
CUST002102,747,0.1813,0.2068,7,0,0,0,0
CUST002103,551,0.2934,0.5826,3,0,0,0,0
CUST002104,746,0.2851,0.4872,8,1,0,0,0
CUST002105,626,0.3413,0.3943,2,2,1,0,0
CUST002106,707,0.1801,0.4042,3,1,1,0,0
CUST002107,595,0.1481,0.5146,3,0,0,0,0
CUST002108,693,0.2602,0.3777,2,2,1,0,1
CUST002109,754,0.3822,0.2905,5,0,0,0,0
CUST002110,611,0.2984,0.4595,4,0,0,0,0
CUST002111,570,0.4976,0.3517,9,0,0,0,0
CUST002112,579,0.1222,0.2934,1,1,0,0,1
CUST002113,439,0.1402,0.1917,7,0,0,1,0
CUST002114,574,0.3536,0.4029,3,0,0,0,0
CUST002115,761,0.3432,0.4332,4,0,0,0,2
CUST002116,497,0.2886,0.3116,2,0,0,0,1
CUST002117,602,0.1871,0.5334,8,0,0,0,1
CUST002118,663,0.1,0.7189,7,1,0,0,2
CUST002119,661,0.307,0.4422,2,0,1,0,1
CUST002120,575,0.2485,0.2421,5,0,0,0,1
CUST002121,768,0.4346,0.7332,8,1,0,2,0
CUST002122,719,0.3098,0.8279,5,1,0,0,0
CUST002123,563,0.4421,0.0714,2,0,0,0,1
CUST002124,637,0.6194,0.3253,5,0,0,0,0
CUST002125,597,0.1568,0.2154,4,0,0,0,1
CUST002126,694,0.568,0.3146,7,0,0,0,1
CUST002127,783,0.3139,0.1283,6,0,0,1,0
CUST002128,695,0.1156,0.316,3,0,0,0,2
CUST002129,795,0.1184,0.1245,4,0,1,0,2
CUST002130,641,0.2686,0.2054,3,0,0,0,0
CUST002131,505,0.5046,0.2047,5,0,0,0,0
CUST002132,585,0.3318,0.4521,4,1,0,0,0
CUST002133,716,0.2757,0.0888,7,0,0,0,0
CUST002134,644,0.0806,0.7052,9,1,0,0,1
CUST002135,660,0.2128,0.5565,5,0,0,0,0
CUST002136,610,0.2874,0.4354,8,1,0,0,2
CUST002137,601,0.3367,0.5057,5,1,0,0,0
CUST002138,754,0.4399,0.6238,1,0,0,0,0
CUST002139,818,0.0546,0.5148,2,0,0,0,0
CUST002140,608,0.4508,0.4252,5,1,0,0,0
CUST002141,593,0.3887,0.3625,3,0,0,0,0
CUST002142,728,0.3365,0.5983,7,1,0,0,1
CUST002143,791,0.139,0.4531,7,0,1,0,0
CUST002144,750,0.6365,0.3605,7,0,0,1,0
CUST002145,825,0.2271,0.39,2,0,0,0,0
CUST002146,755,0.2377,0.3072,1,0,0,0,0
CUST002147,724,0.3328,0.324,4,0,0,0,0
CUST002148,764,0.2744,0.2167,4,0,0,1,0
CUST002149,692,0.4336,0.6546,4,0,0,0,0
CUST002150,663,0.1495,0.4446,7,0,0,0,0
CUST002151,704,0.2567,0.2923,5,1,0,0,1
CUST002152,699,0.4316,0.5602,4,1,0,0,0
CUST002153,592,0.3091,0.3141,6,0,0,1,0
CUST002154,700,0.323,0.5373,5,0,0,0,0
CUST002155,667,0.2429,0.047,6,0,0,0,0
CUST002156,697,0.1607,0.2281,4,0,0,0,0
CUST002157,655,0.1424,0.2154,4,1,0,0,1
CUST002158,689,0.3362,0.3921,4,0,0,0,0
CUST002159,680,0.6339,0.2878,5,1,0,0,0
CUST002160,552,0.0259,0.2465,2,0,0,0,2
CUST002161,589,0.2549,0.0544,5,0,0,0,1
CUST002162,519,0.1254,0.4255,3,1,0,0,1
CUST002163,779,0.3584,0.1379,1,0,1,0,0
CUST002164,650,0.0317,0.0704,6,0,0,0,0
CUST002165,680,0.4994,0.2044,13,0,0,0,1
CUST002166,650,0.1547,0.3223,7,0,2,1,0
CUST002167,560,0.3807,0.5294,7,0,0,0,2
CUST002168,635,0.2459,0.2923,7,0,0,1,0
CUST002169,651,0.3228,0.3542,3,1,1,0,0
CUST002170,492,0.4167,0.1536,2,0,0,0,0
CUST002171,696,0.135,0.5962,4,0,0,0,0
CUST002172,682,0.5245,0.406,5,0,0,0,0
CUST002173,619,0.5464,0.3224,9,0,0,0,0
CUST002174,782,0.1243,0.3456,6,0,1,1,0
CUST002175,685,0.3754,0.3261,5,0,1,0,0
CUST002176,731,0.3509,0.2753,4,1,0,0,0
CUST002177,685,0.1996,0.322,0,0,0,0,0
CUST002178,687,0.3319,0.166,3,0,0,0,1
CUST002179,455,0.189,0.6466,0,0,1,0,0
CUST002180,603,0.0273,0.2897,4,0,1,0,0
CUST002181,641,0.0878,0.5551,6,0,0,0,2
CUST002182,551,0.3733,0.1903,3,0,1,0,0
CUST002183,628,0.2972,0.1255,4,0,0,0,0
CUST002184,733,0.2645,0.6522,7,0,2,0,0
CUST002185,651,0.393,0.2282,1,0,0,0,2
CUST002186,532,0.5578,0.4818,4,0,0,0,0
CUST002187,693,0.2482,0.2831,4,0,0,0,0
CUST002188,477,0.3905,0.299,3,1,0,0,1
CUST002189,703,0.1316,0.4144,3,0,1,1,2
CUST002190,603,0.4919,0.5248,1,0,0,0,0
CUST002191,821,0.157,0.3269,7,1,0,0,0
CUST002192,519,0.4699,0.3209,5,1,0,0,2
CUST002193,647,0.4886,0.5297,4,1,1,0,0
CUST002194,550,0.286,0.3421,4,1,1,0,1
CUST002195,616,0.0632,0.3301,1,0,1,0,1
CUST002196,845,0.6356,0.2812,1,0,1,0,1
CUST002197,614,0.1885,0.2067,5,0,1,0,0
CUST002198,542,0.0027,0.4137,9,1,0,1,0
CUST002199,707,0.2502,0.3559,4,0,0,0,1
CUST002200,618,0.393,0.1815,2,0,1,0,0
CUST002201,618,0.2308,0.049,2,0,0,0,0
CUST002202,619,0.4435,0.29,4,0,0,0,0
CUST002203,620,0.3434,0.1032,6,0,0,0,0
CUST002204,754,0.7127,0.3696,5,0,0,0,1
CUST002205,509,0.4759,0.7251,5,0,0,0,2
CUST002206,656,0.1843,0.1612,0,1,0,0,1
CUST002207,674,0.2494,0.2736,3,0,0,0,0
CUST002208,664,0.1313,0.2666,6,2,0,0,2
CUST002209,549,0.229,0.4358,5,0,0,0,0
CUST002210,558,0.186,0.4573,10,1,0,0,2
CUST002211,621,0.1899,0.397,1,0,0,0,0
CUST002212,560,0.3945,0.0712,4,2,1,0,0
CUST002213,678,0.2106,0.2174,6,1,0,0,0
CUST002214,756,0.213,0.2063,4,0,0,0,0
CUST002215,655,0.4335,0.5169,0,0,0,0,0
CUST002216,622,0.2064,0.2102,5,0,0,0,1
CUST002217,458,0.1082,0.3901,7,0,0,0,1
CUST002218,677,0.0461,0.7797,1,0,0,0,0
CUST002219,579,0.4719,0.1753,6,1,0,0,1
CUST002220,620,0.3109,0.4157,8,0,0,0,0
CUST002221,584,0.1616,0.1214,3,0,0,0,0
CUST002222,631,0.2494,0.4632,4,0,0,0,0
CUST002223,669,0.219,0.5233,10,0,0,0,0
CUST002224,686,0.2041,0.1157,3,1,0,0,0
CUST002225,745,0.1977,0.1363,3,0,0,0,1
CUST002226,631,0.1447,0.346,1,0,0,0,1
CUST002227,630,0.2442,0.222,0,1,0,0,1
CUST002228,761,0.374,0.0512,4,0,0,0,0
CUST002229,729,0.4564,0.1882,5,0,0,0,0
CUST002230,766,0.3206,0.5149,1,0,1,0,0
CUST002231,734,0.1843,0.2587,4,1,0,0,2
CUST002232,869,0.3065,0.5815,0,0,0,0,0
CUST002233,717,0.0522,0.3121,3,0,0,0,2
CUST002234,554,0.3079,0.1171,5,1,0,0,1
CUST002235,717,0.277,0.41,10,1,0,1,1
CUST002236,683,0.2956,0.1876,7,0,0,2,1
CUST002237,617,0.1887,0.453,9,0,2,0,0
CUST002238,607,0.1706,0.2827,3,0,0,0,1
CUST002239,634,0.1498,0.2763,5,0,0,0,1
CUST002240,458,0.1487,0.1471,2,0,0,0,0
CUST002241,421,0.4942,0.1598,7,0,2,0,1
CUST002242,657,0.2057,0.1409,4,0,0,0,0
CUST002243,605,0.4598,0.254,5,0,0,0,1
CUST002244,600,0.1863,0.2262,2,0,0,0,0
CUST002245,619,0.3032,0.1425,4,0,0,0,1
CUST002246,512,0.1899,0.3129,2,0,0,0,0
CUST002247,717,0.4991,0.1265,6,0,0,0,0
CUST002248,623,0.1884,0.0787,8,0,0,0,0
CUST002249,653,0.2378,0.3619,3,0,0,0,1
CUST002250,735,0.2091,0.2982,7,0,0,0,0
CUST002251,619,0.1312,0.183,5,1,0,1,0
CUST002252,730,0.5166,0.3257,3,0,0,0,0
CUST002253,683,0.0415,0.3308,6,1,0,0,1
CUST002254,729,0.2922,0.1977,6,0,0,0,0
CUST002255,737,0.2912,0.3446,8,0,0,0,0
CUST002256,696,0.1764,0.3867,5,0,0,0,1
CUST002257,642,0.2046,0.1005,5,0,0,0,0
CUST002258,695,0.4578,0.1583,1,0,0,0,2
CUST002259,556,0.345,0.4179,4,0,0,0,0
CUST002260,684,0.2103,0.339,6,0,0,0,0
CUST002261,722,0.3221,0.4396,3,0,0,0,0
CUST002262,564,0.616,0.0661,3,0,0,0,1
CUST002263,766,0.3889,0.2412,5,1,0,0,1
CUST002264,645,0.2072,0.0982,7,1,0,0,1
CUST002265,685,0.4172,0.1716,6,0,0,0,0
CUST002266,542,0.0739,0.1811,6,0,0,1,2
CUST002267,450,0.0775,0.0804,7,0,0,1,0
CUST002268,759,0.0931,0.5745,5,0,1,0,0
CUST002269,638,0.5463,0.108,7,0,0,0,1
CUST002270,739,0.2629,0.3142,5,0,0,0,0
CUST002271,634,0.4622,0.3637,4,0,0,0,0
CUST002272,572,0.0726,0.1393,3,0,0,0,0
CUST002273,806,0.0911,0.073,5,1,0,0,0
CUST002274,643,0.2043,0.1137,5,1,0,0,0
CUST002275,660,0.328,0.2332,2,0,0,0,1
CUST002276,634,0.2488,0.3114,6,2,1,0,0
CUST002277,522,0.4673,0.5067,4,0,0,0,0
CUST002278,699,0.1188,0.4414,7,0,0,1,0
CUST002279,688,0.1954,0.4485,1,0,0,0,0
CUST002280,730,0.0623,0.1828,4,0,0,0,1
CUST002281,577,0.3561,0.2387,7,0,1,0,0
CUST002282,508,0.1199,0.6366,3,1,1,0,0
CUST002283,701,0.1941,0.3637,2,0,0,0,0
CUST002284,768,0.3971,0.4505,2,0,0,0,0
CUST002285,505,0.082,0.3031,3,0,0,0,0
CUST002286,524,0.2579,0.3214,6,0,1,0,0
CUST002287,600,0.3315,0.2081,5,0,2,1,0
CUST002288,516,0.1195,0.0514,0,0,0,0,1
CUST002289,615,0.3711,0.2632,3,0,0,0,0
CUST002290,684,0.4364,0.295,3,0,0,0,0
CUST002291,716,0.0218,0.3016,7,0,0,0,0
CUST002292,699,0.1835,0.321,1,1,1,0,1
CUST002293,637,0.2233,0.3005,2,1,1,0,1
CUST002294,765,0.3534,0.215,3,2,0,0,0
CUST002295,478,0.0887,0.2288,3,0,1,0,2
CUST002296,555,0.26,0.2995,5,1,1,0,0
CUST002297,653,0.1266,0.3058,5,0,1,0,1
CUST002298,581,0.2018,0.2426,3,0,0,0,1
CUST002299,638,0.582,0.1898,5,1,0,0,1
CUST002300,693,0.2004,0.3216,2,1,0,0,1
CUST002301,600,0.4104,0.2721,3,0,1,0,0
CUST002302,601,0.2948,0.1559,3,0,1,0,1
CUST002303,626,0.1664,0.3617,2,1,0,0,1
CUST002304,729,0.2555,0.2411,5,0,0,0,0
CUST002305,707,0.2677,0.0511,5,1,0,0,0
CUST002306,722,0.2807,0.2151,3,0,0,0,1
CUST002307,664,0.3221,0.2933,1,0,0,0,0
CUST002308,666,0.3482,0.6114,4,0,0,0,1
CUST002309,755,0.514,0.415,7,1,0,0,0
CUST002310,573,0.4751,0.2368,6,0,0,0,0
CUST002311,757,0.2145,0.5788,8,0,0,0,1
CUST002312,665,0.3217,0.3839,3,0,0,0,0
CUST002313,654,0.3212,0.1198,3,0,0,0,1
CUST002314,604,0.2111,0.4304,6,0,0,0,0
CUST002315,759,0.4422,0.2198,3,0,1,0,1
CUST002316,726,0.4488,0.4214,8,0,0,0,1
CUST002317,528,0.261,0.1203,4,0,0,0,0
CUST002318,679,0.4133,0.4536,4,0,0,0,0
CUST002319,585,0.0864,0.0523,6,0,0,0,2
CUST002320,626,0.3078,0.1874,9,0,1,0,0
CUST002321,514,0.1962,0.3918,1,0,0,0,1
CUST002322,664,0.3531,0.4546,5,0,0,0,0
CUST002323,669,0.3149,0.4623,7,0,0,1,1
CUST002324,674,0.2034,0.2771,1,0,0,0,2
CUST002325,613,0.0185,0.4105,1,0,0,0,0
CUST002326,625,0.2635,0.1791,6,0,0,0,1
CUST002327,481,0.2337,0.155,1,1,0,0,0
CUST002328,737,0.1527,0.2902,4,1,0,0,0
CUST002329,490,0.1615,0.3064,3,0,0,0,2
CUST002330,686,0.2845,0.1497,7,0,0,0,0
CUST002331,630,0.2879,0.727,3,0,0,0,0
CUST002332,702,0.1582,0.2154,6,0,0,0,1
CUST002333,664,0.1379,0.6944,6,0,0,0,1
CUST002334,561,0.2487,0.2349,1,0,0,0,1
CUST002335,701,0.4033,0.1578,5,0,0,0,1
CUST002336,646,0.0597,0.1484,3,0,0,0,0
CUST002337,629,0.2122,0.2856,3,0,0,0,0
CUST002338,671,0.3724,0.1739,5,0,0,1,0
CUST002339,754,0.4939,0.3684,1,0,0,0,1
CUST002340,618,0.191,0.4405,6,0,0,0,0
CUST002341,684,0.1142,0.3222,7,1,0,0,2
CUST002342,669,0.1355,0.5359,4,0,1,0,2
CUST002343,612,0.1679,0.4128,6,1,0,0,0
CUST002344,597,0.0697,0.237,6,2,0,0,1
CUST002345,559,0.1021,0.3611,7,1,0,0,0
CUST002346,695,0.4908,0.3205,3,0,0,0,1
CUST002347,596,0.3421,0.3608,4,0,0,0,0
CUST002348,536,0.6725,0.3331,2,1,1,0,1
CUST002349,645,0.2559,0.0411,3,1,0,0,0
CUST002350,738,0.3136,0.1439,3,1,0,0,1
CUST002351,755,0.083,0.1408,4,1,0,0,0
CUST002352,393,0.3845,0.1745,4,0,0,0,1
CUST002353,661,0.5538,0.3405,4,0,0,0,2
CUST002354,697,0.1339,0.1705,5,0,0,0,1
CUST002355,693,0.2694,0.3,1,1,0,0,0
CUST002356,642,0.1163,0.2009,5,0,0,0,0
CUST002357,795,0.1155,0.2595,5,1,0,0,0
CUST002358,763,0.466,0.5263,4,1,1,0,1
CUST002359,642,0.1755,0.5246,2,0,0,0,1
CUST002360,613,0.1022,0.1614,3,2,0,0,1
CUST002361,680,0.1406,0.4848,1,0,0,0,0
CUST002362,693,0.3141,0.2757,6,2,0,1,0
CUST002363,655,0.1142,0.6504,1,0,0,0,0
CUST002364,662,0.2552,0.3356,1,0,0,0,0
CUST002365,788,0.2221,0.3094,8,0,0,1,0
CUST002366,790,0.4206,0.521,3,1,0,1,2
CUST002367,720,0.5186,0.0464,3,0,0,0,1
CUST002368,733,0.0373,0.1861,8,1,0,0,2
CUST002369,727,0.1905,0.6874,7,0,0,1,0
CUST002370,632,0.1921,0.0996,6,0,0,0,0
CUST002371,690,0.1389,0.5979,3,2,0,1,0
CUST002372,673,0.1563,0.3978,1,0,0,0,2
CUST002373,761,0.3765,0.2039,4,0,0,0,0
CUST002374,676,0.4597,0.4374,7,0,0,0,1
CUST002375,727,0.0701,0.565,4,0,0,0,2
CUST002376,639,0.3997,0.2879,4,0,0,0,0
CUST002377,712,0.468,0.0854,4,0,0,0,1
CUST002378,674,0.2028,0.2673,8,0,0,0,0
CUST002379,582,0.4563,0.2775,5,1,0,0,3
CUST002380,715,0.0468,0.3309,5,1,0,0,1
CUST002381,744,0.1654,0.2806,3,0,0,0,3
CUST002382,502,0.2785,0.3969,6,0,0,0,0
CUST002383,493,0.6312,0.2814,1,0,0,0,0
CUST002384,671,0.6695,0.0624,0,0,0,0,0
CUST002385,686,0.2486,0.3655,9,1,0,0,1
CUST002386,568,0.2242,0.4882,2,0,0,0,0
CUST002387,676,0.3608,0.2292,7,1,0,0,2
CUST002388,641,0.0912,0.2789,6,1,0,0,0
CUST002389,467,0.3107,0.5362,3,0,0,0,0
CUST002390,666,0.2367,0.0699,4,1,1,0,1
CUST002391,563,0.4915,0.4514,5,0,0,0,2
CUST002392,702,0.5423,0.0873,5,0,0,0,0
CUST002393,605,0.1637,0.193,3,0,0,0,2
CUST002394,682,0.3566,0.1406,1,1,0,0,1
CUST002395,756,0.281,0.5568,4,0,0,0,1
CUST002396,612,0.558,0.219,7,0,0,1,2
CUST002397,638,0.1254,0.1378,6,1,0,0,0
CUST002398,762,0.2494,0.4379,8,0,0,0,1
CUST002399,701,0.1174,0.8458,4,0,0,0,1
CUST002400,643,0.3081,0.4266,1,0,0,0,0
CUST002401,782,0.3547,0.3686,3,0,0,0,1
CUST002402,631,0.1381,0.2074,7,0,0,0,3
CUST002403,629,0.3364,0.2873,3,1,0,0,1
CUST002404,569,0.2117,0.1843,3,1,0,0,0
CUST002405,700,0.0137,0.4463,7,1,0,0,1
CUST002406,557,0.0733,0.3262,1,1,0,0,0
CUST002407,771,0.0579,0.248,6,0,0,1,0
CUST002408,599,0.139,0.055,6,0,0,1,1
CUST002409,691,0.4979,0.2106,5,1,0,0,1
CUST002410,654,0.0919,0.4341,4,1,0,0,1
CUST002411,696,0.1677,0.5499,2,0,0,1,0
CUST002412,686,0.3411,0.5985,7,0,1,0,2
CUST002413,658,0.2582,0.3476,9,0,0,1,1
CUST002414,617,0.5269,0.2612,2,0,0,0,0
CUST002415,673,0.2932,0.1035,4,1,0,1,1
CUST002416,762,0.5822,0.4342,8,0,0,0,1
CUST002417,623,0.0887,0.593,7,0,0,0,3
CUST002418,549,0.0363,0.2498,5,1,0,0,1
CUST002419,709,0.1822,0.1383,1,2,0,0,1
CUST002420,673,0.4262,0.5752,6,0,0,0,1
CUST002421,772,0.1853,0.2329,8,0,0,1,0
CUST002422,699,0.3146,0.3095,3,1,0,0,2
CUST002423,762,0.0811,0.3869,2,1,0,0,1
CUST002424,806,0.3128,0.3783,4,0,1,0,0
CUST002425,625,0.1576,0.3223,3,0,0,0,0
CUST002426,641,0.1227,0.4561,4,0,0,1,0
CUST002427,750,0.0438,0.0198,4,1,0,0,0
CUST002428,657,0.3756,0.2627,5,1,0,0,1
CUST002429,614,0.6578,0.1184,3,0,0,0,0
CUST002430,626,0.3697,0.5145,4,0,1,0,0
CUST002431,594,0.0723,0.3741,6,0,0,0,1
CUST002432,468,0.1525,0.232,1,0,1,0,2
CUST002433,708,0.233,0.384,4,0,0,0,1
CUST002434,585,0.2657,0.8298,4,0,0,0,0
CUST002435,519,0.7035,0.4171,1,0,0,0,0
CUST002436,729,0.026,0.471,3,2,1,0,0
CUST002437,521,0.1084,0.2476,3,0,0,0,0
CUST002438,752,0.3661,0.2419,5,0,0,0,1
CUST002439,710,0.1437,0.1897,6,0,0,0,0
CUST002440,690,0.2072,0.4404,4,0,0,0,2
CUST002441,544,0.4348,0.3661,9,1,1,0,1
CUST002442,486,0.1622,0.269,3,1,0,0,0
CUST002443,585,0.2798,0.3481,1,1,1,0,0
CUST002444,421,0.1521,0.1357,4,1,0,0,0
CUST002445,440,0.0769,0.1762,8,1,0,1,0
CUST002446,727,0.2153,0.0311,3,1,1,0,0
CUST002447,831,0.2834,0.3114,1,0,0,0,0
CUST002448,661,0.1903,0.1321,7,0,0,0,1
CUST002449,653,0.5358,0.6678,4,0,0,0,1
CUST002450,596,0.1013,0.1918,3,0,0,0,2
CUST002451,731,0.1674,0.3576,3,0,0,0,1
CUST002452,511,0.1138,0.4735,2,1,1,0,0
CUST002453,667,0.0545,0.5012,6,0,0,0,0
CUST002454,816,0.0326,0.331,5,0,0,0,0
CUST002455,665,0.4038,0.2418,5,0,0,0,1
CUST002456,624,0.4716,0.6539,6,0,0,0,0
CUST002457,788,0.3267,0.6777,9,1,0,1,0
CUST002458,822,0.1164,0.2951,4,2,0,0,0
CUST002459,785,0.3006,0.2847,6,0,0,0,1
CUST002460,642,0.1815,0.3211,1,1,0,0,0
CUST002461,726,0.6255,0.0979,2,1,0,0,1
CUST002462,787,0.1738,0.5413,5,0,0,0,0
CUST002463,606,0.0625,0.0871,4,0,1,0,0
CUST002464,571,0.2581,0.1181,4,0,0,0,1
CUST002465,688,0.1873,0.4104,5,1,0,0,0
CUST002466,559,0.5593,0.2984,4,0,0,1,0
CUST002467,543,0.4062,0.3203,2,0,0,1,0
CUST002468,600,0.2554,0.5239,1,0,0,0,0
CUST002469,574,0.3181,0.3473,6,0,0,0,0
CUST002470,562,0.3365,0.1172,4,0,1,0,0
CUST002471,664,0.1174,0.7509,3,0,0,0,0
CUST002472,676,0.1857,0.1298,5,0,0,2,1
CUST002473,526,0.05,0.1632,2,0,0,0,0
CUST002474,685,0.6388,0.4128,4,0,0,0,0
CUST002475,667,0.1376,0.4049,5,0,0,0,0
CUST002476,559,0.4199,0.3132,9,1,0,0,0
CUST002477,652,0.3683,0.0124,3,0,0,2,0
CUST002478,674,0.6161,0.3263,4,0,0,0,2
CUST002479,683,0.2227,0.2471,4,0,0,0,0
CUST002480,730,0.2941,0.1778,3,1,0,0,0
CUST002481,724,0.4042,0.1775,2,0,0,0,2
CUST002482,654,0.3395,0.3375,3,1,0,0,1
CUST002483,570,0.2707,0.2413,5,0,0,0,0
CUST002484,607,0.5555,0.4081,4,0,1,0,0
CUST002485,669,0.1053,0.1703,3,1,0,0,1
CUST002486,766,0.1753,0.0243,7,0,0,0,1
CUST002487,443,0.4111,0.4202,2,0,0,0,0
CUST002488,659,0.3015,0.238,6,0,0,1,0
CUST002489,637,0.1214,0.5329,3,0,0,0,1
CUST002490,675,0.6168,0.5508,2,0,0,0,2
CUST002491,526,0.3343,0.6258,6,0,0,0,0
CUST002492,732,0.5818,0.1224,4,0,1,0,0
CUST002493,648,0.2261,0.0477,3,2,0,0,0
CUST002494,626,0.3222,0.7014,7,0,0,0,0
CUST002495,686,0.3155,0.7006,7,0,0,0,1
CUST002496,679,0.1516,0.6217,3,0,0,0,0
CUST002497,652,0.2692,0.3621,4,0,0,0,0
CUST002498,601,0.3039,0.2234,3,0,0,0,0
CUST002499,631,0.5846,0.6104,5,0,0,0,1
CUST002500,652,0.3398,0.6811,2,0,0,0,0
CUST002501,814,0.2069,0.2195,6,1,1,1,0
CUST002502,660,0.1186,0.6201,7,1,0,0,2
CUST002503,710,0.1751,0.4494,6,0,0,0,0
CUST002504,728,0.3387,0.5974,8,0,0,0,2
CUST002505,652,0.2302,0.4665,7,0,0,1,0
CUST002506,773,0.1945,0.5031,7,0,0,0,1
CUST002507,499,0.2287,0.1511,4,0,0,0,0
CUST002508,678,0.1711,0.1553,6,0,0,0,1
CUST002509,750,0.2302,0.2095,6,0,0,0,0
CUST002510,696,0.0669,0.1113,5,1,0,1,0
CUST002511,489,0.3429,0.2303,5,1,0,0,1
CUST002512,676,0.4645,0.435,5,1,0,0,0
CUST002513,646,0.4332,0.3946,6,0,1,0,1
CUST002514,656,0.2564,0.6617,2,1,0,1,0
CUST002515,622,0.3917,0.1805,7,0,0,0,1
CUST002516,726,0.3506,0.1127,3,0,0,1,0
CUST002517,637,0.1885,0.3217,6,0,0,0,0
CUST002518,765,0.1622,0.2144,5,1,0,0,0
CUST002519,664,0.2775,0.5937,4,0,0,0,0
CUST002520,597,0.1284,0.3852,5,1,0,0,0
CUST002521,824,0.6228,0.372,4,0,0,0,2
CUST002522,579,0.3129,0.1145,5,1,0,0,0
CUST002523,620,0.4178,0.0952,1,0,0,1,0
CUST002524,680,0.1485,0.6296,6,0,0,0,1
CUST002525,517,0.5926,0.3369,7,0,0,0,2
CUST002526,668,0.2541,0.2322,4,0,0,0,0
CUST002527,597,0.1128,0.1022,1,0,0,0,0
CUST002528,854,0.7645,0.2275,3,0,0,0,0
CUST002529,628,0.4363,0.3952,4,1,0,0,1
CUST002530,560,0.1247,0.7345,6,0,0,0,0
CUST002531,681,0.1135,0.4418,4,2,0,0,0
CUST002532,659,0.0524,0.0369,3,0,0,0,1
CUST002533,723,0.3034,0.4781,4,0,0,0,1
CUST002534,572,0.099,0.5414,2,0,1,0,0
CUST002535,788,0.406,0.2235,5,0,0,0,0
CUST002536,683,0.2534,0.4085,5,0,0,0,2
CUST002537,584,0.2635,0.349,5,1,0,1,0
CUST002538,661,0.5362,0.4149,4,0,0,0,0
CUST002539,708,0.484,0.192,6,0,0,0,1
CUST002540,695,0.5078,0.3661,3,0,0,0,1
CUST002541,541,0.4963,0.5701,6,0,0,1,0
CUST002542,476,0.309,0.3841,4,0,0,0,0
CUST002543,527,0.3764,0.2687,5,0,1,0,0
CUST002544,670,0.1568,0.1298,2,0,2,0,1
CUST002545,684,0.2001,0.3964,7,0,0,0,3
CUST002546,410,0.1542,0.1612,8,0,0,0,0
CUST002547,676,0.1125,0.1202,3,0,0,0,1
CUST002548,583,0.1245,0.4017,3,1,1,0,0
CUST002549,540,0.5115,0.4898,6,0,0,0,0
CUST002550,594,0.3504,0.4428,2,1,0,0,1
CUST002551,655,0.2402,0.2992,6,0,0,0,0
CUST002552,642,0.4376,0.5184,1,0,0,0,0
CUST002553,449,0.6365,0.3253,2,0,0,0,0
CUST002554,781,0.2789,0.488,2,0,0,1,1
CUST002555,708,0.4877,0.2397,3,0,0,0,0
CUST002556,664,0.208,0.0717,5,0,0,0,0
CUST002557,496,0.615,0.3216,3,0,0,0,0
CUST002558,576,0.1418,0.2921,1,0,1,1,0
CUST002559,644,0.0658,0.5599,4,0,0,0,0
CUST002560,720,0.5331,0.4403,5,1,1,0,0
CUST002561,747,0.4481,0.1588,8,1,0,0,1
CUST002562,875,0.0994,0.3078,2,0,1,0,0
CUST002563,664,0.359,0.334,1,0,0,0,0
CUST002564,591,0.6185,0.4063,2,0,0,0,0
CUST002565,718,0.233,0.0636,2,0,0,0,1
CUST002566,561,0.1513,0.0843,4,0,0,0,1
CUST002567,682,0.1706,0.3247,5,1,0,0,1
CUST002568,843,0.1263,0.4647,2,0,0,0,0
CUST002569,622,0.2091,0.2895,2,0,0,0,0
CUST002570,593,0.4078,0.2776,2,2,0,0,0
CUST002571,525,0.5219,0.192,3,0,0,0,0
CUST002572,663,0.3339,0.37,5,0,1,0,0
CUST002573,515,0.0949,0.209,2,0,0,0,0
CUST002574,551,0.2912,0.3794,2,0,1,0,0
CUST002575,529,0.0564,0.495,5,1,0,0,0
CUST002576,745,0.476,0.3009,6,0,0,0,0
CUST002577,635,0.2031,0.222,3,0,0,0,1
CUST002578,773,0.4138,0.3686,3,0,1,0,0
CUST002579,669,0.5502,0.4765,5,0,0,0,0
CUST002580,609,0.3237,0.3631,5,1,0,0,0
CUST002581,706,0.1143,0.2837,3,0,0,0,0
CUST002582,708,0.6106,0.5635,5,1,0,0,0
CUST002583,758,0.0615,0.3258,1,0,1,0,1
CUST002584,571,0.0334,0.4877,8,0,0,0,0
CUST002585,651,0.2711,0.215,5,0,0,0,0
CUST002586,546,0.2081,0.2895,2,0,0,0,2
CUST002587,672,0.3228,0.2623,8,1,0,0,0
CUST002588,407,0.0497,0.5209,6,0,0,0,2
CUST002589,561,0.5571,0.6947,3,0,0,0,0
CUST002590,582,0.3251,0.1492,4,0,0,0,1
CUST002591,648,0.4117,0.188,3,0,0,1,1
CUST002592,742,0.3135,0.168,4,0,0,0,0
CUST002593,493,0.2634,0.5038,1,0,0,0,0
CUST002594,727,0.3056,0.1411,1,0,0,0,1
CUST002595,680,0.1335,0.333,2,0,0,0,0
CUST002596,687,0.336,0.293,3,1,0,0,0
CUST002597,625,0.2196,0.4949,2,2,0,1,0
CUST002598,715,0.1327,0.2977,2,0,0,0,0
CUST002599,633,0.2016,0.1194,5,1,0,0,0
CUST002600,570,0.6793,0.4645,5,1,0,0,2
CUST002601,632,0.0592,0.2646,0,0,0,0,0
CUST002602,660,0.072,0.3967,9,0,0,0,0
CUST002603,557,0.4519,0.2528,3,0,0,0,0
CUST002604,431,0.4845,0.7164,5,0,0,0,0
CUST002605,710,0.2007,0.2949,4,1,0,0,0
CUST002606,582,0.0601,0.1622,3,0,0,0,0
CUST002607,421,0.5592,0.2121,1,0,0,0,1
CUST002608,661,0.4546,0.2386,3,0,0,0,2
CUST002609,635,0.5154,0.2125,2,0,0,0,1
CUST002610,528,0.3098,0.2371,5,2,0,0,0
CUST002611,591,0.6791,0.5314,2,0,0,0,1
CUST002612,737,0.3863,0.6083,4,0,0,0,0
CUST002613,509,0.4758,0.3644,3,0,0,1,0
CUST002614,601,0.1352,0.39,0,0,0,0,0
CUST002615,689,0.3756,0.3408,5,0,0,0,0
CUST002616,512,0.5228,0.1169,10,0,0,0,3
CUST002617,814,0.311,0.2469,3,1,0,0,0
CUST002618,727,0.2868,0.488,3,2,0,0,0
CUST002619,804,0.2112,0.4212,2,0,0,0,0
CUST002620,648,0.4896,0.3821,4,0,0,0,0
CUST002621,787,0.0623,0.2052,8,3,0,0,0
CUST002622,662,0.1854,0.4696,7,0,0,0,0
CUST002623,624,0.1099,0.6633,4,0,0,0,2
CUST002624,548,0.3908,0.1006,4,0,1,0,0
CUST002625,673,0.1713,0.5327,4,0,0,0,0
CUST002626,590,0.3075,0.2818,5,0,0,0,1
CUST002627,586,0.4688,0.41,1,0,0,0,2
CUST002628,662,0.7204,0.5637,4,0,0,0,1
CUST002629,807,0.1339,0.1341,6,0,0,0,0
CUST002630,768,0.6188,0.0459,4,0,0,0,0
CUST002631,724,0.467,0.3357,8,0,0,0,2
CUST002632,646,0.3852,0.1251,3,2,0,0,0
CUST002633,658,0.2832,0.2089,7,0,0,0,0
CUST002634,782,0.2713,0.1579,2,0,0,0,0
CUST002635,695,0.3357,0.1231,4,0,0,0,1
CUST002636,410,0.2062,0.5059,9,0,0,0,1
CUST002637,870,0.0826,0.4944,2,0,1,0,0
CUST002638,647,0.1821,0.2981,5,0,0,0,0
CUST002639,655,0.2605,0.5692,6,0,0,0,0
CUST002640,668,0.4941,0.3309,4,0,0,0,1
CUST002641,656,0.4046,0.1933,5,1,1,0,1
CUST002642,632,0.2914,0.0366,3,0,0,0,1
CUST002643,515,0.3949,0.2025,2,0,0,0,0
CUST002644,537,0.2294,0.346,4,2,1,0,0
CUST002645,804,0.2505,0.4712,2,0,0,0,0
CUST002646,585,0.0942,0.5675,2,1,0,0,0
CUST002647,749,0.5208,0.7237,2,0,0,0,2
CUST002648,676,0.1602,0.2272,5,1,0,0,1
CUST002649,442,0.1521,0.0935,2,0,1,1,0
CUST002650,537,0.2408,0.2578,4,1,0,0,0
CUST002651,577,0.2948,0.14,2,0,0,0,4
CUST002652,714,0.0854,0.1443,5,0,0,0,1
CUST002653,627,0.2764,0.2084,4,0,0,0,0
CUST002654,715,0.0831,0.0399,9,0,0,0,0
CUST002655,624,0.2216,0.4827,2,0,0,0,0
CUST002656,706,0.3088,0.2345,5,0,0,0,0
CUST002657,554,0.4696,0.0098,3,0,0,0,0
CUST002658,606,0.2146,0.3812,2,0,0,0,3
CUST002659,678,0.3092,0.5686,1,0,0,1,0
CUST002660,623,0.2036,0.2649,3,0,0,0,0
CUST002661,652,0.3914,0.0531,7,1,0,0,1
CUST002662,654,0.1567,0.2934,5,0,0,0,2
CUST002663,720,0.4453,0.2497,3,0,0,0,0
CUST002664,654,0.3089,0.5569,1,1,0,0,1
CUST002665,640,0.194,0.0141,1,0,0,0,2
CUST002666,680,0.0575,0.4612,4,0,0,0,0
CUST002667,698,0.3918,0.1839,3,0,0,0,1
CUST002668,661,0.2028,0.1303,8,0,0,0,1
CUST002669,551,0.5831,0.1779,6,0,0,0,0
CUST002670,724,0.1515,0.0921,3,0,1,0,0
CUST002671,708,0.7077,0.6267,6,0,0,0,0
CUST002672,620,0.679,0.1563,7,1,0,0,0
CUST002673,697,0.5436,0.3277,3,0,0,0,1
CUST002674,821,0.2384,0.4575,2,0,0,0,0
CUST002675,626,0.0512,0.3159,1,0,0,0,1
CUST002676,646,0.389,0.4205,2,0,0,0,0
CUST002677,674,0.0709,0.2908,8,0,0,0,0
CUST002678,900,0.3722,0.2017,3,1,1,0,0
CUST002679,666,0.2689,0.1275,1,0,0,0,1
CUST002680,592,0.6139,0.2953,5,0,1,0,0
CUST002681,533,0.3538,0.5108,5,0,0,0,0
CUST002682,619,0.3724,0.4983,3,0,0,0,2
CUST002683,646,0.1767,0.4377,4,1,0,0,0
CUST002684,705,0.2608,0.3518,7,0,0,0,1
CUST002685,651,0.388,0.2302,4,0,0,0,1
CUST002686,655,0.6839,0.3465,6,0,0,0,1
CUST002687,667,0.556,0.2977,2,1,0,1,2
CUST002688,664,0.4053,0.051,7,0,0,0,1
CUST002689,760,0.2294,0.3947,4,1,0,0,1
CUST002690,565,0.5529,0.3845,4,0,0,0,0
CUST002691,819,0.258,0.4215,7,0,1,0,1
CUST002692,773,0.5516,0.1891,5,1,0,0,1
CUST002693,741,0.4211,0.2501,4,1,1,0,1
CUST002694,574,0.6071,0.38,5,1,1,0,1
CUST002695,637,0.2542,0.323,4,0,0,0,0
CUST002696,584,0.1251,0.2536,4,0,1,0,0
CUST002697,573,0.4226,0.2815,4,0,0,0,1
CUST002698,625,0.2684,0.529,5,0,0,0,0
CUST002699,638,0.1416,0.2357,6,0,0,0,0
CUST002700,617,0.3102,0.0062,3,0,0,0,1
CUST002701,653,0.3319,0.262,3,0,0,0,1
CUST002702,725,0.2228,0.237,8,0,0,0,1
CUST002703,719,0.163,0.0748,4,0,0,0,2
CUST002704,684,0.3781,0.331,7,0,0,0,0
CUST002705,643,0.2612,0.2625,9,0,0,0,0
CUST002706,615,0.2905,0.0471,5,0,0,0,0
CUST002707,677,0.2368,0.17,4,0,0,0,0
CUST002708,739,0.1006,0.4833,2,1,0,0,1
CUST002709,768,0.3308,0.4906,8,0,0,0,0
CUST002710,536,0.2133,0.1738,5,0,0,0,0
CUST002711,643,0.6229,0.3618,2,0,0,0,0
CUST002712,570,0.0211,0.2027,2,0,0,0,3
CUST002713,518,0.3368,0.1405,1,1,0,0,0
CUST002714,753,0.5373,0.1646,2,0,0,0,0
CUST002715,763,0.0864,0.3113,4,1,0,0,1
CUST002716,632,0.2367,0.0368,3,0,0,0,1
CUST002717,609,0.4294,0.0543,3,0,0,0,1
CUST002718,616,0.1307,0.2435,8,0,0,0,1
CUST002719,491,0.1994,0.1356,4,0,2,0,1
CUST002720,748,0.2782,0.4361,2,0,0,2,0
CUST002721,607,0.1632,0.6661,4,0,0,0,2
CUST002722,629,0.3598,0.2029,7,1,0,0,0
CUST002723,677,0.3171,0.5876,4,0,1,0,1
CUST002724,466,0.1438,0.544,3,1,0,0,1
CUST002725,652,0.3059,0.2211,3,0,0,0,2
CUST002726,662,0.2356,0.5924,6,0,1,0,0
CUST002727,600,0.398,0.166,8,0,0,0,0
CUST002728,842,0.1723,0.1857,5,1,0,0,0
CUST002729,541,0.1571,0.4549,6,1,0,0,0
CUST002730,693,0.1145,0.3333,5,0,0,0,1
CUST002731,557,0.489,0.1197,6,0,0,0,0
CUST002732,675,0.2269,0.3885,2,0,0,0,0
CUST002733,551,0.3051,0.0751,1,0,0,0,0
CUST002734,735,0.2865,0.3075,5,0,0,0,0
CUST002735,681,0.2055,0.5603,5,0,0,0,0
CUST002736,503,0.283,0.0984,6,1,0,0,0
CUST002737,663,0.1001,0.48,7,0,0,0,1
CUST002738,603,0.1766,0.7269,3,1,0,0,0
CUST002739,636,0.4058,0.2287,3,2,0,0,0
CUST002740,500,0.133,0.4702,3,1,0,0,0
CUST002741,776,0.4247,0.6661,5,0,1,0,0
CUST002742,563,0.1344,0.2035,3,0,0,0,1
CUST002743,629,0.5538,0.3679,7,0,0,0,0
CUST002744,571,0.396,0.1455,0,1,0,0,0
CUST002745,628,0.3441,0.3046,6,2,0,1,0
CUST002746,640,0.303,0.6047,1,1,0,1,0
CUST002747,642,0.1535,0.1798,3,0,0,0,1
CUST002748,777,0.2951,0.1461,5,0,0,0,1
CUST002749,641,0.0877,0.0847,4,0,0,0,0
CUST002750,793,0.2652,0.0797,3,0,0,0,0
CUST002751,523,0.6924,0.4046,3,0,0,0,0
CUST002752,757,0.2839,0.8039,4,0,1,0,0
CUST002753,739,0.264,0.6309,5,0,0,0,0
CUST002754,748,0.3833,0.3915,5,1,0,0,0
CUST002755,842,0.4781,0.324,4,0,0,0,0
CUST002756,422,0.246,0.0489,3,0,0,1,0
CUST002757,463,0.2144,0.1602,1,0,0,0,0
CUST002758,655,0.209,0.1248,1,0,0,0,0
CUST002759,462,0.2097,0.3894,4,1,0,0,0
CUST002760,470,0.2076,0.2478,1,1,0,0,1
CUST002761,629,0.0855,0.7396,5,1,0,0,0
CUST002762,606,0.3163,0.2067,2,1,1,0,0
CUST002763,486,0.3403,0.2777,4,0,0,0,0
CUST002764,594,0.1131,0.733,4,1,0,0,2
CUST002765,717,0.5134,0.3365,5,0,0,0,0
CUST002766,693,0.1868,0.512,3,0,0,0,0
CUST002767,717,0.2716,0.2906,4,0,0,0,1
CUST002768,608,0.2978,0.3089,5,0,0,0,0
CUST002769,758,0.2669,0.2863,1,0,0,0,1
CUST002770,814,0.1561,0.4972,3,0,0,0,1
CUST002771,667,0.0641,0.3707,4,0,0,0,0
CUST002772,608,0.2619,0.1353,6,0,1,1,1
CUST002773,647,0.0989,0.0789,2,0,0,0,2
CUST002774,538,0.2433,0.0463,2,1,0,0,0
CUST002775,619,0.3323,0.6371,4,0,0,0,1
CUST002776,705,0.1027,0.0745,5,0,0,0,0
CUST002777,682,0.1903,0.3837,5,0,0,0,1
CUST002778,695,0.1066,0.3021,6,0,0,0,1
CUST002779,504,0.183,0.1412,3,0,0,0,2
CUST002780,713,0.1713,0.3306,11,1,0,0,0
CUST002781,601,0.3826,0.396,5,0,0,0,0
CUST002782,630,0.3879,0.3853,2,1,0,1,0
CUST002783,584,0.1068,0.3101,8,0,0,0,0
CUST002784,786,0.5321,0.5867,5,0,0,0,0
CUST002785,531,0.1319,0.3547,2,1,0,2,0
CUST002786,641,0.1744,0.0751,3,0,0,0,0
CUST002787,531,0.1471,0.1134,8,1,0,1,1
CUST002788,737,0.1234,0.5702,4,1,0,0,0
CUST002789,662,0.3727,0.3059,4,0,0,0,0
CUST002790,551,0.3146,0.3866,3,0,0,1,1
CUST002791,657,0.2074,0.2373,2,1,0,0,0
CUST002792,576,0.1913,0.3903,5,2,0,0,1
CUST002793,725,0.4122,0.4795,4,0,0,1,0
CUST002794,833,0.1917,0.4098,2,0,0,0,0
CUST002795,530,0.0081,0.2864,5,0,1,0,0
CUST002796,776,0.3925,0.2405,8,1,0,0,1
CUST002797,760,0.4922,0.2384,4,0,0,0,0
CUST002798,620,0.2884,0.398,3,1,0,0,1
CUST002799,714,0.2912,0.1784,6,1,0,0,0
CUST002800,672,0.0596,0.4913,5,1,0,0,1
CUST002801,646,0.401,0.2099,2,0,0,0,0
CUST002802,606,0.3413,0.2479,2,0,0,0,1
CUST002803,713,0.2589,0.4793,1,0,0,1,0
CUST002804,603,0.52,0.3602,3,0,1,0,1
CUST002805,740,0.0294,0.4189,2,0,0,0,1
CUST002806,573,0.3509,0.0837,4,2,0,0,0
CUST002807,838,0.1407,0.5207,3,1,0,0,0
CUST002808,548,0.2572,0.2202,5,0,0,0,0
CUST002809,900,0.0722,0.4422,2,0,0,0,0
CUST002810,618,0.1983,0.3602,2,1,0,0,1
CUST002811,720,0.2698,0.1063,5,0,0,0,0
CUST002812,739,0.1464,0.2538,2,0,1,0,0
CUST002813,666,0.1122,0.2018,3,1,0,0,0
CUST002814,751,0.4968,0.3149,4,1,0,0,0
CUST002815,596,0.4636,0.3976,5,0,0,0,0
CUST002816,539,0.2306,0.1989,4,0,0,0,0
CUST002817,655,0.2312,0.3782,1,1,0,0,0
CUST002818,720,0.3926,0.6707,3,0,0,0,0
CUST002819,598,0.0499,0.3752,2,0,0,0,1
CUST002820,676,0.2823,0.4253,4,0,0,0,0
CUST002821,532,0.3077,0.3593,5,0,1,0,1
CUST002822,672,0.2971,0.2098,3,0,0,0,0
CUST002823,611,0.4802,0.1751,2,0,0,0,0
CUST002824,667,0.1093,0.4392,3,0,0,0,1
CUST002825,661,0.2386,0.3027,3,0,0,0,0
CUST002826,565,0.0488,0.4134,4,0,0,0,3
CUST002827,663,0.2431,0.3675,2,0,0,0,0
CUST002828,603,0.4761,0.3188,4,0,0,1,0
CUST002829,733,0.1649,0.7421,3,0,0,0,1
CUST002830,734,0.1329,0.5244,3,0,0,0,1
CUST002831,668,0.1589,0.3981,7,1,0,0,1
CUST002832,659,0.7215,0.244,4,0,0,0,1
CUST002833,717,0.4863,0.1454,2,2,0,0,0
CUST002834,735,0.4761,0.4949,2,0,0,0,0
CUST002835,790,0.1268,0.3238,2,0,0,0,0
CUST002836,628,0.4077,0.437,3,0,0,0,1
CUST002837,537,0.0528,0.1387,6,0,1,0,1
CUST002838,737,0.134,0.1706,4,0,0,1,1
CUST002839,792,0.1963,0.2105,5,1,0,0,2
CUST002840,656,0.5301,0.2209,2,0,0,0,1
CUST002841,646,0.5167,0.3481,5,1,0,0,3
CUST002842,794,0.485,0.5781,7,0,0,0,0
CUST002843,553,0.4041,0.0856,3,0,0,0,0
CUST002844,623,0.1719,0.2291,1,2,1,0,0
CUST002845,593,0.2284,0.3184,4,0,0,1,2
CUST002846,653,0.4073,0.1062,1,0,0,0,0
CUST002847,743,0.3034,0.5011,2,0,0,1,1
CUST002848,538,0.6737,0.1913,4,1,0,0,1
CUST002849,743,0.1927,0.4666,6,0,0,0,0
CUST002850,575,0.3714,0.5347,5,0,0,1,1
CUST002851,690,0.3654,0.3089,4,0,0,0,0
CUST002852,445,0.2202,0.616,3,0,0,0,1
CUST002853,466,0.3582,0.0168,2,0,0,0,0
CUST002854,636,0.5212,0.3861,3,0,0,0,1
CUST002855,764,0.2698,0.2934,4,0,0,0,0
CUST002856,745,0.1329,0.3442,7,0,0,0,0
CUST002857,507,0.1664,0.3325,7,0,0,1,0
CUST002858,750,0.2229,0.2998,3,0,0,1,0
CUST002859,697,0.1675,0.1692,6,1,0,0,0
CUST002860,689,0.5366,0.2686,4,0,0,0,2
CUST002861,856,0.0614,0.0409,6,0,1,0,0
CUST002862,594,0.0467,0.5126,3,0,0,0,0
CUST002863,738,0.5211,0.3672,1,0,0,0,1
CUST002864,653,0.2069,0.3477,6,0,0,0,0
CUST002865,796,0.4722,0.3582,3,0,0,1,0
CUST002866,681,0.6427,0.0766,4,2,1,0,0
CUST002867,603,0.4377,0.4201,5,1,0,0,0
CUST002868,591,0.0415,0.2858,2,1,0,1,1
CUST002869,671,0.319,0.4752,4,0,0,0,0
CUST002870,579,0.2075,0.1167,3,0,0,0,1
CUST002871,388,0.1759,0.043,3,1,0,0,0
CUST002872,768,0.3037,0.0756,7,2,0,0,1
CUST002873,752,0.4656,0.3938,0,0,0,0,1
CUST002874,650,0.4284,0.653,3,0,0,0,0
CUST002875,714,0.2443,0.3211,6,1,0,0,1
CUST002876,719,0.7866,0.0679,3,0,0,1,0
CUST002877,655,0.2205,0.5481,8,1,1,0,0
CUST002878,493,0.3012,0.2643,4,0,0,0,1
CUST002879,681,0.2031,0.5077,2,0,0,0,0
CUST002880,627,0.1836,0.4517,4,0,0,0,1
CUST002881,831,0.066,0.2501,3,0,0,0,0
CUST002882,709,0.2324,0.4368,6,0,0,0,0
CUST002883,710,0.2278,0.047,5,0,1,0,0
CUST002884,784,0.3797,0.3249,4,0,0,0,0
CUST002885,660,0.0699,0.2372,2,0,0,0,0
CUST002886,829,0.3103,0.3189,3,0,1,0,2
CUST002887,558,0.4942,0.1032,4,0,0,0,1
CUST002888,640,0.0503,0.1244,5,0,0,0,0
CUST002889,771,0.2816,0.5792,1,0,1,0,1
CUST002890,539,0.4784,0.1847,5,0,0,0,0
CUST002891,618,0.5767,0.089,4,0,0,1,0
CUST002892,694,0.2575,0.1715,4,1,0,0,1
CUST002893,698,0.3768,0.3017,3,1,0,0,2
CUST002894,592,0.1702,0.1213,3,0,1,0,1
CUST002895,781,0.4132,0.3554,6,0,0,0,0
CUST002896,560,0.1708,0.2122,3,2,1,1,0
CUST002897,670,0.2723,0.4035,2,2,1,0,0
CUST002898,591,0.3203,0.3994,2,0,1,0,0
CUST002899,484,0.2258,0.6645,6,0,0,0,0
CUST002900,587,0.1268,0.4267,3,0,2,0,0
CUST002901,622,0.3859,0.055,5,0,0,0,1
CUST002902,533,0.3948,0.1826,2,0,0,0,1
CUST002903,762,0.2763,0.5881,3,1,0,0,0
CUST002904,665,0.2694,0.5409,4,0,1,0,0
CUST002905,677,0.0964,0.6069,4,1,0,0,0
CUST002906,642,0.0725,0.1952,6,1,0,0,0
CUST002907,640,0.2502,0.7,2,0,0,0,0
CUST002908,701,0.0719,0.1884,5,0,0,0,0
CUST002909,605,0.3549,0.0711,4,1,0,0,0
CUST002910,446,0.3314,0.2934,4,0,0,0,0
CUST002911,483,0.6707,0.1678,6,0,0,0,0
CUST002912,678,0.398,0.4796,2,1,1,0,0
CUST002913,624,0.267,0.251,2,0,0,0,1
CUST002914,889,0.1503,0.6282,2,0,0,0,0
CUST002915,731,0.6376,0.5608,3,1,0,2,0
CUST002916,686,0.1069,0.3219,6,0,0,0,0
CUST002917,504,0.3687,0.0287,1,1,0,0,1
CUST002918,591,0.2733,0.6741,3,0,0,0,1
CUST002919,739,0.1812,0.3692,4,0,1,0,1
CUST002920,668,0.4537,0.1761,3,0,0,1,1
CUST002921,565,0.1591,0.4721,1,0,0,1,0
CUST002922,543,0.5197,0.252,7,0,0,0,0
CUST002923,699,0.1629,0.2031,3,2,0,0,0
CUST002924,593,0.0735,0.3905,3,0,0,0,0
CUST002925,609,0.3232,0.2439,5,0,0,0,0
CUST002926,632,0.1542,0.2043,1,1,1,0,1
CUST002927,775,0.3279,0.8259,5,0,0,0,0
CUST002928,629,0.2888,0.3775,5,1,0,1,0
CUST002929,776,0.1938,0.3386,4,0,0,0,0
CUST002930,615,0.2818,0.4811,5,0,0,0,0
CUST002931,520,0.336,0.0941,3,0,0,0,2
CUST002932,626,0.2624,0.3783,3,0,0,0,0
CUST002933,649,0.1312,0.2636,6,2,0,0,0
CUST002934,505,0.2383,0.3257,0,0,0,0,0
CUST002935,557,0.0629,0.5496,3,0,1,1,1
CUST002936,702,0.219,0.6933,8,0,0,0,0
CUST002937,605,0.3037,0.5797,6,0,0,0,0
CUST002938,726,0.2096,0.1917,3,0,0,0,2
CUST002939,525,0.1035,0.6416,10,0,0,1,0
CUST002940,574,0.1038,0.7901,5,0,0,0,0
CUST002941,716,0.0609,0.3413,2,1,0,0,0
CUST002942,660,0.4757,0.4006,1,2,1,0,1
CUST002943,499,0.4112,0.5407,5,0,0,0,0
CUST002944,674,0.5024,0.5292,1,0,1,0,1
CUST002945,778,0.3208,0.6012,3,1,0,0,0
CUST002946,633,0.5833,0.421,5,0,0,0,0
CUST002947,599,0.2181,0.4489,7,0,0,0,1
CUST002948,744,0.2951,0.4591,2,0,0,0,0
CUST002949,598,0.0782,0.4888,3,0,0,0,1
CUST002950,700,0.2081,0.0715,7,0,0,0,0
CUST002951,624,0.2176,0.1873,2,0,0,0,0
CUST002952,554,0.1302,0.0744,2,0,0,0,0
CUST002953,598,0.0917,0.5839,2,0,0,1,0
CUST002954,447,0.3193,0.1209,4,0,0,0,1
CUST002955,721,0.1755,0.114,5,0,0,0,0
CUST002956,710,0.5484,0.3699,4,0,0,0,0
CUST002957,671,0.4777,0.6891,3,0,0,0,1
CUST002958,596,0.1883,0.1394,1,0,0,0,1
CUST002959,720,0.1651,0.2547,3,1,0,0,0
CUST002960,706,0.1796,0.2022,1,1,0,0,1
CUST002961,721,0.1662,0.0158,6,2,0,0,0
CUST002962,685,0.432,0.5273,4,0,0,0,0
CUST002963,629,0.2214,0.4249,6,0,0,0,1
CUST002964,630,0.2092,0.1175,0,0,0,0,2
CUST002965,469,0.2058,0.8102,3,0,0,0,0
CUST002966,540,0.08,0.1601,3,0,0,1,0
CUST002967,689,0.4779,0.5003,6,0,0,0,0
CUST002968,788,0.5307,0.4022,8,0,0,0,0
CUST002969,724,0.5282,0.5737,6,2,0,0,1
CUST002970,628,0.2568,0.1852,6,0,0,1,2
CUST002971,576,0.2671,0.1986,3,0,1,0,1
CUST002972,712,0.321,0.6425,4,1,0,0,3
CUST002973,666,0.1722,0.1914,4,0,0,0,0
CUST002974,576,0.502,0.1944,4,0,0,1,1
CUST002975,670,0.5118,0.1159,3,0,0,0,0
CUST002976,718,0.4037,0.3402,4,0,0,0,1
CUST002977,506,0.2471,0.3638,2,1,0,1,1
CUST002978,641,0.3318,0.4754,4,0,0,0,1
CUST002979,766,0.3894,0.8173,0,0,0,0,1
CUST002980,744,0.3944,0.5828,5,0,0,0,0
CUST002981,648,0.2845,0.213,4,1,0,0,1
CUST002982,560,0.2069,0.1264,6,0,0,0,1
CUST002983,522,0.275,0.1501,4,0,0,0,0
CUST002984,730,0.1872,0.4194,1,1,0,0,1
CUST002985,602,0.1209,0.2604,4,1,0,0,0
CUST002986,707,0.0982,0.3263,6,1,0,2,0
CUST002987,754,0.1052,0.3217,3,0,0,1,0
CUST002988,581,0.3173,0.3176,5,0,0,0,0
CUST002989,619,0.4655,0.5097,3,0,0,0,3
CUST002990,754,0.1184,0.4574,3,2,0,0,0
CUST002991,633,0.4187,0.254,5,2,0,0,1
CUST002992,702,0.4204,0.2931,6,1,0,0,0
CUST002993,621,0.2427,0.4055,2,1,0,0,1
CUST002994,546,0.3304,0.3504,4,1,0,0,0
CUST002995,696,0.2245,0.7297,3,0,0,1,0
CUST002996,787,0.1421,0.1871,3,0,0,0,2
CUST002997,687,0.1747,0.5408,2,0,0,0,1
CUST002998,705,0.5013,0.1773,4,1,0,0,2
CUST002999,707,0.1367,0.7124,3,0,0,0,1
CUST003000,800,0.1993,0.5377,1,0,0,0,1
CUST003001,622,0.176,0.5173,1,0,0,0,0
CUST003002,450,0.1249,0.5162,0,1,0,0,0
CUST003003,764,0.2971,0.2767,2,1,0,0,0
CUST003004,517,0.0984,0.4446,4,0,0,0,2
CUST003005,607,0.5075,0.3821,3,1,0,0,0
CUST003006,578,0.2401,0.4458,5,0,0,0,0
CUST003007,579,0.4721,0.1842,7,1,0,0,0
CUST003008,732,0.7499,0.4353,2,0,1,0,4
CUST003009,713,0.4493,0.5734,1,0,0,0,0
CUST003010,574,0.0754,0.6441,5,0,0,0,2
CUST003011,761,0.2807,0.0739,4,1,0,0,1
CUST003012,628,0.3439,0.2636,4,0,0,0,0
CUST003013,818,0.3753,0.2913,5,0,0,0,0
CUST003014,616,0.5337,0.1877,9,0,0,0,0
CUST003015,610,0.3764,0.541,9,0,0,0,2
CUST003016,617,0.4596,0.4738,5,1,0,0,0
CUST003017,569,0.1299,0.0883,6,0,0,0,0
CUST003018,700,0.2864,0.182,4,0,0,0,0
CUST003019,589,0.3762,0.3735,3,2,0,0,1
CUST003020,626,0.1235,0.0102,7,0,0,0,0
CUST003021,693,0.1259,0.2409,6,0,1,0,0
CUST003022,828,0.572,0.0291,3,0,0,0,0
CUST003023,590,0.1676,0.1999,4,0,0,1,1
CUST003024,601,0.2452,0.4904,4,0,0,0,1
CUST003025,595,0.1549,0.6683,5,1,1,0,0
CUST003026,691,0.2958,0.5144,6,0,1,1,1
CUST003027,607,0.2411,0.2603,1,0,0,0,0
CUST003028,570,0.1076,0.0629,7,0,0,0,0
CUST003029,659,0.1481,0.5449,3,0,1,0,0
CUST003030,702,0.2002,0.3209,3,0,0,0,0
CUST003031,606,0.1641,0.0043,7,0,0,0,2
CUST003032,659,0.4477,0.3034,0,0,0,0,0
CUST003033,674,0.1852,0.0878,6,0,0,0,0
CUST003034,650,0.1243,0.2041,2,1,0,0,0
CUST003035,679,0.4477,0.2584,7,0,0,1,0
CUST003036,574,0.0906,0.5908,6,0,0,0,0
CUST003037,556,0.553,0.1875,2,0,0,1,0
CUST003038,578,0.2601,0.2222,4,0,0,0,2
CUST003039,440,0.059,0.4421,4,0,0,0,0
CUST003040,543,0.1069,0.2274,2,0,0,0,1
CUST003041,713,0.3958,0.2956,2,1,0,0,2
CUST003042,710,0.2409,0.5502,5,0,0,0,1
CUST003043,532,0.0902,0.6067,4,0,0,1,2
CUST003044,496,0.2052,0.733,6,1,0,0,0
CUST003045,652,0.5666,0.4142,5,0,0,1,0
CUST003046,698,0.1331,0.1659,4,0,0,0,0
CUST003047,579,0.4269,0.2049,4,0,0,0,0
CUST003048,597,0.2251,0.1448,5,1,0,0,0
CUST003049,720,0.2501,0.1615,1,0,0,0,0
CUST003050,801,0.288,0.11,4,0,0,0,1
CUST003051,597,0.3483,0.4648,3,0,0,0,1
CUST003052,700,0.3706,0.4579,6,1,1,0,0
CUST003053,647,0.1105,0.4797,2,0,0,0,0
CUST003054,748,0.6283,0.8693,9,1,0,0,0
CUST003055,548,0.1994,0.2828,7,0,0,0,0
CUST003056,652,0.126,0.3913,3,2,0,0,2
CUST003057,592,0.1769,0.3476,4,0,0,0,0
CUST003058,644,0.2955,0.356,6,1,0,1,0
CUST003059,729,0.0981,0.4148,8,0,0,0,1
CUST003060,648,0.3183,0.555,4,0,0,0,0
CUST003061,581,0.433,0.3167,6,0,0,1,1
CUST003062,732,0.1647,0.5177,4,0,0,0,0
CUST003063,696,0.2215,0.2673,4,0,0,0,0
CUST003064,671,0.4499,0.3748,1,1,0,0,1
CUST003065,542,0.0741,0.1359,4,2,0,0,0
CUST003066,694,0.4359,0.2728,5,0,0,0,0
CUST003067,591,0.1324,0.3644,2,0,0,0,1
CUST003068,561,0.3986,0.3444,8,0,0,0,0
CUST003069,567,0.5702,0.127,7,0,1,0,1
CUST003070,702,0.3443,0.7771,3,0,0,1,0
CUST003071,691,0.4122,0.1944,5,1,0,0,0
CUST003072,651,0.2268,0.2234,2,0,1,0,1
CUST003073,456,0.7112,0.4899,5,1,0,0,3
CUST003074,747,0.3793,0.34,5,0,0,0,0
CUST003075,726,0.2724,0.2254,5,0,0,0,0
CUST003076,600,0.2612,0.1097,5,0,0,0,0
CUST003077,773,0.4106,0.498,3,0,1,0,1
CUST003078,562,0.5812,0.4369,6,2,0,0,1
CUST003079,658,0.1794,0.407,6,0,0,0,1
CUST003080,660,0.3296,0.0335,5,0,0,0,0
CUST003081,671,0.2676,0.3265,2,0,0,0,0
CUST003082,525,0.3108,0.3852,2,0,0,1,0
CUST003083,509,0.2933,0.4808,1,0,0,0,1
CUST003084,642,0.3292,0.0491,4,0,1,0,0
CUST003085,571,0.3832,0.2634,1,0,0,0,0
CUST003086,680,0.1662,0.3869,5,0,0,0,0
CUST003087,661,0.2485,0.523,3,0,0,0,0
CUST003088,769,0.2111,0.7039,4,0,0,0,0
CUST003089,767,0.1006,0.5721,1,0,0,0,2
CUST003090,655,0.2781,0.6246,4,1,0,0,1
CUST003091,784,0.2553,0.1852,5,0,0,0,0
CUST003092,669,0.0978,0.3433,3,0,0,0,2
CUST003093,646,0.2017,0.4004,3,0,0,0,2
CUST003094,804,0.1478,0.2539,3,0,0,1,1
CUST003095,565,0.1692,0.0178,8,1,0,1,1
CUST003096,511,0.5117,0.1377,5,0,0,0,0
CUST003097,629,0.5317,0.1344,5,0,0,0,0
CUST003098,667,0.1861,0.3719,3,1,0,0,1
CUST003099,707,0.1372,0.096,1,0,0,1,2
CUST003100,547,0.0777,0.4688,3,0,1,0,0
CUST003101,636,0.436,0.3675,4,0,0,0,1
CUST003102,540,0.4623,0.6077,5,0,0,1,1
CUST003103,624,0.4445,0.2146,4,0,0,0,0
CUST003104,771,0.2759,0.2647,5,0,0,0,0
CUST003105,663,0.2299,0.3897,0,0,0,0,0
CUST003106,564,0.1458,0.445,3,0,0,0,2
CUST003107,473,0.2525,0.1497,8,1,2,0,0
CUST003108,617,0.045,0.6758,2,0,0,0,1
CUST003109,648,0.3237,0.2103,2,0,0,0,0
CUST003110,650,0.1064,0.2708,3,1,1,0,0
CUST003111,531,0.3018,0.2542,1,0,0,0,1
CUST003112,667,0.5008,0.25,5,0,0,0,0
CUST003113,489,0.4669,0.5733,0,0,0,0,0
CUST003114,661,0.2361,0.4524,5,1,1,0,1
CUST003115,636,0.1158,0.5335,4,2,0,0,0
CUST003116,709,0.4504,0.2636,9,1,0,0,1
CUST003117,749,0.5887,0.2547,3,0,0,0,0
CUST003118,440,0.3331,0.5458,6,1,0,0,1
CUST003119,710,0.2188,0.177,2,0,0,0,2
CUST003120,745,0.1806,0.7186,3,2,0,0,0
CUST003121,712,0.3901,0.3997,4,2,0,0,2
CUST003122,601,0.2223,0.4406,4,0,0,0,0
CUST003123,749,0.3749,0.8317,4,1,0,0,0
CUST003124,600,0.2783,0.3607,4,0,1,0,0
CUST003125,552,0.1953,0.2556,3,1,0,0,2
CUST003126,648,0.3801,0.2724,2,0,0,0,0
CUST003127,639,0.1064,0.5168,2,0,0,0,1
CUST003128,729,0.1657,0.4653,10,2,0,0,1
CUST003129,589,0.3497,0.1289,4,0,0,0,0
CUST003130,662,0.1782,0.5209,4,0,0,0,0
CUST003131,547,0.2212,0.1695,3,2,0,0,2
CUST003132,770,0.3889,0.1733,1,0,0,0,0
CUST003133,703,0.2808,0.1801,3,0,0,0,0
CUST003134,446,0.3165,0.2903,3,0,1,0,1
CUST003135,757,0.1348,0.4908,7,0,0,0,1
CUST003136,665,0.3625,0.3976,5,1,0,0,1
CUST003137,658,0.1164,0.5084,2,0,0,0,0
CUST003138,812,0.1834,0.0935,0,0,0,0,0
CUST003139,503,0.426,0.3439,4,0,0,0,0
CUST003140,689,0.0591,0.5034,2,0,0,1,0
CUST003141,618,0.5024,0.5109,3,0,0,0,0
CUST003142,568,0.4857,0.591,2,0,0,0,1
CUST003143,771,0.3188,0.2196,4,0,0,1,1
CUST003144,571,0.2887,0.6319,1,0,0,0,0
CUST003145,597,0.3969,0.6459,8,1,1,0,0
CUST003146,677,0.1098,0.2729,2,0,1,0,0
CUST003147,758,0.6378,0.0355,5,0,0,2,0
CUST003148,621,0.3454,0.0801,7,0,0,0,0
CUST003149,723,0.2137,0.0248,3,0,0,0,1
CUST003150,802,0.642,0.5295,3,1,0,0,0
CUST003151,810,0.0828,0.4383,7,0,0,1,1
CUST003152,762,0.1441,0.0288,2,0,0,0,0
CUST003153,761,0.1665,0.6157,2,0,0,0,0
CUST003154,738,0.5127,0.1711,3,1,0,0,0
CUST003155,531,0.3123,0.6308,5,0,0,0,0
CUST003156,687,0.4542,0.3674,3,0,0,0,0
CUST003157,689,0.3845,0.5053,7,0,0,0,0
CUST003158,702,0.322,0.2844,9,0,0,0,1
CUST003159,572,0.3121,0.273,2,1,1,0,1
CUST003160,702,0.314,0.275,2,0,0,1,1
CUST003161,742,0.1274,0.4986,4,0,0,0,0
CUST003162,675,0.1099,0.2408,4,0,0,0,1
CUST003163,554,0.5653,0.1635,6,1,0,0,0
CUST003164,597,0.4687,0.35,4,1,0,0,0
CUST003165,686,0.3212,0.0663,7,2,0,0,1
CUST003166,663,0.0898,0.6196,2,0,0,1,1
CUST003167,521,0.0694,0.3396,8,0,0,0,2
CUST003168,680,0.3499,0.0108,5,0,0,0,0
CUST003169,551,0.3302,0.0716,7,0,0,0,1
CUST003170,559,0.5672,0.2783,9,1,1,0,1
CUST003171,549,0.1229,0.6669,3,0,0,0,0
CUST003172,517,0.2475,0.219,4,0,0,0,1
CUST003173,458,0.2618,0.8028,3,0,0,0,1
CUST003174,528,0.2222,0.4353,3,0,0,0,0
CUST003175,663,0.3462,0.2747,4,0,0,0,3
CUST003176,670,0.1411,0.6059,3,0,0,0,1
CUST003177,620,0.2836,0.5983,5,0,0,0,0
CUST003178,621,0.1965,0.1849,6,1,0,1,1
CUST003179,655,0.2577,0.2459,6,1,0,0,0
CUST003180,591,0.1652,0.5579,5,0,0,0,0
CUST003181,584,0.4096,0.1283,3,0,0,0,0
CUST003182,674,0.0086,0.4033,2,0,0,1,0
CUST003183,751,0.2999,0.1002,9,0,0,0,0
CUST003184,573,0.2769,0.1812,1,1,0,0,1
CUST003185,658,0.1564,0.0082,6,0,0,0,0
CUST003186,563,0.3001,0.2273,2,0,0,0,0
CUST003187,689,0.163,0.6382,8,0,0,0,0
CUST003188,876,0.4761,0.4958,4,0,0,0,0
CUST003189,703,0.4575,0.1371,2,1,0,0,2
CUST003190,685,0.3599,0.4094,6,2,0,0,0
CUST003191,689,0.1316,0.4832,7,1,0,0,0
CUST003192,663,0.1008,0.3887,6,0,0,0,0
CUST003193,624,0.2057,0.24,8,1,0,0,0
CUST003194,532,0.4745,0.5845,1,0,0,1,1
CUST003195,650,0.1083,0.0905,3,0,0,0,0
CUST003196,642,0.2405,0.6129,5,0,0,0,0
CUST003197,639,0.3561,0.3691,5,0,0,0,1
CUST003198,671,0.3631,0.185,2,0,1,0,0
CUST003199,700,0.2443,0.4192,3,0,0,0,1
CUST003200,687,0.3756,0.2085,4,1,1,0,1
CUST003201,626,0.1187,0.4778,3,0,0,0,1
CUST003202,687,0.0457,0.3558,4,0,1,0,1
CUST003203,579,0.2843,0.2184,4,0,0,0,0
CUST003204,505,0.0848,0.5882,2,0,0,0,0
CUST003205,603,0.5701,0.3858,3,0,1,0,0
CUST003206,651,0.4088,0.1703,10,0,0,1,0
CUST003207,495,0.3674,0.3856,4,1,0,0,0
CUST003208,659,0.5343,0.0472,4,0,0,0,0
CUST003209,666,0.168,0.1171,3,0,0,0,2
CUST003210,724,0.2652,0.3043,8,0,0,0,0
CUST003211,682,0.1543,0.5473,3,0,0,0,1
CUST003212,531,0.2847,0.476,4,0,0,0,2
CUST003213,677,0.1056,0.3166,3,0,0,0,0
CUST003214,653,0.4837,0.2411,2,1,0,0,0
CUST003215,688,0.2805,0.1813,5,0,0,0,0
CUST003216,745,0.0302,0.3107,3,1,0,0,1
CUST003217,587,0.4769,0.1703,6,0,0,0,0
CUST003218,623,0.0655,0.1522,3,0,0,0,0
CUST003219,648,0.4486,0.4264,3,1,0,0,0
CUST003220,608,0.2132,0.3064,2,0,0,0,1
CUST003221,475,0.4174,0.1401,2,0,0,0,1
CUST003222,727,0.6676,0.186,5,0,0,0,0
CUST003223,461,0.5478,0.2717,3,0,0,0,1
CUST003224,676,0.1166,0.2751,5,0,0,0,1
CUST003225,535,0.4277,0.2528,2,0,0,0,0
CUST003226,559,0.0945,0.1682,4,0,0,0,1
CUST003227,706,0.1768,0.2337,5,0,0,0,0
CUST003228,762,0.1931,0.2095,6,1,0,0,1
CUST003229,679,0.087,0.3304,5,1,0,0,0
CUST003230,626,0.2255,0.283,3,0,0,0,1
CUST003231,635,0.2719,0.5994,7,0,0,0,1
CUST003232,764,0.3839,0.5765,5,0,0,0,1
CUST003233,756,0.2507,0.5363,3,0,0,0,0
CUST003234,695,0.3341,0.2232,5,1,0,0,0
CUST003235,756,0.2911,0.2735,7,0,0,0,2
CUST003236,608,0.0438,0.7491,7,2,0,0,0
CUST003237,713,0.1378,0.3244,6,0,1,0,0
CUST003238,535,0.4018,0.3741,2,0,0,0,1
CUST003239,605,0.2695,0.561,4,0,0,0,1
CUST003240,615,0.6809,0.0794,6,1,0,1,0
CUST003241,754,0.4012,0.1324,3,0,0,0,0
CUST003242,631,0.3923,0.1462,2,0,1,0,0
CUST003243,736,0.121,0.2024,3,0,1,0,0
CUST003244,598,0.0906,0.6077,3,1,1,0,2
CUST003245,717,0.3411,0.2062,4,0,0,0,0
CUST003246,699,0.398,0.474,8,0,0,0,0
CUST003247,451,0.2122,0.6199,5,0,0,1,1
CUST003248,740,0.2666,0.1795,7,1,0,0,1
CUST003249,602,0.4083,0.1706,4,0,0,0,0
CUST003250,539,0.0616,0.0905,4,0,1,0,1
CUST003251,571,0.4065,0.2925,1,0,0,0,0
CUST003252,600,0.2682,0.5721,2,1,0,1,0
CUST003253,575,0.2532,0.4278,2,0,0,1,0
CUST003254,571,0.0158,0.1162,3,0,0,0,0
CUST003255,628,0.3185,0.1435,0,0,0,0,1
CUST003256,689,0.395,0.2384,4,0,0,0,1
CUST003257,754,0.1503,0.3689,3,0,0,1,0
CUST003258,794,0.36,0.2155,7,1,0,0,1
CUST003259,849,0.0957,0.2148,4,0,0,1,0
CUST003260,678,0.2403,0.5758,8,0,0,0,1
CUST003261,637,0.164,0.3861,3,1,1,0,0
CUST003262,715,0.4581,0.6124,1,0,0,0,2
CUST003263,547,0.195,0.4177,5,1,0,0,1
CUST003264,629,0.3145,0.3373,5,0,0,0,0
CUST003265,686,0.4432,0.2418,3,1,0,0,0
CUST003266,566,0.1481,0.2177,4,0,0,0,0
CUST003267,739,0.4635,0.6571,7,0,0,0,0
CUST003268,692,0.8109,0.4293,5,0,0,0,0
CUST003269,616,0.1447,0.3478,4,0,1,0,1
CUST003270,686,0.2432,0.1432,3,0,0,0,0
CUST003271,630,0.2869,0.2256,7,0,0,0,0
CUST003272,493,0.1699,0.111,3,0,0,0,1
CUST003273,749,0.3827,0.4869,8,0,0,0,0
CUST003274,644,0.3942,0.2373,8,0,0,0,0
CUST003275,676,0.2725,0.4416,3,0,0,0,0
CUST003276,709,0.4399,0.3661,6,0,0,0,0
CUST003277,486,0.1936,0.267,3,1,0,0,1
CUST003278,638,0.1668,0.446,5,0,0,0,1
CUST003279,586,0.2052,0.6776,6,1,1,0,0
CUST003280,776,0.4217,0.5899,3,1,0,0,0
CUST003281,646,0.595,0.1666,3,0,0,0,0
CUST003282,637,0.3778,0.4433,2,0,0,1,0
CUST003283,613,0.5153,0.2149,1,0,1,0,0
CUST003284,791,0.1657,0.4,2,2,0,0,1
CUST003285,585,0.1616,0.0509,4,0,0,0,1
CUST003286,558,0.2656,0.1366,4,0,0,0,0
CUST003287,576,0.3687,0.169,7,1,0,0,0
CUST003288,593,0.2895,0.1765,1,1,0,1,0
CUST003289,646,0.1624,0.2795,2,0,0,0,1
CUST003290,712,0.3559,0.1609,2,0,0,0,0
CUST003291,576,0.3984,0.4499,6,2,0,0,0
CUST003292,783,0.2662,0.4346,4,0,0,0,1
CUST003293,678,0.0204,0.2196,5,0,0,1,1
CUST003294,520,0.1828,0.3048,9,0,0,0,0
CUST003295,477,0.1181,0.2117,3,1,0,1,0
CUST003296,652,0.2269,0.1194,6,1,1,0,0
CUST003297,590,0.2941,0.3983,3,0,0,0,1
CUST003298,571,0.2114,0.4696,4,0,1,0,1
CUST003299,595,0.0784,0.0511,2,0,0,1,1
CUST003300,596,0.4749,0.5877,5,0,0,0,0
CUST003301,672,0.0491,0.5776,8,0,1,0,0
CUST003302,692,0.2107,0.4351,1,0,0,1,1
CUST003303,641,0.4967,0.5108,5,0,0,0,0
CUST003304,670,0.4828,0.2513,4,0,0,1,0
CUST003305,560,0.3676,0.3483,4,0,0,0,1
CUST003306,620,0.2341,0.154,8,0,0,0,2
CUST003307,667,0.1362,0.2927,5,0,1,1,0
CUST003308,652,0.3619,0.4149,2,1,0,0,0
CUST003309,718,0.2303,0.1102,7,1,0,0,0
CUST003310,657,0.1718,0.1991,2,0,0,0,0
CUST003311,466,0.4117,0.3492,6,1,0,0,0
CUST003312,598,0.2056,0.1287,6,0,0,0,0
CUST003313,793,0.3927,0.3963,4,1,0,0,0
CUST003314,594,0.1714,0.1191,4,2,0,0,1
CUST003315,630,0.2007,0.7231,4,1,1,0,0
CUST003316,457,0.4635,0.5056,1,0,0,0,0
CUST003317,555,0.1386,0.2488,2,0,0,0,1
CUST003318,585,0.5417,0.3663,7,1,0,0,0
CUST003319,823,0.1651,0.2917,3,0,0,0,0
CUST003320,650,0.6161,0.5532,7,1,1,1,2
CUST003321,634,0.4396,0.724,4,1,0,0,1
CUST003322,620,0.0737,0.8875,5,0,0,0,0
CUST003323,532,0.2388,0.3861,2,1,1,0,0
CUST003324,746,0.5093,0.3914,5,0,1,0,0
CUST003325,493,0.4897,0.2625,4,0,0,0,0
CUST003326,637,0.3589,0.6463,4,1,0,0,1
CUST003327,457,0.278,0.2275,5,0,0,0,0
CUST003328,597,0.2017,0.3154,7,0,0,0,0
CUST003329,441,0.3028,0.3398,5,0,0,0,0
CUST003330,577,0.3896,0.1322,4,0,0,0,0
CUST003331,731,0.132,0.7755,9,0,0,0,0
CUST003332,518,0.2225,0.3124,2,0,0,0,1
CUST003333,596,0.4085,0.4493,4,0,1,0,1
CUST003334,729,0.201,0.3292,3,0,0,0,0
CUST003335,845,0.1792,0.0785,5,0,0,0,2
CUST003336,671,0.4272,0.5552,2,0,0,0,1
CUST003337,607,0.1812,0.2954,6,0,0,0,1
CUST003338,621,0.3944,0.4735,2,0,0,0,0
CUST003339,587,0.3683,0.3365,2,0,0,1,0
CUST003340,629,0.46,0.3796,4,0,0,0,2
CUST003341,900,0.1489,0.2919,6,0,0,0,1
CUST003342,736,0.2282,0.3051,3,0,0,0,0
CUST003343,703,0.1332,0.2783,0,0,0,0,0
CUST003344,682,0.1752,0.2832,5,0,0,0,2
CUST003345,660,0.5353,0.0687,4,0,0,0,0
CUST003346,661,0.4602,0.5678,9,0,1,1,0
CUST003347,797,0.8385,0.2177,6,0,0,0,1
CUST003348,663,0.2455,0.6477,5,0,0,0,2
CUST003349,630,0.3615,0.1384,4,0,0,1,0
CUST003350,556,0.1923,0.2461,2,0,0,0,1
CUST003351,662,0.2016,0.5724,7,0,0,0,0
CUST003352,596,0.2305,0.4329,9,0,0,0,0
CUST003353,634,0.2992,0.1088,0,0,0,0,0
CUST003354,564,0.2483,0.1997,4,0,0,0,0
CUST003355,656,0.0538,0.3888,4,2,0,0,0
CUST003356,591,0.4747,0.1391,2,0,0,0,1
CUST003357,536,0.1744,0.1457,5,0,0,1,0
CUST003358,764,0.0582,0.2693,5,1,1,0,0
CUST003359,519,0.2047,0.0549,2,1,0,0,2
CUST003360,580,0.0605,0.377,5,0,1,0,1
CUST003361,684,0.0511,0.1217,0,0,0,0,1
CUST003362,740,0.2861,0.0652,1,0,0,0,1
CUST003363,647,0.2549,0.2203,3,0,0,0,0
CUST003364,639,0.3765,0.2423,1,0,0,0,0
CUST003365,532,0.5374,0.195,6,0,1,0,1
CUST003366,588,0.2271,0.4449,5,0,0,0,0
CUST003367,498,0.4057,0.6758,6,0,0,0,1
CUST003368,634,0.0917,0.2768,5,0,0,0,1
CUST003369,693,0.7764,0.4643,2,0,0,0,2
CUST003370,685,0.0815,0.2353,1,1,1,0,0
CUST003371,491,0.2112,0.7472,8,0,0,0,1
CUST003372,706,0.4516,0.4636,4,1,0,0,0
CUST003373,766,0.292,0.4557,4,0,0,0,0
CUST003374,616,0.1338,0.3413,4,1,0,0,0
CUST003375,792,0.1228,0.2497,2,0,0,1,0
CUST003376,609,0.2847,0.154,7,0,0,0,0
CUST003377,511,0.1032,0.4116,9,0,0,0,1
CUST003378,637,0.5889,0.1505,8,0,0,0,1
CUST003379,623,0.0116,0.2663,4,0,0,0,0
CUST003380,745,0.3014,0.1134,3,0,0,0,1
CUST003381,560,0.094,0.5502,6,0,0,0,0
CUST003382,686,0.2342,0.1702,5,2,0,1,0
CUST003383,495,0.4061,0.1749,3,0,0,0,0
CUST003384,601,0.6868,0.2262,3,0,1,0,1
CUST003385,616,0.233,0.0146,5,2,0,0,0
CUST003386,605,0.103,0.5602,5,1,0,0,1
CUST003387,509,0.3409,0.2802,2,1,0,1,1
CUST003388,601,0.273,0.0452,4,1,0,0,0
CUST003389,653,0.6204,0.2415,3,2,0,0,0
CUST003390,746,0.4109,0.3516,4,1,0,0,1
CUST003391,581,0.3991,0.1455,4,0,1,0,0
CUST003392,558,0.3219,0.3975,2,0,0,1,1
CUST003393,854,0.2498,0.3786,5,0,1,0,0
CUST003394,458,0.7459,0.3149,2,0,0,0,1
CUST003395,581,0.1137,0.2512,5,0,0,0,0
CUST003396,555,0.1663,0.1707,7,0,0,1,1
CUST003397,499,0.298,0.3875,1,0,1,0,0
CUST003398,642,0.3139,0.5719,4,0,0,1,1
CUST003399,748,0.1047,0.2059,3,1,0,0,0
CUST003400,744,0.0621,0.1381,4,0,0,0,0
CUST003401,702,0.4103,0.437,4,1,1,0,1
CUST003402,757,0.1868,0.2069,5,0,1,0,0
CUST003403,629,0.2522,0.153,4,0,0,0,2
CUST003404,650,0.4734,0.0892,2,0,0,0,0
CUST003405,672,0.2737,0.4086,9,0,0,0,3
CUST003406,764,0.4787,0.187,2,4,0,0,0
CUST003407,614,0.1034,0.3272,8,0,0,0,1
CUST003408,758,0.1249,0.512,9,0,0,1,1
CUST003409,792,0.3515,0.2787,3,1,0,0,0
CUST003410,678,0.3106,0.1355,3,0,0,0,0
CUST003411,723,0.1948,0.5703,5,0,0,0,1
CUST003412,544,0.476,0.0966,6,0,0,0,1
CUST003413,701,0.4672,0.194,5,1,0,0,1
CUST003414,701,0.2855,0.2084,3,0,0,0,1
CUST003415,673,0.202,0.2248,5,0,0,0,0
CUST003416,729,0.4758,0.4379,4,1,0,0,0
CUST003417,665,0.1159,0.0869,2,0,0,0,1
CUST003418,620,0.5639,0.423,6,0,0,1,0
CUST003419,640,0.1155,0.5587,4,0,0,0,0
CUST003420,642,0.4132,0.1377,7,0,0,0,0
CUST003421,649,0.0697,0.0628,2,0,0,0,0
CUST003422,617,0.4469,0.4424,2,1,0,0,0
CUST003423,613,0.3787,0.2203,4,0,0,0,2
CUST003424,708,0.274,0.3862,4,0,0,0,0
CUST003425,654,0.1607,0.229,4,0,0,0,0
CUST003426,546,0.5534,0.1581,5,0,0,0,1
CUST003427,701,0.4916,0.3048,2,0,0,0,0
CUST003428,569,0.3097,0.2909,4,2,0,1,0
CUST003429,820,0.1735,0.1522,3,0,0,0,0
CUST003430,559,0.1144,0.4463,4,1,0,0,0
CUST003431,823,0.2322,0.2671,4,0,0,0,2
CUST003432,691,0.4445,0.3136,2,1,0,0,0
CUST003433,612,0.0634,0.2102,4,2,0,0,0
CUST003434,580,0.5089,0.6402,2,0,0,0,1
CUST003435,703,0.2914,0.4925,2,0,0,0,0
CUST003436,617,0.5665,0.4747,6,0,0,0,1
CUST003437,584,0.1788,0.3049,7,0,0,0,2
CUST003438,594,0.1139,0.3311,4,1,0,0,0
CUST003439,648,0.3109,0.3192,3,0,0,1,0
CUST003440,657,0.0929,0.1938,2,0,0,1,0
CUST003441,759,0.4903,0.1388,4,0,0,0,0
CUST003442,629,0.2111,0.2989,10,1,0,0,0
CUST003443,701,0.1242,0.1005,5,0,0,0,0
CUST003444,611,0.1192,0.2029,5,0,0,1,2
CUST003445,568,0.274,0.1899,3,0,0,0,0
CUST003446,586,0.4329,0.392,2,0,0,0,0
CUST003447,366,0.3233,0.5174,7,0,1,1,0
CUST003448,652,0.2136,0.6398,1,0,1,0,1
CUST003449,611,0.6959,0.3304,1,0,0,0,0
CUST003450,630,0.245,0.5239,3,0,0,0,4
CUST003451,600,0.3661,0.3647,2,1,0,0,0
CUST003452,654,0.5101,0.4399,2,0,0,0,0
CUST003453,773,0.0362,0.6351,4,0,1,0,1
CUST003454,709,0.0858,0.2891,4,0,0,0,2
CUST003455,571,0.3849,0.3509,3,0,1,0,1
CUST003456,782,0.2741,0.4467,6,1,1,0,0
CUST003457,871,0.2107,0.3933,2,1,0,0,0
CUST003458,647,0.1384,0.4369,7,0,0,0,0
CUST003459,641,0.0852,0.0971,4,0,0,0,1
CUST003460,725,0.2049,0.4534,6,0,0,0,1
CUST003461,709,0.3195,0.4514,5,2,1,0,1
CUST003462,612,0.4053,0.1848,2,1,0,0,1
CUST003463,604,0.5535,0.3345,3,0,0,0,0
CUST003464,610,0.2092,0.2556,2,0,0,0,0
CUST003465,763,0.0909,0.098,8,0,0,0,0
CUST003466,619,0.062,0.0522,3,0,0,0,0
CUST003467,650,0.2502,0.222,4,1,0,0,0
CUST003468,739,0.1882,0.8122,3,0,0,0,0
CUST003469,764,0.6373,0.1213,6,1,0,0,0
CUST003470,568,0.2018,0.6385,3,1,1,0,0
CUST003471,539,0.4945,0.1818,3,0,0,0,2
CUST003472,680,0.1256,0.4047,6,0,0,0,0
CUST003473,659,0.2221,0.3375,4,0,0,1,0
CUST003474,719,0.074,0.3224,3,0,0,0,2
CUST003475,521,0.6394,0.5036,7,1,0,0,0
CUST003476,620,0.3389,0.1306,9,1,0,0,0
CUST003477,669,0.3821,0.076,3,1,0,0,0
CUST003478,562,0.2425,0.2658,3,0,2,0,1
CUST003479,694,0.2667,0.2188,2,0,0,0,2
CUST003480,759,0.1301,0.534,5,0,1,0,1
CUST003481,564,0.3893,0.0786,4,0,0,0,0
CUST003482,722,0.0309,0.4737,2,0,0,1,0
CUST003483,640,0.4473,0.3597,2,0,0,0,0
CUST003484,595,0.3289,0.4048,1,2,0,0,0
CUST003485,609,0.0933,0.0985,2,0,0,0,0
CUST003486,732,0.4828,0.2942,4,0,0,0,0
CUST003487,612,0.1759,0.1685,2,1,0,0,0
CUST003488,615,0.3908,0.2234,5,0,0,0,1
CUST003489,742,0.3487,0.1939,8,0,0,0,1
CUST003490,722,0.4804,0.2674,4,1,0,0,0
CUST003491,609,0.0942,0.3528,4,0,0,0,0
CUST003492,817,0.314,0.5747,0,0,0,0,0
CUST003493,729,0.2553,0.1109,4,0,1,0,0
CUST003494,789,0.3382,0.2836,5,1,1,0,1
CUST003495,810,0.5704,0.1272,4,0,0,0,0
CUST003496,599,0.4634,0.3309,6,0,0,1,1
CUST003497,589,0.1442,0.6147,7,0,0,0,0
CUST003498,486,0.4128,0.641,0,2,0,0,0
CUST003499,783,0.0652,0.3626,6,0,0,0,1
CUST003500,502,0.5036,0.17,2,0,0,0,1
CUST003501,675,0.208,0.1646,3,0,0,0,0
CUST003502,547,0.0197,0.1507,3,0,0,0,0
CUST003503,640,0.4675,0.1494,8,2,0,1,1
CUST003504,649,0.1605,0.1683,3,0,0,0,0
CUST003505,812,0.2948,0.1357,3,0,0,0,0
CUST003506,708,0.2828,0.5246,3,0,0,0,1
CUST003507,900,0.1436,0.3805,5,0,0,0,1
CUST003508,669,0.5212,0.0895,4,2,0,0,0
CUST003509,677,0.1908,0.2149,9,1,0,0,0
CUST003510,552,0.4852,0.2054,3,0,0,0,0
CUST003511,589,0.2651,0.0611,9,0,0,0,0
CUST003512,520,0.2895,0.5191,3,0,0,0,0
CUST003513,646,0.1932,0.5918,0,0,0,0,0
CUST003514,579,0.3522,0.2648,1,0,0,0,0
CUST003515,614,0.1454,0.2443,0,0,1,0,0
CUST003516,534,0.2883,0.1148,3,0,0,0,0
CUST003517,579,0.4925,0.1728,5,0,0,0,1
CUST003518,652,0.5173,0.2239,5,0,0,0,1
CUST003519,471,0.177,0.1478,5,2,0,0,0
CUST003520,814,0.2079,0.3233,3,1,0,1,1
CUST003521,772,0.1821,0.4697,3,1,0,0,0
CUST003522,859,0.1971,0.4355,4,1,0,0,0
CUST003523,561,0.451,0.2508,4,0,0,0,1
CUST003524,605,0.4994,0.3042,2,1,1,0,1
CUST003525,836,0.0849,0.2971,3,1,0,0,1
CUST003526,809,0.3315,0.4924,4,0,0,0,1
CUST003527,608,0.2553,0.2772,1,0,0,0,0
CUST003528,545,0.4221,0.2518,4,1,0,0,0
CUST003529,817,0.2491,0.2201,4,1,0,0,0
CUST003530,586,0.4406,0.5285,2,0,0,0,0
CUST003531,708,0.3533,0.1846,3,3,0,0,1
CUST003532,704,0.2497,0.5144,4,0,0,0,0
CUST003533,621,0.1539,0.4497,3,1,0,0,0
CUST003534,535,0.2687,0.2667,9,0,1,0,0
CUST003535,748,0.1361,0.3467,0,1,0,0,0
CUST003536,530,0.3534,0.1552,2,1,0,0,0
CUST003537,515,0.1208,0.401,9,1,0,1,1
CUST003538,654,0.4162,0.6268,4,0,0,0,0
CUST003539,527,0.1815,0.6965,5,0,0,0,0
CUST003540,683,0.698,0.4754,3,0,0,0,0
CUST003541,786,0.0774,0.1443,4,0,0,0,1
CUST003542,744,0.1003,0.2259,8,0,0,0,0
CUST003543,804,0.127,0.0965,2,0,0,0,0
CUST003544,722,0.2574,0.1405,6,0,0,0,0
CUST003545,622,0.118,0.8246,6,0,2,0,2
CUST003546,531,0.1144,0.3861,4,1,0,0,0
CUST003547,545,0.2261,0.1438,5,1,0,0,1
CUST003548,714,0.4399,0.2343,1,1,0,0,0
CUST003549,717,0.1778,0.3001,6,0,0,0,0
CUST003550,587,0.2588,0.4887,1,0,0,0,0
CUST003551,632,0.1808,0.4048,3,0,0,0,3
CUST003552,710,0.0736,0.5759,4,0,0,0,1
CUST003553,610,0.182,0.527,6,0,0,0,2
CUST003554,812,0.103,0.7674,5,1,0,0,1
CUST003555,677,0.1911,0.2663,3,0,0,0,0
CUST003556,717,0.6006,0.4444,2,0,0,0,1
CUST003557,643,0.2307,0.3364,2,0,0,0,0
CUST003558,688,0.1202,0.245,4,0,1,1,0
CUST003559,514,0.1866,0.3467,3,0,0,0,0
CUST003560,647,0.2161,0.2936,8,0,1,0,0
CUST003561,581,0.2314,0.3603,6,0,0,0,1
CUST003562,876,0.4293,0.2666,4,1,0,0,1
CUST003563,665,0.1767,0.2966,4,0,0,0,1
CUST003564,633,0.4663,0.1323,1,0,0,0,0
CUST003565,685,0.4303,0.2398,4,0,0,0,1
CUST003566,679,0.121,0.0578,3,0,0,0,0
CUST003567,650,0.5366,0.2706,8,0,0,0,0
CUST003568,710,0.5509,0.2447,4,0,0,0,0
CUST003569,702,0.522,0.5883,3,0,0,0,0
CUST003570,657,0.41,0.4206,6,0,0,0,0
CUST003571,786,0.1837,0.5743,2,0,0,0,0
CUST003572,507,0.1192,0.0822,6,0,0,0,0
CUST003573,612,0.291,0.339,5,0,0,0,1
CUST003574,614,0.3316,0.2915,5,1,0,1,0
CUST003575,647,0.4691,0.229,2,0,1,0,1
CUST003576,624,0.1522,0.7297,4,0,0,0,0
CUST003577,601,0.0518,0.2107,3,0,1,0,1
CUST003578,762,0.041,0.1833,3,0,1,0,1
CUST003579,561,0.1361,0.3249,3,0,0,1,1
CUST003580,692,0.2709,0.17,2,3,2,0,2
CUST003581,603,0.4074,0.4907,1,0,0,0,0
CUST003582,684,0.2452,0.2222,1,0,1,0,0
CUST003583,768,0.5893,0.4505,3,0,0,0,0
CUST003584,364,0.3065,0.2453,2,0,0,0,0
CUST003585,575,0.4519,0.5158,8,0,0,0,0
CUST003586,576,0.0934,0.4391,7,1,0,0,1
CUST003587,636,0.2443,0.3851,2,0,1,0,0
CUST003588,732,0.1034,0.4419,3,0,1,0,0
CUST003589,816,0.0466,0.0961,3,2,0,0,0
CUST003590,731,0.3514,0.2019,6,0,0,0,0
CUST003591,637,0.1608,0.175,3,0,0,0,0
CUST003592,604,0.571,0.558,5,0,0,0,1
CUST003593,786,0.3135,0.0784,5,0,1,0,0
CUST003594,516,0.4445,0.0325,4,0,0,0,1
CUST003595,686,0.2227,0.2461,1,0,0,0,1
CUST003596,758,0.0762,0.3664,5,0,0,0,0
CUST003597,623,0.2525,0.5173,3,0,0,0,0
CUST003598,678,0.4471,0.1862,2,1,0,0,0
CUST003599,529,0.3271,0.4918,6,0,0,0,1
CUST003600,695,0.2592,0.4945,2,0,0,0,0
CUST003601,656,0.2947,0.1691,2,0,0,0,0
CUST003602,699,0.2546,0.1347,2,0,0,0,0
CUST003603,610,0.1114,0.6944,3,1,0,0,1
CUST003604,550,0.1122,0.1791,4,0,0,0,0
CUST003605,749,0.3213,0.3787,4,2,0,0,0
CUST003606,751,0.1903,0.1519,2,0,0,0,1
CUST003607,701,0.3036,0.0771,3,0,0,0,1
CUST003608,686,0.1904,0.3089,3,1,0,0,1
CUST003609,433,0.2027,0.462,1,1,0,0,1
CUST003610,759,0.3871,0.3801,6,0,1,0,1
CUST003611,693,0.3637,0.5692,0,0,0,0,1
CUST003612,764,0.5075,0.2968,3,1,0,1,0
CUST003613,543,0.4603,0.4684,4,0,0,0,2
CUST003614,709,0.2209,0.1731,1,0,0,0,2
CUST003615,703,0.036,0.3139,5,0,0,0,1
CUST003616,342,0.063,0.2219,3,1,1,0,1
CUST003617,641,0.4906,0.4479,4,0,0,0,0
CUST003618,649,0.4813,0.2491,3,0,0,0,0
CUST003619,563,0.2517,0.1863,6,0,0,0,0
CUST003620,693,0.5179,0.2246,10,0,1,0,0
CUST003621,670,0.2356,0.545,6,0,0,0,1
CUST003622,592,0.2812,0.3398,3,0,1,1,2
CUST003623,602,0.1959,0.1327,5,0,0,0,0
CUST003624,500,0.3433,0.6423,5,0,0,0,0
CUST003625,690,0.3755,0.2657,1,0,0,0,1
CUST003626,678,0.0481,0.1616,3,0,0,0,0
CUST003627,639,0.1857,0.2226,6,0,0,0,0
CUST003628,625,0.1241,0.3178,3,1,0,0,0
CUST003629,717,0.46,0.1774,5,0,1,0,0
CUST003630,664,0.2431,0.1324,1,1,0,0,1
CUST003631,724,0.3017,0.4098,4,1,0,0,0
CUST003632,669,0.4442,0.526,7,0,0,0,2
CUST003633,733,0.5575,0.0647,4,0,1,0,0
CUST003634,727,0.0047,0.2613,6,0,0,0,1
CUST003635,736,0.4833,0.1684,5,1,0,0,0
CUST003636,595,0.1698,0.3806,7,0,0,1,2
CUST003637,711,0.1746,0.6333,5,0,0,0,0
CUST003638,650,0.034,0.1524,5,0,0,0,0
CUST003639,638,0.0149,0.174,1,0,0,0,0
CUST003640,607,0.4132,0.1287,6,0,0,0,1
CUST003641,680,0.5603,0.1057,2,2,0,0,0
CUST003642,475,0.3064,0.8108,7,1,0,0,0
CUST003643,681,0.1577,0.4356,3,0,0,0,0
CUST003644,681,0.2342,0.6415,6,0,0,1,0
CUST003645,746,0.1312,0.5227,8,0,0,0,0
CUST003646,662,0.4311,0.1243,3,0,0,0,1
CUST003647,774,0.3591,0.1716,7,1,0,0,1
CUST003648,615,0.1185,0.6221,5,0,0,0,1
CUST003649,604,0.1359,0.4592,6,1,0,0,0
CUST003650,794,0.119,0.4344,6,1,0,0,0
CUST003651,598,0.2318,0.194,3,0,0,0,0
CUST003652,450,0.1992,0.4748,8,1,0,0,0
CUST003653,795,0.1831,0.494,4,0,0,0,0
CUST003654,802,0.3385,0.3694,1,1,0,0,0
CUST003655,636,0.2132,0.5736,3,1,0,0,0
CUST003656,644,0.3416,0.4899,4,2,0,0,1
CUST003657,605,0.4191,0.4086,6,0,1,0,1
CUST003658,819,0.1357,0.345,2,0,2,0,1
CUST003659,788,0.7156,0.1885,2,0,1,0,0
CUST003660,601,0.4099,0.3312,4,0,0,0,0
CUST003661,663,0.3643,0.8131,3,1,1,0,0
CUST003662,812,0.3959,0.6705,4,1,0,0,0
CUST003663,836,0.349,0.3671,3,2,0,0,0
CUST003664,688,0.234,0.7671,6,0,0,0,0
CUST003665,702,0.8541,0.6794,3,0,2,0,0
CUST003666,655,0.4893,0.1419,5,0,0,0,0
CUST003667,607,0.1241,0.5726,3,1,0,0,0
CUST003668,715,0.3733,0.1206,3,1,0,0,0
CUST003669,806,0.1449,0.4654,4,1,0,0,0
CUST003670,583,0.1033,0.732,4,0,0,0,0
CUST003671,681,0.3211,0.4497,5,1,0,0,0
CUST003672,677,0.0636,0.1257,1,1,0,0,0
CUST003673,542,0.4361,0.1278,6,1,0,0,1
CUST003674,666,0.2931,0.4882,1,0,0,0,0
CUST003675,648,0.3269,0.2018,1,0,0,0,2
CUST003676,624,0.4307,0.2946,6,2,0,0,0
CUST003677,789,0.0668,0.8383,2,0,0,0,1
CUST003678,626,0.1268,0.3176,4,0,0,0,0
CUST003679,582,0.5136,0.1808,5,1,0,1,0
CUST003680,725,0.0732,0.2317,4,0,1,0,1
CUST003681,689,0.2919,0.3231,4,1,0,0,0
CUST003682,671,0.0674,0.4409,3,0,0,1,1
CUST003683,727,0.2247,0.5328,3,0,0,0,0
CUST003684,652,0.2238,0.0928,8,0,0,0,0
CUST003685,635,0.1845,0.2804,6,1,0,0,0
CUST003686,595,0.267,0.2954,6,0,0,0,0
CUST003687,740,0.2584,0.6338,2,0,0,0,0
CUST003688,791,0.3099,0.3134,3,0,0,0,0
CUST003689,873,0.2705,0.5272,5,0,1,0,0
CUST003690,724,0.4922,0.0953,8,0,0,0,1
CUST003691,822,0.1662,0.3857,2,1,0,0,0
CUST003692,605,0.3748,0.2735,6,2,0,0,0
CUST003693,583,0.1805,0.4504,6,0,0,0,0
CUST003694,556,0.4593,0.3395,3,0,0,0,0
CUST003695,664,0.0265,0.1884,4,0,1,0,1
CUST003696,632,0.2653,0.0334,6,0,0,0,0
CUST003697,815,0.1292,0.2425,3,0,0,0,0
CUST003698,627,0.2049,0.2,3,0,0,0,1
CUST003699,634,0.3998,0.4427,3,0,0,0,0
CUST003700,737,0.0495,0.2184,4,0,0,0,0
CUST003701,762,0.0112,0.009,5,0,0,0,1
CUST003702,710,0.3207,0.4656,2,0,0,0,0
CUST003703,732,0.4613,0.4157,5,1,1,0,0
CUST003704,734,0.1452,0.4922,5,0,0,0,0
CUST003705,840,0.3205,0.2739,1,0,0,0,0
CUST003706,495,0.2551,0.0679,8,0,0,0,0
CUST003707,605,0.6134,0.4504,5,2,0,0,0
CUST003708,801,0.2178,0.2958,3,0,0,0,0
CUST003709,656,0.1827,0.4006,5,0,0,0,1
CUST003710,729,0.1224,0.4179,7,0,0,0,0
CUST003711,440,0.2754,0.5016,2,0,0,0,1
CUST003712,594,0.4521,0.0567,5,1,1,0,0
CUST003713,494,0.6682,0.4631,1,0,0,0,0
CUST003714,597,0.2462,0.3356,12,0,0,0,0
CUST003715,627,0.2814,0.2291,8,0,0,0,0
CUST003716,684,0.3588,0.3118,4,0,0,0,0
CUST003717,775,0.2966,0.5003,7,0,0,0,2
CUST003718,722,0.1642,0.37,3,1,1,0,0
CUST003719,713,0.2157,0.364,3,0,0,0,0
CUST003720,615,0.0161,0.3414,2,0,0,0,2
CUST003721,549,0.4778,0.1861,4,1,0,0,0
CUST003722,643,0.237,0.2789,4,1,0,0,0
CUST003723,580,0.5168,0.3209,3,0,0,0,1
CUST003724,571,0.2433,0.2456,2,1,0,0,0
CUST003725,525,0.6123,0.1307,2,1,1,0,1
CUST003726,659,0.4192,0.4052,6,0,0,1,2
CUST003727,667,0.556,0.1617,5,0,0,0,0
CUST003728,763,0.3069,0.4533,3,0,0,0,0
CUST003729,767,0.522,0.3039,8,0,0,0,1
CUST003730,711,0.5325,0.5578,3,0,0,0,0
CUST003731,900,0.0797,0.4689,6,1,0,0,0
CUST003732,598,0.1905,0.2447,3,1,0,0,0
CUST003733,622,0.4804,0.4189,4,0,0,0,0
CUST003734,634,0.1676,0.4992,5,0,0,0,0
CUST003735,629,0.2878,0.1175,6,0,0,1,1
CUST003736,506,0.2255,0.1441,4,0,0,0,0
CUST003737,600,0.3756,0.1772,2,0,0,0,1
CUST003738,691,0.5263,0.2381,5,0,0,0,0
CUST003739,754,0.4652,0.4851,5,0,0,0,0
CUST003740,538,0.0644,0.7985,2,0,0,0,1
CUST003741,548,0.6453,0.3898,6,0,0,0,1
CUST003742,567,0.3179,0.4478,1,1,0,0,1
CUST003743,697,0.5468,0.357,9,0,0,0,0
CUST003744,570,0.1695,0.4101,10,0,1,0,1
CUST003745,530,0.4557,0.3573,4,0,0,0,1
CUST003746,528,0.3525,0.1905,2,0,0,0,1
CUST003747,632,0.4414,0.0721,3,0,0,0,1
CUST003748,654,0.0556,0.502,6,1,0,0,0
CUST003749,728,0.0873,0.5271,1,0,0,0,1
CUST003750,716,0.5123,0.1096,7,0,0,0,1
CUST003751,751,0.4243,0.5441,4,0,0,1,0
CUST003752,653,0.2015,0.0489,4,0,0,0,1
CUST003753,578,0.2867,0.5473,5,0,0,0,0
CUST003754,680,0.3442,0.2084,4,0,0,0,0
CUST003755,537,0.0856,0.6278,1,0,0,1,1
CUST003756,698,0.1563,0.096,6,0,0,0,0
CUST003757,689,0.2061,0.2755,7,0,0,0,0
CUST003758,765,0.6919,0.376,4,0,1,0,2
CUST003759,741,0.4087,0.3519,6,0,0,0,1
CUST003760,703,0.2726,0.4659,2,0,0,0,0
CUST003761,499,0.2983,0.2584,4,0,0,0,1
CUST003762,615,0.0954,0.293,8,1,0,0,0
CUST003763,712,0.2661,0.405,3,0,0,0,0
CUST003764,787,0.1086,0.6425,3,1,0,0,0
CUST003765,716,0.0253,0.2832,1,0,0,0,0
CUST003766,535,0.343,0.366,4,0,0,0,0
CUST003767,805,0.2398,0.1504,6,0,0,0,0
CUST003768,663,0.3204,0.3169,2,1,0,0,1
CUST003769,701,0.1761,0.3218,7,1,0,0,1
CUST003770,709,0.2178,0.1453,7,0,0,0,0
CUST003771,597,0.2292,0.2454,2,0,0,0,0
CUST003772,580,0.313,0.3298,5,0,0,0,0
CUST003773,678,0.1669,0.3966,1,0,0,0,0
CUST003774,582,0.0931,0.2514,3,0,0,0,1
CUST003775,606,0.2244,0.3627,5,0,0,0,0
CUST003776,626,0.5388,0.1156,4,2,0,1,2
CUST003777,491,0.0394,0.611,2,0,0,0,1
CUST003778,716,0.203,0.3766,2,1,0,0,0
CUST003779,764,0.0843,0.5557,4,0,0,0,2
CUST003780,705,0.3002,0.3682,5,0,0,0,0
CUST003781,475,0.1775,0.2256,3,0,0,0,1
CUST003782,691,0.3318,0.0283,4,0,0,1,0
CUST003783,755,0.211,0.4937,3,0,0,0,1
CUST003784,614,0.2075,0.1688,3,0,1,0,1
CUST003785,682,0.0924,0.2828,3,1,0,0,0
CUST003786,705,0.524,0.116,3,0,1,0,1
CUST003787,579,0.1424,0.3153,2,0,0,0,0
CUST003788,576,0.1785,0.2696,5,0,2,0,0
CUST003789,475,0.685,0.1926,7,0,0,0,1
CUST003790,603,0.0427,0.7265,4,0,0,0,0
CUST003791,573,0.0735,0.57,4,1,0,0,0
CUST003792,629,0.3842,0.1244,6,0,0,0,0
CUST003793,735,0.4087,0.1019,3,1,0,0,0
CUST003794,724,0.2917,0.7584,3,0,0,0,0
CUST003795,547,0.1662,0.4785,2,1,0,1,0
CUST003796,623,0.3693,0.7167,9,0,0,0,0
CUST003797,662,0.599,0.0833,2,1,0,0,0
CUST003798,419,0.2176,0.1583,3,1,0,0,0
CUST003799,645,0.3844,0.6391,5,0,0,0,0
CUST003800,629,0.3264,0.6656,3,0,1,1,1
CUST003801,629,0.633,0.4929,4,0,0,0,2
CUST003802,680,0.2971,0.1217,3,0,0,0,2
CUST003803,549,0.2315,0.1665,3,1,0,1,1
CUST003804,695,0.3667,0.4695,3,2,0,0,1
CUST003805,667,0.064,0.5794,5,1,0,0,0
CUST003806,785,0.1841,0.2656,3,0,0,0,1
CUST003807,651,0.0674,0.5175,3,0,0,0,2
CUST003808,777,0.2874,0.3181,6,0,0,1,1
CUST003809,786,0.1647,0.4641,1,0,0,0,1
CUST003810,684,0.5888,0.4919,3,0,1,1,1
CUST003811,642,0.2295,0.6152,2,0,0,0,0
CUST003812,588,0.3213,0.4862,0,1,1,0,0
CUST003813,677,0.0774,0.4643,1,1,0,0,0
CUST003814,812,0.2619,0.3941,5,0,0,0,1
CUST003815,678,0.059,0.2414,4,1,0,0,2
CUST003816,683,0.2004,0.1928,5,1,0,0,1
CUST003817,790,0.1052,0.1132,6,0,0,0,1
CUST003818,816,0.5775,0.4832,4,0,0,1,3
CUST003819,650,0.3552,0.1407,6,0,0,0,1
CUST003820,689,0.3753,0.4198,7,0,0,0,1
CUST003821,573,0.1352,0.2683,8,1,0,0,1
CUST003822,671,0.4415,0.6224,1,2,1,0,1
CUST003823,699,0.0956,0.51,2,2,0,0,1
CUST003824,651,0.2982,0.3769,1,0,1,0,0
CUST003825,594,0.5454,0.3686,1,0,0,0,0
CUST003826,579,0.2541,0.1477,3,1,0,0,1
CUST003827,735,0.3653,0.3419,2,0,0,0,0
CUST003828,690,0.4196,0.8231,7,0,0,0,1
CUST003829,658,0.5166,0.3828,5,0,0,0,1
CUST003830,531,0.2245,0.164,4,0,0,1,0
CUST003831,647,0.4652,0.25,2,1,0,0,0
CUST003832,620,0.3001,0.2302,3,1,1,0,0
CUST003833,525,0.5619,0.2318,3,0,0,0,0
CUST003834,740,0.6203,0.5095,7,1,0,0,0
CUST003835,718,0.2144,0.4479,6,0,0,0,0
CUST003836,667,0.2571,0.162,4,1,0,0,0
CUST003837,514,0.2241,0.3714,1,1,0,0,1
CUST003838,731,0.0339,0.1695,4,0,0,0,0
CUST003839,669,0.2068,0.1846,3,0,0,0,1
CUST003840,664,0.1132,0.1659,5,0,2,0,0
CUST003841,667,0.238,0.2702,6,0,1,0,2
CUST003842,583,0.213,0.4646,2,1,0,0,1
CUST003843,653,0.1775,0.5786,5,0,0,0,0
CUST003844,751,0.1791,0.2354,2,0,0,0,0
CUST003845,513,0.2881,0.1358,6,0,0,0,2
CUST003846,740,0.0759,0.518,6,0,0,1,2
CUST003847,685,0.3225,0.4194,2,1,0,1,0
CUST003848,705,0.4091,0.1953,6,0,0,0,0
CUST003849,635,0.7198,0.2975,5,0,0,0,0
CUST003850,636,0.499,0.3339,4,3,1,0,0
CUST003851,533,0.0856,0.3469,4,0,0,0,1
CUST003852,619,0.2228,0.6926,6,1,0,0,1
CUST003853,679,0.3285,0.2749,5,0,0,0,1
CUST003854,785,0.1782,0.1898,5,2,0,0,2
CUST003855,673,0.4287,0.4823,3,0,1,0,0
CUST003856,529,0.3151,0.3032,4,0,0,0,0
CUST003857,646,0.654,0.4668,3,0,0,0,0
CUST003858,597,0.4439,0.1058,3,1,0,0,0
CUST003859,644,0.2028,0.3694,3,0,1,0,1
CUST003860,659,0.3385,0.7215,4,1,0,0,0
CUST003861,828,0.049,0.4226,4,2,2,0,1
CUST003862,684,0.2706,0.2353,2,0,1,0,0
CUST003863,684,0.434,0.7552,4,0,0,0,0
CUST003864,692,0.2116,0.3257,8,0,0,0,0
CUST003865,597,0.171,0.3483,3,0,0,1,0
CUST003866,787,0.5919,0.056,2,1,0,0,1
CUST003867,685,0.3326,0.2882,7,0,0,1,0
CUST003868,629,0.1191,0.6814,6,0,0,0,1
CUST003869,704,0.1489,0.6022,7,0,0,0,0
CUST003870,776,0.2541,0.1177,5,0,0,0,0
CUST003871,681,0.1142,0.2993,0,1,0,0,1
CUST003872,651,0.1325,0.0881,7,0,0,0,1
CUST003873,655,0.2709,0.1814,8,1,0,0,2
CUST003874,717,0.2006,0.3734,5,0,0,1,0
CUST003875,693,0.682,0.0214,2,0,0,1,1
CUST003876,672,0.4271,0.1313,1,0,0,0,0
CUST003877,635,0.2267,0.7018,2,0,0,0,1
CUST003878,678,0.3069,0.3756,1,0,0,0,2
CUST003879,524,0.1682,0.4942,5,1,0,0,0
CUST003880,765,0.3163,0.1892,3,0,0,0,0
CUST003881,658,0.3314,0.5712,2,0,1,0,2
CUST003882,555,0.0432,0.1374,2,0,0,0,0
CUST003883,623,0.1511,0.3217,7,1,0,0,0
CUST003884,722,0.5936,0.0926,5,0,0,0,0
CUST003885,790,0.1446,0.4194,1,0,0,0,0
CUST003886,698,0.23,0.5487,2,0,0,0,0
CUST003887,710,0.0906,0.3457,5,0,0,1,0
CUST003888,618,0.2789,0.6716,2,0,0,0,2
CUST003889,825,0.2814,0.6225,1,1,0,0,1
CUST003890,635,0.1642,0.1878,2,0,1,0,1
CUST003891,658,0.1121,0.2108,4,0,0,0,1
CUST003892,659,0.2842,0.5163,6,1,0,0,0
CUST003893,796,0.4011,0.1928,5,1,0,0,1
CUST003894,684,0.1101,0.1226,4,0,0,1,0
CUST003895,728,0.6521,0.6748,6,0,0,0,1
CUST003896,604,0.2012,0.6469,5,0,0,0,1
CUST003897,692,0.0976,0.2338,6,0,0,0,1
CUST003898,606,0.2865,0.4773,5,0,0,0,1
CUST003899,600,0.2202,0.1772,2,0,0,0,0
CUST003900,711,0.6134,0.5861,2,0,1,0,0
CUST003901,625,0.3485,0.2081,5,0,0,0,0
CUST003902,594,0.2062,0.195,2,0,1,0,0
CUST003903,763,0.3952,0.4829,3,0,0,0,1
CUST003904,579,0.1721,0.4157,5,0,0,0,0
CUST003905,824,0.0911,0.4295,6,1,1,0,2
CUST003906,746,0.2564,0.2676,6,0,0,0,0
CUST003907,806,0.5573,0.0478,4,0,0,0,0
CUST003908,589,0.5449,0.6183,2,0,1,0,0
CUST003909,713,0.0833,0.816,6,0,0,0,0
CUST003910,670,0.4131,0.2608,6,0,0,0,0
CUST003911,734,0.1637,0.2223,6,1,0,0,0
CUST003912,601,0.3393,0.2507,6,1,0,0,0
CUST003913,749,0.4357,0.3644,6,0,0,0,1
CUST003914,706,0.1728,0.4093,5,0,1,0,0
CUST003915,636,0.1996,0.1537,3,0,0,0,1
CUST003916,514,0.0944,0.136,6,0,0,0,1
CUST003917,741,0.1025,0.4185,3,0,0,0,1
CUST003918,639,0.1445,0.4458,6,0,0,0,0
CUST003919,577,0.1648,0.2276,3,0,0,0,1
CUST003920,609,0.1151,0.3041,5,0,1,0,0
CUST003921,708,0.0856,0.4049,2,0,0,0,0
CUST003922,637,0.0976,0.28,2,0,0,0,0
CUST003923,664,0.1766,0.3543,7,1,0,0,2
CUST003924,675,0.2059,0.3032,2,0,0,0,2
CUST003925,561,0.0598,0.125,5,1,0,0,2
CUST003926,703,0.2602,0.1011,7,0,0,0,0
CUST003927,708,0.0334,0.5289,7,0,0,0,0
CUST003928,841,0.399,0.2301,1,0,0,0,1
CUST003929,710,0.0518,0.5205,5,0,0,0,1
CUST003930,681,0.1352,0.6148,3,0,0,0,1
CUST003931,502,0.1437,0.3396,4,1,1,0,0
CUST003932,711,0.4515,0.3595,4,0,1,0,0
CUST003933,817,0.3349,0.2907,7,0,0,0,1
CUST003934,602,0.3184,0.5271,2,0,0,0,0
CUST003935,517,0.2066,0.6447,3,2,0,0,1
CUST003936,587,0.4322,0.1789,1,1,0,0,0
CUST003937,718,0.1321,0.659,6,0,0,0,0
CUST003938,615,0.4655,0.0985,1,1,0,0,0
CUST003939,582,0.5664,0.6169,2,0,0,0,1
CUST003940,676,0.0296,0.8784,4,0,0,0,0
CUST003941,670,0.5861,0.2125,5,0,0,0,2
CUST003942,775,0.2274,0.1236,9,0,0,0,0
CUST003943,612,0.2538,0.3769,6,0,0,1,1
CUST003944,660,0.1855,0.35,2,1,0,1,0
CUST003945,462,0.2088,0.1743,3,0,0,0,0
CUST003946,602,0.3873,0.275,7,0,0,0,0
CUST003947,676,0.0556,0.3768,6,0,0,0,0
CUST003948,627,0.083,0.3111,7,0,0,1,0
CUST003949,449,0.0649,0.3122,4,0,0,0,0
CUST003950,706,0.54,0.5293,3,1,0,0,0
CUST003951,697,0.533,0.3168,4,0,0,0,0
CUST003952,568,0.2015,0.1541,5,0,0,0,0
CUST003953,713,0.3087,0.3411,5,0,1,0,1
CUST003954,535,0.5039,0.3044,7,1,0,0,0
CUST003955,584,0.4864,0.1284,6,0,0,2,1
CUST003956,776,0.5204,0.0902,6,0,0,0,1
CUST003957,767,0.1715,0.2717,4,1,0,0,1
CUST003958,712,0.1917,0.2924,5,1,0,0,0
CUST003959,595,0.0222,0.3629,4,1,0,1,0
CUST003960,690,0.0733,0.0449,3,0,0,0,0
CUST003961,695,0.274,0.1868,4,1,0,0,0
CUST003962,493,0.377,0.2015,5,0,0,0,0
CUST003963,555,0.2222,0.4454,3,1,0,0,0
CUST003964,748,0.1404,0.2117,4,0,0,0,0
CUST003965,418,0.1775,0.2473,6,0,0,0,1
CUST003966,657,0.4272,0.3825,7,1,0,1,0
CUST003967,646,0.2725,0.4849,6,1,0,0,0
CUST003968,578,0.1106,0.5163,5,0,0,0,1
CUST003969,651,0.2278,0.0449,4,0,0,0,0
CUST003970,650,0.395,0.3067,4,0,0,0,1
CUST003971,663,0.3254,0.35,4,0,1,0,1
CUST003972,638,0.2394,0.274,3,0,1,0,0
CUST003973,700,0.3729,0.3248,4,2,1,0,0
CUST003974,716,0.151,0.4119,3,1,0,0,1
CUST003975,573,0.1825,0.2978,6,0,0,0,1
CUST003976,740,0.3503,0.3068,3,0,0,0,1
CUST003977,634,0.2975,0.3274,3,0,0,0,0
CUST003978,465,0.151,0.2989,4,1,1,0,0
CUST003979,609,0.0966,0.1794,5,1,0,1,0
CUST003980,645,0.2903,0.1365,3,1,0,0,0
CUST003981,519,0.0759,0.2315,3,0,0,0,0
CUST003982,639,0.287,0.5438,8,0,0,0,0
CUST003983,620,0.306,0.3727,2,0,0,0,1
CUST003984,680,0.085,0.1958,7,2,0,0,0
CUST003985,611,0.3634,0.4133,9,0,1,0,0
CUST003986,638,0.1875,0.7672,3,0,1,0,2
CUST003987,737,0.2531,0.2332,2,0,1,0,0
CUST003988,677,0.3358,0.1504,4,0,0,0,0
CUST003989,676,0.5947,0.272,5,0,0,0,1
CUST003990,620,0.3029,0.5235,2,2,0,0,1
CUST003991,561,0.2556,0.5383,2,0,0,0,2
CUST003992,700,0.06,0.3427,3,0,0,0,1
CUST003993,558,0.2413,0.3562,4,1,0,0,0
CUST003994,792,0.0655,0.5845,5,0,0,0,0
CUST003995,554,0.0739,0.7086,2,1,0,0,0
CUST003996,629,0.3271,0.1223,5,0,1,0,1
CUST003997,739,0.2623,0.731,4,0,0,0,0
CUST003998,643,0.2685,0.1411,5,0,0,0,1
CUST003999,685,0.0839,0.5828,4,0,0,0,1
CUST004000,664,0.1184,0.1676,7,0,1,0,0
CUST004001,517,0.034,0.2795,4,1,0,0,0
CUST004002,563,0.345,0.1455,3,0,0,0,0
CUST004003,626,0.3106,0.0909,8,0,0,0,0
CUST004004,641,0.3849,0.1801,5,0,0,0,1
CUST004005,715,0.268,0.502,3,0,0,0,0
CUST004006,657,0.2057,0.4707,6,0,0,1,0
CUST004007,637,0.1296,0.3783,2,0,1,0,0
CUST004008,615,0.1307,0.2057,1,0,0,0,1
CUST004009,723,0.0805,0.6673,2,0,0,0,0
CUST004010,590,0.5442,0.5755,5,0,0,0,0
CUST004011,547,0.1122,0.4599,4,1,0,0,0
CUST004012,635,0.3067,0.1219,2,0,1,0,0
CUST004013,725,0.3979,0.2281,2,2,0,1,1
CUST004014,597,0.089,0.199,6,0,0,0,0
CUST004015,669,0.3893,0.1006,2,1,0,0,0
CUST004016,566,0.5615,0.5288,4,1,0,0,0
CUST004017,582,0.27,0.158,4,0,0,0,1
CUST004018,780,0.3005,0.6374,4,0,0,0,0
CUST004019,463,0.022,0.5141,7,0,0,0,0
CUST004020,583,0.224,0.7614,2,1,0,0,0
CUST004021,494,0.1431,0.1418,4,0,0,0,1
CUST004022,579,0.0507,0.343,4,0,0,0,1
CUST004023,723,0.3367,0.4557,5,0,0,0,0
CUST004024,785,0.1256,0.3954,2,1,0,0,0
CUST004025,537,0.4742,0.037,4,1,0,0,0
CUST004026,715,0.0771,0.1223,3,1,0,0,3
CUST004027,531,0.1206,0.3541,7,1,0,0,2
CUST004028,591,0.3379,0.7366,1,0,1,0,1
CUST004029,674,0.6995,0.4162,3,0,0,0,1
CUST004030,490,0.2921,0.4493,5,0,0,1,0
CUST004031,588,0.2744,0.052,3,0,1,0,1
CUST004032,642,0.0344,0.4915,0,0,0,0,0
CUST004033,463,0.2104,0.3291,5,0,0,0,0
CUST004034,575,0.7578,0.25,5,0,1,0,0
CUST004035,603,0.0869,0.517,3,0,0,0,2
CUST004036,584,0.4285,0.2494,3,0,0,0,0
CUST004037,602,0.1962,0.2603,4,0,0,0,1
CUST004038,679,0.2244,0.391,9,0,0,0,0
CUST004039,668,0.147,0.4624,4,0,0,0,0
CUST004040,764,0.3024,0.2735,3,0,1,0,1
CUST004041,627,0.077,0.1748,6,0,0,0,0
CUST004042,513,0.2663,0.5126,4,0,0,0,1
CUST004043,459,0.5152,0.5553,4,1,0,0,0
CUST004044,770,0.2334,0.3048,4,0,1,0,0
CUST004045,644,0.166,0.3806,6,0,0,0,1
CUST004046,677,0.3032,0.186,5,1,0,0,0
CUST004047,723,0.0773,0.4184,2,0,0,0,1
CUST004048,668,0.5135,0.0459,4,0,0,0,0
CUST004049,759,0.1176,0.3896,2,0,0,0,0
CUST004050,717,0.4923,0.088,2,0,0,1,0
CUST004051,739,0.5124,0.6305,4,0,0,0,1
CUST004052,576,0.5971,0.0712,4,2,0,0,0
CUST004053,719,0.6709,0.6538,5,0,0,0,0
CUST004054,688,0.0398,0.0764,5,0,0,0,0
CUST004055,563,0.1923,0.3443,3,0,0,0,1
CUST004056,793,0.2572,0.0837,6,0,0,0,1
CUST004057,641,0.2751,0.0933,5,1,0,0,0
CUST004058,492,0.1759,0.2217,3,0,1,0,0
CUST004059,715,0.4163,0.2582,2,0,0,0,1
CUST004060,695,0.1851,0.4873,2,0,1,0,1
CUST004061,625,0.2416,0.3927,3,0,0,0,1
CUST004062,702,0.3031,0.4451,1,0,0,0,0
CUST004063,575,0.1225,0.4087,6,0,0,1,1
CUST004064,692,0.1887,0.1602,3,0,2,0,0
CUST004065,718,0.2005,0.3716,7,1,0,0,1
CUST004066,681,0.1245,0.2297,6,0,0,0,1
CUST004067,652,0.5765,0.3573,3,0,0,0,1
CUST004068,636,0.1397,0.346,4,0,0,0,1
CUST004069,778,0.0663,0.3105,3,1,0,0,1
CUST004070,601,0.3274,0.4888,5,0,0,0,1
CUST004071,659,0.054,0.3952,5,0,0,0,0
CUST004072,641,0.1334,0.487,6,0,0,0,0
CUST004073,681,0.1838,0.1881,3,1,0,0,0
CUST004074,763,0.2686,0.3368,6,0,0,0,0
CUST004075,760,0.2509,0.1133,6,0,0,0,0
CUST004076,710,0.2735,0.3875,1,0,0,0,0
CUST004077,673,0.3167,0.2509,2,0,1,0,1
CUST004078,687,0.2153,0.4414,5,0,0,0,1
CUST004079,778,0.348,0.5245,0,1,0,0,0
CUST004080,552,0.2755,0.4137,6,0,0,0,0
CUST004081,623,0.2955,0.1071,4,0,0,0,1
CUST004082,588,0.4349,0.2073,5,0,0,0,0
CUST004083,710,0.3514,0.1113,4,0,0,1,0
CUST004084,629,0.2263,0.3229,2,0,0,0,1
CUST004085,507,0.2854,0.2919,1,0,0,0,1
CUST004086,594,0.1726,0.4843,4,0,0,0,3
CUST004087,664,0.1439,0.3274,5,0,0,0,0
CUST004088,692,0.343,0.2516,7,1,0,0,2
CUST004089,635,0.1705,0.3003,5,0,0,0,0
CUST004090,565,0.0867,0.3761,2,2,0,0,0
CUST004091,779,0.1764,0.0716,6,0,0,0,1
CUST004092,696,0.1628,0.6009,5,0,0,0,0
CUST004093,690,0.1859,0.1312,6,1,0,0,2
CUST004094,675,0.0763,0.2301,4,0,0,0,0
CUST004095,549,0.4529,0.4401,7,2,0,1,0
CUST004096,661,0.4403,0.5644,3,0,0,0,0
CUST004097,443,0.2872,0.317,6,0,0,0,0
CUST004098,687,0.3624,0.1651,3,0,0,1,0
CUST004099,352,0.1337,0.264,3,2,0,0,2
CUST004100,581,0.1122,0.3861,5,0,0,0,0
CUST004101,654,0.6354,0.3278,2,0,0,0,0
CUST004102,673,0.1041,0.1866,5,0,0,0,1
CUST004103,536,0.097,0.1185,0,0,0,0,0
CUST004104,589,0.1845,0.3231,4,0,0,0,1
CUST004105,535,0.0548,0.5667,4,1,1,0,0
CUST004106,754,0.3383,0.1343,3,1,0,1,0
CUST004107,586,0.05,0.5485,7,0,1,0,0
CUST004108,644,0.2132,0.3177,3,0,0,0,1
CUST004109,669,0.3068,0.1598,5,0,0,0,0
CUST004110,710,0.1246,0.2369,8,0,1,0,1
CUST004111,696,0.1671,0.2637,7,0,0,0,0
CUST004112,703,0.0952,0.2718,4,0,0,0,0
CUST004113,545,0.0782,0.2924,2,1,0,0,0
CUST004114,687,0.1905,0.4433,7,0,0,0,0
CUST004115,526,0.4841,0.4531,3,0,0,0,1
CUST004116,686,0.2536,0.7004,8,0,0,0,2
CUST004117,763,0.6003,0.2481,2,0,0,0,1
CUST004118,551,0.7332,0.2666,6,0,0,1,1
CUST004119,522,0.4229,0.5665,4,0,0,0,1
CUST004120,800,0.1507,0.0992,6,0,0,0,0
CUST004121,597,0.172,0.2959,3,1,0,0,0
CUST004122,702,0.2215,0.1111,4,1,0,0,0
CUST004123,504,0.1776,0.3678,5,1,0,0,1
CUST004124,732,0.1965,0.2997,5,0,0,0,0
CUST004125,746,0.4108,0.5443,5,0,1,0,0
CUST004126,792,0.0316,0.4114,2,0,1,1,0
CUST004127,810,0.1418,0.5926,2,0,0,0,0
CUST004128,567,0.353,0.3298,3,1,1,0,0
CUST004129,761,0.1128,0.116,4,1,0,1,0
CUST004130,695,0.1417,0.235,5,1,0,0,0
CUST004131,645,0.0923,0.3803,1,0,0,0,0
CUST004132,672,0.345,0.122,3,0,0,0,1
CUST004133,836,0.2179,0.4661,5,0,0,0,2
CUST004134,568,0.1328,0.6125,0,2,0,0,0
CUST004135,666,0.1527,0.068,3,0,0,0,1
CUST004136,754,0.1091,0.4615,2,1,0,0,0
CUST004137,678,0.1563,0.6764,3,0,0,0,0
CUST004138,532,0.5725,0.2128,3,0,0,0,0
CUST004139,659,0.3854,0.2692,4,0,0,0,1
CUST004140,495,0.041,0.4231,4,0,0,0,0
CUST004141,614,0.2829,0.5456,1,0,0,0,0
CUST004142,539,0.0946,0.3078,6,0,1,0,0
CUST004143,593,0.5603,0.0965,5,0,0,0,1
CUST004144,741,0.3331,0.4565,4,0,0,0,0
CUST004145,603,0.2485,0.5665,8,0,0,0,0
CUST004146,645,0.1009,0.1401,5,0,0,0,0
CUST004147,796,0.2235,0.6181,2,0,0,1,1
CUST004148,676,0.0863,0.2014,5,0,1,0,0
CUST004149,645,0.4191,0.4245,3,1,0,0,0
CUST004150,623,0.3407,0.5094,3,0,0,0,1
CUST004151,683,0.1815,0.4719,4,0,0,0,0
CUST004152,769,0.3396,0.4923,8,1,0,0,1
CUST004153,564,0.1435,0.428,4,0,0,0,0
CUST004154,684,0.652,0.0809,4,2,1,0,0
CUST004155,535,0.0796,0.1639,5,1,0,1,0
CUST004156,485,0.2816,0.2816,4,0,0,0,0
CUST004157,678,0.6045,0.1414,3,0,0,0,0
CUST004158,664,0.299,0.223,2,1,0,0,0
CUST004159,478,0.5033,0.1873,9,0,0,0,0
CUST004160,569,0.2812,0.0407,3,0,0,0,1
CUST004161,599,0.4093,0.4125,6,0,0,0,0
CUST004162,689,0.1603,0.5902,3,0,1,1,1
CUST004163,779,0.0895,0.6719,5,1,0,0,1
CUST004164,534,0.1688,0.4181,4,0,2,0,1
CUST004165,627,0.4927,0.5491,4,1,0,0,0
CUST004166,805,0.1638,0.2948,3,0,0,0,1
CUST004167,764,0.2927,0.4189,4,1,0,0,0
CUST004168,443,0.2408,0.5694,3,0,0,0,0
CUST004169,617,0.1883,0.4776,4,0,0,0,1
CUST004170,686,0.469,0.4146,4,0,0,0,0
CUST004171,715,0.3936,0.5713,2,1,0,0,0
CUST004172,751,0.2649,0.2422,5,0,0,0,0
CUST004173,494,0.3328,0.3176,3,0,0,0,1
CUST004174,669,0.6136,0.3944,3,1,0,0,1
CUST004175,672,0.0802,0.2995,3,0,0,0,1
CUST004176,752,0.8227,0.3326,7,1,0,0,0
CUST004177,695,0.2789,0.0216,6,0,0,1,2
CUST004178,693,0.2794,0.5086,3,0,0,0,1
CUST004179,683,0.2944,0.2914,4,0,0,0,0
CUST004180,651,0.0494,0.7126,1,2,0,0,1
CUST004181,757,0.2785,0.7934,2,0,1,0,0
CUST004182,561,0.3363,0.03,6,0,0,0,3
CUST004183,761,0.1522,0.4655,4,0,0,0,0
CUST004184,633,0.5541,0.4159,5,1,1,0,0
CUST004185,601,0.7087,0.2832,3,0,0,0,1
CUST004186,631,0.2297,0.2834,3,0,0,0,1
CUST004187,633,0.4272,0.4318,4,0,1,0,0
CUST004188,813,0.0331,0.2684,2,0,0,0,0
CUST004189,540,0.1129,0.2319,5,1,1,0,1
CUST004190,533,0.356,0.3112,4,0,0,0,1
CUST004191,554,0.243,0.5875,5,0,0,0,0
CUST004192,629,0.0688,0.2186,5,0,0,0,0
CUST004193,579,0.1375,0.732,1,1,0,0,0
CUST004194,434,0.0543,0.2817,4,0,0,0,1
CUST004195,588,0.4352,0.8623,3,1,0,0,1
CUST004196,545,0.1351,0.6339,4,1,0,0,0
CUST004197,739,0.0716,0.1343,2,0,0,0,2
CUST004198,706,0.2406,0.1641,2,0,0,0,0
CUST004199,682,0.5579,0.2983,7,1,1,0,0
CUST004200,495,0.2219,0.4451,4,0,0,0,1
CUST004201,777,0.1416,0.3317,4,1,0,0,0
CUST004202,576,0.1334,0.0212,5,0,0,0,0
CUST004203,724,0.1065,0.656,3,0,0,0,0
CUST004204,705,0.0399,0.1709,7,0,0,0,1
CUST004205,577,0.1034,0.0896,5,1,0,1,2
CUST004206,680,0.1276,0.5277,2,0,0,0,0
CUST004207,658,0.0677,0.463,2,1,0,0,1
CUST004208,746,0.205,0.3657,2,1,1,1,1
CUST004209,590,0.0884,0.7078,5,1,0,0,2
CUST004210,665,0.6131,0.2223,4,0,0,0,0
CUST004211,559,0.144,0.3431,8,0,0,0,0
CUST004212,761,0.2917,0.7277,4,1,0,0,1
CUST004213,639,0.0847,0.384,5,0,1,0,0
CUST004214,566,0.3384,0.2344,6,0,0,0,0
CUST004215,705,0.3045,0.2993,5,0,0,0,2
CUST004216,745,0.567,0.142,5,0,1,2,1
CUST004217,607,0.3748,0.0762,4,0,0,1,0
CUST004218,837,0.3759,0.5416,5,0,0,0,1
CUST004219,786,0.0666,0.3194,4,0,0,0,0
CUST004220,654,0.3526,0.3142,2,0,1,0,1
CUST004221,611,0.0997,0.2341,5,0,0,0,0
CUST004222,532,0.2179,0.339,4,0,0,0,0
CUST004223,553,0.3703,0.2578,10,1,0,1,1
CUST004224,480,0.5176,0.377,4,1,1,0,0
CUST004225,703,0.2012,0.3257,9,0,1,0,1
CUST004226,643,0.0939,0.0739,4,1,1,0,1
CUST004227,602,0.1641,0.4411,6,0,0,0,0
CUST004228,393,0.3521,0.3064,4,0,2,0,0
CUST004229,698,0.4351,0.3059,4,0,0,0,1
CUST004230,646,0.1425,0.5483,3,0,0,0,0
CUST004231,651,0.1122,0.3743,2,0,0,0,0
CUST004232,650,0.3222,0.1795,1,0,0,0,0
CUST004233,742,0.6359,0.0583,6,0,0,0,1
CUST004234,504,0.3478,0.0934,6,0,0,0,0
CUST004235,861,0.2622,0.5748,2,0,0,0,1
CUST004236,531,0.2143,0.1497,3,0,0,0,0
CUST004237,629,0.207,0.3007,4,0,0,0,0
CUST004238,406,0.1767,0.3038,3,0,0,0,0
CUST004239,664,0.1724,0.5605,2,0,0,0,1
CUST004240,621,0.2001,0.2878,2,0,0,0,0
CUST004241,648,0.2571,0.2285,5,1,0,0,0
CUST004242,683,0.0875,0.2369,3,0,0,0,0
CUST004243,604,0.0185,0.6239,2,0,0,0,0
CUST004244,790,0.1918,0.3697,3,3,0,0,1
CUST004245,603,0.2576,0.1062,1,2,0,0,2
CUST004246,698,0.4334,0.1206,1,0,0,0,1
CUST004247,571,0.1543,0.1704,5,0,0,0,0
CUST004248,741,0.2084,0.4076,3,0,0,1,0
CUST004249,556,0.4722,0.087,5,0,0,0,1
CUST004250,627,0.1371,0.21,3,0,0,0,0
CUST004251,593,0.4043,0.1361,4,2,0,0,0
CUST004252,677,0.4814,0.1534,3,0,1,0,0
CUST004253,570,0.531,0.0327,3,1,0,0,1
CUST004254,587,0.03,0.1018,5,0,0,0,0
CUST004255,634,0.5216,0.5951,5,0,0,0,0
CUST004256,610,0.3253,0.3848,1,2,0,0,0
CUST004257,652,0.0883,0.0987,3,0,0,0,2
CUST004258,578,0.1873,0.5402,4,0,0,0,1
CUST004259,582,0.079,0.6466,3,0,0,0,1
CUST004260,647,0.1856,0.0372,1,1,1,0,1
CUST004261,775,0.2829,0.0402,2,1,0,0,1
CUST004262,622,0.1352,0.4591,1,1,0,0,0
CUST004263,714,0.0411,0.2636,4,1,0,0,0
CUST004264,685,0.0697,0.4294,5,0,0,0,0
CUST004265,577,0.1393,0.1866,3,0,1,0,1
CUST004266,715,0.3181,0.1231,3,0,0,1,0
CUST004267,641,0.2805,0.6136,4,0,0,0,1
CUST004268,740,0.5821,0.5597,5,0,0,0,0
CUST004269,883,0.3631,0.4775,5,0,0,0,0
CUST004270,654,0.1344,0.095,6,0,0,0,1
CUST004271,759,0.4988,0.3737,3,0,0,0,0
CUST004272,744,0.3855,0.0467,3,0,0,0,1
CUST004273,610,0.0521,0.2942,7,0,0,0,0
CUST004274,609,0.1149,0.1309,4,2,1,0,1
CUST004275,531,0.3468,0.3314,4,0,0,0,0
CUST004276,753,0.3522,0.4414,3,1,0,0,1
CUST004277,570,0.1145,0.456,3,0,0,0,2
CUST004278,597,0.1311,0.4997,4,0,0,0,0
CUST004279,821,0.2489,0.363,4,1,0,1,3
CUST004280,604,0.2151,0.4437,1,0,0,0,1
CUST004281,797,0.1504,0.0612,7,1,1,0,0
CUST004282,825,0.2937,0.1364,2,1,0,0,0
CUST004283,571,0.3287,0.3161,1,1,0,0,2
CUST004284,716,0.2834,0.0774,1,1,0,0,0
CUST004285,693,0.0693,0.2365,2,1,0,0,0
CUST004286,721,0.1542,0.2609,4,0,0,0,1
CUST004287,755,0.6129,0.1518,7,2,0,1,0
CUST004288,487,0.2988,0.277,4,0,1,0,0
CUST004289,702,0.3199,0.4084,2,2,0,0,0
CUST004290,712,0.56,0.2066,11,1,0,1,1
CUST004291,607,0.1917,0.2745,4,0,0,0,0
CUST004292,735,0.2106,0.3358,3,2,0,0,0
CUST004293,761,0.2764,0.3405,9,0,0,0,1
CUST004294,606,0.3671,0.3703,4,0,0,0,1
CUST004295,533,0.4024,0.5736,2,0,0,0,0
CUST004296,817,0.3998,0.3718,3,0,1,0,1
CUST004297,576,0.288,0.3115,3,0,0,0,0
CUST004298,530,0.1323,0.4997,3,0,1,0,0
CUST004299,668,0.3874,0.3278,6,1,0,0,0
CUST004300,446,0.2388,0.5282,1,1,1,0,0
CUST004301,657,0.2105,0.4695,5,0,0,2,0
CUST004302,725,0.2715,0.552,4,1,0,0,1
CUST004303,600,0.3146,0.4625,7,0,0,0,3
CUST004304,698,0.1883,0.3565,4,0,0,0,1
CUST004305,693,0.0675,0.1462,5,0,0,1,0
CUST004306,696,0.2954,0.462,4,2,0,0,0
CUST004307,614,0.1617,0.4121,4,0,0,0,0
CUST004308,653,0.3186,0.2644,5,0,0,1,1
CUST004309,667,0.2849,0.4569,3,0,0,0,0
CUST004310,657,0.627,0.2399,6,1,0,0,0
CUST004311,635,0.3588,0.1045,3,0,0,0,0
CUST004312,813,0.3321,0.2275,1,0,0,0,2
CUST004313,679,0.3276,0.6205,7,0,0,0,2
CUST004314,687,0.2244,0.5574,4,0,1,0,2
CUST004315,540,0.2337,0.0528,6,0,0,0,0
CUST004316,857,0.0885,0.1054,3,0,1,0,0
CUST004317,729,0.4915,0.3261,5,0,0,0,0
CUST004318,680,0.1154,0.3516,2,0,0,0,2
CUST004319,805,0.1882,0.708,4,0,0,0,0
CUST004320,544,0.6092,0.6863,5,1,0,0,1
CUST004321,551,0.4303,0.3816,3,0,1,1,1
CUST004322,745,0.187,0.3748,4,1,0,1,0
CUST004323,763,0.4461,0.409,7,0,0,0,0
CUST004324,483,0.3924,0.5388,8,1,0,0,0
CUST004325,561,0.3243,0.2567,8,0,0,1,0
CUST004326,514,0.5007,0.4702,3,0,0,0,0
CUST004327,737,0.2393,0.0949,10,0,1,0,0
CUST004328,659,0.4151,0.4655,3,0,0,0,1
CUST004329,691,0.1676,0.3203,4,0,0,0,0
CUST004330,556,0.5083,0.3081,1,0,1,0,0
CUST004331,674,0.2568,0.1475,4,0,1,0,0
CUST004332,511,0.1661,0.1938,2,0,0,0,1
CUST004333,724,0.2971,0.2234,3,1,0,0,0
CUST004334,812,0.3386,0.4336,6,3,0,0,1
CUST004335,446,0.2224,0.1843,6,1,0,0,0
CUST004336,774,0.339,0.5262,4,1,0,0,1
CUST004337,641,0.17,0.3383,2,0,0,0,0
CUST004338,682,0.333,0.2349,0,1,0,0,0
CUST004339,615,0.0764,0.3635,4,1,0,0,1
CUST004340,554,0.1139,0.1884,4,1,0,0,2
CUST004341,801,0.3721,0.2121,3,0,0,0,0
CUST004342,594,0.2338,0.3016,4,0,0,0,0
CUST004343,789,0.3598,0.3148,5,0,0,0,0
CUST004344,722,0.2387,0.4741,4,2,0,0,1
CUST004345,629,0.2569,0.2122,3,0,0,1,1
CUST004346,804,0.1891,0.4247,4,0,0,1,1
CUST004347,646,0.1654,0.1038,1,0,0,0,0
CUST004348,769,0.2823,0.3416,5,0,0,0,1
CUST004349,763,0.2354,0.7121,6,0,0,0,0
CUST004350,537,0.3049,0.3514,2,0,0,0,0
CUST004351,581,0.1955,0.5028,4,0,1,0,3
CUST004352,633,0.0527,0.3987,6,1,1,0,0
CUST004353,635,0.3728,0.4648,1,0,0,0,1
CUST004354,692,0.4711,0.2525,3,0,0,0,1
CUST004355,496,0.2435,0.148,3,0,0,0,0
CUST004356,646,0.1228,0.169,3,1,0,0,1
CUST004357,700,0.2781,0.1663,5,0,0,0,0
CUST004358,728,0.3677,0.2977,6,2,0,0,1
CUST004359,598,0.2443,0.3185,6,0,0,0,0
CUST004360,558,0.1147,0.3801,1,0,0,0,0
CUST004361,621,0.0751,0.1425,1,0,0,0,0
CUST004362,699,0.5553,0.3746,5,0,0,0,2
CUST004363,542,0.275,0.1699,4,0,0,0,0
CUST004364,625,0.4239,0.4368,1,1,0,0,0
CUST004365,610,0.4913,0.0954,4,0,0,0,2
CUST004366,512,0.0701,0.5062,3,0,0,0,1
CUST004367,508,0.1999,0.5172,3,0,1,0,1
CUST004368,784,0.3478,0.5479,4,0,0,0,2
CUST004369,723,0.178,0.2942,1,0,1,1,0
CUST004370,741,0.1921,0.3523,1,2,0,1,0
CUST004371,619,0.5409,0.4642,7,0,0,0,1
CUST004372,663,0.4713,0.5925,4,0,0,1,0
CUST004373,702,0.4293,0.6154,2,1,0,0,0
CUST004374,792,0.4475,0.3141,3,0,0,0,0
CUST004375,685,0.0718,0.2025,3,0,0,0,1
CUST004376,590,0.3437,0.1179,3,1,1,0,0
CUST004377,710,0.3383,0.3401,4,1,1,0,1
CUST004378,395,0.0557,0.2461,6,1,3,1,1
CUST004379,570,0.44,0.4186,6,0,0,0,0
CUST004380,660,0.0356,0.6701,10,0,0,0,2
CUST004381,708,0.6686,0.1248,7,0,0,0,0
CUST004382,713,0.1232,0.2664,2,1,0,0,1
CUST004383,614,0.2233,0.2042,3,1,0,0,1
CUST004384,638,0.1715,0.0861,6,1,0,0,0
CUST004385,621,0.2533,0.4253,3,1,0,0,0
CUST004386,712,0.1198,0.0609,3,1,0,0,2
CUST004387,698,0.2397,0.0376,2,1,0,0,1
CUST004388,642,0.5111,0.1566,4,0,0,0,0
CUST004389,593,0.4052,0.2183,2,0,1,0,0
CUST004390,685,0.3284,0.1888,3,1,0,0,1
CUST004391,659,0.1268,0.2326,1,0,0,0,0
CUST004392,786,0.0239,0.1055,3,0,0,0,0
CUST004393,646,0.3338,0.4519,4,1,0,0,1
CUST004394,631,0.2663,0.4865,3,1,0,0,1
CUST004395,575,0.1144,0.126,4,0,0,0,0
CUST004396,787,0.2253,0.3519,3,0,2,0,2
CUST004397,657,0.0982,0.0648,4,0,0,0,1
CUST004398,672,0.1346,0.5059,4,0,0,0,0
CUST004399,804,0.1434,0.2452,8,0,1,0,0
CUST004400,755,0.174,0.0876,5,0,0,0,0
CUST004401,525,0.1843,0.3582,8,1,0,0,1
CUST004402,758,0.0775,0.4234,5,0,0,0,0
CUST004403,754,0.5083,0.1234,6,0,0,0,1
CUST004404,493,0.0507,0.153,3,0,0,0,1
CUST004405,786,0.2756,0.4556,2,1,0,1,1
CUST004406,598,0.3915,0.4288,6,0,0,0,2
CUST004407,718,0.4077,0.7681,10,0,0,0,2
CUST004408,604,0.1456,0.3157,4,0,0,0,1
CUST004409,855,0.0951,0.5013,3,0,0,0,2
CUST004410,669,0.3759,0.2626,4,0,0,0,1
CUST004411,731,0.2071,0.4674,6,0,0,0,0
CUST004412,664,0.3675,0.7471,5,0,0,0,1
CUST004413,555,0.4561,0.4535,2,0,2,0,0
CUST004414,642,0.0396,0.1569,3,0,0,0,1
CUST004415,524,0.4056,0.3512,3,0,0,0,2
CUST004416,677,0.3667,0.6117,6,0,0,1,0
CUST004417,631,0.103,0.4405,4,0,1,0,1
CUST004418,525,0.3164,0.5225,7,0,0,0,0
CUST004419,609,0.1287,0.171,2,0,2,0,0
CUST004420,552,0.2796,0.1305,5,1,0,0,1
CUST004421,609,0.2356,0.4915,2,0,1,0,0
CUST004422,636,0.4951,0.4779,2,0,0,0,0
CUST004423,715,0.0465,0.0623,3,0,1,0,1
CUST004424,571,0.3074,0.4103,5,0,0,0,0
CUST004425,576,0.2935,0.2319,8,1,0,0,0
CUST004426,681,0.271,0.6108,5,1,0,1,0
CUST004427,655,0.3895,0.1861,6,0,0,0,2
CUST004428,718,0.3323,0.3057,4,1,0,0,0
CUST004429,632,0.1399,0.1322,3,0,0,0,1
CUST004430,700,0.1867,0.2918,4,0,1,0,0
CUST004431,389,0.1405,0.3207,9,0,1,0,1
CUST004432,584,0.2016,0.2288,2,0,0,0,0
CUST004433,653,0.1082,0.2657,6,2,0,0,1
CUST004434,640,0.2931,0.3386,3,0,0,0,0
CUST004435,663,0.5766,0.5385,4,2,0,0,0
CUST004436,729,0.1214,0.476,4,0,0,0,1
CUST004437,603,0.2813,0.2246,6,0,0,0,1
CUST004438,677,0.0824,0.1722,3,0,0,0,0
CUST004439,629,0.3988,0.32,5,0,1,0,0
CUST004440,692,0.1722,0.1309,9,0,0,0,2
CUST004441,694,0.1291,0.1535,3,0,0,0,0
CUST004442,551,0.1476,0.457,3,1,0,1,1
CUST004443,681,0.4056,0.4918,7,0,0,0,0
CUST004444,703,0.2322,0.6985,3,0,0,0,1
CUST004445,663,0.101,0.4757,4,0,0,0,1
CUST004446,684,0.2729,0.0418,3,0,0,0,0
CUST004447,665,0.4144,0.7085,3,0,0,0,1
CUST004448,580,0.3679,0.1511,7,1,1,0,0
CUST004449,608,0.1285,0.6968,2,0,0,0,0
CUST004450,665,0.3168,0.256,4,0,0,0,1
CUST004451,643,0.2733,0.3479,3,0,0,1,0
CUST004452,591,0.3105,0.5001,5,0,0,0,1
CUST004453,588,0.0992,0.53,6,1,0,0,0
CUST004454,644,0.6264,0.1215,3,0,0,0,0
CUST004455,525,0.1891,0.4584,2,0,0,0,0
CUST004456,605,0.0287,0.0853,2,0,0,0,0
CUST004457,762,0.1296,0.3706,3,0,0,0,1
CUST004458,674,0.0598,0.1283,2,0,0,0,1
CUST004459,609,0.1021,0.2265,3,1,0,0,0
CUST004460,609,0.5446,0.078,5,1,0,0,0
CUST004461,866,0.3516,0.2297,2,0,0,0,0
CUST004462,647,0.0371,0.2165,5,0,0,1,2
CUST004463,698,0.339,0.2093,2,0,0,1,0
CUST004464,585,0.0685,0.3122,3,0,1,0,0
CUST004465,694,0.3499,0.3919,5,0,0,0,0
CUST004466,526,0.3652,0.4584,1,0,0,0,1
CUST004467,614,0.6589,0.2449,1,0,0,0,0
CUST004468,624,0.5117,0.066,2,0,0,0,1
CUST004469,456,0.0279,0.5987,7,1,1,1,0
CUST004470,692,0.4849,0.4541,3,0,0,1,0
CUST004471,605,0.0979,0.1759,0,0,0,0,0
CUST004472,724,0.0857,0.1937,4,1,0,0,0
CUST004473,627,0.0499,0.0535,5,0,1,0,0
CUST004474,562,0.4635,0.2906,4,0,0,2,0
CUST004475,697,0.1309,0.2466,1,1,1,0,0
CUST004476,638,0.362,0.3781,7,0,0,0,0
CUST004477,654,0.4173,0.6688,2,0,0,0,4
CUST004478,697,0.229,0.3812,5,0,0,0,1
CUST004479,669,0.5461,0.4263,5,2,0,0,0
CUST004480,593,0.5201,0.2911,4,0,0,0,0
CUST004481,497,0.1832,0.2155,2,1,0,0,0
CUST004482,564,0.2434,0.378,3,0,0,0,0
CUST004483,633,0.2648,0.369,5,0,0,0,0
CUST004484,648,0.2617,0.6536,2,1,0,0,0
CUST004485,780,0.1036,0.5584,4,0,1,0,1
CUST004486,837,0.3861,0.2053,4,0,0,0,0
CUST004487,639,0.2734,0.1571,4,1,1,0,0
CUST004488,689,0.397,0.5738,3,0,0,0,3
CUST004489,608,0.2543,0.2856,6,0,0,0,0
CUST004490,589,0.5467,0.1763,5,0,0,0,2
CUST004491,631,0.0594,0.1771,8,0,0,0,0
CUST004492,596,0.3544,0.3759,6,0,0,0,2
CUST004493,582,0.2465,0.858,4,0,0,0,2
CUST004494,601,0.3105,0.0113,9,1,0,1,0
CUST004495,588,0.3064,0.2297,4,0,0,0,2
CUST004496,651,0.2258,0.3073,2,0,0,0,0
CUST004497,663,0.0436,0.0495,5,0,0,0,0
CUST004498,547,0.2171,0.624,3,1,1,0,1
CUST004499,682,0.0957,0.2379,6,1,0,0,1
CUST004500,642,0.1717,0.2699,1,0,0,0,1
CUST004501,632,0.6839,0.1532,3,1,0,0,2
CUST004502,680,0.3458,0.2711,2,1,0,0,1
CUST004503,786,0.2949,0.3036,5,1,0,1,2
CUST004504,637,0.2131,0.08,2,0,0,0,0
CUST004505,566,0.1627,0.3257,3,0,0,0,1
CUST004506,696,0.2337,0.4295,7,1,0,0,0
CUST004507,699,0.2293,0.2394,4,1,0,0,0
CUST004508,674,0.1496,0.5118,2,0,0,0,0
CUST004509,647,0.2255,0.445,1,0,0,0,1
CUST004510,551,0.1454,0.1147,4,0,0,0,0
CUST004511,547,0.3774,0.2252,4,0,0,0,2
CUST004512,616,0.3405,0.1044,4,1,0,0,1
CUST004513,558,0.5173,0.2942,5,0,0,0,0
CUST004514,723,0.2119,0.3871,2,0,0,0,0
CUST004515,508,0.385,0.4407,6,0,0,0,0
CUST004516,645,0.0932,0.4978,6,3,0,1,0
CUST004517,637,0.133,0.1748,3,0,0,0,0
CUST004518,700,0.1874,0.1009,4,0,0,0,1
CUST004519,715,0.1552,0.2878,4,0,0,0,0
CUST004520,581,0.1681,0.1056,1,1,0,0,0
CUST004521,766,0.1662,0.1508,4,0,0,0,0
CUST004522,555,0.3144,0.5526,4,0,0,0,2
CUST004523,728,0.3082,0.4067,8,0,0,1,1
CUST004524,704,0.4098,0.1951,4,0,0,0,0
CUST004525,487,0.1998,0.4036,4,1,0,0,0
CUST004526,555,0.1699,0.4646,9,0,0,0,0
CUST004527,731,0.4699,0.3768,11,0,0,0,0
CUST004528,665,0.0418,0.3918,6,0,0,0,0
CUST004529,656,0.0956,0.4129,3,0,0,0,0
CUST004530,417,0.632,0.0977,5,0,1,0,0
CUST004531,635,0.1569,0.0958,2,0,0,0,1
CUST004532,590,0.5768,0.2131,2,0,0,0,1
CUST004533,538,0.4863,0.2534,9,0,1,1,1
CUST004534,711,0.4801,0.4531,7,0,1,0,1
CUST004535,654,0.4021,0.4481,6,0,0,0,0
CUST004536,573,0.2549,0.1128,4,0,0,0,1
CUST004537,581,0.2405,0.0319,3,0,0,1,0
CUST004538,660,0.2628,0.4601,4,0,1,0,0
CUST004539,692,0.0112,0.569,1,0,0,0,0
CUST004540,717,0.1855,0.0973,6,0,0,0,1
CUST004541,698,0.2372,0.3056,4,2,0,0,1
CUST004542,647,0.4426,0.2674,3,0,0,0,1
CUST004543,574,0.3065,0.6587,3,0,0,0,0
CUST004544,681,0.4677,0.2436,2,0,0,0,1
CUST004545,561,0.262,0.5575,5,0,1,0,0
CUST004546,659,0.1006,0.1335,7,0,0,0,0
CUST004547,635,0.5676,0.1256,1,0,0,0,0
CUST004548,722,0.0775,0.7465,5,0,0,0,0
CUST004549,715,0.1982,0.2811,4,0,0,0,0
CUST004550,703,0.2562,0.0863,5,0,1,0,0
CUST004551,693,0.5736,0.5366,5,0,1,0,0
CUST004552,642,0.2448,0.2101,3,1,0,0,0
CUST004553,790,0.3337,0.3436,4,0,0,0,2
CUST004554,703,0.1621,0.1069,4,0,1,0,0
CUST004555,784,0.4333,0.6593,5,0,0,0,2
CUST004556,745,0.5354,0.2091,8,1,0,0,0
CUST004557,612,0.4276,0.3303,7,0,1,0,1
CUST004558,600,0.1469,0.2325,2,0,1,0,0
CUST004559,694,0.2108,0.207,2,2,0,0,0
CUST004560,543,0.1627,0.036,2,0,0,0,1
CUST004561,618,0.5901,0.1838,2,0,0,0,0
CUST004562,588,0.2665,0.1507,4,0,0,0,3
CUST004563,648,0.4479,0.4376,5,0,0,0,0
CUST004564,459,0.1022,0.1032,5,0,0,0,0
CUST004565,843,0.2919,0.2501,1,0,0,0,0
CUST004566,713,0.2557,0.019,4,0,0,0,0
CUST004567,743,0.3253,0.2705,4,0,0,0,0
CUST004568,664,0.5127,0.4577,3,0,0,0,0
CUST004569,758,0.0193,0.5031,7,1,0,0,1
CUST004570,700,0.2032,0.1347,3,0,0,0,0
CUST004571,724,0.4811,0.2298,3,0,0,0,2
CUST004572,694,0.5606,0.1195,5,0,0,0,0
CUST004573,772,0.0119,0.2206,5,0,1,0,1
CUST004574,587,0.1945,0.5989,6,0,0,0,0
CUST004575,791,0.1878,0.2368,4,1,0,1,0
CUST004576,636,0.0643,0.1864,4,1,0,0,0
CUST004577,578,0.3798,0.2246,5,0,0,0,2
CUST004578,689,0.0758,0.0837,4,1,0,0,0
CUST004579,551,0.6506,0.0897,1,1,0,0,0
CUST004580,606,0.118,0.1146,2,0,0,0,0
CUST004581,625,0.3201,0.2425,3,1,0,0,1
CUST004582,630,0.0455,0.1856,4,0,0,0,0
CUST004583,737,0.2071,0.4637,2,0,0,1,1
CUST004584,724,0.1673,0.4708,3,0,1,0,0
CUST004585,622,0.2512,0.231,3,0,0,1,0
CUST004586,690,0.1401,0.1447,1,1,0,0,0
CUST004587,840,0.252,0.0704,3,0,0,0,1
CUST004588,541,0.4325,0.6072,8,0,0,0,0
CUST004589,560,0.2461,0.2708,6,0,1,0,1
CUST004590,654,0.3771,0.2014,4,0,0,0,0
CUST004591,894,0.1197,0.2773,6,0,0,0,1
CUST004592,576,0.3274,0.4542,5,0,0,0,1
CUST004593,597,0.3742,0.2024,0,0,0,1,0
CUST004594,700,0.5298,0.0717,6,0,0,0,0
CUST004595,735,0.2468,0.673,4,0,0,0,1
CUST004596,651,0.4093,0.1601,1,1,0,0,2
CUST004597,671,0.3369,0.388,4,1,0,0,1
CUST004598,649,0.2403,0.3605,3,1,0,0,0
CUST004599,666,0.2551,0.7985,7,0,0,0,0
CUST004600,519,0.2325,0.5302,3,1,0,0,1
CUST004601,666,0.4291,0.4274,2,0,0,0,0
CUST004602,653,0.1379,0.4767,5,0,0,0,1
CUST004603,683,0.0986,0.1584,4,1,1,0,2
CUST004604,601,0.246,0.3828,3,1,0,0,2
CUST004605,695,0.0533,0.5866,2,1,0,1,0
CUST004606,723,0.2545,0.3207,0,0,0,0,1
CUST004607,877,0.2687,0.0952,6,0,0,0,0
CUST004608,608,0.0826,0.4181,6,0,0,1,2
CUST004609,562,0.0857,0.1665,5,1,0,0,2
CUST004610,666,0.6908,0.5065,1,0,0,0,0
CUST004611,697,0.1332,0.3797,3,0,0,0,0
CUST004612,661,0.2598,0.2086,5,1,0,0,0
CUST004613,661,0.0828,0.2978,1,1,0,0,1
CUST004614,600,0.5556,0.1781,2,0,0,1,0
CUST004615,510,0.0807,0.2612,7,1,0,0,0
CUST004616,762,0.5486,0.5533,7,0,0,0,0
CUST004617,795,0.1621,0.7065,4,1,0,0,0
CUST004618,584,0.1294,0.5701,3,1,0,0,0
CUST004619,595,0.0829,0.2776,3,1,0,1,0
CUST004620,508,0.3055,0.4211,5,1,0,2,0
CUST004621,614,0.2902,0.182,5,1,0,1,0
CUST004622,681,0.5021,0.3934,6,0,0,0,0
CUST004623,592,0.4531,0.3364,6,0,0,0,0
CUST004624,718,0.1286,0.7175,1,0,1,0,1
CUST004625,565,0.4421,0.2994,3,0,0,0,2
CUST004626,707,0.4971,0.3298,5,1,0,1,1
CUST004627,678,0.5033,0.195,3,0,1,0,0
CUST004628,619,0.2307,0.3969,6,0,0,1,1
CUST004629,627,0.1022,0.3946,5,0,0,0,0
CUST004630,714,0.1729,0.7449,5,1,0,0,0
CUST004631,895,0.4566,0.6029,5,0,0,0,1
CUST004632,639,0.1743,0.0755,1,1,0,1,0
CUST004633,740,0.3215,0.5817,8,1,0,0,1
CUST004634,797,0.1964,0.1802,3,0,0,0,0
CUST004635,591,0.1749,0.1668,6,0,0,0,1
CUST004636,570,0.3483,0.3487,3,0,0,0,1
CUST004637,651,0.4456,0.3551,2,3,0,0,2
CUST004638,666,0.4143,0.5328,6,0,0,0,0
CUST004639,695,0.4604,0.1721,5,0,0,0,1
CUST004640,578,0.1266,0.3823,4,0,0,1,0
CUST004641,717,0.2042,0.2269,8,0,0,0,0
CUST004642,550,0.2465,0.8293,3,0,0,1,0
CUST004643,648,0.3716,0.1583,3,1,1,1,0
CUST004644,678,0.1447,0.375,9,0,0,0,0
CUST004645,527,0.2274,0.0868,1,0,0,0,1
CUST004646,688,0.159,0.1683,7,0,0,0,0
CUST004647,630,0.1594,0.6626,3,0,0,0,0
CUST004648,609,0.54,0.2144,0,0,0,0,1
CUST004649,678,0.4413,0.4022,3,0,0,0,0
CUST004650,518,0.5638,0.3369,4,0,2,0,0
CUST004651,686,0.3284,0.6359,5,0,0,0,1
CUST004652,542,0.073,0.7146,6,1,1,0,0
CUST004653,682,0.2064,0.454,4,1,0,0,2
CUST004654,660,0.2947,0.4065,4,0,0,0,0
CUST004655,785,0.304,0.1993,1,0,0,0,0
CUST004656,785,0.1461,0.404,3,0,1,0,1
CUST004657,719,0.0985,0.3044,3,0,0,0,0
CUST004658,643,0.0456,0.4059,4,0,0,0,0
CUST004659,649,0.0484,0.2673,4,0,0,0,1
CUST004660,547,0.7358,0.4166,5,0,0,0,1
CUST004661,488,0.6012,0.3282,3,0,0,0,3
CUST004662,747,0.3649,0.5427,5,1,0,0,2
CUST004663,611,0.423,0.141,4,0,0,0,0
CUST004664,570,0.2332,0.7641,5,0,0,0,0
CUST004665,490,0.3002,0.2047,7,1,0,0,0
CUST004666,662,0.1823,0.3226,6,1,0,0,0
CUST004667,626,0.6082,0.3558,2,0,0,1,0
CUST004668,588,0.2252,0.4759,0,0,0,1,0
CUST004669,584,0.0983,0.2449,2,0,0,1,0
CUST004670,673,0.1251,0.4307,4,0,0,0,0
CUST004671,654,0.2824,0.542,3,0,0,0,2
CUST004672,495,0.5109,0.086,6,1,0,0,1
CUST004673,569,0.6282,0.3293,3,0,0,0,0
CUST004674,727,0.181,0.1259,3,0,0,0,0
CUST004675,581,0.1232,0.2073,5,0,0,0,1
CUST004676,732,0.6186,0.1748,2,0,0,0,0
CUST004677,650,0.1494,0.1547,4,0,0,0,0
CUST004678,606,0.1271,0.7236,3,0,0,1,2
CUST004679,613,0.2311,0.5548,4,0,0,0,0
CUST004680,701,0.2858,0.308,1,0,0,0,0
CUST004681,565,0.3083,0.3733,8,0,0,0,0
CUST004682,529,0.314,0.1665,6,0,0,1,0
CUST004683,584,0.3823,0.0841,5,1,0,0,0
CUST004684,536,0.4513,0.2883,6,0,0,0,0
CUST004685,553,0.2584,0.5034,3,0,0,0,1
CUST004686,552,0.2716,0.2032,4,0,0,0,1
CUST004687,662,0.549,0.3794,2,0,0,0,0
CUST004688,472,0.5554,0.1762,2,1,0,0,0
CUST004689,658,0.354,0.398,5,0,1,0,0
CUST004690,639,0.052,0.5638,3,0,1,0,1
CUST004691,714,0.6561,0.3637,4,0,0,0,0
CUST004692,677,0.4034,0.1418,5,0,0,0,0
CUST004693,673,0.4984,0.2809,3,1,1,0,1
CUST004694,559,0.3115,0.3162,5,0,0,0,1
CUST004695,611,0.5173,0.3961,5,0,0,0,0
CUST004696,512,0.4505,0.3932,5,0,0,1,1
CUST004697,754,0.4757,0.4519,4,0,0,0,0
CUST004698,770,0.1796,0.1271,2,0,0,0,2
CUST004699,690,0.2815,0.4175,4,0,0,0,1
CUST004700,539,0.1013,0.5974,4,0,0,0,0
CUST004701,706,0.1649,0.0248,7,0,0,0,1
CUST004702,607,0.0879,0.3696,8,1,0,0,0
CUST004703,499,0.1497,0.4541,5,1,1,0,2
CUST004704,615,0.3553,0.3662,4,1,0,1,0
CUST004705,741,0.3848,0.4708,3,0,0,0,0
CUST004706,629,0.1176,0.4034,5,0,0,0,0
CUST004707,659,0.1254,0.5158,8,2,0,0,1
CUST004708,541,0.3115,0.2221,2,1,0,0,1
CUST004709,627,0.3601,0.4285,2,0,0,0,0
CUST004710,625,0.3762,0.2224,5,0,0,0,0
CUST004711,557,0.2292,0.1587,4,0,0,0,0
CUST004712,665,0.2741,0.3161,1,0,0,1,0
CUST004713,624,0.4262,0.6272,6,0,0,0,1
CUST004714,698,0.5175,0.3581,4,0,0,0,1
CUST004715,602,0.2623,0.1573,4,1,0,0,0
CUST004716,662,0.1167,0.0846,4,0,0,0,0
CUST004717,582,0.0693,0.4227,4,0,0,0,0
CUST004718,505,0.1461,0.2646,5,0,0,0,0
CUST004719,745,0.0528,0.1231,7,0,0,0,0
CUST004720,606,0.4725,0.1717,5,2,0,0,0
CUST004721,566,0.1624,0.212,4,0,0,0,0
CUST004722,695,0.2268,0.545,7,0,0,0,0
CUST004723,650,0.1096,0.3111,3,0,0,0,0
CUST004724,529,0.3718,0.3034,3,0,0,0,1
CUST004725,629,0.441,0.1361,4,0,1,0,0
CUST004726,499,0.121,0.08,3,0,0,0,0
CUST004727,588,0.2694,0.2986,7,0,0,0,0
CUST004728,770,0.1921,0.649,4,0,0,0,0
CUST004729,553,0.5724,0.5992,8,1,0,0,0
CUST004730,585,0.1958,0.5737,1,0,0,0,0
CUST004731,667,0.1054,0.3805,5,1,0,0,2
CUST004732,552,0.1435,0.2022,2,0,0,0,1
CUST004733,584,0.4485,0.3983,9,0,0,0,1
CUST004734,742,0.2722,0.4416,2,1,1,0,0
CUST004735,566,0.3275,0.4655,5,0,0,0,0
CUST004736,626,0.1488,0.1079,2,0,0,0,0
CUST004737,585,0.297,0.6417,2,0,0,1,0
CUST004738,603,0.6914,0.3219,6,0,0,0,0
CUST004739,662,0.5538,0.3602,6,0,0,0,1
CUST004740,650,0.1927,0.169,3,0,1,0,0
CUST004741,595,0.25,0.0768,4,1,0,0,1
CUST004742,639,0.2565,0.0949,3,0,0,1,1
CUST004743,733,0.3015,0.2562,6,1,0,0,0
CUST004744,641,0.2431,0.1155,5,0,0,0,0
CUST004745,648,0.2113,0.3111,5,0,1,1,0
CUST004746,584,0.4425,0.2197,3,0,0,0,1
CUST004747,696,0.1111,0.4174,2,0,0,0,0
CUST004748,559,0.4496,0.4821,7,0,0,1,0
CUST004749,769,0.1224,0.1991,5,0,0,0,1
CUST004750,639,0.2068,0.2299,4,0,0,1,0
CUST004751,622,0.2479,0.544,6,1,1,0,4
CUST004752,756,0.2025,0.4157,6,0,0,0,0
CUST004753,713,0.2288,0.1959,2,1,0,0,2
CUST004754,776,0.3493,0.1455,2,0,0,0,0
CUST004755,731,0.2691,0.4086,4,0,0,0,0
CUST004756,595,0.3839,0.221,4,0,0,0,1
CUST004757,605,0.492,0.3174,5,0,0,0,0
CUST004758,671,0.3998,0.4042,6,0,0,0,2
CUST004759,620,0.3932,0.2471,3,0,0,1,2
CUST004760,736,0.1085,0.1955,7,0,0,0,0
CUST004761,565,0.0388,0.193,7,0,0,0,0
CUST004762,638,0.4496,0.2277,5,0,0,0,2
CUST004763,616,0.0904,0.8444,4,0,0,0,1
CUST004764,614,0.4265,0.1722,0,0,0,0,0
CUST004765,647,0.0545,0.1848,4,0,1,0,0
CUST004766,613,0.4161,0.4885,10,0,0,0,0
CUST004767,614,0.0338,0.2456,4,2,0,0,0
CUST004768,550,0.3556,0.159,2,1,1,0,1
CUST004769,645,0.4558,0.5192,7,0,1,0,0
CUST004770,585,0.502,0.3854,2,0,1,0,0
CUST004771,583,0.138,0.4222,5,0,0,0,0
CUST004772,640,0.5102,0.3801,2,0,0,0,0
CUST004773,673,0.4428,0.1216,5,0,0,0,0
CUST004774,804,0.298,0.5042,3,0,0,1,1
CUST004775,591,0.4669,0.2991,1,0,1,0,0
CUST004776,714,0.1586,0.5482,2,0,0,0,1
CUST004777,625,0.0955,0.1276,10,1,0,0,0
CUST004778,783,0.4304,0.234,5,0,1,0,0
CUST004779,826,0.3798,0.0432,3,0,0,0,2
CUST004780,562,0.4688,0.4796,5,0,0,0,1
CUST004781,662,0.5734,0.8364,4,1,0,0,2
CUST004782,681,0.2655,0.1865,8,0,2,0,1
CUST004783,775,0.0752,0.1835,3,0,0,1,0
CUST004784,566,0.0965,0.3583,0,0,0,0,1
CUST004785,741,0.1484,0.3609,3,0,0,0,0
CUST004786,654,0.311,0.3184,4,0,0,0,1
CUST004787,484,0.1585,0.1551,4,0,1,0,0
CUST004788,643,0.0798,0.4955,7,0,0,0,0
CUST004789,711,0.4164,0.1415,6,3,0,0,0
CUST004790,773,0.4425,0.4747,5,0,0,0,0
CUST004791,664,0.5568,0.2815,3,0,0,1,0
CUST004792,644,0.2317,0.3948,2,1,0,1,0
CUST004793,488,0.3077,0.5436,8,0,0,0,1
CUST004794,680,0.5351,0.3973,2,0,1,0,2
CUST004795,592,0.1357,0.1847,4,0,0,0,1
CUST004796,624,0.1541,0.3371,6,0,0,0,1
CUST004797,730,0.3652,0.2502,5,0,0,0,0
CUST004798,698,0.2243,0.4318,1,0,0,0,0
CUST004799,693,0.1344,0.077,10,0,0,0,0
CUST004800,570,0.2725,0.6295,7,0,0,0,0
CUST004801,523,0.4216,0.4246,7,0,0,0,0
CUST004802,587,0.5157,0.5395,2,0,0,1,0
CUST004803,537,0.146,0.4377,2,0,0,0,3
CUST004804,748,0.5484,0.2589,3,0,2,0,0
CUST004805,667,0.3439,0.2504,3,1,1,0,0
CUST004806,817,0.4225,0.3316,4,0,0,0,0
CUST004807,690,0.4142,0.3082,6,1,1,1,2
CUST004808,778,0.2039,0.2303,6,0,0,0,2
CUST004809,689,0.1252,0.2091,7,1,0,0,1
CUST004810,750,0.1087,0.1608,6,1,3,0,0
CUST004811,651,0.1386,0.4607,2,1,0,0,1
CUST004812,763,0.0966,0.2744,2,0,0,0,1
CUST004813,728,0.2688,0.3888,6,0,0,0,1
CUST004814,525,0.472,0.5473,1,0,1,0,0
CUST004815,731,0.5598,0.6574,0,1,0,0,0
CUST004816,711,0.1598,0.1807,8,0,0,0,0
CUST004817,476,0.4386,0.3509,3,0,0,0,0
CUST004818,638,0.3447,0.6133,7,1,0,0,0
CUST004819,745,0.2635,0.4341,3,0,0,0,0
CUST004820,454,0.075,0.6559,6,0,0,0,0
CUST004821,711,0.1083,0.0481,5,0,0,0,1
CUST004822,683,0.0826,0.0253,5,0,0,0,2
CUST004823,655,0.133,0.3787,3,1,0,0,0
CUST004824,900,0.2598,0.1936,5,0,0,0,1
CUST004825,715,0.3698,0.2795,0,0,0,0,1
CUST004826,602,0.2784,0.1086,6,1,0,0,2
CUST004827,624,0.2867,0.5363,3,2,0,0,0
CUST004828,731,0.2742,0.6144,5,0,0,0,1
CUST004829,705,0.6483,0.5774,0,0,1,0,1
CUST004830,627,0.2595,0.2574,2,0,0,0,1
CUST004831,740,0.6666,0.4977,2,0,0,0,3
CUST004832,556,0.1727,0.7194,1,0,0,0,0
CUST004833,730,0.4706,0.5784,4,0,0,0,1
CUST004834,609,0.3513,0.0329,7,0,0,0,0
CUST004835,709,0.2754,0.425,5,1,0,0,0
CUST004836,813,0.0608,0.2313,3,0,0,0,2
CUST004837,483,0.1346,0.5879,2,1,0,0,0
CUST004838,618,0.3982,0.2747,6,0,1,1,0
CUST004839,454,0.1732,0.5623,3,0,0,0,2
CUST004840,707,0.1337,0.1704,2,0,0,0,0
CUST004841,755,0.472,0.4965,1,1,0,1,0
CUST004842,590,0.2117,0.5114,2,1,0,0,0
CUST004843,690,0.3011,0.4138,3,0,0,0,1
CUST004844,680,0.1167,0.539,2,1,0,0,0
CUST004845,682,0.1888,0.2062,2,0,0,0,0
CUST004846,709,0.4395,0.4284,4,0,0,0,0
CUST004847,700,0.2956,0.3773,0,0,0,0,1
CUST004848,609,0.3796,0.2666,6,3,0,0,0
CUST004849,618,0.4156,0.0665,5,0,0,0,1
CUST004850,516,0.2951,0.5953,1,1,1,0,0
CUST004851,458,0.373,0.3337,8,1,0,1,0
CUST004852,647,0.2207,0.2243,2,0,1,0,0
CUST004853,804,0.4969,0.3584,4,1,0,0,1
CUST004854,562,0.375,0.2128,4,0,0,0,0
CUST004855,597,0.5944,0.6802,6,1,0,0,0
CUST004856,656,0.4843,0.3275,4,1,0,0,0
CUST004857,619,0.2576,0.566,3,0,0,0,0
CUST004858,647,0.6302,0.3862,3,1,0,0,0
CUST004859,682,0.7753,0.3283,3,0,0,1,2
CUST004860,669,0.1784,0.5364,5,1,0,0,0
CUST004861,564,0.2322,0.0359,2,1,0,0,0
CUST004862,555,0.2593,0.1891,5,0,0,1,1
CUST004863,669,0.566,0.3715,2,1,0,0,0
CUST004864,528,0.2697,0.2684,7,0,0,0,0
CUST004865,748,0.2729,0.4913,4,0,0,0,0
CUST004866,676,0.2747,0.3826,2,0,0,0,0
CUST004867,751,0.5296,0.3492,4,0,0,0,1
CUST004868,696,0.0461,0.1917,6,0,0,0,1
CUST004869,643,0.2832,0.4119,4,0,0,0,1
CUST004870,741,0.3395,0.3811,4,0,0,0,0
CUST004871,648,0.2566,0.3053,2,1,1,0,0
CUST004872,613,0.2485,0.8181,6,0,0,0,1
CUST004873,501,0.2444,0.429,3,0,0,0,1
CUST004874,637,0.4474,0.2559,4,0,0,1,0
CUST004875,578,0.1701,0.3149,3,0,0,0,2
CUST004876,583,0.3525,0.2753,8,0,0,0,1
CUST004877,605,0.2874,0.3932,5,1,0,0,0
CUST004878,697,0.1453,0.1669,2,1,0,1,0
CUST004879,557,0.2532,0.3851,2,0,0,0,1
CUST004880,532,0.1862,0.2752,7,0,0,0,3
CUST004881,489,0.3131,0.4209,5,1,0,0,2
CUST004882,688,0.3135,0.6259,5,0,0,0,1
CUST004883,711,0.1975,0.766,2,0,0,0,0
CUST004884,601,0.0687,0.2145,3,1,0,0,0
CUST004885,607,0.3927,0.3684,4,0,0,0,0
CUST004886,728,0.2418,0.2634,2,1,0,0,1
CUST004887,636,0.1073,0.3432,5,0,1,0,0
CUST004888,684,0.2377,0.4155,0,2,0,0,1
CUST004889,671,0.2308,0.3294,7,0,0,0,1
CUST004890,560,0.548,0.1945,4,0,0,0,1
CUST004891,688,0.1864,0.3339,5,0,0,1,0
CUST004892,665,0.2749,0.146,4,0,0,0,0
CUST004893,599,0.1181,0.3126,2,1,0,0,0
CUST004894,619,0.4357,0.5639,3,0,0,1,0
CUST004895,526,0.2485,0.1745,4,0,0,0,1
CUST004896,722,0.2424,0.6831,2,0,2,0,1
CUST004897,667,0.3863,0.2324,3,1,0,0,0
CUST004898,662,0.3282,0.1418,2,1,0,0,0
CUST004899,657,0.3529,0.1531,8,0,0,0,1
CUST004900,685,0.1665,0.3548,7,0,0,0,1
CUST004901,515,0.3239,0.2091,4,1,1,1,0
CUST004902,897,0.2625,0.1743,3,0,0,0,0
CUST004903,715,0.2462,0.4738,4,0,0,0,0
CUST004904,683,0.0289,0.5004,7,0,0,0,0
CUST004905,816,0.3365,0.4513,5,0,0,0,1
CUST004906,682,0.4328,0.744,2,0,0,0,1
CUST004907,823,0.2908,0.77,2,0,0,0,0
CUST004908,841,0.1667,0.0358,6,1,0,1,0
CUST004909,773,0.085,0.2118,2,0,0,0,1
CUST004910,650,0.2131,0.4214,3,3,0,0,0
CUST004911,644,0.0076,0.5262,4,1,0,0,0
CUST004912,617,0.4457,0.1529,5,0,0,0,0
CUST004913,723,0.4835,0.1446,4,0,0,0,0
CUST004914,557,0.4893,0.5112,2,0,0,1,0
CUST004915,636,0.2323,0.3964,4,0,0,0,0
CUST004916,453,0.2648,0.1602,9,0,0,0,0
CUST004917,556,0.1275,0.1707,3,1,0,0,0
CUST004918,659,0.1059,0.5245,4,1,0,1,1
CUST004919,703,0.1284,0.2384,6,0,0,1,0
CUST004920,741,0.302,0.0772,2,0,0,0,2
CUST004921,657,0.4963,0.4739,4,0,0,0,0
CUST004922,600,0.3141,0.1202,2,0,0,1,0
CUST004923,597,0.4096,0.149,3,2,0,0,0
CUST004924,591,0.0937,0.3289,3,0,0,0,0
CUST004925,833,0.1739,0.3734,6,0,1,1,2
CUST004926,611,0.1048,0.2782,3,0,0,0,0
CUST004927,685,0.3532,0.4757,7,0,0,2,1
CUST004928,629,0.4015,0.1615,5,0,0,0,1
CUST004929,704,0.0599,0.1787,4,0,0,0,1
CUST004930,562,0.4477,0.342,1,0,0,0,0
CUST004931,602,0.4831,0.2424,4,0,1,0,1
CUST004932,691,0.1888,0.3702,7,0,0,0,0
CUST004933,590,0.1294,0.2295,1,0,0,0,0
CUST004934,711,0.0916,0.2641,8,1,0,0,0
CUST004935,697,0.5975,0.6376,3,1,1,1,1
CUST004936,650,0.4757,0.2168,7,1,0,0,0
CUST004937,631,0.2024,0.6723,1,1,0,0,0
CUST004938,633,0.2931,0.6894,4,0,0,0,1
CUST004939,724,0.397,0.3512,5,0,0,0,1
CUST004940,697,0.1697,0.6575,5,1,0,0,0
CUST004941,791,0.2608,0.386,5,0,0,0,1
CUST004942,538,0.3183,0.1704,4,0,0,0,0
CUST004943,521,0.4145,0.3294,6,0,1,0,0
CUST004944,618,0.2733,0.2285,3,0,0,1,0
CUST004945,630,0.1207,0.3047,4,0,0,0,1
CUST004946,643,0.0916,0.1171,2,0,1,0,1
CUST004947,787,0.376,0.8168,5,0,1,0,1
CUST004948,680,0.1825,0.4087,4,0,0,0,2
CUST004949,670,0.3676,0.3245,6,0,0,0,0
CUST004950,600,0.3145,0.287,5,1,0,0,0
CUST004951,637,0.1753,0.2343,1,0,0,0,0
CUST004952,663,0.1078,0.3063,3,0,0,0,1
CUST004953,637,0.4522,0.5592,5,0,0,0,1
CUST004954,665,0.0411,0.3706,1,1,0,0,0
CUST004955,687,0.1039,0.2272,0,1,0,0,0
CUST004956,733,0.2581,0.3198,3,0,0,0,1
CUST004957,733,0.3918,0.0964,3,0,1,0,0
CUST004958,683,0.5369,0.332,5,0,0,0,0
CUST004959,763,0.3657,0.1367,5,1,0,0,0
CUST004960,679,0.2775,0.4059,3,0,0,0,0
CUST004961,580,0.1518,0.0546,6,0,1,0,0
CUST004962,506,0.4126,0.5073,4,1,0,0,0
CUST004963,774,0.0962,0.5667,2,0,0,0,0
CUST004964,599,0.0674,0.7188,2,0,0,0,0
CUST004965,733,0.2234,0.5074,4,0,0,0,1
CUST004966,784,0.4857,0.1353,4,0,0,0,0
CUST004967,567,0.2508,0.2215,8,2,0,0,0
CUST004968,575,0.1949,0.3926,5,0,0,0,0
CUST004969,734,0.2862,0.2587,5,0,0,0,0
CUST004970,689,0.0909,0.3298,5,0,0,1,0
CUST004971,627,0.1221,0.3151,3,0,2,0,1
CUST004972,677,0.1689,0.2806,4,2,0,0,0
CUST004973,717,0.4346,0.6638,9,0,0,0,3
CUST004974,727,0.525,0.1093,2,0,0,0,0
CUST004975,783,0.2979,0.2377,4,1,0,0,2
CUST004976,593,0.1917,0.1222,2,0,0,0,0
CUST004977,757,0.4278,0.5384,4,0,0,0,0
CUST004978,827,0.1808,0.1121,4,0,0,0,2
CUST004979,698,0.1868,0.5723,4,0,0,0,0
CUST004980,788,0.3679,0.2155,2,0,0,0,0
CUST004981,634,0.3107,0.6487,1,0,0,0,1
CUST004982,668,0.0947,0.1894,3,0,0,0,0
CUST004983,697,0.4512,0.342,5,0,0,0,0
CUST004984,666,0.1851,0.6286,5,2,0,0,0
CUST004985,587,0.2861,0.7476,9,0,0,0,1
CUST004986,552,0.276,0.1846,3,0,0,0,0
CUST004987,738,0.1905,0.203,6,0,0,0,2
CUST004988,731,0.1972,0.1027,3,0,0,0,0
CUST004989,499,0.0498,0.1941,5,0,1,0,0
CUST004990,713,0.1667,0.6148,5,1,0,0,0
CUST004991,685,0.1808,0.5128,4,1,0,0,2
CUST004992,603,0.133,0.329,4,0,0,0,2
CUST004993,684,0.3226,0.3834,3,0,0,0,0
CUST004994,565,0.1614,0.5528,5,0,1,0,0
CUST004995,613,0.6332,0.3068,3,0,0,0,0
CUST004996,577,0.3399,0.383,3,1,0,0,0
CUST004997,730,0.4309,0.5263,1,0,0,0,1
CUST004998,622,0.237,0.0374,5,0,0,0,0
CUST004999,607,0.2818,0.3295,2,0,1,0,1
CUST005000,587,0.2059,0.2653,3,0,0,0,1
CUST005001,717,0.1795,0.1541,4,0,0,0,1
CUST005002,706,0.317,0.4807,2,0,0,0,0
CUST005003,618,0.0925,0.552,6,0,0,0,0
CUST005004,690,0.2702,0.2472,5,0,0,0,0
CUST005005,389,0.1785,0.6041,1,0,1,0,0
CUST005006,575,0.2278,0.6449,1,1,0,0,2
CUST005007,758,0.4978,0.2004,4,0,1,0,1
CUST005008,629,0.1716,0.3823,6,0,2,0,0
CUST005009,548,0.4898,0.6829,5,0,0,0,4
CUST005010,809,0.2827,0.2423,6,1,0,0,0
CUST005011,504,0.2262,0.2423,4,0,0,0,0
CUST005012,540,0.2986,0.4969,4,1,0,0,0
CUST005013,571,0.4374,0.2404,2,0,0,0,1
CUST005014,585,0.1167,0.1751,2,0,1,0,0
CUST005015,772,0.2914,0.5211,5,0,1,1,0
CUST005016,633,0.5078,0.6098,8,0,0,0,0
CUST005017,859,0.2796,0.6812,2,0,1,0,0
CUST005018,475,0.3787,0.217,7,0,0,0,1
CUST005019,741,0.1706,0.2665,8,0,0,1,0
CUST005020,614,0.205,0.2297,1,0,0,0,0
CUST005021,614,0.2154,0.7692,2,0,0,0,1
CUST005022,608,0.2602,0.8274,4,0,0,0,0
CUST005023,624,0.0696,0.707,5,0,1,0,0
CUST005024,730,0.4086,0.1354,3,0,0,0,1
CUST005025,591,0.387,0.2789,5,0,0,0,1
CUST005026,650,0.101,0.5514,0,0,0,0,0
CUST005027,748,0.2651,0.4696,4,0,0,0,0
CUST005028,460,0.1247,0.5398,4,0,0,0,0
CUST005029,834,0.3113,0.1473,4,0,0,0,0
CUST005030,760,0.1702,0.496,4,0,0,0,0
CUST005031,695,0.1951,0.0558,5,0,0,0,0
CUST005032,687,0.2171,0.1526,1,0,0,0,0
CUST005033,673,0.2387,0.1572,5,0,0,0,1
CUST005034,597,0.1787,0.3468,7,1,0,0,1
CUST005035,729,0.3275,0.4006,2,0,0,0,0
CUST005036,634,0.1884,0.4114,2,0,0,0,1
CUST005037,561,0.1333,0.2009,2,0,0,0,0
CUST005038,766,0.1896,0.8497,0,0,0,1,1
CUST005039,573,0.5379,0.5906,5,0,0,0,0
CUST005040,732,0.4906,0.2333,5,0,0,0,0
CUST005041,636,0.5782,0.0899,4,0,0,0,1
CUST005042,702,0.4735,0.4695,4,0,0,0,0
CUST005043,565,0.1182,0.1768,3,0,0,0,2
CUST005044,562,0.347,0.3796,4,0,0,0,0
CUST005045,719,0.6547,0.3154,4,0,0,0,1
CUST005046,789,0.4118,0.2031,3,2,0,0,0
CUST005047,759,0.0858,0.1693,2,0,0,0,0
CUST005048,680,0.2766,0.261,4,1,0,0,0
CUST005049,551,0.5057,0.2198,4,0,1,0,0
CUST005050,455,0.1949,0.4048,5,1,0,0,0
CUST005051,821,0.1134,0.3457,9,2,0,0,0
CUST005052,602,0.5057,0.3887,6,0,0,0,1
CUST005053,770,0.7993,0.3704,3,0,0,1,0
CUST005054,703,0.0878,0.1579,3,1,0,0,0
CUST005055,461,0.6296,0.2066,4,0,0,0,1
CUST005056,635,0.6203,0.4757,3,0,0,0,1
CUST005057,692,0.3295,0.1904,4,0,0,0,0
CUST005058,500,0.1369,0.0625,3,0,0,0,0
CUST005059,615,0.1879,0.3087,1,1,0,0,0
CUST005060,553,0.0491,0.2826,9,0,1,0,1
CUST005061,778,0.2266,0.6605,6,1,0,0,0
CUST005062,577,0.4878,0.5006,3,0,0,0,0
CUST005063,690,0.4647,0.2991,6,0,0,0,0
CUST005064,575,0.224,0.4433,6,0,0,0,1
CUST005065,590,0.093,0.7222,1,0,0,0,0
CUST005066,636,0.632,0.5571,6,0,0,0,0
CUST005067,660,0.2685,0.3161,4,0,1,0,0
CUST005068,654,0.2981,0.5227,5,0,0,0,0
CUST005069,499,0.3845,0.3184,4,0,0,0,0
CUST005070,733,0.1408,0.1714,5,0,0,0,1
CUST005071,789,0.3076,0.5433,6,0,0,0,0
CUST005072,667,0.1803,0.5642,2,0,0,1,1
CUST005073,638,0.1941,0.3428,5,0,0,0,0
CUST005074,750,0.1846,0.1783,5,0,0,0,0
CUST005075,700,0.1501,0.5726,3,1,0,0,0
CUST005076,650,0.0617,0.4039,3,0,0,0,1
CUST005077,611,0.3095,0.1347,4,0,0,0,0
CUST005078,653,0.2875,0.2386,3,1,0,1,0
CUST005079,491,0.5241,0.1613,4,0,0,0,0
CUST005080,676,0.2413,0.4987,3,1,0,0,0
CUST005081,785,0.3088,0.4351,2,2,1,0,1
CUST005082,465,0.1382,0.3255,5,0,0,1,1
CUST005083,445,0.2013,0.2571,4,0,0,0,3
CUST005084,727,0.3497,0.4798,5,1,0,0,1
CUST005085,848,0.3029,0.1545,5,0,0,0,2
CUST005086,831,0.3346,0.2133,5,0,0,0,1
CUST005087,632,0.1027,0.0062,3,0,0,0,3
CUST005088,711,0.0554,0.1447,7,0,0,0,0
CUST005089,763,0.2953,0.0479,2,2,0,0,0
CUST005090,524,0.6501,0.2675,5,1,0,0,0
CUST005091,490,0.3263,0.14,1,0,0,0,1
CUST005092,633,0.2341,0.472,4,0,0,0,1
CUST005093,572,0.182,0.7335,2,0,0,0,0
CUST005094,681,0.3451,0.5968,8,0,0,0,1
CUST005095,620,0.1108,0.1149,5,0,1,0,3
CUST005096,817,0.186,0.4162,4,0,0,0,0
CUST005097,716,0.0839,0.2539,4,1,0,0,0
CUST005098,639,0.1951,0.1511,4,0,0,0,0
CUST005099,468,0.415,0.2618,6,0,0,0,0
CUST005100,694,0.1068,0.3529,4,1,0,0,1
CUST005101,680,0.0373,0.1461,4,0,0,0,1
CUST005102,632,0.2247,0.0579,6,0,0,1,0
CUST005103,601,0.5036,0.5485,9,0,0,0,0
CUST005104,605,0.1603,0.2162,4,0,0,0,0
CUST005105,787,0.2171,0.122,7,1,0,0,1
CUST005106,775,0.693,0.7812,2,0,0,0,0
CUST005107,623,0.0917,0.3673,5,0,0,0,1
CUST005108,691,0.4496,0.2515,5,0,0,0,1
CUST005109,697,0.2351,0.1081,7,0,1,0,0
CUST005110,540,0.3879,0.1325,4,1,0,0,0
CUST005111,591,0.4044,0.1708,3,0,0,1,1
CUST005112,774,0.6683,0.0257,5,0,0,0,1
CUST005113,563,0.4949,0.4408,3,1,0,0,0
CUST005114,603,0.2247,0.508,6,1,1,0,0
CUST005115,636,0.1025,0.3999,3,0,0,0,1
CUST005116,634,0.2867,0.2309,4,1,0,0,1
CUST005117,570,0.2357,0.5131,4,0,0,0,0
CUST005118,621,0.1673,0.6296,4,0,0,0,0
CUST005119,479,0.2648,0.5737,3,1,0,0,2
CUST005120,710,0.0624,0.1385,4,0,0,0,1
CUST005121,643,0.373,0.1358,4,0,0,0,0
CUST005122,523,0.3443,0.2211,3,0,0,1,0
CUST005123,599,0.1669,0.1136,4,0,1,0,1
CUST005124,459,0.1024,0.1064,6,0,0,0,1
CUST005125,549,0.0848,0.3714,5,1,0,0,0
CUST005126,497,0.4094,0.4338,3,0,0,0,1
CUST005127,858,0.5101,0.1641,3,0,0,0,0
CUST005128,676,0.0615,0.346,3,2,0,0,0
CUST005129,655,0.2658,0.4814,4,0,0,1,1
CUST005130,568,0.2389,0.1588,7,0,0,0,1
CUST005131,677,0.1295,0.5295,4,0,0,1,0
CUST005132,666,0.2604,0.6771,5,0,0,0,0
CUST005133,722,0.3214,0.1073,6,1,0,0,0
CUST005134,609,0.6519,0.3024,8,0,0,0,1
CUST005135,597,0.4426,0.5812,1,0,0,0,0
CUST005136,595,0.1525,0.7076,4,0,1,0,1
CUST005137,629,0.0744,0.2977,6,1,0,0,0
CUST005138,666,0.4264,0.3193,3,0,0,0,1
CUST005139,769,0.1162,0.5173,5,1,0,0,1
CUST005140,764,0.0903,0.3661,6,0,0,0,0
CUST005141,633,0.5101,0.5342,0,1,0,0,0
CUST005142,876,0.2119,0.239,3,1,0,0,0
CUST005143,696,0.1372,0.281,5,0,0,0,0
CUST005144,703,0.1344,0.476,3,1,0,0,1
CUST005145,726,0.5662,0.17,3,0,1,0,2
CUST005146,765,0.1935,0.455,3,0,0,0,2
CUST005147,740,0.2838,0.5153,5,0,0,0,2
CUST005148,600,0.5542,0.1648,4,0,0,0,0
CUST005149,619,0.2304,0.2034,4,0,0,0,0
CUST005150,533,0.2762,0.0437,1,0,0,0,1
CUST005151,702,0.0988,0.4661,6,0,0,0,0
CUST005152,737,0.3244,0.4966,0,0,0,0,1
CUST005153,742,0.1125,0.646,3,0,0,0,0
CUST005154,676,0.146,0.1456,7,0,0,0,1
CUST005155,709,0.2495,0.031,3,1,0,0,1
CUST005156,503,0.3808,0.4392,6,0,0,0,2
CUST005157,613,0.449,0.1058,5,0,0,0,0
CUST005158,605,0.158,0.182,2,0,0,0,1
CUST005159,783,0.4337,0.2564,1,0,0,0,0
CUST005160,682,0.1897,0.6771,2,0,0,0,1
CUST005161,679,0.4632,0.2817,2,0,0,0,0
CUST005162,530,0.6913,0.1209,3,1,0,0,1
CUST005163,536,0.2224,0.3265,5,0,0,0,0
CUST005164,633,0.2236,0.3174,3,0,0,0,0
CUST005165,720,0.1701,0.0772,2,0,0,0,2
CUST005166,572,0.0556,0.4539,6,0,0,0,0
CUST005167,783,0.4327,0.3205,7,0,0,0,0
CUST005168,581,0.3523,0.311,2,2,1,0,1
CUST005169,699,0.0647,0.5466,3,0,0,0,1
CUST005170,590,0.2096,0.3021,5,0,0,0,0
CUST005171,763,0.0988,0.1596,1,0,0,1,1
CUST005172,824,0.1898,0.2438,7,1,0,0,0
CUST005173,707,0.3281,0.3633,4,0,0,0,0
CUST005174,595,0.4514,0.1807,5,0,0,0,0
CUST005175,572,0.2751,0.1649,3,0,0,0,1
CUST005176,587,0.2373,0.7597,3,0,0,0,1
CUST005177,609,0.1209,0.3895,3,0,1,0,1
CUST005178,599,0.223,0.7163,2,1,0,0,0
CUST005179,767,0.1246,0.4609,4,0,0,0,0
CUST005180,661,0.2014,0.4666,1,0,0,0,1
CUST005181,701,0.2244,0.3596,3,0,0,0,0
CUST005182,539,0.5028,0.6624,2,0,0,0,1
CUST005183,621,0.3749,0.0495,3,0,1,0,3
CUST005184,707,0.3435,0.2885,1,0,0,0,0
CUST005185,611,0.3441,0.4518,4,1,0,0,0
CUST005186,679,0.2053,0.5469,4,0,0,0,0
CUST005187,615,0.1268,0.3237,2,2,0,0,0
CUST005188,759,0.1228,0.2498,2,1,1,0,1
CUST005189,652,0.1389,0.3101,5,0,0,0,0
CUST005190,596,0.3172,0.2112,4,0,0,0,1
CUST005191,679,0.1813,0.3101,3,1,0,0,1
CUST005192,679,0.5302,0.4144,4,0,1,0,1
CUST005193,737,0.1967,0.4828,1,0,0,0,1
CUST005194,541,0.375,0.4616,4,1,0,0,0
CUST005195,567,0.1234,0.6633,3,0,0,0,1
CUST005196,672,0.2304,0.1174,2,0,0,0,0
CUST005197,601,0.3328,0.3883,5,0,0,0,0
CUST005198,664,0.5124,0.4697,3,0,0,0,1
CUST005199,672,0.0875,0.5447,6,0,0,0,0
CUST005200,569,0.2117,0.2313,2,1,0,0,0
CUST005201,675,0.2351,0.2719,3,0,0,0,0
CUST005202,602,0.4675,0.1507,4,0,0,1,0
CUST005203,508,0.2825,0.2339,2,0,0,1,0
CUST005204,649,0.5309,0.3589,4,0,0,0,0
CUST005205,613,0.2503,0.4727,3,1,0,0,0
CUST005206,593,0.3302,0.2727,6,0,0,0,1
CUST005207,660,0.221,0.2832,3,0,0,0,0
CUST005208,695,0.1417,0.1757,2,0,1,0,0
CUST005209,600,0.3549,0.2389,6,1,0,0,1
CUST005210,727,0.3269,0.2463,6,0,0,0,1
CUST005211,565,0.4068,0.082,2,0,0,0,0
CUST005212,600,0.1517,0.5916,5,0,0,0,0
CUST005213,784,0.263,0.2943,6,0,0,0,0
CUST005214,579,0.0985,0.0785,0,0,0,0,1
CUST005215,649,0.1762,0.254,2,0,0,0,0
CUST005216,581,0.28,0.3072,3,0,0,0,0
CUST005217,780,0.3527,0.154,6,2,0,0,0
CUST005218,574,0.316,0.4062,3,0,0,0,0
CUST005219,802,0.128,0.277,5,1,0,0,0
CUST005220,748,0.2773,0.0886,3,0,0,1,1
CUST005221,688,0.2446,0.4714,5,0,0,1,0
CUST005222,728,0.0985,0.5128,5,0,0,0,0
CUST005223,826,0.3384,0.1663,4,2,0,0,1
CUST005224,602,0.4631,0.3207,4,1,0,0,0
CUST005225,665,0.1421,0.7583,5,0,0,0,1
CUST005226,650,0.1589,0.0646,4,0,0,0,0
CUST005227,580,0.0258,0.2827,5,0,0,0,1
CUST005228,613,0.3636,0.6045,2,0,0,0,0
CUST005229,676,0.0213,0.4568,2,0,0,0,0
CUST005230,853,0.4265,0.5315,2,0,0,0,0
CUST005231,554,0.261,0.2841,1,0,1,0,0
CUST005232,648,0.7552,0.3354,2,0,0,0,0
CUST005233,617,0.1118,0.5258,5,0,0,0,0
CUST005234,701,0.4425,0.4679,3,1,0,0,0
CUST005235,702,0.3168,0.7223,2,0,0,0,0
CUST005236,531,0.5533,0.0993,5,1,0,1,0
CUST005237,666,0.1526,0.1428,3,1,0,0,0
CUST005238,463,0.1911,0.2291,6,0,0,1,2
CUST005239,752,0.0923,0.2279,6,0,0,0,1
CUST005240,495,0.2655,0.327,3,0,0,0,0
CUST005241,568,0.4551,0.1812,2,0,1,0,0
CUST005242,690,0.4766,0.1452,1,0,0,1,2
CUST005243,591,0.1105,0.4595,4,0,0,0,2
CUST005244,683,0.1544,0.0636,5,1,0,0,0
CUST005245,813,0.3062,0.0975,6,0,0,0,1
CUST005246,747,0.5193,0.207,2,1,1,0,1
CUST005247,607,0.4213,0.1497,4,0,0,0,0
CUST005248,629,0.4775,0.2523,1,0,0,0,2
CUST005249,543,0.3589,0.2277,1,0,0,0,2
CUST005250,745,0.1509,0.3177,5,0,0,0,0
CUST005251,695,0.2791,0.4015,5,0,0,0,1
CUST005252,576,0.0369,0.608,1,0,0,0,1
CUST005253,679,0.1586,0.5088,4,0,0,0,1
CUST005254,510,0.1807,0.4829,6,1,0,0,0
CUST005255,683,0.4159,0.4029,4,1,0,0,1
CUST005256,766,0.2643,0.4605,6,0,0,0,1
CUST005257,715,0.5553,0.2724,2,0,0,0,0
CUST005258,675,0.1956,0.0771,4,0,0,0,0
CUST005259,745,0.1701,0.3138,8,0,0,0,0
CUST005260,611,0.0796,0.1762,5,0,0,0,2
CUST005261,456,0.2467,0.4157,3,0,0,0,1
CUST005262,775,0.1971,0.3634,4,0,0,0,0
CUST005263,730,0.2365,0.2277,8,0,0,1,2
CUST005264,681,0.0335,0.4426,5,1,0,0,0
CUST005265,660,0.5238,0.4351,5,0,1,0,0
CUST005266,725,0.2457,0.3511,3,0,0,0,0
CUST005267,725,0.1095,0.6476,3,1,0,1,2
CUST005268,635,0.298,0.4093,5,0,0,0,1
CUST005269,768,0.1397,0.1202,4,0,0,0,1
CUST005270,720,0.5116,0.3011,3,1,0,0,2
CUST005271,598,0.3622,0.409,4,0,1,0,0
CUST005272,858,0.1926,0.3301,5,0,0,0,0
CUST005273,580,0.4991,0.4071,6,2,1,0,2
CUST005274,475,0.3729,0.487,2,0,0,0,0
CUST005275,531,0.1614,0.2989,4,1,0,0,0
CUST005276,758,0.1467,0.198,7,0,0,0,0
CUST005277,762,0.1831,0.3971,7,0,1,0,0
CUST005278,564,0.241,0.1921,6,0,1,0,0
CUST005279,597,0.1445,0.4009,3,1,0,1,0
CUST005280,598,0.2341,0.1938,4,0,0,0,0
CUST005281,727,0.4111,0.5322,4,1,1,0,0
CUST005282,544,0.1202,0.188,4,0,0,0,0
CUST005283,739,0.2165,0.4804,4,0,0,0,4
CUST005284,667,0.3624,0.2098,4,1,0,0,0
CUST005285,601,0.0496,0.3784,2,1,0,0,0
CUST005286,611,0.763,0.356,2,1,0,0,1
CUST005287,629,0.0929,0.3277,4,0,0,0,0
CUST005288,631,0.2138,0.2576,4,0,0,0,1
CUST005289,589,0.3828,0.4086,7,0,0,0,0
CUST005290,839,0.345,0.2592,2,0,0,1,0
CUST005291,702,0.3083,0.3828,5,0,0,0,0
CUST005292,732,0.4843,0.5342,2,0,0,0,1
CUST005293,664,0.11,0.1571,5,1,0,1,1
CUST005294,676,0.587,0.3241,3,0,0,0,0
CUST005295,622,0.4001,0.3176,3,0,1,0,0
CUST005296,752,0.167,0.3033,3,0,0,0,2
CUST005297,658,0.2999,0.1698,4,0,0,1,1
CUST005298,590,0.3279,0.3323,2,0,0,0,1
CUST005299,410,0.4785,0.5956,5,0,1,0,1
CUST005300,572,0.5365,0.3656,2,0,0,0,0
CUST005301,635,0.1869,0.7547,4,2,0,0,0
CUST005302,655,0.0841,0.421,2,0,0,0,0
CUST005303,545,0.3038,0.5403,5,0,0,0,1
CUST005304,457,0.0923,0.2473,2,0,0,0,3
CUST005305,849,0.4186,0.2089,2,1,0,0,0
CUST005306,650,0.232,0.4067,4,1,1,0,0
CUST005307,621,0.185,0.3485,6,1,1,1,0
CUST005308,667,0.2976,0.1949,2,0,0,0,0
CUST005309,554,0.1378,0.1472,5,0,0,0,1
CUST005310,748,0.2934,0.3384,5,0,0,0,1
CUST005311,607,0.4346,0.3419,7,0,1,0,1
CUST005312,585,0.2331,0.5804,3,0,0,0,1
CUST005313,597,0.1011,0.5442,4,0,0,0,0
CUST005314,589,0.0687,0.5318,12,1,0,0,0
CUST005315,549,0.2365,0.174,4,0,0,0,1
CUST005316,690,0.0578,0.2382,3,0,0,0,0
CUST005317,702,0.0728,0.1189,3,0,0,0,1
CUST005318,532,0.1327,0.2073,3,0,2,0,0
CUST005319,625,0.3303,0.4579,6,0,0,0,3
CUST005320,662,0.2273,0.5152,6,0,0,1,2
CUST005321,604,0.2838,0.3065,3,0,0,0,1
CUST005322,722,0.227,0.1613,4,1,0,0,1
CUST005323,790,0.8441,0.3622,4,1,0,0,0
CUST005324,693,0.1012,0.5054,3,0,0,0,0
CUST005325,650,0.2537,0.3809,4,1,0,1,1
CUST005326,581,0.1395,0.6107,4,0,0,0,1
CUST005327,518,0.1537,0.3938,2,0,0,0,0
CUST005328,578,0.159,0.434,5,0,0,0,0
CUST005329,717,0.3673,0.1505,7,1,0,0,1
CUST005330,561,0.0705,0.3308,4,1,1,1,0
CUST005331,761,0.1648,0.1493,6,0,0,0,0
CUST005332,615,0.1668,0.3626,4,0,0,1,2
CUST005333,548,0.1471,0.3555,1,0,0,0,0
CUST005334,670,0.275,0.0438,3,0,0,0,0
CUST005335,571,0.2016,0.1679,1,1,0,1,0
CUST005336,728,0.2283,0.3228,4,0,0,0,0
CUST005337,577,0.2215,0.1432,7,1,0,0,2
CUST005338,467,0.2448,0.4063,3,0,0,0,0
CUST005339,603,0.7494,0.1299,7,0,1,0,1
CUST005340,507,0.1079,0.6491,9,1,0,0,0
CUST005341,720,0.3508,0.3707,7,0,0,0,0
CUST005342,744,0.4005,0.4496,4,0,0,0,2
CUST005343,598,0.269,0.5489,2,0,0,0,0
CUST005344,790,0.1014,0.6767,5,0,0,0,2
CUST005345,574,0.0807,0.2431,2,0,0,0,0
CUST005346,622,0.1352,0.4145,3,0,0,0,0
CUST005347,552,0.2504,0.12,2,2,0,0,1
CUST005348,499,0.1125,0.1022,4,1,0,0,3
CUST005349,684,0.132,0.2189,4,3,1,0,1
CUST005350,785,0.3081,0.2194,2,0,0,0,1
CUST005351,609,0.3868,0.3831,5,0,0,0,2
CUST005352,650,0.0628,0.2677,2,1,0,0,1
CUST005353,538,0.419,0.379,7,0,0,0,0
CUST005354,598,0.2369,0.5765,1,0,1,0,0
CUST005355,512,0.2478,0.5028,1,0,0,0,0
CUST005356,785,0.0866,0.6127,3,0,0,0,1
CUST005357,542,0.3062,0.5554,3,0,0,0,0
CUST005358,650,0.1086,0.4514,3,0,0,0,0
CUST005359,792,0.4418,0.2006,4,2,0,0,0
CUST005360,660,0.0474,0.3552,3,0,0,0,2
CUST005361,641,0.3699,0.6985,4,0,0,0,0
CUST005362,679,0.1946,0.5181,4,0,0,0,0
CUST005363,535,0.25,0.448,6,0,0,0,0
CUST005364,486,0.5559,0.2565,3,0,0,0,0
CUST005365,671,0.41,0.1898,5,0,0,0,2
CUST005366,661,0.5472,0.103,4,0,1,0,0
CUST005367,678,0.3845,0.0941,3,0,1,0,0
CUST005368,422,0.5766,0.2676,10,0,0,0,1
CUST005369,529,0.5494,0.3394,4,1,0,1,0
CUST005370,660,0.0881,0.1707,5,1,0,0,0
CUST005371,635,0.1985,0.259,3,1,0,0,0
CUST005372,732,0.0328,0.2114,6,0,0,0,1
CUST005373,677,0.1425,0.1336,3,0,0,0,0
CUST005374,757,0.4348,0.1158,6,0,0,0,0
CUST005375,752,0.4162,0.2294,5,0,0,0,1
CUST005376,705,0.0197,0.0518,7,0,0,0,0
CUST005377,640,0.1674,0.2121,8,0,1,0,2
CUST005378,679,0.5925,0.6956,3,0,0,0,0
CUST005379,688,0.4482,0.4256,4,1,0,0,1
CUST005380,758,0.2567,0.2213,4,1,0,0,1
CUST005381,618,0.3487,0.2268,2,0,0,0,0
CUST005382,688,0.5016,0.419,2,0,0,0,0
CUST005383,525,0.2259,0.3188,1,0,0,1,2
CUST005384,616,0.2903,0.3626,3,0,0,0,2
CUST005385,671,0.5663,0.1365,3,1,1,0,0
CUST005386,684,0.0732,0.0598,5,0,0,0,0
CUST005387,706,0.0487,0.193,4,2,1,0,0
CUST005388,585,0.2994,0.6269,3,0,0,0,0
CUST005389,655,0.1385,0.2122,3,1,2,0,0
CUST005390,605,0.2983,0.5243,8,0,1,0,0
CUST005391,816,0.1694,0.5384,7,1,0,0,0
CUST005392,514,0.3582,0.5616,8,0,0,0,0
CUST005393,841,0.3033,0.2821,8,0,0,0,0
CUST005394,711,0.1152,0.7546,1,0,0,0,0
CUST005395,407,0.1047,0.0616,3,0,0,0,0
CUST005396,605,0.3691,0.1912,4,0,1,0,0
CUST005397,672,0.3294,0.1099,2,1,0,0,0
CUST005398,646,0.4004,0.4167,2,0,0,1,1
CUST005399,505,0.711,0.5765,6,0,0,0,0
CUST005400,546,0.2726,0.1,4,0,0,0,1
CUST005401,661,0.4041,0.1866,6,0,0,0,0
CUST005402,525,0.1976,0.5824,2,1,0,0,1
CUST005403,725,0.5432,0.3431,5,0,0,0,0
CUST005404,626,0.0854,0.2801,4,0,0,0,0
CUST005405,703,0.3102,0.2524,7,2,0,0,1
CUST005406,551,0.3564,0.2841,2,0,0,0,0
CUST005407,528,0.1412,0.4776,1,0,0,0,2
CUST005408,743,0.1726,0.1374,2,1,0,0,0
CUST005409,644,0.4093,0.2333,2,0,0,0,0
CUST005410,501,0.2781,0.3698,5,0,0,0,0
CUST005411,575,0.2894,0.1417,2,0,0,1,0
CUST005412,668,0.2312,0.0472,4,0,0,0,0
CUST005413,517,0.6724,0.1316,2,0,0,0,0
CUST005414,394,0.1814,0.6906,5,0,0,0,0
CUST005415,514,0.2607,0.3915,2,1,0,0,2
CUST005416,720,0.1795,0.1182,3,0,0,0,1
CUST005417,493,0.3073,0.3241,5,0,0,0,0
CUST005418,736,0.3607,0.3192,3,1,0,0,1
CUST005419,675,0.4538,0.0885,4,1,0,0,0
CUST005420,583,0.1364,0.3732,4,0,0,0,0
CUST005421,754,0.1816,0.2524,3,0,0,0,1
CUST005422,528,0.0595,0.1915,1,0,0,0,1
CUST005423,594,0.05,0.3283,7,0,0,0,0
CUST005424,643,0.4859,0.6942,3,0,0,0,0
CUST005425,608,0.5211,0.3551,5,0,0,0,2
CUST005426,654,0.3132,0.5073,6,0,0,0,0
CUST005427,701,0.374,0.5819,3,0,1,0,1
CUST005428,594,0.1977,0.0844,3,0,0,1,0
CUST005429,783,0.2742,0.4388,2,1,0,0,1
CUST005430,565,0.1678,0.5269,5,0,0,0,1
CUST005431,624,0.4017,0.3868,3,0,0,0,0
CUST005432,688,0.3151,0.0941,5,0,0,1,0
CUST005433,632,0.2715,0.4137,6,0,0,0,1
CUST005434,520,0.2497,0.0933,6,0,0,0,2
CUST005435,646,0.3929,0.2145,3,1,0,0,0
CUST005436,561,0.4016,0.0559,8,0,1,0,0
CUST005437,804,0.1076,0.1783,5,0,0,0,0
CUST005438,777,0.3474,0.6424,6,1,0,0,1
CUST005439,659,0.2111,0.3055,5,0,1,0,0
CUST005440,622,0.3762,0.3959,6,1,1,0,0
CUST005441,745,0.3177,0.7492,5,0,0,0,0
CUST005442,756,0.2702,0.0276,8,0,0,0,1
CUST005443,692,0.2407,0.1745,1,1,0,0,0
CUST005444,775,0.5785,0.2413,2,0,0,0,0
CUST005445,682,0.4919,0.363,3,0,0,1,0
CUST005446,662,0.3092,0.4043,2,0,0,0,1
CUST005447,674,0.5618,0.3647,3,0,0,0,1
CUST005448,596,0.0612,0.4191,1,0,0,0,1
CUST005449,719,0.1411,0.3688,5,0,0,0,0
CUST005450,629,0.1317,0.4372,4,0,0,0,2
CUST005451,676,0.2661,0.1833,1,1,0,0,0
CUST005452,622,0.1873,0.6266,5,1,0,0,2
CUST005453,689,0.0512,0.5718,3,0,0,0,2
CUST005454,670,0.5359,0.3016,6,1,0,0,0
CUST005455,738,0.5625,0.3892,6,0,0,1,1
CUST005456,598,0.5239,0.7179,1,0,0,0,2
CUST005457,595,0.3615,0.3915,4,1,0,0,1
CUST005458,711,0.3169,0.3326,7,1,0,0,0
CUST005459,801,0.2328,0.3976,4,0,0,0,0
CUST005460,624,0.2385,0.5168,1,0,0,0,1
CUST005461,704,0.1179,0.4889,3,0,0,0,0
CUST005462,570,0.186,0.2815,2,0,1,0,0
CUST005463,606,0.4233,0.3625,6,0,0,0,0
CUST005464,654,0.2324,0.523,3,0,0,0,0
CUST005465,677,0.2484,0.1301,10,0,0,0,0
CUST005466,671,0.0628,0.5927,7,1,0,0,1
CUST005467,628,0.3124,0.5727,4,1,1,0,0
CUST005468,519,0.4118,0.3886,4,0,0,0,0
CUST005469,534,0.324,0.204,3,0,0,0,0
CUST005470,767,0.3541,0.575,4,0,0,0,0
CUST005471,613,0.3707,0.3538,3,1,1,0,2
CUST005472,647,0.5094,0.2384,3,0,0,0,0
CUST005473,667,0.3868,0.177,4,0,0,0,0
CUST005474,858,0.0698,0.6853,3,0,0,0,1
CUST005475,626,0.3756,0.5055,3,0,0,1,0
CUST005476,740,0.3093,0.4081,4,0,0,0,2
CUST005477,562,0.4843,0.269,3,1,0,0,1
CUST005478,604,0.2585,0.2621,1,1,0,0,0
CUST005479,693,0.2346,0.4011,6,1,0,0,0
CUST005480,706,0.4665,0.6036,7,0,0,0,0
CUST005481,685,0.0275,0.4191,3,1,0,0,1
CUST005482,653,0.124,0.4049,7,0,0,0,0
CUST005483,643,0.0612,0.5693,3,0,0,0,1
CUST005484,764,0.3576,0.3618,3,2,1,0,0
CUST005485,784,0.085,0.6627,2,1,0,0,1
CUST005486,641,0.2962,0.3436,2,1,0,1,0
CUST005487,646,0.1313,0.4582,6,1,0,0,0
CUST005488,625,0.1094,0.1889,2,0,0,0,1
CUST005489,606,0.5009,0.3012,3,0,1,0,2
CUST005490,719,0.2885,0.033,5,1,0,0,0
CUST005491,635,0.209,0.535,4,0,0,0,0
CUST005492,669,0.0904,0.398,3,0,0,0,2
CUST005493,687,0.8652,0.0745,3,0,0,0,0
CUST005494,366,0.3467,0.4693,4,0,0,0,0
CUST005495,593,0.0814,0.5669,3,0,1,0,1
CUST005496,658,0.3436,0.3383,5,1,0,0,0
CUST005497,716,0.2198,0.0744,4,0,1,0,1
CUST005498,789,0.3171,0.2773,4,0,0,0,1
CUST005499,651,0.0815,0.3978,3,2,0,0,1
CUST005500,517,0.147,0.2159,2,0,0,0,0
CUST005501,699,0.4855,0.4494,5,0,0,0,3
CUST005502,640,0.2926,0.4756,6,0,0,0,0
CUST005503,830,0.292,0.1926,3,1,0,0,0
CUST005504,760,0.3205,0.119,4,0,0,0,0
CUST005505,534,0.1751,0.2257,6,0,0,1,0
CUST005506,591,0.2215,0.3725,3,1,1,0,2
CUST005507,783,0.4929,0.2833,3,0,0,0,0
CUST005508,659,0.4844,0.4956,5,0,0,0,0
CUST005509,702,0.2192,0.2612,4,2,0,0,1
CUST005510,627,0.1469,0.3207,3,0,0,0,0
CUST005511,812,0.3613,0.1529,4,0,0,0,0
CUST005512,663,0.2608,0.0511,3,0,2,1,1
CUST005513,723,0.0762,0.0887,3,0,0,0,2
CUST005514,520,0.1785,0.257,5,0,1,0,0
CUST005515,540,0.1194,0.493,5,0,0,0,1
CUST005516,837,0.1585,0.1702,5,0,0,1,1
CUST005517,546,0.2451,0.3431,3,0,0,0,1
CUST005518,705,0.1049,0.3479,8,1,0,0,1
CUST005519,734,0.3279,0.0305,3,0,0,0,1
CUST005520,676,0.2287,0.7803,4,0,0,0,0
CUST005521,738,0.0713,0.2464,4,1,1,0,1
CUST005522,485,0.1143,0.5143,7,1,0,0,0
CUST005523,760,0.28,0.2102,1,0,0,0,1
CUST005524,437,0.4615,0.4593,4,0,0,0,0
CUST005525,728,0.1536,0.0756,4,2,1,0,0
CUST005526,893,0.1247,0.4443,6,0,0,0,0
CUST005527,764,0.1616,0.3327,4,0,0,0,1
CUST005528,657,0.6701,0.2052,1,0,0,0,0
CUST005529,630,0.4029,0.0619,4,0,0,0,0
CUST005530,649,0.2273,0.2424,4,1,0,0,2
CUST005531,553,0.1319,0.5134,5,0,0,0,0
CUST005532,634,0.1833,0.2827,3,0,0,0,0
CUST005533,518,0.1645,0.7237,6,1,0,0,1
CUST005534,572,0.3985,0.4441,6,0,0,0,0
CUST005535,731,0.2578,0.2771,4,0,0,0,1
CUST005536,723,0.2292,0.3411,5,0,1,1,0
CUST005537,687,0.4338,0.4914,3,1,0,2,0
CUST005538,665,0.0683,0.4708,2,0,0,0,2
CUST005539,493,0.3305,0.5535,3,0,0,0,1
CUST005540,615,0.2567,0.4792,5,0,0,0,0
CUST005541,643,0.0729,0.2002,3,0,0,0,0
CUST005542,507,0.2364,0.5349,3,1,0,0,0
CUST005543,524,0.2155,0.3186,5,1,0,0,1
CUST005544,737,0.2963,0.2164,2,0,0,0,2
CUST005545,679,0.4255,0.236,3,1,0,0,1
CUST005546,546,0.5694,0.1873,7,0,0,0,2
CUST005547,773,0.3554,0.5818,2,0,0,0,0
CUST005548,739,0.2641,0.3993,5,0,0,0,0
CUST005549,638,0.1869,0.2148,3,0,0,0,1
CUST005550,536,0.5076,0.2199,3,1,0,0,2
CUST005551,794,0.188,0.2477,8,0,1,0,0
CUST005552,801,0.1008,0.2225,4,0,1,1,0
CUST005553,755,0.03,0.1529,7,1,0,0,0
CUST005554,751,0.2223,0.4473,6,0,0,0,0
CUST005555,645,0.4482,0.1311,6,1,1,0,1
CUST005556,660,0.4753,0.1773,2,0,0,0,2
CUST005557,773,0.5024,0.182,11,0,0,0,1
CUST005558,672,0.0572,0.2046,4,0,0,0,0
CUST005559,575,0.5262,0.4639,3,0,0,0,1
CUST005560,566,0.3381,0.1282,3,0,0,0,2
CUST005561,749,0.2807,0.3714,5,0,0,0,0
CUST005562,840,0.0426,0.3054,6,0,0,0,2
CUST005563,698,0.3538,0.3194,4,0,0,0,0
CUST005564,850,0.6275,0.1318,4,0,0,0,0
CUST005565,473,0.5349,0.2726,4,0,0,0,1
CUST005566,538,0.1031,0.1352,6,0,0,0,0
CUST005567,604,0.1098,0.7553,5,0,0,0,0
CUST005568,471,0.415,0.4444,4,0,0,0,1
CUST005569,630,0.3565,0.355,4,1,0,0,0
CUST005570,756,0.1124,0.4447,3,0,0,0,0
CUST005571,467,0.2687,0.1935,5,1,0,0,1
CUST005572,733,0.1753,0.1253,4,0,0,0,1
CUST005573,539,0.1645,0.2194,2,0,0,0,1
CUST005574,577,0.4226,0.112,7,0,0,0,2
CUST005575,638,0.1886,0.1962,7,0,0,0,1
CUST005576,645,0.5779,0.522,1,0,0,0,1
CUST005577,741,0.3987,0.2076,7,0,0,0,0
CUST005578,632,0.11,0.5366,2,0,0,0,1
CUST005579,712,0.5343,0.4509,6,0,0,0,0
CUST005580,745,0.2679,0.1662,4,0,0,0,0
CUST005581,661,0.255,0.1299,4,0,0,0,1
CUST005582,846,0.1948,0.4061,5,0,0,0,0
CUST005583,594,0.038,0.5596,5,0,0,0,0
CUST005584,577,0.1478,0.378,3,0,0,0,0
CUST005585,580,0.0818,0.1527,3,0,0,0,0
CUST005586,851,0.0898,0.3633,3,0,0,0,0
CUST005587,726,0.2978,0.3725,5,0,0,0,1
CUST005588,757,0.6407,0.4407,5,0,0,0,1
CUST005589,712,0.3808,0.0578,3,0,0,0,1
CUST005590,642,0.5514,0.4591,7,0,0,1,0
CUST005591,664,0.5696,0.419,5,0,1,0,0
CUST005592,561,0.3687,0.4082,6,0,0,0,1
CUST005593,837,0.1823,0.1673,5,0,0,0,0
CUST005594,641,0.4003,0.0729,4,0,0,1,0
CUST005595,572,0.0921,0.496,4,0,0,0,0
CUST005596,518,0.4093,0.5659,6,0,1,0,0
CUST005597,805,0.3334,0.1942,3,0,1,0,0
CUST005598,744,0.1096,0.1375,1,0,0,0,0
CUST005599,695,0.4938,0.0759,3,0,0,0,0
CUST005600,482,0.4866,0.3053,3,1,0,0,0
CUST005601,686,0.3934,0.5198,3,0,1,0,1
CUST005602,627,0.0751,0.3233,4,0,1,1,0
CUST005603,604,0.2509,0.4521,2,0,0,0,1
CUST005604,776,0.2836,0.2872,5,0,0,0,1
CUST005605,529,0.424,0.1588,2,0,1,0,0
CUST005606,520,0.1351,0.2073,2,0,0,0,0
CUST005607,500,0.2576,0.2206,3,0,0,0,0
CUST005608,568,0.2683,0.331,4,0,0,0,1
CUST005609,525,0.3566,0.1612,5,1,0,1,0
CUST005610,732,0.3909,0.5625,5,0,0,0,1
CUST005611,568,0.1181,0.6078,4,0,0,0,0
CUST005612,668,0.2692,0.293,5,2,0,0,0
CUST005613,592,0.3071,0.4136,7,1,1,0,0
CUST005614,739,0.0759,0.0994,5,0,0,0,0
CUST005615,715,0.2162,0.2728,3,0,0,0,0
CUST005616,655,0.2031,0.4026,6,0,0,0,0
CUST005617,794,0.0239,0.2361,2,0,0,0,0
CUST005618,599,0.1255,0.6816,0,0,0,0,0
CUST005619,618,0.112,0.4665,9,0,1,0,1
CUST005620,664,0.3506,0.1973,6,0,1,0,1
CUST005621,707,0.1395,0.0775,2,0,0,0,1
CUST005622,478,0.2705,0.1188,4,2,0,0,0
CUST005623,754,0.5617,0.5115,5,1,0,0,0
CUST005624,595,0.0734,0.3174,3,0,0,0,0
CUST005625,709,0.7144,0.2443,6,0,0,0,0
CUST005626,580,0.4837,0.1864,6,0,1,0,1
CUST005627,771,0.3829,0.2845,5,0,1,0,0
CUST005628,743,0.4032,0.3799,2,0,0,0,1
CUST005629,743,0.4544,0.3904,7,0,0,0,0
CUST005630,690,0.0517,0.4206,4,0,0,0,0
CUST005631,633,0.1752,0.1313,3,0,0,0,1
CUST005632,497,0.2283,0.6579,5,0,0,0,0
CUST005633,655,0.385,0.1802,1,0,0,0,1
CUST005634,754,0.4255,0.5401,1,0,0,0,2
CUST005635,722,0.6233,0.476,4,3,0,0,1
CUST005636,583,0.2672,0.1174,3,1,0,0,0
CUST005637,900,0.3414,0.3916,4,0,0,0,1
CUST005638,745,0.2898,0.3427,3,1,0,0,1
CUST005639,582,0.2691,0.242,8,0,0,0,2
CUST005640,597,0.2104,0.8218,2,0,0,0,1
CUST005641,557,0.2119,0.4388,4,0,0,0,1
CUST005642,638,0.2992,0.2417,5,0,0,0,0
CUST005643,792,0.3693,0.6099,7,0,0,0,2
CUST005644,691,0.0728,0.398,4,0,0,0,1
CUST005645,799,0.4906,0.1577,4,0,1,1,0
CUST005646,792,0.1906,0.7343,5,0,0,0,0
CUST005647,774,0.2413,0.4974,5,0,0,0,1
CUST005648,802,0.1345,0.4197,5,1,0,0,1
CUST005649,650,0.2614,0.1909,8,0,0,0,0
CUST005650,666,0.2179,0.1137,4,1,0,0,0
CUST005651,526,0.2019,0.346,0,0,0,0,1
CUST005652,703,0.2256,0.1561,2,0,1,0,1
CUST005653,672,0.2959,0.3341,5,0,0,0,1
CUST005654,830,0.243,0.5164,6,0,1,0,0
CUST005655,618,0.2156,0.4525,5,1,0,1,0
CUST005656,557,0.3194,0.4238,3,2,0,0,1
CUST005657,519,0.5881,0.4306,2,0,0,0,0
CUST005658,775,0.3682,0.1658,7,0,0,0,1
CUST005659,666,0.3981,0.21,4,1,0,0,0
CUST005660,623,0.4273,0.5595,4,0,0,0,1
CUST005661,671,0.3866,0.3755,3,0,0,0,0
CUST005662,536,0.4205,0.4665,3,0,0,0,0
CUST005663,532,0.0772,0.5941,3,0,0,0,2
CUST005664,806,0.1778,0.1958,2,1,0,0,1
CUST005665,667,0.2327,0.2556,4,0,0,0,0
CUST005666,687,0.6264,0.0642,6,0,1,0,0
CUST005667,651,0.0697,0.3445,4,0,0,0,0
CUST005668,593,0.3626,0.3865,5,0,0,0,1
CUST005669,593,0.1831,0.0968,5,0,0,1,1
CUST005670,557,0.5285,0.2332,6,1,0,0,1
CUST005671,753,0.0832,0.4405,2,1,1,0,0
CUST005672,693,0.2859,0.531,5,1,0,0,0
CUST005673,602,0.4564,0.7675,8,1,1,0,2
CUST005674,716,0.5095,0.2054,4,0,0,0,0
CUST005675,577,0.1271,0.0524,3,0,0,0,1
CUST005676,742,0.5891,0.4318,8,0,0,0,0
CUST005677,575,0.4818,0.3187,1,1,0,0,0
CUST005678,664,0.6204,0.2805,10,0,0,0,2
CUST005679,589,0.1586,0.7669,5,0,0,0,0
CUST005680,783,0.4478,0.2451,4,0,1,0,1
CUST005681,780,0.0394,0.0832,3,0,1,0,0
CUST005682,716,0.1654,0.2054,4,0,0,0,0
CUST005683,643,0.229,0.4246,4,0,0,0,1
CUST005684,607,0.1934,0.4871,7,0,0,0,2
CUST005685,669,0.1438,0.3831,5,0,0,0,0
CUST005686,587,0.1271,0.4869,4,0,0,0,0
CUST005687,730,0.2202,0.4649,4,1,1,0,0
CUST005688,632,0.0952,0.358,2,0,0,0,0
CUST005689,659,0.4506,0.289,5,0,0,0,0
CUST005690,672,0.3683,0.2359,1,0,0,0,1
CUST005691,789,0.3195,0.3265,3,0,0,0,0
CUST005692,646,0.2074,0.4833,3,0,0,0,0
CUST005693,813,0.1663,0.2338,2,1,0,0,0
CUST005694,728,0.1459,0.5497,5,1,0,0,1
CUST005695,728,0.261,0.3255,6,0,1,1,0
CUST005696,595,0.2134,0.1035,5,0,0,0,1
CUST005697,542,0.5192,0.1326,4,0,1,0,0
CUST005698,658,0.2478,0.1577,4,0,0,0,0
CUST005699,554,0.1835,0.3091,7,0,0,0,0
CUST005700,489,0.5029,0.4758,5,1,0,0,1
CUST005701,608,0.2462,0.293,4,2,0,0,2
CUST005702,504,0.321,0.3386,6,0,1,0,0
CUST005703,738,0.2776,0.1238,4,0,1,0,1
CUST005704,548,0.0184,0.2332,5,0,0,1,0
CUST005705,502,0.4333,0.887,3,0,0,1,0
CUST005706,601,0.4117,0.3873,7,0,2,0,0
CUST005707,703,0.8045,0.5407,7,0,0,0,0
CUST005708,611,0.3496,0.4122,5,0,0,0,0
CUST005709,724,0.4999,0.2758,2,0,0,0,1
CUST005710,707,0.0315,0.7888,2,0,1,0,0
CUST005711,678,0.387,0.252,4,0,0,0,0
CUST005712,594,0.0968,0.6857,4,0,0,0,0
CUST005713,689,0.5006,0.1999,5,0,0,0,1
CUST005714,433,0.4413,0.2056,5,0,0,0,0
CUST005715,640,0.1983,0.1478,6,0,0,0,0
CUST005716,755,0.3491,0.4146,3,0,0,0,1
CUST005717,594,0.2048,0.5403,3,0,0,0,0
CUST005718,680,0.3564,0.2638,1,0,0,0,1
CUST005719,486,0.709,0.1629,3,0,0,0,1
CUST005720,717,0.7481,0.6425,5,0,0,0,1
CUST005721,622,0.3099,0.4083,5,0,0,0,2
CUST005722,621,0.293,0.0611,2,1,0,0,1
CUST005723,619,0.226,0.1673,1,0,0,0,1
CUST005724,676,0.2585,0.0619,6,1,0,0,1
CUST005725,610,0.4452,0.014,3,0,0,0,0
CUST005726,661,0.2095,0.4552,3,1,0,0,0
CUST005727,539,0.3662,0.3497,4,0,0,0,0
CUST005728,612,0.1329,0.0613,6,0,0,0,0
CUST005729,676,0.3498,0.2028,4,0,0,0,3
CUST005730,634,0.1644,0.0972,6,1,0,0,0
CUST005731,681,0.3009,0.4669,3,0,0,0,0
CUST005732,705,0.0569,0.3301,1,2,0,0,0
CUST005733,705,0.6112,0.532,4,0,0,0,1
CUST005734,711,0.0899,0.0979,11,0,0,0,2
CUST005735,468,0.0652,0.3133,7,1,0,0,0
CUST005736,545,0.3001,0.1509,5,0,0,0,1
CUST005737,813,0.1437,0.1372,3,0,0,0,0
CUST005738,738,0.0933,0.2661,5,0,0,0,1
CUST005739,615,0.0687,0.3815,1,0,0,0,1
CUST005740,703,0.1702,0.0885,8,0,0,1,0
CUST005741,596,0.1661,0.4176,7,0,0,0,1
CUST005742,708,0.3983,0.106,3,0,0,0,0
CUST005743,564,0.3159,0.1858,4,0,0,0,0
CUST005744,685,0.5603,0.2196,2,0,2,0,1
CUST005745,633,0.3491,0.2368,11,0,0,0,0
CUST005746,717,0.0915,0.4715,7,0,0,1,0
CUST005747,861,0.0246,0.2297,2,0,0,0,0
CUST005748,657,0.376,0.3934,3,0,0,1,0
CUST005749,480,0.6817,0.1215,2,0,0,0,1
CUST005750,668,0.1153,0.3171,7,1,0,0,0
CUST005751,642,0.126,0.5012,7,1,0,0,1
CUST005752,436,0.5889,0.1387,2,0,1,0,0
CUST005753,581,0.1432,0.3621,7,1,0,0,0
CUST005754,716,0.709,0.1444,3,0,0,0,0
CUST005755,743,0.467,0.1448,5,0,0,0,1
CUST005756,745,0.1788,0.5483,5,0,0,0,2
CUST005757,797,0.1464,0.3967,5,2,0,0,0
CUST005758,624,0.1577,0.3549,3,0,0,0,0
CUST005759,562,0.2181,0.4133,3,0,0,0,1
CUST005760,510,0.0405,0.7026,2,0,1,0,0
CUST005761,650,0.5399,0.0306,3,0,1,0,1
CUST005762,596,0.5189,0.1827,6,0,1,0,0
CUST005763,572,0.2886,0.3007,2,0,0,0,0
CUST005764,501,0.3226,0.6771,4,0,0,0,2
CUST005765,615,0.1535,0.3294,3,1,0,0,0
CUST005766,576,0.0974,0.105,8,1,0,0,0
CUST005767,585,0.3223,0.2531,6,0,0,0,1
CUST005768,807,0.4672,0.2589,4,0,0,0,0
CUST005769,648,0.2796,0.2353,1,0,0,0,0
CUST005770,636,0.089,0.3222,5,0,1,0,0
CUST005771,723,0.6125,0.2279,2,0,0,1,1
CUST005772,606,0.6009,0.326,3,0,2,0,0
CUST005773,694,0.4433,0.2299,2,0,1,0,0
CUST005774,711,0.1283,0.3556,6,0,0,0,0
CUST005775,562,0.2712,0.1839,5,0,0,0,0
CUST005776,627,0.2935,0.0973,3,0,0,0,1
CUST005777,518,0.4874,0.2075,1,0,0,0,0
CUST005778,550,0.163,0.2783,5,0,0,0,0
CUST005779,584,0.2679,0.3497,4,1,1,0,1
CUST005780,681,0.255,0.0416,2,2,0,0,0
CUST005781,553,0.3849,0.6476,5,0,0,0,0
CUST005782,662,0.4427,0.095,2,0,1,0,0
CUST005783,624,0.2097,0.3515,1,0,1,0,0
CUST005784,623,0.4323,0.3362,4,0,0,0,1
CUST005785,718,0.613,0.169,3,0,0,0,1
CUST005786,803,0.2375,0.1735,4,1,0,0,0
CUST005787,504,0.3232,0.4678,4,2,0,0,1
CUST005788,698,0.288,0.5878,4,0,0,0,1
CUST005789,829,0.6068,0.2843,10,1,1,0,2
CUST005790,737,0.2279,0.3631,3,0,0,0,1
CUST005791,704,0.1365,0.4917,5,0,1,0,0
CUST005792,487,0.1411,0.1091,3,0,0,0,1
CUST005793,761,0.1085,0.363,2,0,1,0,0
CUST005794,799,0.3071,0.5159,5,0,0,0,1
CUST005795,709,0.217,0.5307,4,0,0,0,1
CUST005796,734,0.1857,0.245,4,2,0,0,0
CUST005797,744,0.0509,0.3388,3,0,0,0,0
CUST005798,711,0.0346,0.2276,4,0,0,0,1
CUST005799,722,0.3182,0.3294,7,1,0,0,0
CUST005800,504,0.2119,0.3364,2,1,0,0,0
CUST005801,874,0.3394,0.2695,6,0,0,0,0
CUST005802,737,0.2761,0.2899,4,1,1,1,0
CUST005803,733,0.1623,0.462,4,1,0,0,0
CUST005804,683,0.2902,0.215,2,1,0,0,0
CUST005805,475,0.1526,0.3965,5,0,0,0,1
CUST005806,442,0.1894,0.3988,2,0,0,0,0
CUST005807,695,0.5751,0.5692,1,1,0,0,0
CUST005808,646,0.2972,0.0999,3,1,0,0,0
CUST005809,718,0.3088,0.4652,6,0,0,0,0
CUST005810,623,0.5599,0.4656,4,0,0,0,1
CUST005811,618,0.0796,0.224,3,1,0,0,3
CUST005812,627,0.3146,0.4694,3,0,1,0,0
CUST005813,609,0.7702,0.1388,9,1,0,0,0
CUST005814,555,0.3127,0.5013,2,0,0,0,1
CUST005815,538,0.1394,0.5385,8,0,0,0,1
CUST005816,694,0.4588,0.1687,4,0,0,0,0
CUST005817,706,0.3558,0.1395,2,2,0,0,1
CUST005818,384,0.2477,0.2885,1,0,1,0,0
CUST005819,631,0.2313,0.3091,3,1,1,0,0
CUST005820,630,0.2135,0.1963,3,1,0,1,1
CUST005821,691,0.2259,0.1042,3,1,0,0,0
CUST005822,694,0.3617,0.3722,4,0,0,0,1
CUST005823,712,0.0934,0.361,5,0,0,0,1
CUST005824,619,0.5989,0.1932,3,0,0,0,0
CUST005825,586,0.2467,0.0767,5,0,0,0,0
CUST005826,495,0.5289,0.2327,7,2,0,0,2
CUST005827,640,0.3464,0.3733,0,1,0,0,2
CUST005828,509,0.269,0.1274,2,0,0,0,1
CUST005829,586,0.2423,0.8291,5,1,0,0,1
CUST005830,525,0.4754,0.1576,4,0,0,0,1
CUST005831,772,0.3222,0.6988,4,1,0,0,0
CUST005832,535,0.4115,0.4565,2,0,0,0,0
CUST005833,572,0.3568,0.4175,7,1,0,0,0
CUST005834,700,0.241,0.1942,4,0,0,0,0
CUST005835,753,0.5222,0.3881,2,0,0,0,0
CUST005836,584,0.3649,0.1961,2,0,0,0,2
CUST005837,787,0.2536,0.2353,6,0,0,0,1
CUST005838,624,0.1454,0.4116,5,1,0,0,0
CUST005839,755,0.2682,0.2085,6,1,1,1,0
CUST005840,654,0.1015,0.0893,5,0,0,0,0
CUST005841,531,0.2597,0.0909,0,1,0,0,2
CUST005842,571,0.0987,0.2014,3,1,0,0,1
CUST005843,639,0.2602,0.2765,2,0,0,2,0
CUST005844,745,0.1618,0.3211,3,0,0,0,2
CUST005845,699,0.1283,0.1978,2,0,0,0,0
CUST005846,764,0.1891,0.4795,1,0,0,0,0
CUST005847,587,0.0716,0.1862,6,0,0,0,1
CUST005848,507,0.0989,0.5095,2,1,0,0,1
CUST005849,704,0.2157,0.3623,4,1,1,0,1
CUST005850,690,0.4348,0.2086,2,0,0,0,0
CUST005851,636,0.2118,0.2066,6,1,0,0,0
CUST005852,604,0.1405,0.6748,5,0,0,1,0
CUST005853,613,0.1348,0.3716,1,0,0,0,0
CUST005854,582,0.3087,0.7473,2,0,0,0,0
CUST005855,681,0.3873,0.3736,3,0,0,0,3
CUST005856,707,0.1823,0.4634,3,0,0,0,0
CUST005857,767,0.1993,0.4537,3,0,0,0,1
CUST005858,651,0.0451,0.1121,3,0,0,0,0
CUST005859,680,0.453,0.294,8,1,0,0,1
CUST005860,501,0.3932,0.2112,8,0,0,0,1
CUST005861,660,0.0797,0.4351,2,0,0,0,0
CUST005862,705,0.4239,0.1036,2,0,0,0,0
CUST005863,577,0.5196,0.5931,2,0,0,0,0
CUST005864,777,0.1645,0.3426,5,0,0,0,0
CUST005865,578,0.1803,0.1466,7,0,0,0,0
CUST005866,673,0.073,0.2144,2,0,1,1,1
CUST005867,666,0.1002,0.2499,3,0,0,0,0
CUST005868,571,0.4619,0.2661,2,0,0,0,0
CUST005869,636,0.2191,0.4079,4,1,1,0,0
CUST005870,655,0.2288,0.3835,4,0,0,0,1
CUST005871,659,0.0607,0.0438,2,0,0,0,0
CUST005872,511,0.0066,0.2872,4,0,0,0,0
CUST005873,682,0.3196,0.503,3,0,0,0,0
CUST005874,740,0.2245,0.2302,2,1,0,0,0
CUST005875,729,0.0951,0.2891,5,1,0,0,2
CUST005876,718,0.3767,0.3869,5,1,0,0,0
CUST005877,562,0.1277,0.6163,4,1,0,0,0
CUST005878,712,0.2347,0.2305,5,0,0,0,1
CUST005879,514,0.3181,0.2945,4,0,0,0,0
CUST005880,634,0.361,0.2762,4,1,0,0,0
CUST005881,548,0.0943,0.3369,3,0,0,0,1
CUST005882,738,0.253,0.6054,7,0,0,0,1
CUST005883,659,0.2511,0.0474,3,0,0,1,1
CUST005884,474,0.6791,0.1172,3,0,0,1,2
CUST005885,619,0.3226,0.3592,3,0,0,0,1
CUST005886,520,0.3271,0.1822,5,0,0,0,1
CUST005887,600,0.2966,0.4424,6,1,0,0,1
CUST005888,619,0.4007,0.3652,8,0,0,0,2
CUST005889,709,0.567,0.4168,3,2,0,0,0
CUST005890,731,0.1146,0.614,2,0,0,0,0
CUST005891,522,0.2184,0.7153,5,0,1,0,1
CUST005892,623,0.2389,0.3185,4,0,0,1,2
CUST005893,614,0.1419,0.154,4,2,0,0,2
CUST005894,535,0.0968,0.2481,6,0,0,0,0
CUST005895,625,0.0281,0.3143,6,0,0,0,2
CUST005896,728,0.0884,0.4516,5,0,0,0,0
CUST005897,555,0.4336,0.3877,1,3,0,0,1
CUST005898,727,0.2229,0.3933,5,1,0,0,0
CUST005899,526,0.2355,0.4655,4,0,1,0,0
CUST005900,792,0.4514,0.7195,4,0,0,0,0
CUST005901,647,0.5864,0.5545,5,0,0,0,1
CUST005902,582,0.5337,0.3279,5,0,0,1,0
CUST005903,706,0.3207,0.4599,2,0,0,1,1
CUST005904,873,0.0696,0.3421,1,0,0,0,1
CUST005905,772,0.2203,0.436,4,0,0,0,0
CUST005906,644,0.1848,0.5414,2,2,0,0,0
CUST005907,766,0.167,0.5625,1,0,0,0,1
CUST005908,855,0.1892,0.2576,4,0,0,0,1
CUST005909,616,0.5705,0.3295,3,0,1,0,1
CUST005910,665,0.5133,0.0203,3,1,0,0,0
CUST005911,576,0.2114,0.501,4,1,0,0,0
CUST005912,615,0.3592,0.3627,3,1,0,0,0
CUST005913,625,0.1981,0.2663,7,0,0,0,0
CUST005914,610,0.2876,0.1253,5,1,0,0,1
CUST005915,756,0.0427,0.3911,1,1,0,0,0
CUST005916,481,0.4555,0.8892,4,0,0,0,1
CUST005917,652,0.107,0.3528,6,0,0,0,0
CUST005918,645,0.1423,0.8195,2,0,0,0,1
CUST005919,608,0.1558,0.3977,2,0,0,0,0
CUST005920,724,0.3987,0.2875,6,0,0,0,0
CUST005921,722,0.0615,0.1353,3,1,1,0,0
CUST005922,654,0.1462,0.2203,1,0,0,1,1
CUST005923,678,0.1257,0.1141,2,0,0,0,0
CUST005924,646,0.1472,0.3145,1,1,0,0,1
CUST005925,706,0.2403,0.3705,8,0,0,0,2
CUST005926,792,0.1018,0.3092,5,0,0,0,1
CUST005927,746,0.0299,0.4011,2,0,0,0,1
CUST005928,851,0.353,0.1431,2,1,0,0,1
CUST005929,726,0.0849,0.45,0,1,0,1,0
CUST005930,485,0.682,0.1784,8,1,0,0,0
CUST005931,708,0.4786,0.5848,5,0,0,0,0
CUST005932,584,0.4116,0.4122,1,0,1,0,1
CUST005933,768,0.2347,0.2869,3,0,0,0,1
CUST005934,625,0.5873,0.562,5,1,0,0,0
CUST005935,531,0.749,0.4712,7,2,0,0,2
CUST005936,680,0.2401,0.011,5,1,0,0,0
CUST005937,625,0.5039,0.0934,2,0,0,0,1
CUST005938,688,0.3261,0.2378,1,1,0,1,0
CUST005939,682,0.0344,0.3734,1,0,0,0,0
CUST005940,683,0.2226,0.2045,6,0,0,0,0
CUST005941,684,0.2609,0.1261,7,1,1,0,3
CUST005942,729,0.2334,0.164,2,0,0,0,0
CUST005943,666,0.1679,0.2039,1,1,0,0,2
CUST005944,639,0.3055,0.5052,5,1,2,0,1
CUST005945,627,0.1116,0.583,2,0,0,0,0
CUST005946,618,0.1417,0.2343,3,1,0,0,0
CUST005947,626,0.2205,0.1965,4,0,0,0,1
CUST005948,727,0.036,0.0643,3,0,1,0,1
CUST005949,770,0.2195,0.4398,5,0,0,0,0
CUST005950,722,0.6206,0.5263,7,0,0,0,0
CUST005951,678,0.1756,0.1594,5,0,0,0,1
CUST005952,659,0.4498,0.3442,3,0,0,0,0
CUST005953,672,0.0465,0.3805,6,1,0,0,0
CUST005954,673,0.5856,0.5325,3,0,0,0,2
CUST005955,597,0.645,0.5653,1,0,0,0,1
CUST005956,586,0.5629,0.8195,4,0,0,0,0
CUST005957,658,0.3893,0.5871,5,0,0,0,0
CUST005958,573,0.2859,0.51,2,1,1,0,1
CUST005959,579,0.1603,0.3239,2,0,0,0,1
CUST005960,589,0.3518,0.0399,3,0,0,0,2
CUST005961,757,0.5399,0.6696,6,0,0,0,1
CUST005962,785,0.1622,0.4187,8,0,0,0,0
CUST005963,650,0.4198,0.2473,3,1,0,0,0
CUST005964,656,0.5107,0.6481,3,0,0,0,1
CUST005965,715,0.2889,0.2906,5,1,0,0,0
CUST005966,570,0.3075,0.5239,0,0,0,0,1
CUST005967,661,0.1576,0.739,2,0,0,0,0
CUST005968,829,0.6022,0.7688,4,0,0,0,1
CUST005969,645,0.2797,0.3621,9,0,1,0,3
CUST005970,641,0.2758,0.3294,4,0,1,0,0
CUST005971,643,0.2828,0.2724,2,0,0,0,0
CUST005972,629,0.2974,0.2563,2,0,0,0,0
CUST005973,689,0.0807,0.1602,8,0,0,0,2
CUST005974,678,0.1131,0.19,4,0,0,0,0
CUST005975,466,0.6832,0.3607,5,1,0,0,0
CUST005976,702,0.248,0.222,7,0,0,1,1
CUST005977,563,0.1906,0.3705,8,0,0,0,0
CUST005978,710,0.5122,0.4981,5,1,0,0,0
CUST005979,653,0.1561,0.5583,3,0,0,0,0
CUST005980,663,0.1624,0.3648,5,0,0,0,1
CUST005981,669,0.3401,0.0894,1,0,0,0,1
CUST005982,601,0.6267,0.4936,7,0,0,1,0
CUST005983,597,0.2589,0.2953,2,0,0,0,0
CUST005984,717,0.1062,0.0509,2,1,0,0,1
CUST005985,603,0.222,0.458,2,0,0,1,0
CUST005986,555,0.0785,0.4469,8,0,0,0,0
CUST005987,693,0.6692,0.14,3,0,0,0,0
CUST005988,689,0.0859,0.7129,5,0,0,0,0
CUST005989,647,0.022,0.283,4,0,0,0,0
CUST005990,670,0.1566,0.2547,0,1,0,0,0
CUST005991,660,0.1343,0.3778,5,1,0,1,0
CUST005992,705,0.3635,0.265,4,0,1,0,1
CUST005993,725,0.2101,0.1817,6,0,0,0,1
CUST005994,697,0.1399,0.1622,5,0,1,0,0
CUST005995,731,0.3025,0.3796,5,0,0,1,0
CUST005996,796,0.3715,0.2083,3,0,1,0,0
CUST005997,692,0.2107,0.4657,3,0,0,0,0
CUST005998,645,0.0946,0.4227,6,0,0,0,0
CUST005999,509,0.0679,0.1691,1,1,0,0,0
CUST006000,533,0.2959,0.2462,3,0,0,0,1
CUST006001,684,0.4894,0.2805,3,2,0,0,0
CUST006002,627,0.0211,0.1507,7,0,0,0,1
CUST006003,606,0.2752,0.6981,3,1,0,0,0
CUST006004,701,0.1717,0.4722,1,0,0,0,1
CUST006005,714,0.0475,0.0428,5,0,0,0,0
CUST006006,680,0.2256,0.3672,6,0,1,0,0
CUST006007,615,0.0618,0.2948,2,1,1,0,1
CUST006008,828,0.169,0.2197,2,0,0,0,0
CUST006009,643,0.5199,0.4594,7,0,0,1,0
CUST006010,733,0.129,0.4293,4,1,0,0,2
CUST006011,630,0.2997,0.144,2,1,0,0,0
CUST006012,556,0.4442,0.4775,4,0,0,0,0
CUST006013,657,0.1982,0.111,4,0,1,0,1
CUST006014,874,0.7322,0.7996,4,0,0,0,2
CUST006015,738,0.2927,0.4351,6,0,0,0,0
CUST006016,641,0.3995,0.2774,4,0,0,1,0
CUST006017,701,0.3272,0.518,4,1,0,0,0
CUST006018,621,0.3272,0.6106,1,0,0,0,0
CUST006019,712,0.3684,0.1864,3,1,0,0,2
CUST006020,825,0.2768,0.3735,3,1,0,0,0
CUST006021,602,0.2479,0.4052,6,0,0,0,0
CUST006022,675,0.3361,0.0952,2,1,0,0,1
CUST006023,685,0.124,0.1363,5,0,0,0,0
CUST006024,616,0.0698,0.1824,2,0,0,0,0
CUST006025,612,0.2806,0.2694,4,1,0,0,0
CUST006026,666,0.2227,0.0978,5,0,0,1,0
CUST006027,593,0.0237,0.0606,5,0,1,0,0
CUST006028,743,0.1521,0.1663,4,0,0,0,0
CUST006029,635,0.1675,0.066,7,0,0,1,1
CUST006030,639,0.138,0.2843,0,0,0,0,0
CUST006031,566,0.3805,0.5492,2,0,0,0,0
CUST006032,576,0.6806,0.6132,4,0,1,0,0
CUST006033,607,0.3445,0.2236,9,0,0,0,1
CUST006034,607,0.437,0.476,3,0,0,0,0
CUST006035,558,0.2365,0.2224,2,1,0,0,0
CUST006036,726,0.2015,0.3543,3,0,0,0,0
CUST006037,780,0.0345,0.4371,4,0,0,0,0
CUST006038,636,0.3151,0.1937,2,0,0,0,0
CUST006039,569,0.5699,0.2333,2,0,0,0,0
CUST006040,576,0.2387,0.5773,4,0,0,0,0
CUST006041,670,0.3822,0.2157,3,0,0,0,1
CUST006042,660,0.3821,0.303,5,0,1,0,0
CUST006043,510,0.3049,0.2609,6,0,0,0,0
CUST006044,461,0.2109,0.2069,1,0,0,0,0
CUST006045,659,0.4333,0.44,4,0,0,0,0
CUST006046,716,0.1942,0.4683,11,1,1,0,0
CUST006047,758,0.2852,0.3982,6,0,0,0,2
CUST006048,595,0.2397,0.3249,3,0,0,0,1
CUST006049,753,0.1325,0.3802,7,0,1,0,1
CUST006050,628,0.2672,0.1128,6,0,0,0,0
CUST006051,545,0.5879,0.551,2,1,0,0,1
CUST006052,814,0.0801,0.4645,3,0,0,1,0
CUST006053,505,0.2274,0.6188,6,1,0,0,0
CUST006054,635,0.391,0.1232,4,0,0,0,0
CUST006055,592,0.1823,0.3555,1,0,0,0,1
CUST006056,685,0.1712,0.2818,5,0,0,0,1
CUST006057,736,0.0274,0.1713,3,0,1,0,0
CUST006058,487,0.087,0.2863,3,1,0,0,0
CUST006059,594,0.4696,0.3841,9,1,0,0,0
CUST006060,736,0.2113,0.067,1,0,0,2,0
CUST006061,574,0.234,0.338,1,0,0,0,0
CUST006062,511,0.2142,0.2191,2,0,1,0,3
CUST006063,611,0.1537,0.0516,3,0,0,1,0
CUST006064,596,0.173,0.1195,5,1,0,0,0
CUST006065,721,0.0879,0.0829,4,0,0,0,1
CUST006066,657,0.1737,0.504,0,0,1,0,0
CUST006067,585,0.2448,0.5563,5,1,0,0,0
CUST006068,738,0.2846,0.2401,3,0,0,0,0
CUST006069,650,0.1928,0.4521,6,0,2,1,1
CUST006070,527,0.2999,0.152,5,0,0,0,0
CUST006071,591,0.4244,0.3189,5,1,0,0,0
CUST006072,605,0.4532,0.2365,3,1,0,1,2
CUST006073,828,0.7349,0.3737,2,0,0,0,0
CUST006074,635,0.4934,0.3116,5,0,0,0,3
CUST006075,535,0.2963,0.5398,2,1,0,0,1
CUST006076,637,0.2663,0.4584,3,0,0,0,0
CUST006077,713,0.4263,0.3243,3,0,0,0,0
CUST006078,643,0.472,0.526,3,0,0,0,1
CUST006079,748,0.0208,0.2811,3,0,0,0,0
CUST006080,718,0.2113,0.4497,4,0,1,0,0
CUST006081,712,0.1413,0.1648,7,0,1,0,0
CUST006082,711,0.2231,0.1635,5,0,0,0,0
CUST006083,765,0.3155,0.3172,2,0,0,0,1
CUST006084,747,0.224,0.4356,7,0,0,0,1
CUST006085,552,0.4125,0.4869,2,0,0,0,1
CUST006086,553,0.1874,0.2019,1,1,0,0,0
CUST006087,703,0.3415,0.3963,3,0,1,0,0
CUST006088,570,0.0529,0.1013,2,0,0,0,0
CUST006089,550,0.309,0.162,4,0,0,1,3
CUST006090,730,0.1931,0.1226,3,0,0,0,0
CUST006091,612,0.2382,0.1789,4,0,0,0,0
CUST006092,715,0.2686,0.5253,4,0,0,0,0
CUST006093,704,0.2422,0.4229,7,1,0,1,0
CUST006094,653,0.6335,0.3401,3,0,0,0,0
CUST006095,729,0.3025,0.2314,7,0,0,0,1
CUST006096,696,0.2852,0.3016,5,0,0,0,0
CUST006097,728,0.1934,0.9416,8,0,0,0,0
CUST006098,526,0.4973,0.4349,4,0,1,0,1
CUST006099,636,0.3647,0.0345,2,0,1,0,0
CUST006100,525,0.157,0.3306,5,0,0,0,0
CUST006101,620,0.1322,0.1888,4,1,1,0,0
CUST006102,559,0.3528,0.3934,7,0,0,0,0
CUST006103,561,0.2303,0.3654,5,0,0,0,0
CUST006104,654,0.5843,0.15,5,0,0,0,1
CUST006105,795,0.2703,0.2854,0,1,0,0,0
CUST006106,680,0.1211,0.3621,6,2,0,0,1
CUST006107,673,0.5216,0.2887,2,0,0,1,0
CUST006108,522,0.402,0.4432,1,0,0,0,0
CUST006109,804,0.2013,0.1255,2,1,0,1,1
CUST006110,669,0.2662,0.1694,5,1,0,0,0
CUST006111,750,0.2925,0.2565,7,0,0,1,1
CUST006112,611,0.2322,0.0553,4,0,1,0,1
CUST006113,710,0.2485,0.1817,2,1,0,0,0
CUST006114,523,0.2995,0.472,1,0,0,0,0
CUST006115,679,0.0652,0.4999,3,1,0,0,0
CUST006116,716,0.1691,0.4501,3,0,0,0,0
CUST006117,801,0.085,0.5602,5,0,0,0,1
CUST006118,833,0.1245,0.2051,1,0,1,0,1
CUST006119,724,0.3396,0.2785,9,1,0,0,0
CUST006120,543,0.1008,0.3096,3,0,1,0,0
CUST006121,607,0.2503,0.2897,3,0,0,0,0
CUST006122,609,0.1681,0.3097,6,1,1,0,1
CUST006123,760,0.3736,0.3587,3,0,0,0,1
CUST006124,649,0.223,0.4135,3,0,0,0,1
CUST006125,676,0.2036,0.171,5,1,0,0,2
CUST006126,833,0.4283,0.3906,2,0,0,0,1
CUST006127,640,0.2888,0.1219,2,0,0,0,2
CUST006128,559,0.2566,0.1611,4,0,0,0,0
CUST006129,698,0.1192,0.3231,2,0,0,0,2
CUST006130,569,0.1385,0.2371,1,0,0,0,0
CUST006131,581,0.0184,0.6376,4,0,0,0,0
CUST006132,648,0.1326,0.2401,2,0,0,0,0
CUST006133,850,0.1193,0.3599,4,0,0,0,0
CUST006134,622,0.0464,0.2934,6,0,0,0,0
CUST006135,706,0.0304,0.2986,1,1,1,0,3
CUST006136,629,0.2563,0.2521,1,1,0,0,1
CUST006137,665,0.3083,0.2048,3,1,1,0,1
CUST006138,775,0.4992,0.3815,4,0,0,0,1
CUST006139,717,0.1178,0.4366,1,0,0,0,0
CUST006140,653,0.2027,0.4336,6,0,0,0,0
CUST006141,627,0.2539,0.6471,6,0,0,0,0
CUST006142,787,0.4531,0.3889,3,1,0,0,0
CUST006143,808,0.1885,0.525,3,0,0,0,1
CUST006144,658,0.5614,0.2226,2,0,0,0,0
CUST006145,730,0.1489,0.4606,4,1,0,1,2
CUST006146,749,0.0634,0.6798,4,0,0,1,0
CUST006147,585,0.0957,0.2623,5,0,0,0,0
CUST006148,635,0.3952,0.3735,4,0,0,1,1
CUST006149,717,0.0518,0.109,1,0,0,0,2
CUST006150,676,0.224,0.4506,3,0,1,0,0
CUST006151,595,0.5611,0.5101,5,0,0,0,1
CUST006152,597,0.1972,0.5921,4,1,0,1,0
CUST006153,722,0.2242,0.3994,0,0,0,1,1
CUST006154,566,0.2873,0.3116,6,0,0,0,0
CUST006155,617,0.3344,0.1292,4,0,0,0,1
CUST006156,576,0.377,0.2951,7,0,0,0,2
CUST006157,698,0.296,0.2026,5,0,0,0,1
CUST006158,755,0.408,0.55,5,1,1,0,2
CUST006159,425,0.2221,0.3896,2,1,0,0,1
CUST006160,556,0.2075,0.1332,1,1,0,0,1
CUST006161,619,0.603,0.2276,7,0,0,0,2
CUST006162,730,0.5727,0.1902,3,1,0,0,3
CUST006163,523,0.2533,0.0803,4,1,0,0,0
CUST006164,717,0.165,0.3051,0,0,1,0,0
CUST006165,782,0.2558,0.117,9,1,0,0,1
CUST006166,659,0.1588,0.0063,6,0,1,1,1
CUST006167,686,0.1323,0.1639,4,0,0,0,0
CUST006168,645,0.1304,0.1387,10,0,0,0,0
CUST006169,511,0.1999,0.161,7,0,0,1,0
CUST006170,606,0.7686,0.0638,4,0,0,0,0
CUST006171,734,0.2428,0.7437,2,0,0,0,0
CUST006172,726,0.3185,0.3821,6,0,0,0,0
CUST006173,713,0.5245,0.0756,2,1,0,0,0
CUST006174,636,0.3154,0.3003,2,2,0,0,0
CUST006175,710,0.4043,0.2828,2,0,1,0,0
CUST006176,655,0.6554,0.2963,2,0,0,0,0
CUST006177,496,0.1697,0.1476,1,0,0,0,2
CUST006178,570,0.3092,0.1543,4,0,0,0,0
CUST006179,593,0.3313,0.6658,1,0,0,0,1
CUST006180,536,0.5881,0.1997,9,0,1,0,2
CUST006181,642,0.1397,0.0276,4,1,0,0,2
CUST006182,717,0.3299,0.4305,1,0,1,0,0
CUST006183,815,0.0802,0.6953,7,0,0,0,0
CUST006184,593,0.5939,0.361,5,1,0,0,0
CUST006185,594,0.3128,0.5183,3,1,0,0,0
CUST006186,733,0.2472,0.4589,10,0,0,0,1
CUST006187,592,0.1474,0.3728,3,0,0,0,1
CUST006188,751,0.2,0.4708,6,0,0,0,0
CUST006189,652,0.3164,0.274,4,1,0,0,0
CUST006190,621,0.1269,0.2906,4,0,0,0,1
CUST006191,630,0.1184,0.4212,5,0,0,0,0
CUST006192,807,0.4959,0.7869,4,0,1,0,0
CUST006193,644,0.4173,0.2199,5,1,0,0,0
CUST006194,536,0.3874,0.7486,3,0,0,0,1
CUST006195,815,0.0821,0.4119,2,0,0,0,0
CUST006196,721,0.166,0.3702,3,1,0,0,1
CUST006197,670,0.2696,0.0816,3,0,0,0,1
CUST006198,389,0.0634,0.5588,3,1,0,0,0
CUST006199,592,0.4408,0.7223,6,0,0,0,0
CUST006200,643,0.3164,0.1155,2,0,0,0,0
CUST006201,532,0.1017,0.3574,3,0,0,0,0
CUST006202,607,0.4833,0.3436,3,0,0,0,0
CUST006203,557,0.3313,0.2341,5,0,0,0,0
CUST006204,678,0.3912,0.5997,6,1,1,0,0
CUST006205,725,0.4365,0.0962,2,0,0,0,0
CUST006206,719,0.2222,0.6271,2,1,0,0,1
CUST006207,719,0.315,0.3655,3,0,0,0,0
CUST006208,590,0.5176,0.0662,4,1,0,0,0
CUST006209,805,0.2723,0.5391,5,1,0,0,0
CUST006210,674,0.4677,0.1527,7,0,0,0,0
CUST006211,473,0.0812,0.1625,2,0,1,0,1
CUST006212,701,0.3472,0.166,3,0,0,0,1
CUST006213,577,0.1486,0.5144,5,0,0,0,0
CUST006214,628,0.2979,0.8142,3,0,1,0,0
CUST006215,674,0.1991,0.4997,4,0,0,0,0
CUST006216,686,0.1586,0.2523,3,0,0,0,1
CUST006217,746,0.3597,0.5137,5,0,0,0,1
CUST006218,668,0.2729,0.2573,3,1,0,1,0
CUST006219,769,0.0881,0.1159,7,0,0,0,0
CUST006220,613,0.1407,0.6766,4,0,1,0,0
CUST006221,747,0.3535,0.1916,6,0,0,0,0
CUST006222,534,0.1782,0.2476,4,0,0,1,0
CUST006223,533,0.2795,0.2588,7,0,0,0,0
CUST006224,695,0.2281,0.6669,5,0,0,0,1
CUST006225,541,0.5103,0.2958,3,0,1,0,0
CUST006226,730,0.2878,0.4655,2,1,1,1,0
CUST006227,686,0.2612,0.2035,6,0,0,0,0
CUST006228,741,0.1377,0.2075,5,0,0,0,0
CUST006229,714,0.3254,0.2234,7,1,0,0,2
CUST006230,751,0.3888,0.3263,3,1,0,0,1
CUST006231,747,0.168,0.3118,1,0,0,0,1
CUST006232,671,0.1038,0.0745,4,0,0,0,0
CUST006233,643,0.2872,0.0888,3,0,0,0,0
CUST006234,751,0.1536,0.3185,2,0,0,0,0
CUST006235,811,0.1198,0.6277,4,0,0,0,1
CUST006236,627,0.22,0.2553,6,1,0,0,0
CUST006237,752,0.3607,0.3103,8,1,0,1,0
CUST006238,630,0.233,0.48,3,0,1,0,0
CUST006239,620,0.4127,0.0504,5,0,0,0,0
CUST006240,705,0.3743,0.4493,7,0,0,0,2
CUST006241,723,0.158,0.7005,6,0,0,0,1
CUST006242,703,0.0644,0.5159,2,0,0,0,1
CUST006243,665,0.2849,0.616,3,0,1,0,0
CUST006244,667,0.1335,0.2412,1,0,0,0,0
CUST006245,535,0.1481,0.3394,6,0,0,0,0
CUST006246,661,0.6285,0.1586,4,0,0,0,0
CUST006247,773,0.4378,0.2408,1,0,0,1,0
CUST006248,755,0.1569,0.2467,3,0,0,0,1
CUST006249,596,0.4303,0.0997,7,0,0,0,1
CUST006250,705,0.4013,0.1345,9,2,0,0,0
CUST006251,695,0.4022,0.254,5,1,0,0,0
CUST006252,803,0.0253,0.1639,7,0,0,0,1
CUST006253,735,0.6515,0.1292,6,0,0,0,0
CUST006254,681,0.3799,0.3462,5,0,2,0,0
CUST006255,713,0.1008,0.1366,2,0,0,0,1
CUST006256,589,0.1259,0.4569,2,0,0,0,0
CUST006257,678,0.1709,0.0985,2,0,0,0,0
CUST006258,835,0.2795,0.5926,6,0,0,0,0
CUST006259,657,0.3371,0.5453,6,1,0,0,0
CUST006260,617,0.1378,0.5596,6,0,0,0,1
CUST006261,766,0.3214,0.101,3,0,1,0,0
CUST006262,621,0.2065,0.2322,7,0,0,0,1
CUST006263,570,0.2105,0.465,2,0,0,0,2
CUST006264,790,0.3362,0.2895,5,0,0,0,0
CUST006265,611,0.3436,0.4003,3,0,0,0,0
CUST006266,645,0.4914,0.346,4,0,0,0,0
CUST006267,630,0.5403,0.5987,4,0,0,0,0
CUST006268,823,0.4565,0.1643,3,0,0,0,0
CUST006269,470,0.3063,0.5188,6,0,1,0,1
CUST006270,704,0.3053,0.3582,4,0,0,0,0
CUST006271,537,0.4334,0.1271,3,1,0,0,0
CUST006272,747,0.4589,0.1322,1,0,0,2,1
CUST006273,602,0.4751,0.2674,7,2,0,0,0
CUST006274,626,0.7681,0.8277,4,0,1,0,1
CUST006275,628,0.0799,0.1279,3,0,0,0,0
CUST006276,659,0.2783,0.4732,5,0,0,0,0
CUST006277,566,0.4302,0.6173,5,1,2,0,1
CUST006278,747,0.5341,0.4668,2,0,0,0,2
CUST006279,596,0.4335,0.5799,0,0,0,0,0
CUST006280,613,0.6091,0.5201,3,1,0,0,0
CUST006281,560,0.4247,0.3915,11,0,1,0,0
CUST006282,742,0.3051,0.3026,4,0,0,0,0
CUST006283,634,0.2326,0.4516,4,0,0,0,0
CUST006284,789,0.4209,0.1374,3,1,0,0,2
CUST006285,375,0.4034,0.1121,4,0,1,0,1
CUST006286,723,0.3524,0.7744,4,1,0,0,1
CUST006287,543,0.21,0.5852,8,0,0,0,2
CUST006288,585,0.2317,0.5361,4,0,0,0,0
CUST006289,650,0.1854,0.4572,4,0,0,0,1
CUST006290,710,0.1051,0.1,1,0,0,0,0
CUST006291,900,0.2574,0.3222,4,1,0,0,1
CUST006292,583,0.2098,0.6472,3,0,0,0,0
CUST006293,590,0.4826,0.2751,5,0,0,0,0
CUST006294,593,0.3571,0.0584,2,0,0,0,0
CUST006295,615,0.4313,0.4169,2,0,0,0,1
CUST006296,744,0.2383,0.0169,1,1,0,0,1
CUST006297,658,0.1627,0.4328,3,0,0,0,0
CUST006298,799,0.082,0.5929,2,0,0,0,0
CUST006299,773,0.6465,0.2788,6,0,0,0,0
CUST006300,713,0.3951,0.4669,4,0,0,0,0
CUST006301,619,0.1551,0.2681,3,0,0,0,0
CUST006302,488,0.2221,0.2215,1,0,0,0,0
CUST006303,641,0.5316,0.2192,5,0,0,0,0
CUST006304,582,0.0798,0.6882,0,0,1,0,1
CUST006305,644,0.1478,0.3325,4,0,0,0,1
CUST006306,622,0.1167,0.5308,4,1,0,0,0
CUST006307,616,0.3382,0.4605,2,0,0,0,0
CUST006308,649,0.3892,0.2815,6,0,0,0,1
CUST006309,493,0.5756,0.2178,6,0,1,0,0
CUST006310,605,0.4,0.4012,7,0,0,0,1
CUST006311,764,0.023,0.2115,5,1,1,0,0
CUST006312,741,0.1041,0.5355,2,0,0,0,0
CUST006313,648,0.186,0.3093,2,0,0,0,0
CUST006314,501,0.4891,0.6591,6,0,1,0,3
CUST006315,623,0.2389,0.2279,4,0,0,0,0
CUST006316,601,0.1987,0.1553,2,1,1,0,0
CUST006317,666,0.2522,0.1315,3,0,0,0,0
CUST006318,664,0.0883,0.2491,3,0,1,0,0
CUST006319,694,0.2062,0.5808,0,0,0,0,0
CUST006320,525,0.129,0.0297,3,0,1,1,0
CUST006321,481,0.1874,0.2086,3,1,0,1,0
CUST006322,611,0.1988,0.5838,3,0,0,0,2
CUST006323,556,0.1987,0.3264,4,0,0,1,2
CUST006324,667,0.0818,0.3113,0,0,0,0,1
CUST006325,656,0.1016,0.6176,5,0,0,1,2
CUST006326,538,0.2055,0.3962,4,1,2,0,1
CUST006327,675,0.278,0.3714,7,0,0,0,0
CUST006328,712,0.0818,0.0919,3,0,0,0,0
CUST006329,795,0.3266,0.4951,5,0,0,0,0
CUST006330,548,0.4117,0.3521,4,1,0,0,0
CUST006331,632,0.0593,0.3055,2,1,0,0,0
CUST006332,596,0.3015,0.5317,3,1,0,0,1
CUST006333,821,0.2686,0.318,1,0,0,0,0
CUST006334,492,0.5338,0.2434,3,1,0,0,0
CUST006335,717,0.5709,0.5159,5,0,0,0,0
CUST006336,613,0.056,0.3941,4,1,0,0,0
CUST006337,559,0.2356,0.2773,8,1,0,0,0
CUST006338,632,0.2128,0.0623,4,0,0,0,1
CUST006339,669,0.5114,0.0532,0,0,0,0,0
CUST006340,481,0.3792,0.3241,1,0,0,0,0
CUST006341,626,0.3856,0.4046,2,0,0,0,0
CUST006342,622,0.4369,0.3159,2,0,0,0,0
CUST006343,507,0.466,0.2804,5,0,0,0,0
CUST006344,724,0.1817,0.2116,3,0,0,0,1
CUST006345,559,0.4698,0.6342,8,0,0,0,0
CUST006346,763,0.4349,0.0775,3,0,0,0,0
CUST006347,598,0.4574,0.7052,3,0,0,0,1
CUST006348,457,0.3472,0.0181,3,0,0,0,0
CUST006349,786,0.3774,0.3552,3,0,1,0,0
CUST006350,538,0.4163,0.4406,9,0,0,0,0
CUST006351,595,0.1229,0.1719,5,0,0,0,0
CUST006352,585,0.3597,0.0488,5,0,0,0,1
CUST006353,601,0.188,0.703,5,0,0,0,1
CUST006354,664,0.2512,0.4669,4,0,0,0,0
CUST006355,754,0.4146,0.3828,3,0,0,0,1
CUST006356,468,0.6234,0.5068,8,0,0,0,0
CUST006357,632,0.2883,0.5978,5,0,0,0,0
CUST006358,743,0.2992,0.2574,3,1,0,0,0
CUST006359,654,0.2932,0.2967,3,0,0,0,0
CUST006360,677,0.2772,0.1403,2,0,1,0,1
CUST006361,745,0.207,0.3098,2,0,0,0,1
CUST006362,512,0.0552,0.2899,2,0,0,0,0
CUST006363,665,0.2661,0.4589,4,1,0,1,0
CUST006364,724,0.1329,0.1419,3,0,0,0,0
CUST006365,690,0.1874,0.3007,4,0,0,0,0
CUST006366,596,0.2363,0.2794,2,0,0,0,2
CUST006367,489,0.1685,0.5622,3,0,1,0,0
CUST006368,676,0.262,0.5462,4,0,1,1,0
CUST006369,599,0.3472,0.1304,1,0,0,0,1
CUST006370,704,0.2808,0.2527,5,0,0,0,0
CUST006371,578,0.3372,0.1923,6,0,0,0,1
CUST006372,774,0.0937,0.0931,3,1,0,0,0
CUST006373,743,0.3401,0.1864,1,1,0,0,0
CUST006374,537,0.0773,0.302,1,0,0,0,0
CUST006375,799,0.5001,0.6302,1,1,0,0,2
CUST006376,529,0.314,0.254,3,1,0,0,1
CUST006377,705,0.2874,0.538,1,0,1,0,0
CUST006378,627,0.4965,0.5899,4,0,0,0,2
CUST006379,638,0.0925,0.3443,6,0,1,0,1
CUST006380,748,0.2188,0.3455,3,0,1,0,1
CUST006381,683,0.5703,0.0872,6,0,0,0,2
CUST006382,537,0.1646,0.4329,5,0,0,0,0
CUST006383,603,0.2269,0.263,2,1,1,0,0
CUST006384,693,0.4089,0.4803,9,0,0,0,1
CUST006385,746,0.1983,0.1862,6,0,0,1,0
CUST006386,726,0.4229,0.1175,2,0,0,0,0
CUST006387,631,0.2336,0.1537,1,1,0,0,1
CUST006388,618,0.3208,0.1761,4,0,0,0,1
CUST006389,830,0.2428,0.2732,5,0,0,1,1
CUST006390,731,0.4068,0.2523,6,0,0,0,0
CUST006391,632,0.3634,0.031,0,0,0,0,0
CUST006392,653,0.1698,0.5071,1,0,1,0,0
CUST006393,555,0.4101,0.5767,4,1,0,0,1
CUST006394,619,0.3742,0.3803,7,0,0,1,0
CUST006395,598,0.2705,0.6052,3,0,0,1,2
CUST006396,616,0.1292,0.5427,5,0,0,0,0
CUST006397,750,0.1473,0.3871,4,0,0,0,0
CUST006398,535,0.6732,0.6464,3,0,0,0,0
CUST006399,633,0.5975,0.3594,7,1,1,2,2
CUST006400,565,0.182,0.2983,4,1,0,0,1
CUST006401,673,0.4667,0.1759,3,0,0,0,0
CUST006402,772,0.2953,0.5502,4,1,0,0,2
CUST006403,714,0.2099,0.2944,0,0,0,0,1
CUST006404,670,0.1545,0.5233,4,0,0,0,3
CUST006405,741,0.2361,0.386,3,1,0,0,0
CUST006406,731,0.4761,0.1905,8,0,0,0,0
CUST006407,611,0.3602,0.3248,6,0,0,1,1
CUST006408,496,0.6872,0.325,2,1,0,0,0
CUST006409,755,0.0792,0.0408,5,0,0,0,1
CUST006410,544,0.3076,0.4995,3,0,0,0,0
CUST006411,545,0.238,0.4982,3,0,2,0,1
CUST006412,626,0.3147,0.5308,3,0,0,0,0
CUST006413,598,0.6088,0.3238,5,1,1,0,1
CUST006414,544,0.6678,0.3261,3,0,1,0,0
CUST006415,642,0.4171,0.2825,5,0,0,0,1
CUST006416,624,0.1227,0.2409,3,2,0,1,1
CUST006417,694,0.4196,0.3245,3,0,0,2,1
CUST006418,651,0.4909,0.589,8,0,0,0,0
CUST006419,679,0.3138,0.1213,2,1,0,0,1
CUST006420,636,0.2161,0.3681,1,0,1,0,0
CUST006421,680,0.4468,0.5533,5,0,0,0,0
CUST006422,613,0.0434,0.3676,7,0,0,0,1
CUST006423,638,0.6004,0.4851,2,0,1,0,2
CUST006424,573,0.3187,0.6684,7,0,1,0,0
CUST006425,571,0.2931,0.3294,2,2,0,0,0
CUST006426,654,0.6793,0.5881,2,0,0,0,0
CUST006427,815,0.3661,0.5449,3,0,0,0,0
CUST006428,688,0.0829,0.4792,4,0,0,0,0
CUST006429,606,0.4217,0.2972,7,0,0,0,1
CUST006430,518,0.2972,0.0529,2,0,0,0,0
CUST006431,714,0.1816,0.9092,2,0,0,0,1
CUST006432,753,0.2071,0.1249,2,1,0,0,0
CUST006433,696,0.272,0.2797,2,1,0,0,0
CUST006434,691,0.5249,0.3143,0,0,0,0,0
CUST006435,523,0.1441,0.277,1,0,0,1,1
CUST006436,661,0.245,0.2908,2,2,0,0,1
CUST006437,597,0.0906,0.3021,4,0,0,0,1
CUST006438,705,0.3155,0.2436,2,0,0,0,0
CUST006439,553,0.541,0.2943,0,1,0,0,0
CUST006440,644,0.2238,0.3491,3,0,0,0,0
CUST006441,717,0.2102,0.4261,8,0,0,0,1
CUST006442,585,0.1503,0.1387,8,1,0,0,0
CUST006443,616,0.0797,0.426,10,1,0,0,0
CUST006444,728,0.0751,0.4171,3,0,0,1,0
CUST006445,809,0.0695,0.2175,2,0,0,0,1
CUST006446,715,0.454,0.0345,5,0,0,0,1
CUST006447,657,0.5139,0.2911,4,0,1,0,0
CUST006448,594,0.2646,0.3798,3,0,0,0,0
CUST006449,629,0.086,0.5901,2,1,0,0,0
CUST006450,709,0.5116,0.051,6,0,0,1,1
CUST006451,604,0.5553,0.3756,9,1,0,0,1
CUST006452,609,0.3739,0.3795,2,0,0,0,0
CUST006453,534,0.2394,0.6387,2,0,0,0,1
CUST006454,832,0.5012,0.2343,4,0,0,0,0
CUST006455,737,0.384,0.4177,10,0,0,0,1
CUST006456,614,0.4559,0.1699,4,0,0,0,1
CUST006457,772,0.2871,0.221,3,0,0,0,0
CUST006458,685,0.0904,0.2425,3,0,0,0,1
CUST006459,567,0.3834,0.2578,3,0,0,0,0
CUST006460,601,0.4729,0.5489,5,0,1,0,1
CUST006461,559,0.4747,0.3274,6,1,0,0,0
CUST006462,681,0.1303,0.5181,0,2,0,0,1
CUST006463,844,0.426,0.4019,5,0,0,0,0
CUST006464,649,0.3687,0.224,6,0,0,0,0
CUST006465,594,0.2111,0.2665,2,0,0,0,0
CUST006466,635,0.2336,0.3247,5,0,0,1,1
CUST006467,803,0.2392,0.3516,3,0,0,0,0
CUST006468,718,0.2664,0.1795,3,1,0,0,0
CUST006469,665,0.1521,0.2098,1,0,0,0,2
CUST006470,509,0.1875,0.1826,4,0,1,0,0
CUST006471,671,0.2017,0.1461,6,1,0,0,0
CUST006472,584,0.1875,0.2101,5,0,0,0,0
CUST006473,776,0.5513,0.0392,6,0,0,0,0
CUST006474,562,0.134,0.3486,5,0,1,0,0
CUST006475,575,0.2591,0.4704,4,1,0,1,0
CUST006476,702,0.2816,0.6269,6,0,1,0,0
CUST006477,657,0.2632,0.122,3,0,0,0,0
CUST006478,577,0.3216,0.5234,4,0,0,0,0
CUST006479,551,0.3661,0.5544,5,0,0,0,3
CUST006480,815,0.338,0.4523,4,0,0,0,1
CUST006481,642,0.4271,0.2214,2,0,0,0,2
CUST006482,659,0.3091,0.3693,5,0,1,0,1
CUST006483,660,0.2098,0.3886,7,0,0,0,0
CUST006484,484,0.1948,0.1343,7,0,1,0,0
CUST006485,727,0.4296,0.2423,4,0,0,0,0
CUST006486,593,0.2501,0.2762,5,0,0,0,0
CUST006487,593,0.3308,0.2837,6,1,0,0,1
CUST006488,655,0.686,0.1747,1,0,0,0,1
CUST006489,459,0.4615,0.2792,2,0,1,0,1
CUST006490,492,0.2663,0.2797,2,0,0,0,1
CUST006491,726,0.4077,0.2117,5,0,0,0,2
CUST006492,710,0.1797,0.3392,1,0,0,0,0
CUST006493,578,0.1559,0.0957,4,0,0,0,0
CUST006494,750,0.0841,0.2732,1,0,0,0,1
CUST006495,772,0.1492,0.1547,4,0,0,0,0
CUST006496,528,0.3367,0.3559,3,0,0,0,0
CUST006497,681,0.1109,0.5912,5,0,0,0,1
CUST006498,603,0.2608,0.1997,6,0,0,0,1
CUST006499,430,0.1364,0.1669,1,0,0,0,1
CUST006500,531,0.6188,0.8256,3,0,0,0,0
CUST006501,683,0.0293,0.2962,4,0,0,0,0
CUST006502,567,0.3219,0.1874,3,0,0,0,1
CUST006503,749,0.1761,0.6613,3,0,0,1,0
CUST006504,667,0.3901,0.2128,4,1,0,0,0
CUST006505,841,0.0743,0.4136,1,0,0,0,0
CUST006506,505,0.1412,0.2891,3,0,0,0,1
CUST006507,804,0.3552,0.1459,10,0,1,0,0
CUST006508,747,0.2919,0.2648,6,0,0,0,0
CUST006509,636,0.208,0.4953,2,0,0,0,1
CUST006510,780,0.5595,0.2798,0,0,0,0,0
CUST006511,639,0.0132,0.2926,5,1,2,0,1
CUST006512,792,0.1655,0.2721,3,0,0,1,1
CUST006513,576,0.3433,0.0581,2,1,1,0,1
CUST006514,665,0.0387,0.2985,3,0,0,0,0
CUST006515,640,0.282,0.2516,4,0,0,0,1
CUST006516,534,0.4408,0.5314,3,0,0,1,0
CUST006517,570,0.362,0.1607,4,0,0,0,0
CUST006518,670,0.2921,0.3718,5,2,0,0,1
CUST006519,633,0.0896,0.6133,9,0,0,0,0
CUST006520,679,0.3621,0.1421,5,1,1,0,0
CUST006521,574,0.582,0.4249,5,0,0,0,0
CUST006522,557,0.156,0.5171,4,1,0,0,0
CUST006523,600,0.1349,0.3996,2,0,0,0,0
CUST006524,672,0.2801,0.5308,3,0,0,0,0
CUST006525,631,0.1358,0.2778,4,0,0,0,0
CUST006526,611,0.554,0.312,3,0,0,0,3
CUST006527,711,0.3205,0.1593,4,0,0,0,0
CUST006528,690,0.2953,0.1521,3,0,0,0,0
CUST006529,691,0.1358,0.1062,3,0,0,0,1
CUST006530,643,0.2565,0.2049,5,0,1,0,1
CUST006531,586,0.1318,0.2414,5,1,0,0,0
CUST006532,537,0.1763,0.2901,4,0,0,0,0
CUST006533,621,0.4538,0.2547,5,0,0,0,0
CUST006534,660,0.34,0.1854,5,1,0,0,2
CUST006535,728,0.333,0.6572,4,0,0,0,0
CUST006536,624,0.1198,0.2167,4,0,0,0,0
CUST006537,544,0.0824,0.2219,3,0,0,0,0
CUST006538,528,0.7032,0.4069,4,0,0,0,0
CUST006539,669,0.0658,0.3012,4,1,0,0,0
CUST006540,722,0.1633,0.6351,7,0,0,0,0
CUST006541,531,0.3228,0.2249,6,0,0,0,0
CUST006542,754,0.1771,0.57,3,0,1,0,0
CUST006543,546,0.2678,0.3904,5,0,0,2,0
CUST006544,586,0.0987,0.1031,6,1,0,0,1
CUST006545,742,0.0866,0.5317,1,1,0,0,0
CUST006546,607,0.029,0.1034,6,0,0,0,1
CUST006547,637,0.473,0.5822,1,0,0,1,1
CUST006548,686,0.0185,0.5777,2,0,1,1,0
CUST006549,757,0.2554,0.731,3,0,0,0,1
CUST006550,642,0.0514,0.3746,7,0,0,0,0
CUST006551,660,0.3152,0.3551,4,0,0,0,0
CUST006552,635,0.0509,0.4814,2,0,0,0,1
CUST006553,525,0.3194,0.3006,6,0,0,0,0
CUST006554,766,0.2066,0.1778,8,1,0,0,0
CUST006555,386,0.126,0.23,1,0,0,0,1
CUST006556,677,0.5165,0.2771,4,0,0,0,1
CUST006557,753,0.3306,0.4983,1,0,0,0,0
CUST006558,767,0.3079,0.3503,6,0,0,0,0
CUST006559,575,0.2675,0.3828,1,0,0,0,0
CUST006560,686,0.2226,0.6298,3,0,0,1,2
CUST006561,572,0.191,0.5173,6,1,0,0,1
CUST006562,588,0.1918,0.341,6,0,0,0,0
CUST006563,753,0.153,0.1891,3,0,0,1,2
CUST006564,657,0.2749,0.193,7,0,1,0,0
CUST006565,673,0.1278,0.3909,6,0,0,0,0
CUST006566,727,0.238,0.2634,3,0,1,0,1
CUST006567,746,0.1091,0.2768,1,0,0,0,0
CUST006568,634,0.1184,0.4498,12,0,0,0,1
CUST006569,500,0.1321,0.006,6,0,0,0,0
CUST006570,623,0.3694,0.4966,7,0,0,1,1
CUST006571,706,0.2374,0.1252,3,0,0,0,2
CUST006572,509,0.5801,0.2275,4,0,0,1,1
CUST006573,606,0.2928,0.3277,4,0,0,0,0
CUST006574,613,0.3698,0.3491,3,0,0,0,1
CUST006575,671,0.4029,0.1907,5,1,2,1,0
CUST006576,593,0.3069,0.7204,3,0,0,0,0
CUST006577,654,0.301,0.4712,1,0,0,0,0
CUST006578,547,0.475,0.3353,5,0,0,0,1
CUST006579,693,0.5127,0.5043,4,0,0,0,0
CUST006580,688,0.366,0.5354,6,0,1,0,0
CUST006581,900,0.3438,0.2988,4,0,0,1,0
CUST006582,559,0.0362,0.4679,6,0,0,0,1
CUST006583,613,0.1235,0.1236,2,0,0,0,1
CUST006584,768,0.0096,0.0674,8,0,0,1,1
CUST006585,506,0.4432,0.256,5,0,0,0,1
CUST006586,897,0.2053,0.3206,4,0,0,0,0
CUST006587,605,0.4979,0.0603,3,1,0,0,1
CUST006588,512,0.1905,0.0604,6,1,0,0,0
CUST006589,689,0.3421,0.0153,4,0,0,0,0
CUST006590,655,0.2109,0.5304,4,1,0,0,0
CUST006591,560,0.2583,0.0933,9,0,0,0,0
CUST006592,590,0.1716,0.6494,4,3,0,1,0
CUST006593,711,0.4375,0.4674,2,0,0,0,0
CUST006594,532,0.1461,0.0756,1,0,0,0,0
CUST006595,709,0.3173,0.2779,5,0,0,0,0
CUST006596,590,0.0736,0.1353,3,0,0,0,2
CUST006597,887,0.2882,0.159,2,0,0,0,0
CUST006598,788,0.2965,0.3403,3,1,0,1,0
CUST006599,535,0.6914,0.4051,3,0,0,0,0
CUST006600,613,0.2669,0.2237,1,0,0,0,0
CUST006601,730,0.5833,0.502,3,1,2,0,0
CUST006602,385,0.2224,0.4333,7,0,0,1,0
CUST006603,567,0.2556,0.4552,6,1,0,0,0
CUST006604,607,0.2618,0.1647,5,0,1,0,1
CUST006605,512,0.2995,0.375,1,0,0,0,0
CUST006606,651,0.1842,0.054,6,0,0,0,3
CUST006607,612,0.31,0.1374,5,1,0,0,2
CUST006608,575,0.2153,0.3352,4,0,0,0,1
CUST006609,776,0.2739,0.2901,2,0,0,0,0
CUST006610,726,0.4658,0.2004,4,0,0,0,1
CUST006611,725,0.2329,0.3491,5,0,0,0,1
CUST006612,653,0.3595,0.2521,3,0,1,0,0
CUST006613,680,0.1497,0.2343,4,0,0,0,0
CUST006614,804,0.11,0.279,5,0,1,0,0
CUST006615,544,0.0683,0.0648,6,0,0,0,0
CUST006616,558,0.1491,0.2347,3,0,0,0,2
CUST006617,749,0.4476,0.5534,4,1,0,0,2
CUST006618,698,0.2859,0.4184,2,0,0,0,0
CUST006619,598,0.1997,0.1707,4,0,1,0,1
CUST006620,691,0.2789,0.3806,1,0,0,0,0
CUST006621,548,0.1824,0.6219,3,1,0,0,1
CUST006622,686,0.3111,0.5889,5,0,0,1,0
CUST006623,589,0.0947,0.6424,2,0,0,0,1
CUST006624,788,0.2012,0.1444,0,1,0,0,1
CUST006625,679,0.1741,0.781,7,0,0,0,0
CUST006626,651,0.1368,0.5748,6,0,0,0,0
CUST006627,624,0.2367,0.4767,2,0,0,0,0
CUST006628,678,0.5926,0.1422,3,0,0,0,0
CUST006629,727,0.232,0.405,6,1,1,1,0
CUST006630,625,0.5071,0.2831,4,0,0,0,0
CUST006631,827,0.502,0.2927,5,0,0,0,0
CUST006632,636,0.0922,0.6051,5,1,0,0,0
CUST006633,700,0.557,0.3438,5,0,0,0,1
CUST006634,681,0.1953,0.2496,4,0,0,0,0
CUST006635,439,0.3935,0.5921,2,0,0,0,0
CUST006636,743,0.2547,0.477,3,0,0,0,0
CUST006637,864,0.2931,0.1612,3,0,0,0,0
CUST006638,687,0.2349,0.4052,4,2,0,1,2
CUST006639,685,0.2731,0.4656,5,1,0,0,1
CUST006640,674,0.3523,0.6031,5,0,0,0,0
CUST006641,559,0.0699,0.1258,3,1,0,0,1
CUST006642,654,0.2158,0.356,4,0,0,0,0
CUST006643,669,0.042,0.2327,3,0,0,0,0
CUST006644,722,0.3738,0.4929,3,0,0,0,0
CUST006645,688,0.2551,0.2501,4,0,0,0,0
CUST006646,699,0.3604,0.5228,5,1,0,0,0
CUST006647,615,0.1293,0.3782,2,1,0,0,0
CUST006648,753,0.2792,0.4615,2,0,0,0,0
CUST006649,781,0.5022,0.5477,5,0,0,0,0
CUST006650,678,0.5561,0.6519,2,1,0,1,3
CUST006651,682,0.2576,0.2646,6,1,0,1,0
CUST006652,592,0.3031,0.6076,1,1,0,0,0
CUST006653,705,0.1804,0.5144,3,0,0,0,0
CUST006654,649,0.2528,0.2567,4,0,1,0,0
CUST006655,608,0.3027,0.5995,3,0,0,0,0
CUST006656,621,0.2888,0.2336,6,0,0,0,0
CUST006657,663,0.0558,0.1476,3,0,0,0,0
CUST006658,660,0.2253,0.4865,4,0,2,0,1
CUST006659,776,0.4383,0.4646,7,1,0,0,0
CUST006660,599,0.2529,0.1922,3,0,0,0,0
CUST006661,694,0.2142,0.1292,4,0,1,0,0
CUST006662,559,0.4195,0.5458,1,1,0,0,0
CUST006663,556,0.1357,0.564,2,0,0,0,0
CUST006664,482,0.325,0.1929,3,2,0,0,2
CUST006665,747,0.36,0.4887,5,2,0,0,1
CUST006666,736,0.0562,0.4119,4,1,0,0,1
CUST006667,408,0.1432,0.4189,3,0,0,0,0
CUST006668,665,0.2017,0.5215,4,0,0,0,0
CUST006669,611,0.5793,0.0985,5,1,0,0,0
CUST006670,677,0.5166,0.1939,4,0,0,0,1
CUST006671,659,0.3918,0.3837,3,0,0,0,1
CUST006672,630,0.2232,0.1961,1,0,0,0,0
CUST006673,555,0.3388,0.1024,2,0,0,0,0
CUST006674,591,0.4603,0.3915,6,1,0,0,2
CUST006675,591,0.6196,0.2803,5,2,0,0,0
CUST006676,615,0.176,0.3005,6,0,1,0,0
CUST006677,723,0.1668,0.128,3,0,0,0,0
CUST006678,806,0.1384,0.4332,5,0,0,0,0
CUST006679,579,0.1566,0.3121,3,0,0,0,1
CUST006680,710,0.5918,0.3199,3,0,0,0,0
CUST006681,473,0.2271,0.2431,4,0,0,0,0
CUST006682,496,0.2341,0.242,9,2,1,0,0
CUST006683,665,0.1124,0.5384,3,0,0,0,0
CUST006684,722,0.0903,0.5001,3,0,0,0,0
CUST006685,697,0.4104,0.2168,4,0,0,0,0
CUST006686,606,0.097,0.4089,0,0,0,0,0
CUST006687,770,0.1235,0.1743,2,0,1,0,0
CUST006688,597,0.2765,0.4411,3,0,0,0,0
CUST006689,617,0.2805,0.299,3,0,1,0,0
CUST006690,676,0.3503,0.294,6,0,0,0,0
CUST006691,692,0.3426,0.5188,3,0,0,0,0
CUST006692,549,0.3961,0.502,2,0,0,0,0
CUST006693,552,0.3735,0.2061,5,0,0,0,0
CUST006694,725,0.1166,0.065,2,0,0,0,0
CUST006695,613,0.3214,0.0194,3,1,0,1,0
CUST006696,715,0.2978,0.0903,3,1,0,0,0
CUST006697,539,0.4284,0.3609,1,0,0,0,0
CUST006698,616,0.4205,0.6766,5,0,0,0,0
CUST006699,751,0.1664,0.1745,5,0,0,0,2
CUST006700,755,0.246,0.3796,4,0,1,0,0
CUST006701,602,0.2857,0.7278,5,1,0,0,0
CUST006702,461,0.5001,0.3564,4,0,0,0,0
CUST006703,711,0.1323,0.118,6,0,0,0,0
CUST006704,670,0.1544,0.3525,1,0,0,0,1
CUST006705,680,0.2719,0.3655,5,0,0,0,1
CUST006706,544,0.2489,0.5159,2,1,0,0,0
CUST006707,640,0.2602,0.2263,3,0,0,0,4
CUST006708,659,0.1994,0.4198,4,0,0,0,1
CUST006709,790,0.3203,0.1335,6,0,0,0,1
CUST006710,759,0.2409,0.5117,3,1,0,0,1
CUST006711,747,0.1889,0.1112,7,0,0,0,1
CUST006712,671,0.5878,0.5795,6,0,0,0,1
CUST006713,572,0.3637,0.1489,9,0,0,0,1
CUST006714,630,0.2673,0.499,8,0,0,0,1
CUST006715,537,0.4631,0.0235,1,1,0,0,0
CUST006716,640,0.1095,0.393,3,1,1,0,1
CUST006717,574,0.5586,0.3861,6,1,0,0,0
CUST006718,649,0.2517,0.7828,4,0,0,0,0
CUST006719,643,0.186,0.3072,2,1,0,0,1
CUST006720,565,0.17,0.3775,8,0,0,0,1
CUST006721,701,0.178,0.107,3,1,1,0,0
CUST006722,535,0.2933,0.1944,4,0,0,0,0
CUST006723,887,0.143,0.1602,9,0,0,0,0
CUST006724,762,0.3879,0.2674,6,0,2,0,1
CUST006725,542,0.2144,0.358,0,2,0,0,0
CUST006726,674,0.2584,0.5253,1,0,0,0,1
CUST006727,636,0.0156,0.167,5,0,0,0,0
CUST006728,637,0.3999,0.6683,3,0,0,0,0
CUST006729,608,0.2879,0.3646,4,0,0,0,1
CUST006730,733,0.7708,0.1762,6,0,0,0,1
CUST006731,579,0.5193,0.4042,3,0,0,0,0
CUST006732,750,0.0846,0.2732,4,0,0,0,0
CUST006733,792,0.1021,0.2213,6,0,1,1,0
CUST006734,572,0.0989,0.5842,9,0,0,0,0
CUST006735,727,0.0783,0.3038,5,0,0,0,0
CUST006736,715,0.1313,0.1444,8,0,1,0,1
CUST006737,476,0.2119,0.3848,3,0,1,0,0
CUST006738,803,0.2094,0.4861,3,1,0,0,0
CUST006739,608,0.3898,0.1554,3,0,0,0,1
CUST006740,662,0.173,0.6028,4,0,0,0,0
CUST006741,777,0.0353,0.0995,4,1,0,0,0
CUST006742,720,0.4164,0.3768,8,0,0,0,0
CUST006743,632,0.3016,0.6017,2,0,0,0,0
CUST006744,722,0.236,0.2858,3,0,0,0,0
CUST006745,754,0.219,0.4338,4,0,0,0,0
CUST006746,654,0.3275,0.6401,4,0,0,0,1
CUST006747,588,0.0315,0.3979,3,0,0,0,0
CUST006748,681,0.4008,0.1382,2,0,0,0,1
CUST006749,577,0.4288,0.3246,6,0,0,1,2
CUST006750,745,0.2402,0.4197,7,0,0,0,0
CUST006751,570,0.0487,0.188,3,0,0,0,2
CUST006752,585,0.1142,0.361,5,0,0,1,1
CUST006753,740,0.1766,0.2435,0,0,0,1,0
CUST006754,651,0.3151,0.485,5,0,0,0,1
CUST006755,689,0.2494,0.1839,4,1,0,0,0
CUST006756,711,0.1538,0.5412,4,0,0,0,0
CUST006757,587,0.1274,0.4878,5,0,0,0,0
CUST006758,606,0.3539,0.1258,3,0,0,0,0
CUST006759,782,0.3459,0.2619,3,0,0,0,0
CUST006760,709,0.109,0.3643,5,2,0,0,0
CUST006761,618,0.6908,0.3131,3,0,0,0,0
CUST006762,675,0.2362,0.2473,3,0,0,0,0
CUST006763,633,0.6852,0.4581,4,0,0,0,1
CUST006764,728,0.715,0.3226,5,0,1,0,0
CUST006765,666,0.1242,0.2641,6,1,0,0,1
CUST006766,640,0.1616,0.199,2,0,0,0,0
CUST006767,552,0.401,0.4298,8,0,1,0,0
CUST006768,708,0.1816,0.4257,4,0,1,0,0
CUST006769,619,0.3632,0.3376,3,0,0,0,0
CUST006770,738,0.1311,0.4241,9,0,1,0,0
CUST006771,492,0.502,0.4461,5,0,0,0,0
CUST006772,604,0.1307,0.3389,2,1,0,1,3
CUST006773,706,0.3229,0.0754,3,0,0,0,1
CUST006774,649,0.4883,0.4211,3,0,0,0,1
CUST006775,594,0.1842,0.2238,4,1,0,0,2
CUST006776,753,0.7476,0.5244,4,0,1,0,0
CUST006777,736,0.0836,0.1807,4,0,0,0,1
CUST006778,581,0.3503,0.1746,5,1,0,1,1
CUST006779,636,0.2081,0.3002,4,0,0,0,1
CUST006780,563,0.2733,0.1902,5,0,0,0,0
CUST006781,628,0.4052,0.4391,4,0,0,0,1
CUST006782,632,0.2417,0.2019,6,0,1,2,1
CUST006783,610,0.3136,0.4645,3,1,1,0,0
CUST006784,714,0.3525,0.1918,2,0,0,0,0
CUST006785,716,0.1603,0.3379,3,0,0,0,0
CUST006786,755,0.5228,0.7591,4,1,0,0,0
CUST006787,685,0.0845,0.417,3,0,0,0,0
CUST006788,503,0.1703,0.5296,2,0,0,1,0
CUST006789,650,0.21,0.1176,4,1,1,0,0
CUST006790,720,0.301,0.3539,5,0,0,0,0
CUST006791,661,0.1972,0.7514,0,0,0,0,1
CUST006792,726,0.4375,0.296,3,0,0,0,0
CUST006793,750,0.6137,0.1043,3,0,0,0,1
CUST006794,521,0.1249,0.1856,4,0,0,1,0
CUST006795,711,0.1495,0.4179,0,1,0,0,0
CUST006796,686,0.6094,0.4804,5,2,0,0,0
CUST006797,799,0.3912,0.1446,1,1,0,0,3
CUST006798,596,0.1151,0.2008,2,0,0,1,0
CUST006799,756,0.5718,0.5534,4,1,0,0,0
CUST006800,642,0.2281,0.1637,5,0,0,0,0
CUST006801,668,0.4845,0.3391,6,0,1,0,2
CUST006802,652,0.2135,0.2732,7,0,0,0,0
CUST006803,805,0.2689,0.6531,2,0,0,1,0
CUST006804,569,0.3243,0.2083,1,0,0,0,1
CUST006805,675,0.136,0.4301,6,1,0,0,0
CUST006806,755,0.5334,0.0594,7,0,1,0,0
CUST006807,832,0.3147,0.1724,3,1,1,0,0
CUST006808,562,0.0864,0.6494,3,0,0,1,2
CUST006809,741,0.5255,0.6931,4,0,0,0,0
CUST006810,626,0.3303,0.3864,6,0,0,0,1
CUST006811,733,0.3224,0.4043,3,0,0,0,1
CUST006812,590,0.3948,0.5979,3,0,0,0,0
CUST006813,766,0.6269,0.3707,6,0,0,0,1
CUST006814,620,0.28,0.5675,1,0,0,0,0
CUST006815,738,0.4395,0.2461,3,0,1,1,0
CUST006816,646,0.3629,0.4301,7,0,0,0,1
CUST006817,527,0.2192,0.4047,4,0,0,0,3
CUST006818,672,0.0973,0.1017,3,0,0,0,0
CUST006819,556,0.308,0.8846,5,0,0,1,0
CUST006820,621,0.5059,0.3739,0,0,0,0,0
CUST006821,894,0.5525,0.5127,1,0,0,0,0
CUST006822,679,0.1437,0.5751,3,0,0,0,1
CUST006823,656,0.3705,0.4213,4,1,0,0,1
CUST006824,538,0.1445,0.1723,1,0,0,0,0
CUST006825,481,0.382,0.257,4,0,0,0,0
CUST006826,576,0.2765,0.3974,5,0,0,0,0
CUST006827,597,0.0882,0.3136,6,0,0,0,0
CUST006828,566,0.2569,0.6787,1,0,0,0,1
CUST006829,588,0.1171,0.3043,6,1,0,0,1
CUST006830,515,0.3731,0.0848,6,0,0,0,1
CUST006831,616,0.2528,0.095,4,0,0,0,1
CUST006832,485,0.3108,0.3335,1,0,0,0,0
CUST006833,663,0.1024,0.0964,11,0,0,0,0
CUST006834,557,0.3693,0.2404,4,0,1,0,1
CUST006835,631,0.1568,0.6295,1,0,0,0,0
CUST006836,684,0.3084,0.3766,4,0,0,0,0
CUST006837,550,0.092,0.3198,0,1,0,0,1
CUST006838,538,0.2859,0.2095,5,0,0,0,1
CUST006839,672,0.2207,0.3305,8,0,0,0,1
CUST006840,562,0.1571,0.2056,5,1,0,0,0
CUST006841,585,0.2242,0.263,0,0,0,0,0
CUST006842,601,0.3246,0.4321,3,0,0,0,0
CUST006843,757,0.3105,0.2099,4,0,1,0,0
CUST006844,804,0.4196,0.2323,5,0,0,0,0
CUST006845,562,0.2145,0.1399,6,0,0,0,1
CUST006846,555,0.3817,0.1445,4,0,0,0,2
CUST006847,514,0.2019,0.0954,5,0,0,0,0
CUST006848,703,0.2962,0.2587,6,0,1,0,1
CUST006849,704,0.2693,0.0941,2,0,0,0,0
CUST006850,756,0.2036,0.4877,3,0,1,1,1
CUST006851,837,0.4357,0.3015,7,0,0,0,2
CUST006852,640,0.2325,0.4464,5,1,0,0,0
CUST006853,530,0.0691,0.3639,5,0,0,0,0
CUST006854,735,0.0705,0.3472,10,0,0,0,0
CUST006855,566,0.2858,0.5914,1,0,0,0,1
CUST006856,523,0.2663,0.0487,2,0,1,0,1
CUST006857,783,0.1788,0.1177,3,0,0,0,0
CUST006858,432,0.3802,0.3465,2,0,0,0,4
CUST006859,747,0.3143,0.1814,3,0,0,0,1
CUST006860,686,0.2231,0.0918,6,0,0,0,0
CUST006861,605,0.6269,0.181,5,0,0,0,0
CUST006862,701,0.1185,0.506,2,0,0,0,0
CUST006863,696,0.491,0.7076,3,0,0,1,2
CUST006864,580,0.1996,0.1477,3,0,0,0,0
CUST006865,612,0.1383,0.4111,3,0,0,0,0
CUST006866,888,0.2643,0.4008,1,0,0,0,1
CUST006867,724,0.4079,0.2791,6,0,0,1,1
CUST006868,845,0.4466,0.1235,0,0,0,0,1
CUST006869,631,0.2455,0.2375,9,1,1,0,1
CUST006870,586,0.1654,0.1686,4,0,0,0,0
CUST006871,688,0.0028,0.7147,4,0,0,0,0
CUST006872,600,0.1839,0.1766,10,0,0,0,0
CUST006873,663,0.4856,0.5669,2,0,0,0,0
CUST006874,567,0.2577,0.1239,8,1,1,0,1
CUST006875,639,0.4962,0.1315,3,1,0,0,0
CUST006876,535,0.2678,0.2357,5,0,0,0,0
CUST006877,632,0.5425,0.6542,2,0,0,0,0
CUST006878,693,0.4121,0.2574,5,0,1,0,0
CUST006879,675,0.2276,0.5408,4,0,0,0,2
CUST006880,698,0.1513,0.3787,3,0,0,0,1
CUST006881,583,0.3646,0.5419,8,1,0,0,0
CUST006882,631,0.6422,0.6509,3,0,0,0,2
CUST006883,549,0.2844,0.8029,3,1,0,0,0
CUST006884,710,0.201,0.092,5,0,0,0,0
CUST006885,849,0.6529,0.3974,3,0,0,0,0
CUST006886,635,0.0487,0.61,5,0,0,0,0
CUST006887,603,0.1462,0.743,4,0,0,0,0
CUST006888,438,0.1073,0.7934,4,0,0,0,0
CUST006889,592,0.6297,0.0949,4,0,1,0,0
CUST006890,718,0.1436,0.0507,2,0,0,0,1
CUST006891,679,0.2702,0.1079,4,0,0,0,0
CUST006892,734,0.188,0.1414,1,0,0,0,1
CUST006893,806,0.2311,0.5073,6,1,0,0,0
CUST006894,613,0.1828,0.169,3,0,0,0,0
CUST006895,564,0.4862,0.7039,1,0,1,0,0
CUST006896,716,0.2058,0.4246,5,1,0,0,1
CUST006897,657,0.2575,0.0568,2,0,0,0,0
CUST006898,555,0.0684,0.2653,3,4,0,0,1
CUST006899,536,0.4566,0.5234,6,0,0,0,0
CUST006900,728,0.2706,0.4667,5,0,0,0,0
CUST006901,668,0.0376,0.2124,3,0,0,0,1
CUST006902,534,0.3136,0.2312,4,0,0,0,1
CUST006903,665,0.2233,0.2229,3,2,0,1,0
CUST006904,550,0.2582,0.2833,5,1,0,1,0
CUST006905,711,0.173,0.1543,5,0,0,0,0
CUST006906,736,0.484,0.5038,4,0,0,0,0
CUST006907,738,0.2679,0.291,3,1,0,1,1
CUST006908,682,0.3339,0.3552,7,0,0,0,0
CUST006909,672,0.2378,0.1257,1,0,1,0,0
CUST006910,638,0.0634,0.4239,1,0,0,0,1
CUST006911,573,0.4092,0.1176,3,1,2,0,1
CUST006912,758,0.3763,0.1564,4,0,0,0,0
CUST006913,709,0.2066,0.3259,5,0,0,0,0
CUST006914,576,0.2377,0.0534,5,0,1,0,1
CUST006915,507,0.3289,0.5254,5,0,0,0,0
CUST006916,601,0.6863,0.3035,3,0,0,1,1
CUST006917,770,0.4851,0.3924,0,1,0,1,0
CUST006918,695,0.2763,0.1761,3,0,0,0,0
CUST006919,671,0.5209,0.1435,4,0,1,0,2
CUST006920,769,0.1018,0.4287,6,1,0,0,0
CUST006921,465,0.1244,0.2897,5,0,0,0,2
CUST006922,643,0.08,0.5534,1,2,0,0,1
CUST006923,761,0.2753,0.3916,4,0,1,0,1
CUST006924,560,0.4551,0.2501,6,0,0,0,0
CUST006925,571,0.1598,0.6006,5,1,0,0,1
CUST006926,631,0.0718,0.4502,5,0,0,0,0
CUST006927,602,0.4978,0.1913,2,0,1,0,0
CUST006928,615,0.3074,0.2297,7,0,0,0,3
CUST006929,665,0.6032,0.1981,4,1,0,0,1
CUST006930,599,0.3211,0.3374,4,3,0,1,0
CUST006931,620,0.4079,0.205,6,2,1,0,0
CUST006932,576,0.4319,0.3551,3,1,0,0,2
CUST006933,633,0.2272,0.2313,6,0,0,0,0
CUST006934,668,0.5139,0.8622,1,1,0,0,0
CUST006935,660,0.581,0.4208,2,0,0,0,2
CUST006936,595,0.2,0.5182,4,0,0,0,0
CUST006937,583,0.0905,0.6409,4,0,0,0,2
CUST006938,616,0.6146,0.2143,3,0,0,0,0
CUST006939,613,0.0685,0.3388,3,0,0,0,0
CUST006940,549,0.4443,0.6097,3,0,0,0,2
CUST006941,563,0.0107,0.2143,6,0,0,1,2
CUST006942,696,0.2034,0.2079,4,1,0,0,1
CUST006943,438,0.2951,0.2858,6,0,0,0,0
CUST006944,702,0.7528,0.1597,6,1,0,0,1
CUST006945,681,0.1131,0.1268,4,0,0,0,0
CUST006946,729,0.2117,0.3142,1,0,0,0,0
CUST006947,642,0.283,0.1365,6,0,0,0,1
CUST006948,754,0.1692,0.2637,4,0,0,0,1
CUST006949,732,0.1757,0.8315,4,0,0,0,0
CUST006950,865,0.1127,0.4909,6,0,0,0,0
CUST006951,856,0.3718,0.087,6,0,0,0,0
CUST006952,578,0.3399,0.5619,2,0,0,0,0
CUST006953,900,0.3153,0.3639,1,0,0,0,1
CUST006954,787,0.0799,0.1087,4,0,0,0,0
CUST006955,630,0.6722,0.1765,5,0,0,0,1
CUST006956,535,0.2149,0.1814,6,1,0,0,0
CUST006957,606,0.3174,0.4659,3,0,0,0,0
CUST006958,614,0.3065,0.416,4,0,0,0,0
CUST006959,701,0.2947,0.5527,5,0,0,0,0
CUST006960,568,0.1748,0.7649,2,0,0,0,2
CUST006961,646,0.6164,0.7996,2,0,0,0,1
CUST006962,713,0.095,0.1684,6,1,0,1,1
CUST006963,563,0.3318,0.2828,4,0,0,0,0
CUST006964,638,0.6291,0.3937,0,0,0,0,1
CUST006965,578,0.2249,0.1882,3,0,0,0,0
CUST006966,811,0.2909,0.3012,3,0,0,0,3
CUST006967,587,0.3461,0.0789,5,0,0,0,0
CUST006968,678,0.1516,0.3964,4,0,0,0,1
CUST006969,550,0.1155,0.461,1,1,0,0,1
CUST006970,575,0.2444,0.5718,4,1,0,0,2
CUST006971,615,0.2772,0.3097,8,0,0,0,0
CUST006972,536,0.5133,0.4209,0,0,0,0,1
CUST006973,663,0.3085,0.3616,3,0,0,0,0
CUST006974,514,0.4387,0.2217,5,1,2,0,0
CUST006975,655,0.2854,0.5529,5,0,1,0,0
CUST006976,656,0.2338,0.2678,3,0,0,0,0
CUST006977,663,0.183,0.413,1,0,0,0,1
CUST006978,723,0.401,0.3343,4,0,0,0,0
CUST006979,741,0.1289,0.3854,5,2,0,0,0
CUST006980,572,0.1577,0.2263,1,0,0,0,0
CUST006981,686,0.5492,0.0682,5,0,0,1,0
CUST006982,651,0.2596,0.3713,5,2,0,0,2
CUST006983,736,0.1766,0.5573,4,0,0,0,1
CUST006984,604,0.315,0.419,1,1,0,0,0
CUST006985,495,0.3535,0.4943,3,0,0,0,0
CUST006986,631,0.2045,0.3095,7,0,0,1,1
CUST006987,646,0.4543,0.1084,4,0,0,0,0
CUST006988,755,0.1373,0.2394,7,0,0,0,0
CUST006989,727,0.4598,0.2481,8,1,0,0,1
CUST006990,537,0.1405,0.1738,4,0,1,0,1
CUST006991,754,0.3336,0.2361,4,0,0,0,0
CUST006992,567,0.1048,0.5283,4,0,0,0,0
CUST006993,574,0.3695,0.2675,5,0,0,1,1
CUST006994,664,0.2434,0.0646,3,0,0,0,1
CUST006995,667,0.1816,0.2558,4,0,0,0,0
CUST006996,637,0.1395,0.4249,3,0,0,0,1
CUST006997,637,0.0895,0.7141,2,0,0,0,0
CUST006998,533,0.3274,0.6503,2,0,0,0,3
CUST006999,641,0.6163,0.5275,1,0,0,0,0
CUST007000,759,0.6493,0.3087,6,0,0,0,0
CUST007001,642,0.2162,0.581,3,0,0,0,2
CUST007002,811,0.2658,0.3497,4,0,1,0,0
CUST007003,650,0.1523,0.4012,3,0,0,0,1
CUST007004,574,0.3148,0.2998,6,0,2,0,0
CUST007005,569,0.2176,0.1414,6,0,0,0,0
CUST007006,748,0.1545,0.7278,6,1,0,0,2
CUST007007,676,0.3308,0.6083,6,0,0,0,1
CUST007008,523,0.4132,0.1541,1,0,1,0,0
CUST007009,663,0.2049,0.046,5,0,1,0,1
CUST007010,698,0.0837,0.3645,1,0,0,0,1
CUST007011,533,0.2252,0.4193,3,1,0,0,0
CUST007012,629,0.395,0.6607,4,1,0,0,1
CUST007013,573,0.2178,0.5643,4,0,0,0,0
CUST007014,610,0.4273,0.3361,4,0,0,0,0
CUST007015,560,0.5696,0.2567,4,1,2,0,0
CUST007016,475,0.0201,0.1699,4,1,0,0,0
CUST007017,525,0.2557,0.3064,2,1,1,0,0
CUST007018,739,0.3065,0.192,4,0,1,0,0
CUST007019,598,0.2339,0.6127,3,0,0,0,0
CUST007020,813,0.1955,0.1556,5,0,0,1,0
CUST007021,555,0.1746,0.2125,6,0,0,0,0
CUST007022,673,0.2832,0.6133,1,0,0,0,1
CUST007023,671,0.1706,0.4443,3,0,1,1,0
CUST007024,648,0.2976,0.1952,1,1,0,0,0
CUST007025,754,0.1347,0.0579,4,0,0,0,0
CUST007026,536,0.2624,0.3206,6,0,0,0,0
CUST007027,750,0.3193,0.4269,3,0,0,0,0
CUST007028,618,0.385,0.3607,2,2,0,0,1
CUST007029,690,0.1562,0.1897,4,0,0,0,0
CUST007030,636,0.2226,0.056,2,0,0,1,0
CUST007031,782,0.1387,0.4028,4,0,0,0,0
CUST007032,570,0.3501,0.2354,6,0,0,0,1
CUST007033,516,0.1894,0.0484,1,1,1,0,0
CUST007034,714,0.2186,0.3469,5,1,0,0,0
CUST007035,663,0.0359,0.6263,6,0,0,0,0
CUST007036,681,0.3462,0.1785,3,0,0,0,0
CUST007037,763,0.6127,0.4855,6,0,0,0,2
CUST007038,671,0.3473,0.2541,2,1,0,0,0
CUST007039,625,0.337,0.2486,4,0,0,0,0
CUST007040,648,0.3372,0.3892,3,0,0,0,1
CUST007041,827,0.3166,0.3615,7,0,0,0,0
CUST007042,680,0.2005,0.5001,7,1,0,1,0
CUST007043,719,0.3678,0.3185,6,1,1,0,0
CUST007044,578,0.4011,0.4111,4,2,0,0,0
CUST007045,726,0.1857,0.1796,2,0,0,0,0
CUST007046,614,0.2201,0.3757,3,2,0,0,0
CUST007047,493,0.3986,0.1314,4,1,0,0,0
CUST007048,669,0.3238,0.5065,3,0,1,0,1
CUST007049,661,0.1448,0.2391,5,0,1,0,1
CUST007050,682,0.5694,0.1502,6,0,0,0,1
CUST007051,626,0.0667,0.1482,3,0,0,0,1
CUST007052,745,0.4068,0.6618,5,0,0,0,2
CUST007053,678,0.3239,0.3496,3,0,0,0,0
CUST007054,620,0.5635,0.2319,4,0,0,0,0
CUST007055,747,0.262,0.2516,3,0,0,0,1
CUST007056,683,0.231,0.2654,3,0,2,0,0
CUST007057,663,0.1891,0.4102,5,0,0,0,1
CUST007058,607,0.0796,0.3688,4,1,0,0,0
CUST007059,828,0.0477,0.2571,4,0,0,0,3
CUST007060,561,0.3945,0.1424,0,0,0,0,0
CUST007061,618,0.379,0.2563,4,0,0,0,0
CUST007062,618,0.3521,0.4573,2,0,1,1,1
CUST007063,633,0.3797,0.4499,5,2,0,0,0
CUST007064,704,0.6547,0.0996,2,1,0,0,0
CUST007065,689,0.0298,0.1824,1,0,1,0,0
CUST007066,700,0.5404,0.4575,13,1,1,0,2
CUST007067,642,0.362,0.2856,2,0,0,0,0
CUST007068,754,0.187,0.185,6,0,0,0,1
CUST007069,580,0.0594,0.1675,4,0,0,0,2
CUST007070,574,0.2383,0.363,2,0,0,1,1
CUST007071,540,0.2347,0.4133,3,0,0,0,1
CUST007072,610,0.1036,0.1049,3,0,0,0,0
CUST007073,659,0.0396,0.2299,5,0,0,0,1
CUST007074,600,0.2172,0.3496,6,0,0,0,1
CUST007075,605,0.147,0.0837,4,0,0,0,0
CUST007076,750,0.1418,0.1885,5,0,0,0,0
CUST007077,588,0.3523,0.1348,2,0,0,0,0
CUST007078,622,0.2727,0.7097,2,0,0,1,1
CUST007079,684,0.1061,0.2051,7,1,0,0,0
CUST007080,500,0.2071,0.2851,2,1,0,0,1
CUST007081,542,0.0348,0.5302,3,0,0,0,0
CUST007082,718,0.383,0.3704,5,0,0,0,1
CUST007083,484,0.4715,0.3537,4,0,0,0,1
CUST007084,517,0.0981,0.4647,2,0,0,0,1
CUST007085,501,0.5245,0.4853,4,1,0,0,0
CUST007086,618,0.3455,0.0666,7,0,0,0,1
CUST007087,535,0.2358,0.0549,7,0,0,0,0
CUST007088,574,0.2908,0.2404,2,1,0,0,0
CUST007089,754,0.071,0.6465,2,0,0,0,0
CUST007090,632,0.2696,0.1658,3,0,1,0,0
CUST007091,670,0.1232,0.2643,6,0,0,0,0
CUST007092,682,0.196,0.1759,3,0,0,0,1
CUST007093,746,0.2385,0.2395,3,0,2,1,1
CUST007094,607,0.0413,0.2409,5,0,0,0,1
CUST007095,643,0.2556,0.4482,4,0,0,0,1
CUST007096,629,0.1497,0.3332,2,1,0,0,0
CUST007097,559,0.4124,0.4972,2,1,0,0,0
CUST007098,636,0.2582,0.45,8,0,0,0,0
CUST007099,677,0.4758,0.4516,9,1,1,0,2
CUST007100,728,0.1192,0.3326,3,1,0,0,0
CUST007101,571,0.4053,0.4866,5,0,0,1,0
CUST007102,748,0.1522,0.4579,0,0,1,0,1
CUST007103,614,0.3831,0.4393,1,2,0,0,0
CUST007104,761,0.2374,0.046,6,0,0,0,1
CUST007105,647,0.1566,0.3563,4,0,0,0,1
CUST007106,675,0.1004,0.1905,2,0,0,0,2
CUST007107,616,0.1953,0.2693,5,2,1,0,0
CUST007108,791,0.3717,0.7725,5,0,0,0,2
CUST007109,570,0.1475,0.5987,2,0,0,0,0
CUST007110,743,0.4831,0.315,5,0,0,0,2
CUST007111,550,0.3585,0.1176,3,0,0,0,0
CUST007112,589,0.4126,0.4383,9,1,0,1,2
CUST007113,802,0.5253,0.3161,6,0,0,0,1
CUST007114,707,0.1286,0.7639,6,1,0,0,0
CUST007115,674,0.203,0.1269,5,0,0,0,2
CUST007116,668,0.1173,0.4711,3,2,0,0,2
CUST007117,750,0.182,0.3304,6,0,0,2,1
CUST007118,683,0.2622,0.1888,5,0,0,0,0
CUST007119,653,0.3276,0.6567,6,2,0,0,0
CUST007120,692,0.3907,0.4924,3,1,0,0,1
CUST007121,632,0.4998,0.3289,7,1,0,0,0
CUST007122,614,0.1531,0.6681,2,0,0,0,2
CUST007123,586,0.2165,0.1811,5,0,0,0,0
CUST007124,555,0.1671,0.2686,7,1,0,0,1
CUST007125,691,0.2519,0.0085,3,0,0,0,2
CUST007126,635,0.3598,0.4754,1,0,0,1,1
CUST007127,503,0.2741,0.4534,7,0,1,0,0
CUST007128,614,0.2979,0.0457,1,1,1,0,0
CUST007129,676,0.2933,0.4617,7,0,0,0,0
CUST007130,588,0.3457,0.3309,7,0,0,0,0
CUST007131,676,0.0237,0.2835,3,1,0,0,2
CUST007132,449,0.6305,0.4426,3,0,1,0,2
CUST007133,790,0.1969,0.1778,6,0,1,0,2
CUST007134,674,0.1528,0.2332,3,0,0,0,0
CUST007135,477,0.2945,0.6447,1,1,0,0,1
CUST007136,342,0.4341,0.3828,5,0,0,0,0
CUST007137,672,0.3121,0.5266,5,1,0,0,1
CUST007138,565,0.4071,0.0455,4,0,0,0,1
CUST007139,677,0.7708,0.2167,2,1,0,0,0
CUST007140,726,0.1268,0.3244,3,1,1,0,0
CUST007141,580,0.0503,0.2669,5,1,0,0,0
CUST007142,716,0.2082,0.6665,1,0,0,0,3
CUST007143,731,0.2784,0.337,3,0,0,0,2
CUST007144,690,0.3673,0.1622,7,0,0,0,0
CUST007145,769,0.17,0.4364,6,0,0,0,0
CUST007146,567,0.0069,0.201,5,0,1,0,2
CUST007147,527,0.501,0.2892,3,0,0,0,0
CUST007148,502,0.1215,0.516,1,0,0,1,0
CUST007149,656,0.2283,0.0096,5,0,0,0,1
CUST007150,690,0.1805,0.2045,3,0,0,0,3
CUST007151,707,0.3786,0.1866,4,0,0,0,0
CUST007152,645,0.244,0.3507,5,0,0,0,0
CUST007153,678,0.1976,0.4958,5,0,0,0,1
CUST007154,680,0.194,0.6203,2,0,0,0,0
CUST007155,689,0.2601,0.5466,4,0,0,0,0
CUST007156,696,0.1982,0.3819,6,0,1,0,0
CUST007157,731,0.2099,0.3414,2,2,0,0,0
CUST007158,538,0.3651,0.106,5,0,0,0,1
CUST007159,584,0.1703,0.3496,2,0,1,0,0
CUST007160,694,0.355,0.8229,4,0,0,0,0
CUST007161,501,0.4288,0.2656,1,0,0,0,1
CUST007162,638,0.1518,0.2225,4,0,0,0,2
CUST007163,742,0.37,0.1844,1,0,0,0,0
CUST007164,787,0.2326,0.2317,1,0,0,0,2
CUST007165,708,0.2362,0.3788,5,1,0,1,1
CUST007166,685,0.2114,0.4485,7,0,0,0,2
CUST007167,735,0.1449,0.2316,6,0,1,0,0
CUST007168,688,0.3305,0.6624,5,0,1,0,0
CUST007169,708,0.3329,0.4496,6,1,0,0,1
CUST007170,820,0.1501,0.2892,2,1,0,0,0
CUST007171,655,0.3001,0.1296,4,0,0,0,1
CUST007172,629,0.3948,0.1623,7,0,0,0,1
CUST007173,769,0.2698,0.183,2,1,0,1,0
CUST007174,639,0.4431,0.491,4,1,0,0,1
CUST007175,693,0.809,0.0853,6,0,0,0,0
CUST007176,720,0.3348,0.2806,6,0,0,0,0
CUST007177,548,0.167,0.4078,2,0,0,0,0
CUST007178,647,0.1052,0.217,4,0,0,0,0
CUST007179,603,0.3911,0.7713,4,0,0,0,1
CUST007180,616,0.2845,0.2562,2,1,0,0,0
CUST007181,726,0.1351,0.2634,4,0,1,0,0
CUST007182,546,0.0507,0.3958,6,2,0,0,1
CUST007183,626,0.209,0.2395,2,1,0,0,0
CUST007184,674,0.1226,0.4203,3,1,1,0,2
CUST007185,642,0.3572,0.085,3,1,0,0,1
CUST007186,682,0.2759,0.3349,6,0,1,0,0
CUST007187,701,0.0456,0.358,6,0,0,1,0
CUST007188,709,0.194,0.5139,6,0,0,0,0
CUST007189,749,0.0476,0.1743,3,0,0,1,1
CUST007190,861,0.15,0.5144,4,0,0,0,0
CUST007191,732,0.545,0.0705,2,0,0,0,0
CUST007192,646,0.1613,0.5946,4,0,0,0,1
CUST007193,691,0.1324,0.1445,4,0,0,0,0
CUST007194,621,0.1363,0.4735,2,0,0,0,0
CUST007195,749,0.4299,0.1588,4,0,0,0,0
CUST007196,676,0.5043,0.1109,3,0,0,0,0
CUST007197,794,0.6747,0.3072,6,1,0,0,0
CUST007198,620,0.0659,0.4958,1,0,0,0,1
CUST007199,626,0.1992,0.5119,1,0,1,0,0
CUST007200,631,0.294,0.1784,2,0,0,0,0
CUST007201,604,0.7641,0.6438,3,0,0,1,2
CUST007202,700,0.2756,0.2776,6,0,0,0,0
CUST007203,673,0.471,0.3502,6,0,1,0,0
CUST007204,681,0.0411,0.0907,1,0,0,0,0
CUST007205,472,0.5291,0.1769,7,2,0,0,1
CUST007206,562,0.2885,0.7118,4,0,0,0,0
CUST007207,643,0.1004,0.3744,3,0,0,0,1
CUST007208,661,0.119,0.6344,3,0,0,0,0
CUST007209,795,0.4419,0.7895,1,2,1,0,0
CUST007210,564,0.4524,0.6299,3,1,0,0,1
CUST007211,549,0.3358,0.3064,4,1,2,0,0
CUST007212,555,0.4371,0.4322,1,0,0,0,1
CUST007213,659,0.169,0.4569,5,0,0,0,0
CUST007214,715,0.538,0.2623,4,0,0,0,0
CUST007215,600,0.276,0.4584,5,0,0,0,1
CUST007216,664,0.1787,0.3576,5,0,0,0,0
CUST007217,543,0.3317,0.1646,3,0,0,0,1
CUST007218,536,0.4138,0.5241,2,0,0,0,0
CUST007219,609,0.2774,0.4073,4,0,0,1,0
CUST007220,727,0.3616,0.1565,2,0,0,0,1
CUST007221,587,0.0429,0.2428,4,0,1,0,1
CUST007222,634,0.3483,0.1684,4,0,0,0,1
CUST007223,566,0.8219,0.5228,6,0,0,0,1
CUST007224,553,0.5477,0.3653,1,0,0,0,0
CUST007225,691,0.4695,0.1425,3,0,0,0,0
CUST007226,598,0.2221,0.2272,5,0,0,0,3
CUST007227,524,0.4132,0.2424,4,2,0,0,1
CUST007228,520,0.3163,0.4018,3,1,0,0,1
CUST007229,740,0.1605,0.5507,3,0,0,0,0
CUST007230,500,0.2918,0.247,2,0,0,0,0
CUST007231,751,0.1876,0.3347,1,0,1,0,0
CUST007232,708,0.3284,0.6359,6,1,0,0,0
CUST007233,611,0.2855,0.4305,6,0,0,0,0
CUST007234,715,0.4551,0.5173,2,1,0,0,1
CUST007235,632,0.2602,0.2563,3,0,0,0,0
CUST007236,687,0.1796,0.4352,3,0,0,0,3
CUST007237,481,0.1955,0.4181,6,0,0,0,0
CUST007238,663,0.4852,0.4638,3,0,0,0,0
CUST007239,618,0.3689,0.3389,3,1,0,0,0
CUST007240,605,0.186,0.0768,8,0,0,0,1
CUST007241,730,0.4571,0.1267,2,0,0,0,0
CUST007242,840,0.1032,0.1213,1,0,0,0,0
CUST007243,767,0.3749,0.4765,4,0,0,1,0
CUST007244,755,0.2134,0.1203,3,1,0,0,0
CUST007245,575,0.3985,0.2217,1,0,0,0,0
CUST007246,710,0.239,0.2045,3,0,0,0,0
CUST007247,616,0.5262,0.2853,3,0,0,0,0
CUST007248,607,0.4293,0.5538,2,1,0,0,0
CUST007249,844,0.1772,0.4093,5,0,0,0,1
CUST007250,470,0.1242,0.2064,3,0,0,0,0
CUST007251,693,0.1963,0.1794,3,0,0,0,0
CUST007252,687,0.444,0.4928,3,0,0,1,1
CUST007253,725,0.4339,0.4436,7,0,0,0,0
CUST007254,723,0.1155,0.4539,6,2,1,0,0
CUST007255,696,0.328,0.5456,3,0,0,0,0
CUST007256,687,0.3083,0.8412,3,0,0,0,2
CUST007257,581,0.258,0.2412,6,2,1,0,1
CUST007258,656,0.7005,0.3007,3,2,0,0,2
CUST007259,726,0.357,0.1894,3,0,1,0,0
CUST007260,590,0.4605,0.2625,9,0,0,1,0
CUST007261,684,0.0561,0.22,1,1,0,0,1
CUST007262,727,0.1387,0.5678,4,0,0,0,0
CUST007263,621,0.0776,0.1847,7,0,1,0,0
CUST007264,791,0.0983,0.4709,3,0,0,0,1
CUST007265,702,0.2124,0.1081,7,0,0,0,0
CUST007266,508,0.3814,0.5616,5,0,0,0,1
CUST007267,659,0.2016,0.0963,2,0,0,0,3
CUST007268,580,0.0748,0.3754,1,0,0,0,1
CUST007269,558,0.0301,0.0099,5,0,1,0,1
CUST007270,564,0.391,0.1996,5,0,0,0,1
CUST007271,822,0.2363,0.299,5,0,0,0,1
CUST007272,578,0.1576,0.3837,2,0,0,0,1
CUST007273,637,0.197,0.4546,3,0,0,0,1
CUST007274,679,0.3663,0.1335,3,0,0,0,1
CUST007275,587,0.4288,0.1276,4,0,0,0,2
CUST007276,576,0.2405,0.0758,5,0,0,0,0
CUST007277,594,0.2808,0.4319,1,1,0,0,2
CUST007278,598,0.5252,0.4366,6,0,0,0,1
CUST007279,698,0.44,0.0636,6,0,0,1,3
CUST007280,573,0.2199,0.1138,6,0,0,2,2
CUST007281,788,0.2925,0.1755,3,0,0,0,0
CUST007282,631,0.0869,0.5711,3,0,0,0,0
CUST007283,796,0.1896,0.3734,3,0,0,0,0
CUST007284,644,0.3658,0.754,4,0,0,0,0
CUST007285,516,0.5567,0.3781,3,0,0,0,1
CUST007286,593,0.6152,0.4325,6,0,0,0,0
CUST007287,698,0.165,0.1282,3,1,0,0,1
CUST007288,556,0.4363,0.2629,7,0,0,0,0
CUST007289,646,0.0863,0.738,2,0,1,0,1
CUST007290,682,0.2866,0.1605,4,0,0,0,0
CUST007291,684,0.2718,0.4891,6,1,0,0,1
CUST007292,701,0.6884,0.3162,1,0,0,0,0
CUST007293,671,0.3184,0.5817,4,0,1,0,1
CUST007294,560,0.3252,0.4205,4,0,0,1,0
CUST007295,625,0.3779,0.3489,2,0,0,0,0
CUST007296,651,0.2594,0.2477,0,0,0,0,0
CUST007297,690,0.3596,0.2784,7,0,0,0,1
CUST007298,584,0.4201,0.341,4,0,0,0,0
CUST007299,646,0.0797,0.5304,1,0,1,0,0
CUST007300,822,0.3044,0.4028,1,0,0,0,1
CUST007301,734,0.0682,0.4772,1,0,2,0,0
CUST007302,729,0.4087,0.0956,1,1,0,0,1
CUST007303,645,0.4399,0.3322,6,0,0,0,0
CUST007304,667,0.1738,0.4797,2,0,1,0,0
CUST007305,651,0.1211,0.4779,2,0,0,0,0
CUST007306,693,0.2892,0.091,4,0,0,0,1
CUST007307,539,0.0731,0.6039,7,0,0,0,3
CUST007308,578,0.2597,0.3433,5,0,0,0,0
CUST007309,524,0.4003,0.2869,2,1,0,0,0
CUST007310,717,0.2397,0.5893,1,1,1,0,0
CUST007311,715,0.1982,0.1713,2,0,0,0,1
CUST007312,592,0.0748,0.4097,7,0,0,0,1
CUST007313,587,0.3254,0.4869,1,0,0,0,0
CUST007314,716,0.1842,0.3657,4,0,0,0,1
CUST007315,714,0.1412,0.2877,4,0,0,0,1
CUST007316,796,0.3317,0.1676,2,1,0,1,0
CUST007317,576,0.4179,0.4003,6,0,0,0,0
CUST007318,640,0.4319,0.0687,4,2,0,1,0
CUST007319,661,0.4245,0.2696,5,0,0,0,2
CUST007320,701,0.0811,0.4008,3,0,0,0,1
CUST007321,737,0.5291,0.6335,1,0,0,0,1
CUST007322,639,0.1344,0.2832,4,1,0,0,0
CUST007323,670,0.7193,0.4994,5,1,0,0,0
CUST007324,622,0.4749,0.5227,3,0,0,0,0
CUST007325,520,0.3994,0.2712,5,2,0,0,1
CUST007326,574,0.4,0.1815,8,0,0,0,0
CUST007327,608,0.0613,0.6683,1,0,0,0,1
CUST007328,700,0.1737,0.5348,0,0,0,0,0
CUST007329,461,0.2617,0.3052,3,0,0,0,1
CUST007330,702,0.2653,0.0981,5,0,0,0,0
CUST007331,702,0.2958,0.3034,3,0,0,0,0
CUST007332,609,0.501,0.0859,7,0,0,0,1
CUST007333,821,0.3813,0.2741,6,0,0,0,2
CUST007334,673,0.2759,0.7956,5,0,0,0,1
CUST007335,672,0.4096,0.5608,5,0,0,0,1
CUST007336,635,0.307,0.6586,5,0,0,0,0
CUST007337,485,0.1849,0.4452,4,0,1,0,1
CUST007338,591,0.2421,0.2504,6,0,0,1,0
CUST007339,579,0.2489,0.5824,4,0,0,0,1
CUST007340,709,0.1198,0.1193,1,0,0,0,0
CUST007341,603,0.3669,0.348,3,0,0,0,1
CUST007342,677,0.3699,0.2652,3,0,0,0,2
CUST007343,504,0.2091,0.1941,4,0,1,0,0
CUST007344,773,0.0496,0.1784,3,1,0,1,1
CUST007345,714,0.5828,0.0937,3,1,0,0,0
CUST007346,648,0.4339,0.131,6,1,0,0,0
CUST007347,607,0.1293,0.4397,3,0,0,0,1
CUST007348,725,0.2016,0.14,0,0,0,0,1
CUST007349,603,0.2978,0.5814,3,1,0,0,2
CUST007350,603,0.2997,0.4131,1,0,0,0,1
CUST007351,629,0.0925,0.4964,1,0,0,0,1
CUST007352,782,0.1947,0.3084,4,0,0,0,1
CUST007353,593,0.0653,0.1528,4,3,0,1,2
CUST007354,711,0.1899,0.1715,2,0,0,1,0
CUST007355,581,0.0361,0.6475,3,0,0,0,3
CUST007356,460,0.1995,0.3217,1,0,0,0,0
CUST007357,685,0.1745,0.5973,2,0,1,0,0
CUST007358,572,0.2797,0.1975,2,0,0,1,1
CUST007359,623,0.2822,0.2556,3,0,1,0,1
CUST007360,726,0.0819,0.3308,6,0,0,0,0
CUST007361,568,0.294,0.4467,1,0,0,0,3
CUST007362,613,0.1842,0.2525,2,1,0,0,1
CUST007363,708,0.0134,0.227,3,0,0,0,0
CUST007364,609,0.3112,0.7348,8,0,1,1,0
CUST007365,658,0.034,0.2322,5,1,0,1,2
CUST007366,637,0.161,0.4416,5,0,0,0,0
CUST007367,637,0.4962,0.3955,2,0,0,0,0
CUST007368,631,0.641,0.2788,2,0,0,0,0
CUST007369,690,0.4671,0.1469,4,0,0,0,0
CUST007370,478,0.407,0.5861,4,0,0,0,1
CUST007371,626,0.5501,0.4406,5,1,0,0,0
CUST007372,579,0.1393,0.5341,3,0,0,0,0
CUST007373,711,0.6677,0.5417,6,0,0,0,0
CUST007374,757,0.1395,0.7018,6,2,0,1,0
CUST007375,648,0.3854,0.2883,3,1,0,0,0
CUST007376,635,0.2273,0.4804,1,0,1,0,0
CUST007377,695,0.1289,0.3167,0,0,0,0,0
CUST007378,661,0.1481,0.6574,4,0,0,0,0
CUST007379,636,0.3003,0.1545,2,1,0,0,0
CUST007380,672,0.0784,0.3925,7,0,0,0,0
CUST007381,620,0.3669,0.2832,4,0,0,0,0
CUST007382,715,0.1699,0.1163,3,0,0,0,2
CUST007383,808,0.1095,0.3705,4,1,0,0,1
CUST007384,634,0.2496,0.1689,8,0,0,1,0
CUST007385,689,0.2854,0.3887,2,0,0,0,0
CUST007386,473,0.0987,0.0929,6,1,0,0,0
CUST007387,493,0.4269,0.3968,2,2,0,0,1
CUST007388,670,0.1485,0.6988,2,0,0,0,0
CUST007389,617,0.4347,0.3572,6,0,1,0,0
CUST007390,585,0.1402,0.228,5,0,0,0,0
CUST007391,690,0.4402,0.427,2,0,0,0,2
CUST007392,624,0.1448,0.4629,4,0,0,0,1
CUST007393,690,0.1547,0.5921,3,0,0,1,0
CUST007394,661,0.5498,0.2276,4,0,0,0,0
CUST007395,717,0.5773,0.2729,4,1,0,0,2
CUST007396,638,0.6273,0.1883,4,1,0,0,0
CUST007397,648,0.5917,0.562,5,0,0,0,0
CUST007398,624,0.41,0.0932,3,0,0,1,0
CUST007399,608,0.7561,0.5613,2,0,1,0,0
CUST007400,690,0.1946,0.4469,1,0,0,0,1
CUST007401,566,0.3486,0.7304,5,0,0,0,0
CUST007402,745,0.4899,0.1525,4,1,0,0,1
CUST007403,562,0.6145,0.4272,4,0,0,0,0
CUST007404,620,0.2518,0.4294,6,0,0,0,0
CUST007405,613,0.1706,0.1228,1,1,0,0,2
CUST007406,701,0.5008,0.2641,6,0,0,0,1
CUST007407,760,0.2894,0.0896,0,0,0,0,0
CUST007408,678,0.1593,0.4605,3,0,0,1,0
CUST007409,789,0.238,0.073,6,0,1,0,1
CUST007410,588,0.3478,0.3014,2,0,1,0,1
CUST007411,626,0.3874,0.105,3,1,0,0,0
CUST007412,525,0.4723,0.5043,4,1,0,0,1
CUST007413,550,0.0796,0.0509,2,1,0,0,2
CUST007414,734,0.478,0.2117,4,0,0,0,0
CUST007415,632,0.5444,0.7219,2,0,0,0,1
CUST007416,607,0.4423,0.2911,4,0,0,0,1
CUST007417,570,0.2514,0.3864,3,1,0,0,0
CUST007418,711,0.6452,0.1444,4,1,0,0,2
CUST007419,613,0.1478,0.2688,3,0,0,0,0
CUST007420,546,0.2906,0.1559,4,0,0,0,0
CUST007421,652,0.17,0.6181,9,0,0,0,1
CUST007422,696,0.3834,0.4164,4,0,0,0,0
CUST007423,635,0.0554,0.1282,4,0,0,0,1
CUST007424,603,0.5043,0.0464,4,0,0,0,0
CUST007425,655,0.319,0.3811,2,0,0,0,2
CUST007426,527,0.1047,0.5277,7,0,0,0,0
CUST007427,709,0.4721,0.4163,2,0,0,0,0
CUST007428,684,0.3252,0.0926,3,0,0,1,1
CUST007429,741,0.1312,0.3632,2,0,2,0,0
CUST007430,575,0.2572,0.2865,2,1,0,0,0
CUST007431,508,0.2613,0.5312,7,0,0,0,1
CUST007432,516,0.2317,0.4064,6,0,0,0,1
CUST007433,560,0.2936,0.8195,4,0,0,0,1
CUST007434,542,0.0969,0.4825,5,0,0,0,0
CUST007435,697,0.2212,0.3681,2,1,0,1,0
CUST007436,606,0.6158,0.1366,5,0,1,0,1
CUST007437,628,0.3293,0.2079,2,0,0,0,0
CUST007438,596,0.2961,0.3737,5,0,0,0,1
CUST007439,635,0.4955,0.4648,2,0,0,0,3
CUST007440,710,0.1908,0.2543,4,0,0,0,1
CUST007441,789,0.2827,0.1451,3,1,0,0,0
CUST007442,730,0.7103,0.2112,2,0,0,0,0
CUST007443,653,0.304,0.2448,4,0,0,0,2
CUST007444,623,0.0854,0.3285,3,1,0,0,0
CUST007445,759,0.2969,0.5401,2,0,1,0,0
CUST007446,565,0.3873,0.6713,5,0,0,0,1
CUST007447,649,0.4195,0.2709,10,0,0,0,1
CUST007448,545,0.275,0.5382,2,0,0,1,0
CUST007449,755,0.2651,0.1358,0,0,0,0,1
CUST007450,775,0.2649,0.3958,6,1,0,0,0
CUST007451,533,0.3239,0.0595,5,1,1,0,0
CUST007452,527,0.1326,0.3491,3,0,0,0,0
CUST007453,604,0.102,0.0675,4,0,0,0,0
CUST007454,700,0.2745,0.3729,7,0,0,0,0
CUST007455,578,0.6563,0.1308,3,0,0,0,2
CUST007456,582,0.216,0.4446,7,0,0,0,1
CUST007457,706,0.0979,0.2962,3,0,0,1,0
CUST007458,672,0.1114,0.3651,3,0,0,0,0
CUST007459,641,0.3768,0.5961,4,0,2,0,0
CUST007460,654,0.2953,0.4328,4,0,0,0,2
CUST007461,673,0.1983,0.3393,2,0,0,1,1
CUST007462,723,0.2811,0.2977,3,1,0,0,2
CUST007463,725,0.1182,0.386,5,1,1,0,0
CUST007464,602,0.1339,0.1332,4,0,1,0,0
CUST007465,639,0.3067,0.6478,6,0,0,0,0
CUST007466,595,0.3124,0.1762,2,0,0,0,1
CUST007467,687,0.3172,0.2335,2,1,0,0,0
CUST007468,559,0.0392,0.637,9,0,0,0,0
CUST007469,547,0.185,0.2212,4,0,0,0,0
CUST007470,607,0.4685,0.2444,4,2,0,0,1
CUST007471,460,0.1505,0.2671,6,0,0,0,0
CUST007472,319,0.1831,0.443,4,0,0,0,2
CUST007473,682,0.3867,0.6816,8,0,0,0,0
CUST007474,690,0.3148,0.2021,3,1,0,0,1
CUST007475,559,0.1902,0.3719,3,0,0,0,0
CUST007476,633,0.4687,0.2068,5,0,0,0,0
CUST007477,781,0.4263,0.5936,8,1,0,0,2
CUST007478,632,0.0916,0.238,5,0,0,0,0
CUST007479,759,0.2319,0.4128,7,0,1,0,0
CUST007480,584,0.2564,0.5618,4,0,0,0,0
CUST007481,660,0.5606,0.6053,5,0,0,0,0
CUST007482,688,0.2372,0.5361,3,1,1,0,2
CUST007483,600,0.3947,0.2931,2,2,0,0,0
CUST007484,617,0.0501,0.3544,3,0,0,0,1
CUST007485,630,0.2231,0.1828,4,1,0,0,0
CUST007486,572,0.2921,0.4555,7,0,0,0,1
CUST007487,663,0.2063,0.2566,5,1,0,0,1
CUST007488,753,0.4269,0.2381,4,0,0,0,1
CUST007489,750,0.3523,0.4163,2,1,0,0,2
CUST007490,821,0.4883,0.3981,5,0,0,0,1
CUST007491,607,0.2616,0.1045,3,0,1,1,2
CUST007492,599,0.0981,0.2414,7,1,0,0,0
CUST007493,701,0.2559,0.0343,3,1,0,0,0
CUST007494,770,0.2517,0.2962,4,0,0,0,0
CUST007495,744,0.4412,0.0606,4,0,0,1,0
CUST007496,706,0.0998,0.5665,4,0,0,0,1
CUST007497,574,0.1872,0.1359,4,0,0,0,2
CUST007498,581,0.7086,0.17,4,0,1,0,0
CUST007499,694,0.2853,0.5612,3,0,0,0,0
CUST007500,686,0.3017,0.2672,5,1,0,0,0
CUST007501,635,0.2793,0.2638,6,0,0,0,0
CUST007502,690,0.4335,0.1991,5,2,1,0,1
CUST007503,657,0.2865,0.2542,3,0,0,0,0
CUST007504,718,0.2034,0.1404,5,1,0,0,0
CUST007505,598,0.3602,0.3383,7,0,0,0,0
CUST007506,521,0.119,0.4256,5,0,1,0,0
CUST007507,534,0.1582,0.1892,3,0,0,1,0
CUST007508,585,0.24,0.2053,7,0,0,0,0
CUST007509,598,0.2638,0.1891,4,0,1,0,1
CUST007510,647,0.5282,0.5122,6,1,0,0,0
CUST007511,573,0.6693,0.0349,0,0,0,0,0
CUST007512,550,0.2452,0.0222,5,0,0,0,0
CUST007513,512,0.5413,0.1288,3,1,0,0,0
CUST007514,666,0.1245,0.2867,7,1,0,0,1
CUST007515,648,0.1267,0.0578,2,0,0,0,1
CUST007516,667,0.3079,0.1765,7,0,0,0,0
CUST007517,607,0.0554,0.2042,1,0,1,0,0
CUST007518,811,0.184,0.3499,4,0,0,1,0
CUST007519,544,0.4646,0.5249,4,0,1,0,1
CUST007520,655,0.0716,0.0716,2,1,0,0,0
CUST007521,451,0.1747,0.2868,4,0,0,0,0
CUST007522,686,0.1312,0.2945,2,0,0,0,0
CUST007523,580,0.7096,0.2823,10,0,0,0,0
CUST007524,529,0.3694,0.1785,6,0,0,0,0
CUST007525,690,0.0736,0.0956,4,0,1,0,0
CUST007526,540,0.3034,0.1369,6,0,0,0,2
CUST007527,574,0.3065,0.3219,5,0,0,0,0
CUST007528,737,0.3118,0.3864,2,0,0,0,1
CUST007529,663,0.2354,0.2449,1,1,0,0,1
CUST007530,615,0.269,0.3103,4,1,0,0,0
CUST007531,662,0.1022,0.6159,5,1,0,0,0
CUST007532,613,0.0565,0.6098,3,1,0,0,0
CUST007533,707,0.2456,0.1207,5,0,1,0,0
CUST007534,635,0.2657,0.4919,3,0,0,0,1
CUST007535,564,0.2471,0.2469,3,1,1,0,0
CUST007536,516,0.3114,0.3708,3,0,0,0,0
CUST007537,751,0.2232,0.1936,2,0,0,0,1
CUST007538,523,0.0922,0.5128,4,0,0,0,1
CUST007539,717,0.179,0.296,5,0,1,1,0
CUST007540,571,0.1523,0.0459,9,1,0,0,2
CUST007541,590,0.2153,0.241,5,0,1,0,0
CUST007542,761,0.0943,0.1916,3,0,0,0,0
CUST007543,589,0.1961,0.055,8,0,0,0,2
CUST007544,625,0.3491,0.3631,3,0,1,0,0
CUST007545,754,0.363,0.4055,1,0,0,0,1
CUST007546,704,0.157,0.2983,6,0,0,0,0
CUST007547,709,0.5131,0.1387,6,1,0,0,0
CUST007548,575,0.3436,0.0944,5,1,0,1,1
CUST007549,571,0.2729,0.2114,7,1,0,0,3
CUST007550,700,0.4255,0.244,3,2,0,0,2
CUST007551,650,0.0894,0.4921,3,1,0,0,1
CUST007552,645,0.4232,0.1717,1,0,0,0,0
CUST007553,539,0.2211,0.634,4,0,0,1,2
CUST007554,587,0.477,0.4089,2,0,0,0,0
CUST007555,496,0.4638,0.2247,6,1,0,0,0
CUST007556,661,0.0902,0.4304,3,1,1,0,2
CUST007557,688,0.2211,0.2088,4,0,0,0,1
CUST007558,733,0.1689,0.1159,2,0,0,0,0
CUST007559,520,0.5287,0.2753,6,1,0,0,0
CUST007560,711,0.0825,0.7766,7,1,0,0,1
CUST007561,643,0.5881,0.3159,4,0,0,0,0
CUST007562,743,0.4197,0.1587,6,1,0,0,1
CUST007563,488,0.5528,0.4834,8,0,1,0,1
CUST007564,791,0.5148,0.154,1,0,0,0,1
CUST007565,631,0.3329,0.1872,3,1,1,0,0
CUST007566,667,0.703,0.2076,6,0,0,0,0
CUST007567,575,0.3404,0.279,6,0,0,0,0
CUST007568,561,0.3252,0.1634,7,1,0,0,0
CUST007569,695,0.1828,0.1432,4,2,1,0,0
CUST007570,619,0.1545,0.3835,3,1,0,0,0
CUST007571,795,0.3563,0.3973,5,0,0,0,0
CUST007572,623,0.0991,0.166,5,0,0,0,0
CUST007573,725,0.5678,0.1994,1,0,0,0,0
CUST007574,630,0.1851,0.3724,3,0,0,1,0
CUST007575,394,0.55,0.2918,2,0,0,0,0
CUST007576,612,0.2285,0.0237,3,0,0,0,0
CUST007577,717,0.403,0.2959,4,0,0,1,0
CUST007578,663,0.0853,0.2379,6,0,0,0,1
CUST007579,604,0.1792,0.0772,4,1,0,0,0
CUST007580,670,0.1199,0.5634,2,0,0,2,2
CUST007581,764,0.2125,0.117,4,0,0,0,1
CUST007582,745,0.3823,0.2616,2,0,0,0,1
CUST007583,519,0.0569,0.2923,4,1,0,1,1
CUST007584,652,0.3853,0.7324,5,0,0,0,1
CUST007585,665,0.5535,0.4997,4,0,0,0,1
CUST007586,551,0.4346,0.273,1,0,0,0,1
CUST007587,579,0.4655,0.0537,6,0,0,0,0
CUST007588,563,0.3816,0.2184,6,1,0,0,0
CUST007589,569,0.218,0.3934,5,1,0,0,1
CUST007590,512,0.1854,0.3313,1,0,0,0,0
CUST007591,633,0.7763,0.417,5,1,0,1,2
CUST007592,712,0.402,0.1877,3,0,0,0,0
CUST007593,593,0.2527,0.1279,5,0,0,0,0
CUST007594,797,0.2462,0.5693,5,0,0,0,1
CUST007595,765,0.2704,0.2661,6,0,0,0,1
CUST007596,622,0.4875,0.3238,5,1,0,0,0
CUST007597,627,0.2632,0.0958,2,1,1,0,0
CUST007598,764,0.4465,0.4628,3,0,1,0,0
CUST007599,586,0.1662,0.3759,9,0,0,0,0
CUST007600,671,0.3199,0.1548,7,1,0,0,2
CUST007601,734,0.2687,0.4178,10,1,0,1,1
CUST007602,604,0.4336,0.3305,4,0,0,0,0
CUST007603,642,0.5095,0.4172,5,0,0,0,0
CUST007604,537,0.381,0.2556,2,1,0,0,0
CUST007605,546,0.3541,0.1541,4,1,1,1,1
CUST007606,786,0.1796,0.6727,2,0,0,0,1
CUST007607,684,0.3066,0.1579,4,0,0,0,0
CUST007608,713,0.6316,0.1801,4,1,0,0,1
CUST007609,686,0.2142,0.3064,1,1,0,0,0
CUST007610,661,0.5928,0.146,5,0,1,0,0
CUST007611,603,0.7419,0.1213,3,1,0,1,0
CUST007612,808,0.2562,0.2474,3,0,0,0,0
CUST007613,534,0.2482,0.2594,2,0,0,0,0
CUST007614,543,0.29,0.3055,6,1,0,0,1
CUST007615,593,0.4383,0.2783,6,1,0,0,0
CUST007616,685,0.2242,0.1183,1,0,0,1,0
CUST007617,665,0.3658,0.4192,8,0,0,0,1
CUST007618,576,0.2949,0.3893,3,0,0,0,0
CUST007619,619,0.1772,0.2877,5,0,0,0,1
CUST007620,609,0.0922,0.2161,4,0,0,0,2
CUST007621,671,0.4164,0.2838,5,1,0,0,0
CUST007622,608,0.2285,0.2618,2,0,0,0,0
CUST007623,800,0.4199,0.2108,3,1,0,0,0
CUST007624,624,0.0776,0.2671,4,1,0,0,1
CUST007625,624,0.1251,0.0919,1,0,0,0,0
CUST007626,713,0.538,0.3547,5,0,1,0,0
CUST007627,698,0.0206,0.3593,2,0,0,0,0
CUST007628,752,0.2608,0.3817,4,1,0,0,2
CUST007629,736,0.4064,0.5184,1,0,0,0,1
CUST007630,629,0.1531,0.0668,5,0,0,0,1
CUST007631,753,0.3959,0.224,5,0,0,0,0
CUST007632,613,0.1973,0.2631,3,0,0,0,1
CUST007633,551,0.2735,0.5683,6,0,0,0,1
CUST007634,646,0.3691,0.4803,4,0,0,1,0
CUST007635,684,0.2327,0.6401,5,0,0,0,0
CUST007636,669,0.4801,0.1797,1,0,0,1,1
CUST007637,690,0.2167,0.4433,3,0,0,0,1
CUST007638,579,0.2868,0.176,5,0,0,0,1
CUST007639,704,0.2154,0.494,4,0,0,1,0
CUST007640,774,0.0554,0.1038,2,0,0,1,1
CUST007641,580,0.6551,0.2312,6,0,0,0,1
CUST007642,730,0.3341,0.4381,1,0,0,0,1
CUST007643,685,0.2958,0.2931,3,2,0,0,0
CUST007644,711,0.3232,0.5993,3,0,0,0,1
CUST007645,579,0.0759,0.1509,5,0,0,0,0
CUST007646,662,0.3706,0.5406,2,0,0,0,0
CUST007647,653,0.3604,0.2492,4,0,0,0,0
CUST007648,647,0.2416,0.2395,3,0,0,0,0
CUST007649,671,0.6121,0.1204,2,0,0,0,0
CUST007650,698,0.0729,0.1143,4,1,0,2,0
CUST007651,777,0.4058,0.3414,2,0,0,0,1
CUST007652,742,0.1439,0.2707,3,1,0,0,0
CUST007653,733,0.4657,0.525,5,0,0,0,1
CUST007654,770,0.2108,0.2338,1,0,0,0,0
CUST007655,668,0.556,0.292,0,0,0,0,1
CUST007656,571,0.0903,0.3111,5,0,0,0,0
CUST007657,667,0.3216,0.6628,2,1,1,0,0
CUST007658,690,0.0955,0.1608,6,0,0,0,1
CUST007659,725,0.0501,0.3153,5,0,0,0,0
CUST007660,699,0.5802,0.2616,7,0,0,0,0
CUST007661,634,0.2762,0.4392,2,0,0,1,0
CUST007662,758,0.1539,0.3133,6,1,0,0,0
CUST007663,677,0.0696,0.0976,3,1,0,1,0
CUST007664,631,0.153,0.4847,3,0,1,0,1
CUST007665,494,0.4558,0.2138,4,0,0,0,0
CUST007666,691,0.2573,0.0529,2,0,0,0,0
CUST007667,545,0.1522,0.3645,3,1,0,0,0
CUST007668,560,0.4404,0.2962,4,0,0,0,0
CUST007669,691,0.1908,0.0451,6,1,0,0,0
CUST007670,693,0.272,0.1673,4,1,1,0,0
CUST007671,549,0.2661,0.4612,3,0,0,0,1
CUST007672,615,0.0251,0.048,3,0,0,0,1
CUST007673,644,0.2596,0.1399,3,0,0,0,0
CUST007674,724,0.1589,0.5307,4,1,0,0,0
CUST007675,598,0.293,0.5035,4,0,0,0,1
CUST007676,720,0.2166,0.3996,5,0,0,0,1
CUST007677,573,0.4521,0.5817,4,0,0,0,0
CUST007678,536,0.3136,0.5629,4,0,0,0,0
CUST007679,748,0.2686,0.5234,4,0,0,0,1
CUST007680,780,0.2417,0.1782,2,1,0,0,0
CUST007681,755,0.1484,0.1481,2,0,0,0,1
CUST007682,713,0.3946,0.0726,5,1,1,0,2
CUST007683,659,0.6586,0.8034,6,1,0,0,0
CUST007684,701,0.1178,0.4375,1,1,0,0,1
CUST007685,697,0.3577,0.1485,7,1,0,1,1
CUST007686,811,0.4241,0.2842,3,0,0,0,0
CUST007687,585,0.1326,0.5055,2,1,0,0,1
CUST007688,598,0.1055,0.0945,3,0,1,0,2
CUST007689,569,0.234,0.4219,4,2,1,0,1
CUST007690,772,0.3493,0.1319,4,0,0,0,0
CUST007691,651,0.5758,0.4143,3,0,0,0,1
CUST007692,586,0.2903,0.1314,2,0,1,0,0
CUST007693,476,0.0474,0.2116,4,0,0,0,0
CUST007694,576,0.1505,0.0259,2,0,1,0,0
CUST007695,672,0.1531,0.1725,6,0,0,0,1
CUST007696,494,0.2728,0.139,2,0,0,0,0
CUST007697,569,0.4944,0.4746,0,0,1,0,2
CUST007698,653,0.2991,0.6412,4,0,0,0,1
CUST007699,631,0.7306,0.3755,3,0,0,0,0
CUST007700,544,0.2536,0.7485,2,0,0,0,0
CUST007701,578,0.4761,0.1088,7,0,0,0,1
CUST007702,628,0.2995,0.5096,6,1,0,0,2
CUST007703,682,0.621,0.3446,5,0,0,0,2
CUST007704,701,0.1538,0.2661,3,0,1,0,0
CUST007705,639,0.2686,0.3125,5,0,0,0,0
CUST007706,766,0.1881,0.3358,3,0,0,0,1
CUST007707,606,0.0381,0.3226,4,0,0,0,1
CUST007708,555,0.3505,0.463,0,0,0,0,0
CUST007709,487,0.2636,0.127,10,0,0,0,0
CUST007710,707,0.0805,0.1274,3,1,0,0,1
CUST007711,642,0.1771,0.5097,2,0,0,0,1
CUST007712,518,0.2114,0.4143,1,0,1,0,0
CUST007713,673,0.3656,0.4135,1,0,1,0,0
CUST007714,729,0.3265,0.2933,3,0,0,0,1
CUST007715,673,0.036,0.2717,6,1,0,0,0
CUST007716,592,0.4104,0.1727,2,0,0,0,0
CUST007717,549,0.5368,0.1921,10,1,1,0,1
CUST007718,672,0.0837,0.2537,3,0,0,0,1
CUST007719,653,0.2915,0.6056,1,0,0,0,0
CUST007720,867,0.1783,0.4017,7,1,0,0,0
CUST007721,561,0.2706,0.3605,2,0,0,0,2
CUST007722,685,0.5963,0.3102,6,0,0,0,0
CUST007723,601,0.282,0.4027,3,1,0,0,0
CUST007724,589,0.0534,0.3544,4,0,0,0,0
CUST007725,551,0.6971,0.2307,5,0,0,0,0
CUST007726,742,0.403,0.306,2,1,0,1,0
CUST007727,741,0.4596,0.3157,1,0,1,1,1
CUST007728,728,0.3388,0.3425,6,0,0,0,1
CUST007729,610,0.154,0.1352,6,0,0,1,0
CUST007730,694,0.3958,0.4383,4,0,0,0,0
CUST007731,763,0.3584,0.4124,6,0,0,0,0
CUST007732,444,0.1422,0.3816,6,0,0,0,0
CUST007733,696,0.3739,0.2893,2,0,0,0,1
CUST007734,732,0.4787,0.7699,3,0,0,0,0
CUST007735,711,0.342,0.2858,2,0,0,1,1
CUST007736,576,0.257,0.0984,3,0,0,0,0
CUST007737,572,0.5044,0.3115,4,1,0,0,1
CUST007738,678,0.0601,0.6503,6,0,0,0,0
CUST007739,654,0.385,0.7008,3,0,0,0,0
CUST007740,728,0.0319,0.1976,3,1,1,0,0
CUST007741,727,0.1595,0.1601,2,0,0,0,0
CUST007742,604,0.5923,0.4994,4,0,0,0,0
CUST007743,510,0.2468,0.1729,5,0,0,0,2
CUST007744,534,0.2787,0.1957,2,0,0,0,1
CUST007745,557,0.1237,0.1164,3,0,0,0,0
CUST007746,606,0.3048,0.4352,3,0,0,0,0
CUST007747,675,0.1514,0.3577,7,0,0,0,0
CUST007748,622,0.31,0.2847,0,1,0,0,1
CUST007749,544,0.2509,0.3432,1,0,1,0,0
CUST007750,703,0.3147,0.4981,5,0,0,0,0
CUST007751,624,0.3363,0.2564,7,0,0,0,1
CUST007752,593,0.1561,0.7464,3,0,0,0,1
CUST007753,582,0.4481,0.2294,4,0,0,0,0
CUST007754,676,0.2612,0.3636,5,0,0,0,0
CUST007755,627,0.193,0.1474,3,1,0,0,1
CUST007756,599,0.6467,0.3045,5,0,0,0,0
CUST007757,547,0.1384,0.2735,1,0,0,0,0
CUST007758,599,0.1643,0.2531,2,1,0,0,1
CUST007759,671,0.3426,0.517,5,1,0,0,1
CUST007760,702,0.3201,0.2117,1,0,0,0,1
CUST007761,730,0.5531,0.656,3,1,0,0,0
CUST007762,590,0.0624,0.3568,3,0,0,0,0
CUST007763,518,0.151,0.3687,2,0,0,0,0
CUST007764,699,0.2357,0.2069,4,0,0,0,0
CUST007765,663,0.3732,0.3502,5,0,1,0,0
CUST007766,528,0.5028,0.4109,6,0,0,0,0
CUST007767,714,0.2552,0.6192,8,0,1,0,0
CUST007768,396,0.6051,0.1338,6,0,0,0,0
CUST007769,562,0.2533,0.3004,4,0,0,0,0
CUST007770,796,0.068,0.3878,1,0,0,0,0
CUST007771,900,0.2336,0.3848,5,1,0,0,1
CUST007772,732,0.3091,0.6627,3,0,0,0,1
CUST007773,620,0.3568,0.2955,3,1,0,0,0
CUST007774,682,0.2731,0.2185,1,0,0,0,0
CUST007775,467,0.1107,0.1821,5,0,1,0,0
CUST007776,610,0.3068,0.2191,3,1,0,0,1
CUST007777,505,0.2529,0.1113,4,0,0,1,1
CUST007778,750,0.3403,0.186,1,0,0,0,0
CUST007779,720,0.2349,0.3492,2,0,0,0,2
CUST007780,706,0.2081,0.3228,4,0,0,0,1
CUST007781,722,0.3499,0.0944,8,0,0,1,1
CUST007782,601,0.1131,0.6664,4,0,0,0,0
CUST007783,646,0.2367,0.3291,2,0,0,0,0
CUST007784,589,0.3384,0.8739,3,0,0,1,0
CUST007785,653,0.5488,0.3572,5,0,0,0,1
CUST007786,641,0.5537,0.2165,5,2,0,0,0
CUST007787,683,0.1797,0.271,5,0,0,1,1
CUST007788,551,0.15,0.3215,5,0,0,0,1
CUST007789,651,0.507,0.6982,4,0,0,0,0
CUST007790,650,0.3462,0.3524,4,2,0,0,3
CUST007791,667,0.1092,0.1282,2,0,0,0,2
CUST007792,566,0.2814,0.1745,5,2,0,0,1
CUST007793,595,0.6324,0.697,6,0,0,0,1
CUST007794,575,0.4285,0.4187,1,0,0,0,0
CUST007795,825,0.259,0.3457,5,0,0,0,0
CUST007796,758,0.4432,0.6804,1,0,0,0,0
CUST007797,644,0.3101,0.0887,4,0,0,0,0
CUST007798,690,0.402,0.3505,3,0,0,0,0
CUST007799,788,0.4497,0.7316,6,1,0,0,0
CUST007800,794,0.3249,0.414,6,0,0,0,2
CUST007801,686,0.2316,0.0614,2,0,0,0,1
CUST007802,575,0.4043,0.2142,3,0,0,0,0
CUST007803,759,0.288,0.3673,4,1,0,0,0
CUST007804,671,0.3687,0.409,3,0,0,0,0
CUST007805,619,0.1316,0.1197,3,0,0,0,0
CUST007806,711,0.1176,0.2134,4,0,0,0,0
CUST007807,592,0.1928,0.2868,1,1,0,1,0
CUST007808,512,0.338,0.4846,1,0,0,1,0
CUST007809,765,0.365,0.257,3,1,0,0,0
CUST007810,690,0.2309,0.3136,3,0,0,0,0
CUST007811,724,0.5115,0.1184,3,0,0,0,1
CUST007812,484,0.1019,0.4793,5,0,0,0,2
CUST007813,688,0.218,0.4374,2,0,0,0,1
CUST007814,676,0.3213,0.4138,3,1,0,0,0
CUST007815,619,0.2074,0.2437,2,0,0,0,2
CUST007816,620,0.1496,0.4422,7,0,0,0,1
CUST007817,604,0.5236,0.4112,5,1,0,0,0
CUST007818,792,0.111,0.2996,5,0,0,0,1
CUST007819,725,0.6523,0.3903,6,2,0,0,1
CUST007820,626,0.2283,0.3447,7,0,1,0,1
CUST007821,592,0.5077,0.4999,6,0,1,0,0
CUST007822,648,0.0577,0.2054,4,0,0,1,0
CUST007823,649,0.2531,0.0918,4,0,0,0,0
CUST007824,556,0.3395,0.1917,4,0,0,0,0
CUST007825,750,0.1716,0.3389,3,0,0,0,2
CUST007826,627,0.2765,0.6166,5,1,0,0,1
CUST007827,657,0.1757,0.569,4,0,0,0,2
CUST007828,723,0.2608,0.2586,7,1,0,1,0
CUST007829,792,0.2803,0.4153,2,0,0,0,0
CUST007830,660,0.569,0.4485,4,0,0,0,1
CUST007831,522,0.2076,0.1034,1,1,0,1,1
CUST007832,703,0.2372,0.3897,1,0,0,0,0
CUST007833,665,0.1946,0.2946,4,2,0,1,0
CUST007834,602,0.1225,0.3891,6,1,1,0,2
CUST007835,685,0.2843,0.1314,5,0,0,0,0
CUST007836,592,0.5694,0.2442,2,0,0,0,0
CUST007837,512,0.3408,0.169,0,0,0,0,1
CUST007838,662,0.3877,0.1251,2,1,0,0,0
CUST007839,565,0.3544,0.4456,5,0,0,0,0
CUST007840,625,0.2009,0.2436,1,0,0,0,0
CUST007841,702,0.1901,0.4204,6,0,0,0,0
CUST007842,460,0.4649,0.3551,5,0,1,0,0
CUST007843,617,0.2799,0.0809,6,0,0,0,1
CUST007844,564,0.1421,0.2291,2,0,0,0,1
CUST007845,515,0.1047,0.4492,4,0,0,0,1
CUST007846,653,0.2643,0.319,4,0,0,0,0
CUST007847,604,0.2862,0.2855,5,1,0,0,0
CUST007848,705,0.2561,0.1066,3,0,0,0,0
CUST007849,687,0.3032,0.3473,5,0,0,0,0
CUST007850,700,0.2568,0.3164,3,1,0,0,1
CUST007851,476,0.4041,0.3292,4,0,0,0,0
CUST007852,662,0.1576,0.4127,5,0,0,0,0
CUST007853,665,0.4176,0.4201,2,0,1,1,0
CUST007854,538,0.0789,0.2736,2,0,0,0,0
CUST007855,638,0.0927,0.7249,4,1,0,1,1
CUST007856,671,0.1457,0.2482,3,0,0,0,1
CUST007857,652,0.5411,0.2756,6,0,0,0,1
CUST007858,705,0.5615,0.1256,6,0,0,1,0
CUST007859,691,0.0968,0.3268,6,1,0,0,0
CUST007860,707,0.2549,0.4002,4,1,0,1,1
CUST007861,529,0.3038,0.4639,3,0,0,0,2
CUST007862,584,0.0173,0.183,3,0,0,1,0
CUST007863,613,0.4262,0.6862,2,0,0,0,0
CUST007864,634,0.4802,0.1585,9,0,0,0,1
CUST007865,503,0.4446,0.7693,4,0,0,0,0
CUST007866,633,0.2312,0.1546,3,1,1,0,1
CUST007867,715,0.382,0.2657,3,0,0,0,1
CUST007868,526,0.3235,0.5016,4,0,0,0,2
CUST007869,512,0.5818,0.3427,3,0,0,0,1
CUST007870,759,0.1704,0.2027,5,2,0,0,0
CUST007871,684,0.1265,0.5294,1,0,0,0,0
CUST007872,823,0.3727,0.5167,1,0,1,1,0
CUST007873,661,0.2919,0.383,5,0,0,0,1
CUST007874,639,0.0744,0.0822,4,0,0,0,2
CUST007875,582,0.135,0.211,4,1,0,0,2
CUST007876,860,0.0607,0.6671,4,0,0,0,0
CUST007877,757,0.4629,0.1551,3,0,0,0,2
CUST007878,692,0.1707,0.433,4,0,0,1,2
CUST007879,675,0.0792,0.3794,3,0,0,1,1
CUST007880,545,0.291,0.2522,5,0,0,0,2
CUST007881,650,0.3685,0.3027,5,0,0,0,0
CUST007882,550,0.2759,0.1128,4,0,0,0,1
CUST007883,622,0.6865,0.3199,4,0,1,0,0
CUST007884,659,0.2818,0.2095,5,1,0,0,0
CUST007885,666,0.337,0.5686,3,0,0,0,0
CUST007886,558,0.6122,0.481,8,0,0,0,0
CUST007887,696,0.1014,0.2974,4,1,0,0,0
CUST007888,641,0.1649,0.2049,5,0,0,0,0
CUST007889,718,0.4561,0.3926,4,0,1,0,1
CUST007890,702,0.5026,0.2816,3,0,0,0,0
CUST007891,760,0.6167,0.4218,4,0,0,0,1
CUST007892,578,0.4007,0.4185,8,0,0,0,0
CUST007893,828,0.2651,0.3524,3,3,0,0,1
CUST007894,549,0.7351,0.4708,2,1,0,0,0
CUST007895,619,0.4976,0.4022,2,1,0,0,0
CUST007896,666,0.3418,0.4257,5,0,0,0,0
CUST007897,700,0.1503,0.0691,5,0,0,0,1
CUST007898,623,0.1279,0.2443,4,0,1,0,0
CUST007899,644,0.4085,0.3276,6,0,1,0,0
CUST007900,829,0.2016,0.1315,4,1,0,0,0
CUST007901,591,0.541,0.2068,3,0,0,0,0
CUST007902,558,0.4634,0.2373,5,0,0,0,1
CUST007903,534,0.0912,0.4172,6,0,1,0,0
CUST007904,595,0.2853,0.2747,3,0,0,1,1
CUST007905,350,0.5625,0.4537,6,1,0,0,1
CUST007906,650,0.1569,0.1831,3,1,1,0,0
CUST007907,803,0.6873,0.29,3,0,0,0,0
CUST007908,645,0.2293,0.3018,0,1,0,0,0
CUST007909,759,0.3576,0.119,6,0,0,0,0
CUST007910,615,0.8223,0.3047,5,1,0,0,0
CUST007911,808,0.3444,0.0923,3,0,0,0,0
CUST007912,687,0.4256,0.1528,6,0,0,0,1
CUST007913,647,0.2422,0.3797,5,0,0,0,1
CUST007914,562,0.0656,0.337,2,0,0,0,2
CUST007915,666,0.3025,0.606,2,1,0,0,0
CUST007916,810,0.1547,0.1593,2,0,0,0,2
CUST007917,477,0.4543,0.3118,5,0,0,2,0
CUST007918,640,0.4031,0.5918,6,1,0,0,2
CUST007919,617,0.3772,0.4373,4,1,0,0,0
CUST007920,526,0.4003,0.5008,3,0,2,0,0
CUST007921,583,0.2951,0.1244,5,0,1,1,0
CUST007922,723,0.5643,0.3495,5,0,0,0,1
CUST007923,601,0.0182,0.1299,4,0,1,0,1
CUST007924,750,0.1118,0.2063,3,0,0,1,1
CUST007925,621,0.2495,0.2171,1,0,0,0,1
CUST007926,643,0.3392,0.1184,2,1,0,0,1
CUST007927,730,0.3152,0.1949,7,0,1,0,0
CUST007928,639,0.5444,0.1733,8,0,1,0,0
CUST007929,675,0.4686,0.4067,2,0,0,0,0
CUST007930,606,0.1455,0.2689,4,2,0,0,0
CUST007931,623,0.2773,0.3901,2,0,0,0,0
CUST007932,721,0.3747,0.5343,4,1,0,0,1
CUST007933,583,0.2764,0.217,4,0,0,0,0
CUST007934,552,0.1069,0.4291,3,0,0,0,2
CUST007935,623,0.14,0.2729,1,1,0,0,0
CUST007936,648,0.3897,0.5391,3,1,0,0,0
CUST007937,562,0.5269,0.3819,5,0,0,0,0
CUST007938,779,0.2526,0.4592,5,0,0,0,1
CUST007939,667,0.1718,0.1206,5,2,0,0,1
CUST007940,577,0.0915,0.402,1,0,0,0,0
CUST007941,697,0.3957,0.2628,1,0,0,0,0
CUST007942,736,0.3136,0.274,4,0,1,0,1
CUST007943,551,0.1605,0.8857,1,0,0,1,1
CUST007944,694,0.3667,0.0566,4,0,0,0,1
CUST007945,604,0.0972,0.2456,5,0,0,0,0
CUST007946,693,0.1863,0.1773,3,1,0,0,0
CUST007947,836,0.2886,0.4284,6,0,0,0,0
CUST007948,582,0.398,0.3954,3,0,0,0,0
CUST007949,675,0.1538,0.4816,9,0,0,0,0
CUST007950,469,0.1974,0.2395,5,0,0,0,0
CUST007951,828,0.174,0.2417,4,0,0,0,1
CUST007952,460,0.3302,0.1648,1,0,0,0,0
CUST007953,665,0.4713,0.269,7,0,1,0,0
CUST007954,742,0.7008,0.3559,3,1,0,0,0
CUST007955,642,0.1639,0.1796,2,0,1,0,0
CUST007956,616,0.0828,0.5019,5,1,0,0,0
CUST007957,639,0.5211,0.2886,4,0,0,0,0
CUST007958,622,0.2986,0.5789,2,0,0,0,2
CUST007959,502,0.0875,0.1788,2,0,1,0,1
CUST007960,429,0.3443,0.4758,2,1,0,0,0
CUST007961,752,0.4547,0.2658,6,2,0,0,0
CUST007962,577,0.4349,0.1235,1,0,0,0,0
CUST007963,648,0.3726,0.0706,4,0,0,1,0
CUST007964,537,0.4106,0.6976,5,0,1,0,0
CUST007965,622,0.0133,0.2676,10,0,0,0,1
CUST007966,722,0.2225,0.434,1,2,0,0,0
CUST007967,603,0.1202,0.667,4,0,0,1,0
CUST007968,765,0.5532,0.1999,7,0,0,1,2
CUST007969,662,0.176,0.2377,5,0,0,0,0
CUST007970,653,0.1852,0.3126,4,0,1,0,0
CUST007971,678,0.1828,0.1618,4,1,0,0,0
CUST007972,673,0.5317,0.561,2,0,0,0,1
CUST007973,703,0.1134,0.1316,3,0,0,0,0
CUST007974,633,0.3025,0.3727,6,0,0,0,1
CUST007975,570,0.1172,0.3134,3,1,2,0,0
CUST007976,765,0.2789,0.1339,1,0,1,0,0
CUST007977,739,0.4298,0.1715,5,0,0,0,0
CUST007978,683,0.3434,0.1788,7,0,0,1,0
CUST007979,736,0.3481,0.2518,4,0,0,0,0
CUST007980,541,0.1095,0.3876,1,0,0,0,0
CUST007981,559,0.095,0.2468,4,0,0,0,0
CUST007982,700,0.4274,0.0424,5,0,0,0,1
CUST007983,532,0.1787,0.4539,6,0,1,0,0
CUST007984,812,0.2523,0.4055,2,1,0,0,0
CUST007985,588,0.3572,0.2511,5,0,0,0,0
CUST007986,517,0.664,0.2629,6,0,0,0,1
CUST007987,583,0.0678,0.1309,8,0,1,1,1
CUST007988,569,0.4122,0.2072,6,0,0,0,1
CUST007989,660,0.0968,0.2503,5,0,0,0,1
CUST007990,677,0.2344,0.1237,7,0,0,0,1
CUST007991,568,0.1228,0.2232,5,0,0,0,1
CUST007992,651,0.3295,0.1909,4,0,0,0,2
CUST007993,578,0.361,0.4397,10,0,0,0,0
CUST007994,742,0.4088,0.2725,6,0,0,0,0
CUST007995,554,0.1278,0.3361,8,0,0,0,0
CUST007996,784,0.279,0.8427,0,0,0,0,3
CUST007997,644,0.0878,0.5571,2,0,0,0,0
CUST007998,712,0.4607,0.3365,2,0,0,0,0
CUST007999,543,0.1534,0.3918,2,0,1,0,0
CUST008000,629,0.5616,0.1734,8,0,0,0,0
CUST008001,826,0.137,0.2262,4,0,0,0,0
CUST008002,602,0.4798,0.1796,4,0,0,0,0
CUST008003,684,0.1422,0.4771,1,0,0,0,1
CUST008004,614,0.1031,0.2065,3,0,0,0,1
CUST008005,608,0.4686,0.639,5,0,0,0,0
CUST008006,759,0.6372,0.2953,5,0,0,0,0
CUST008007,776,0.0788,0.4329,8,1,0,0,0
CUST008008,482,0.3658,0.3221,6,0,0,0,0
CUST008009,601,0.1918,0.3371,5,0,0,0,0
CUST008010,557,0.0398,0.5784,3,1,0,0,2
CUST008011,679,0.3204,0.2805,5,0,0,0,0
CUST008012,690,0.3429,0.1822,5,1,0,0,1
CUST008013,582,0.545,0.4003,5,0,0,0,1
CUST008014,600,0.2213,0.357,5,0,0,0,0
CUST008015,666,0.3184,0.2396,4,0,1,0,3
CUST008016,626,0.3434,0.0545,5,0,0,0,1
CUST008017,734,0.2985,0.3827,6,0,0,0,0
CUST008018,584,0.6479,0.4912,2,1,0,0,0
CUST008019,699,0.3351,0.2867,4,0,0,0,0
CUST008020,631,0.0623,0.6095,2,0,1,0,1
CUST008021,748,0.5266,0.6294,6,0,0,0,1
CUST008022,681,0.235,0.4582,3,0,1,0,0
CUST008023,525,0.1991,0.3051,4,0,0,0,0
CUST008024,559,0.1161,0.4099,2,0,0,0,0
CUST008025,559,0.1487,0.3866,3,0,0,0,0
CUST008026,628,0.2669,0.7702,4,0,0,0,0
CUST008027,621,0.3256,0.3706,5,1,0,1,2
CUST008028,660,0.1427,0.3499,1,0,1,0,1
CUST008029,779,0.2442,0.4884,3,0,0,1,1
CUST008030,703,0.3953,0.3429,3,2,0,0,1
CUST008031,632,0.4038,0.2183,9,1,0,0,1
CUST008032,593,0.3433,0.1194,9,1,0,0,0
CUST008033,740,0.6702,0.175,5,0,0,0,1
CUST008034,711,0.2455,0.4657,3,1,0,0,2
CUST008035,818,0.1531,0.2559,3,0,0,1,0
CUST008036,722,0.2051,0.3942,1,0,0,0,0
CUST008037,637,0.2184,0.3542,4,0,0,0,0
CUST008038,735,0.5418,0.2199,3,0,1,0,0
CUST008039,811,0.4997,0.3456,6,2,0,0,0
CUST008040,603,0.3226,0.4904,5,0,0,0,1
CUST008041,582,0.4295,0.1236,4,0,0,1,0
CUST008042,555,0.3025,0.5107,5,0,0,0,1
CUST008043,638,0.3719,0.3175,9,0,0,0,0
CUST008044,604,0.2041,0.3981,6,0,0,0,0
CUST008045,642,0.2023,0.0446,1,0,1,0,0
CUST008046,630,0.462,0.5922,8,0,0,0,0
CUST008047,698,0.2221,0.0472,2,0,0,0,2
CUST008048,733,0.2611,0.6713,4,1,0,0,0
CUST008049,680,0.1979,0.5943,7,0,0,0,1
CUST008050,669,0.2229,0.351,4,1,0,0,0
CUST008051,666,0.2259,0.5922,5,0,0,0,0
CUST008052,572,0.12,0.1184,6,0,0,0,0
CUST008053,706,0.4071,0.0535,0,0,0,0,1
CUST008054,669,0.1812,0.1677,4,0,0,0,0
CUST008055,444,0.3598,0.3082,6,2,0,0,0
CUST008056,681,0.3973,0.2188,2,0,0,0,1
CUST008057,639,0.2241,0.0523,4,0,0,0,1
CUST008058,699,0.1437,0.3356,3,0,0,0,0
CUST008059,701,0.1843,0.3794,2,0,0,0,2
CUST008060,767,0.1239,0.0981,0,0,0,0,0
CUST008061,586,0.787,0.2091,2,0,0,0,1
CUST008062,512,0.1031,0.4305,3,0,0,0,0
CUST008063,776,0.1083,0.1145,1,0,0,0,1
CUST008064,741,0.2945,0.1253,5,0,1,0,1
CUST008065,590,0.3318,0.3725,3,1,0,0,1
CUST008066,608,0.6627,0.1548,5,0,0,0,0
CUST008067,659,0.2529,0.3415,8,0,0,0,0
CUST008068,654,0.1145,0.3285,6,0,1,0,1
CUST008069,570,0.3167,0.2023,6,0,0,0,1
CUST008070,718,0.1382,0.0685,3,0,1,0,1
CUST008071,668,0.461,0.6299,6,0,0,0,0
CUST008072,524,0.2124,0.4114,3,0,0,0,1
CUST008073,656,0.1982,0.2443,4,0,0,0,0
CUST008074,706,0.0987,0.4135,5,0,0,0,0
CUST008075,600,0.1403,0.4508,7,0,0,0,0
CUST008076,629,0.0458,0.4914,4,1,0,0,0
CUST008077,663,0.1978,0.727,8,1,0,1,1
CUST008078,478,0.3081,0.0651,2,0,0,0,0
CUST008079,632,0.0963,0.3783,6,1,1,1,1
CUST008080,680,0.0951,0.2017,5,0,0,1,0
CUST008081,660,0.2737,0.5,3,0,0,0,0
CUST008082,772,0.0388,0.1641,7,1,0,0,1
CUST008083,715,0.2861,0.1462,3,0,0,0,0
CUST008084,613,0.3786,0.4357,1,0,0,0,0
CUST008085,642,0.2068,0.3395,4,1,0,0,0
CUST008086,682,0.0543,0.1314,3,0,1,0,0
CUST008087,411,0.1427,0.5521,3,0,0,0,1
CUST008088,507,0.2547,0.7727,5,0,0,0,2
CUST008089,646,0.2652,0.251,4,0,0,0,0
CUST008090,812,0.0542,0.1071,2,0,0,0,2
CUST008091,631,0.256,0.4348,4,0,0,0,0
CUST008092,742,0.0205,0.3655,3,0,0,1,0
CUST008093,521,0.6212,0.5054,6,0,0,0,1
CUST008094,607,0.298,0.4735,5,0,0,0,1
CUST008095,583,0.4149,0.4925,1,0,1,0,2
CUST008096,676,0.2796,0.4276,3,0,0,0,1
CUST008097,729,0.349,0.4933,2,0,0,0,1
CUST008098,630,0.1034,0.2839,5,0,0,1,0
CUST008099,616,0.6161,0.717,3,1,0,0,0
CUST008100,773,0.4161,0.294,5,0,0,0,1
CUST008101,847,0.192,0.3467,5,0,0,0,3
CUST008102,611,0.1624,0.0518,7,0,0,1,1
CUST008103,642,0.4104,0.1681,4,0,1,0,0
CUST008104,674,0.1156,0.4677,1,0,0,1,1
CUST008105,686,0.3907,0.3417,1,1,0,0,1
CUST008106,671,0.1538,0.4795,2,0,0,0,1
CUST008107,468,0.5081,0.1961,4,0,0,0,0
CUST008108,688,0.5185,0.5093,8,1,0,0,1
CUST008109,825,0.058,0.6216,7,0,0,0,0
CUST008110,504,0.4179,0.3393,4,0,0,1,2
CUST008111,506,0.3879,0.5722,3,0,0,0,0
CUST008112,534,0.3145,0.1694,2,0,1,0,0
CUST008113,707,0.1513,0.2089,4,0,0,0,0
CUST008114,489,0.2332,0.1254,4,0,0,0,0
CUST008115,753,0.6193,0.6394,5,0,0,0,1
CUST008116,554,0.207,0.6559,6,0,0,0,0
CUST008117,724,0.2775,0.7798,3,0,0,1,0
CUST008118,598,0.4476,0.4041,4,0,0,0,0
CUST008119,584,0.4854,0.3219,6,0,0,0,1
CUST008120,695,0.0978,0.182,2,1,0,0,0
CUST008121,702,0.2207,0.4956,5,0,0,1,0
CUST008122,581,0.1113,0.1884,3,0,0,0,1
CUST008123,674,0.681,0.5665,5,0,0,0,0
CUST008124,710,0.2999,0.1617,3,1,1,0,1
CUST008125,481,0.2574,0.1804,2,0,0,0,4
CUST008126,644,0.3176,0.0581,11,1,0,0,1
CUST008127,642,0.3823,0.3441,4,0,1,0,0
CUST008128,484,0.259,0.311,5,0,0,0,1
CUST008129,649,0.4017,0.1475,2,0,0,0,0
CUST008130,645,0.1309,0.2622,4,0,0,0,1
CUST008131,724,0.1314,0.36,3,0,1,1,1
CUST008132,692,0.1097,0.2091,2,0,0,0,1
CUST008133,777,0.3484,0.2399,5,0,0,0,0
CUST008134,684,0.3047,0.2262,0,0,1,0,0
CUST008135,562,0.2096,0.2616,6,0,0,0,1
CUST008136,609,0.1327,0.3756,3,0,0,0,0
CUST008137,740,0.1363,0.3828,6,2,0,0,0
CUST008138,724,0.3718,0.1886,2,1,0,0,2
CUST008139,716,0.4055,0.2494,5,1,0,0,2
CUST008140,725,0.3602,0.2312,8,0,0,0,1
CUST008141,678,0.1129,0.165,8,0,0,0,0
CUST008142,664,0.5703,0.3556,4,0,0,0,1
CUST008143,636,0.122,0.1387,3,0,0,0,1
CUST008144,743,0.2814,0.2734,5,0,0,0,1
CUST008145,679,0.4522,0.1514,1,0,0,0,1
CUST008146,469,0.6257,0.1522,3,0,0,1,1
CUST008147,684,0.1502,0.291,4,0,0,0,0
CUST008148,732,0.1429,0.1154,4,0,0,0,0
CUST008149,572,0.4792,0.1352,2,0,1,0,0
CUST008150,601,0.2103,0.5625,1,1,0,0,2
CUST008151,651,0.1615,0.1668,5,0,0,0,0
CUST008152,776,0.5611,0.2669,1,1,0,0,1
CUST008153,621,0.376,0.1836,4,0,0,0,1
CUST008154,622,0.1818,0.3863,7,0,1,0,1
CUST008155,694,0.2184,0.2388,3,0,0,0,1
CUST008156,669,0.2253,0.7821,5,0,0,0,0
CUST008157,590,0.4029,0.5509,7,0,0,0,0
CUST008158,654,0.2966,0.0835,5,0,0,0,0
CUST008159,655,0.4041,0.3262,4,0,0,0,0
CUST008160,764,0.55,0.2462,1,1,0,0,1
CUST008161,565,0.1829,0.5481,2,0,0,0,2
CUST008162,657,0.1745,0.4276,4,1,0,0,1
CUST008163,700,0.3703,0.4463,3,0,0,0,1
CUST008164,747,0.3293,0.578,5,0,0,0,0
CUST008165,596,0.0013,0.6536,4,0,0,0,0
CUST008166,818,0.6084,0.2736,2,0,0,0,1
CUST008167,499,0.3309,0.1745,6,0,0,0,1
CUST008168,517,0.4758,0.1837,2,1,1,0,0
CUST008169,669,0.0493,0.5241,3,1,0,0,0
CUST008170,503,0.4809,0.2223,3,2,0,0,1
CUST008171,593,0.3809,0.3734,2,0,0,0,0
CUST008172,695,0.3908,0.3832,4,0,0,0,1
CUST008173,779,0.3004,0.4183,4,2,0,0,1
CUST008174,675,0.1262,0.2054,5,0,0,0,0
CUST008175,684,0.0798,0.1697,2,0,0,0,1
CUST008176,711,0.1053,0.1056,3,0,0,0,1
CUST008177,507,0.3615,0.34,3,0,0,0,1
CUST008178,705,0.1962,0.2313,4,0,1,0,2
CUST008179,650,0.5142,0.1682,4,0,0,0,0
CUST008180,578,0.374,0.1793,8,0,0,0,0
CUST008181,563,0.2815,0.1449,3,1,0,1,1
CUST008182,643,0.1217,0.2911,3,0,0,0,0
CUST008183,723,0.3011,0.2939,5,0,0,0,1
CUST008184,748,0.2668,0.1282,6,1,0,0,0
CUST008185,639,0.4745,0.512,4,2,0,0,0
CUST008186,744,0.4752,0.4996,3,0,0,0,2
CUST008187,552,0.2482,0.6189,3,0,0,0,0
CUST008188,610,0.1852,0.5416,5,1,0,0,0
CUST008189,804,0.1497,0.2119,3,0,0,0,0
CUST008190,758,0.1998,0.4599,4,0,0,0,0
CUST008191,578,0.3547,0.0736,8,0,1,0,1
CUST008192,717,0.7193,0.4643,4,0,0,0,0
CUST008193,599,0.4298,0.3153,8,1,1,0,0
CUST008194,623,0.1889,0.1581,2,0,0,0,0
CUST008195,645,0.2223,0.2331,4,0,0,0,1
CUST008196,530,0.142,0.155,4,0,0,0,1
CUST008197,677,0.3462,0.4194,8,0,0,0,0
CUST008198,774,0.4991,0.5092,7,0,0,0,0
CUST008199,637,0.2121,0.3581,3,0,0,1,0
CUST008200,601,0.1413,0.4517,5,2,1,0,0
CUST008201,597,0.0292,0.5972,3,0,0,0,1
CUST008202,454,0.4805,0.3989,3,0,0,1,0
CUST008203,432,0.1947,0.5036,4,0,0,0,1
CUST008204,818,0.1736,0.4962,3,1,0,0,0
CUST008205,610,0.3081,0.2985,5,0,1,0,0
CUST008206,567,0.1788,0.4042,8,0,1,1,0
CUST008207,570,0.1495,0.4595,7,0,0,0,3
CUST008208,645,0.1976,0.4815,3,2,0,0,0
CUST008209,628,0.2138,0.1358,3,1,0,0,0
CUST008210,685,0.5595,0.669,5,0,0,0,0
CUST008211,534,0.4214,0.2086,6,0,0,0,1
CUST008212,690,0.5296,0.1215,4,1,0,0,1
CUST008213,702,0.3794,0.6709,3,0,1,0,0
CUST008214,624,0.4428,0.303,6,0,0,0,0
CUST008215,724,0.1933,0.129,3,0,0,0,0
CUST008216,768,0.3399,0.0833,5,0,0,0,0
CUST008217,625,0.5322,0.3328,4,0,0,0,0
CUST008218,645,0.4568,0.1516,1,0,0,0,0
CUST008219,680,0.378,0.2686,8,0,0,0,0
CUST008220,708,0.2849,0.2005,4,1,0,0,2
CUST008221,719,0.0763,0.3041,5,0,0,0,0
CUST008222,711,0.2902,0.5346,3,0,0,0,1
CUST008223,716,0.1334,0.3969,5,0,0,0,0
CUST008224,666,0.2778,0.337,3,1,0,0,1
CUST008225,721,0.142,0.531,5,0,0,0,0
CUST008226,718,0.4442,0.5677,3,0,0,0,0
CUST008227,638,0.3157,0.1528,0,1,0,0,0
CUST008228,768,0.0344,0.2968,1,1,0,0,0
CUST008229,521,0.3546,0.3743,9,0,1,0,2
CUST008230,663,0.1512,0.1048,5,0,0,0,3
CUST008231,687,0.1938,0.4932,5,0,0,0,2
CUST008232,648,0.3584,0.5341,3,0,0,0,0
CUST008233,813,0.3878,0.2975,4,0,0,0,1
CUST008234,641,0.6827,0.445,4,0,0,0,0
CUST008235,775,0.3848,0.404,2,1,0,0,0
CUST008236,603,0.2901,0.3325,6,0,0,1,0
CUST008237,633,0.021,0.5493,4,0,0,0,1
CUST008238,673,0.198,0.1518,2,0,0,0,1
CUST008239,638,0.0188,0.1422,4,0,0,0,0
CUST008240,544,0.2911,0.0258,2,0,1,0,0
CUST008241,683,0.2349,0.4214,3,0,0,0,0
CUST008242,657,0.2194,0.6012,2,2,2,0,1
CUST008243,598,0.1363,0.3146,0,0,0,0,0
CUST008244,452,0.1566,0.8643,4,1,0,0,1
CUST008245,512,0.0628,0.4868,4,0,1,0,0
CUST008246,516,0.2053,0.488,3,2,0,0,1
CUST008247,644,0.4454,0.2866,6,0,1,0,2
CUST008248,750,0.2707,0.588,3,0,1,0,0
CUST008249,583,0.2653,0.318,4,0,0,0,0
CUST008250,704,0.3538,0.2297,3,0,0,0,0
CUST008251,557,0.1398,0.1251,3,3,0,0,1
CUST008252,628,0.1241,0.2391,6,1,0,0,0
CUST008253,624,0.595,0.348,4,1,1,0,2
CUST008254,655,0.1381,0.2917,1,1,0,0,0
CUST008255,632,0.4541,0.4114,3,0,0,1,0
CUST008256,655,0.2774,0.2026,2,0,0,0,0
CUST008257,723,0.3892,0.1911,4,0,0,0,0
CUST008258,697,0.1646,0.7348,1,2,0,0,1
CUST008259,670,0.3593,0.2611,6,2,0,0,0
CUST008260,667,0.5095,0.0731,3,0,1,0,0
CUST008261,579,0.0596,0.2061,0,0,0,1,2
CUST008262,608,0.1807,0.195,9,0,0,0,1
CUST008263,657,0.0987,0.417,8,0,1,1,0
CUST008264,666,0.291,0.0943,5,0,0,0,2
CUST008265,543,0.2531,0.303,3,0,0,0,0
CUST008266,456,0.1634,0.1967,5,0,0,0,0
CUST008267,647,0.3286,0.3991,3,0,0,0,0
CUST008268,562,0.0606,0.2317,1,0,0,0,0
CUST008269,775,0.2396,0.3924,2,0,0,0,1
CUST008270,711,0.2824,0.3186,5,2,1,0,0
CUST008271,703,0.1667,0.1606,1,0,0,0,1
CUST008272,530,0.3011,0.6421,2,0,0,0,0
CUST008273,729,0.0467,0.1703,2,0,0,0,1
CUST008274,594,0.3329,0.077,7,0,0,0,1
CUST008275,719,0.1759,0.1684,5,1,1,0,0
CUST008276,728,0.1172,0.2813,4,0,0,0,0
CUST008277,509,0.4072,0.504,4,0,0,0,0
CUST008278,560,0.0119,0.2166,2,0,0,0,1
CUST008279,782,0.2771,0.3331,7,1,0,0,0
CUST008280,516,0.3101,0.3229,2,0,0,1,1
CUST008281,698,0.1825,0.7575,2,0,0,0,1
CUST008282,554,0.1054,0.3771,4,0,0,0,2
CUST008283,755,0.3063,0.6143,5,0,0,0,0
CUST008284,630,0.2654,0.1646,5,0,0,0,0
CUST008285,644,0.2269,0.1335,5,0,0,0,1
CUST008286,753,0.5778,0.3438,5,0,0,0,1
CUST008287,801,0.1322,0.2256,3,1,0,0,0
CUST008288,640,0.299,0.1347,4,0,1,0,0
CUST008289,697,0.207,0.2436,4,0,0,1,0
CUST008290,647,0.4459,0.501,3,0,0,0,1
CUST008291,810,0.3404,0.1787,3,1,0,0,1
CUST008292,783,0.1755,0.3394,6,0,1,0,2
CUST008293,660,0.0523,0.3335,3,0,0,0,2
CUST008294,708,0.2322,0.1443,6,0,0,0,1
CUST008295,747,0.4976,0.3888,5,0,0,1,2
CUST008296,591,0.2168,0.461,5,1,0,0,0
CUST008297,635,0.1887,0.2074,7,1,1,0,0
CUST008298,741,0.4733,0.3926,6,0,0,0,1
CUST008299,531,0.352,0.2152,3,0,0,0,0
CUST008300,708,0.5737,0.5219,4,1,1,0,2
CUST008301,700,0.1871,0.0163,2,0,0,0,0
CUST008302,586,0.1445,0.1778,5,0,0,0,0
CUST008303,749,0.2529,0.2826,2,0,0,0,0
CUST008304,687,0.3276,0.4874,4,0,1,0,1
CUST008305,591,0.0564,0.2178,4,1,0,0,1
CUST008306,523,0.3537,0.652,5,0,0,1,0
CUST008307,609,0.4438,0.1591,5,0,1,0,1
CUST008308,567,0.3989,0.1386,2,0,0,1,0
CUST008309,605,0.6184,0.0842,3,2,0,0,0
CUST008310,612,0.5329,0.523,6,0,0,0,0
CUST008311,757,0.1921,0.5413,5,0,0,1,1
CUST008312,532,0.0867,0.3388,2,0,0,0,0
CUST008313,554,0.0668,0.5961,5,1,0,0,1
CUST008314,612,0.2155,0.3239,3,0,0,0,0
CUST008315,883,0.6171,0.2179,4,0,0,0,0
CUST008316,509,0.219,0.2128,2,0,0,0,1
CUST008317,467,0.1131,0.3928,5,0,0,0,3
CUST008318,765,0.3168,0.3909,4,1,0,0,0
CUST008319,604,0.322,0.2522,1,0,1,0,0
CUST008320,577,0.1764,0.5669,7,0,1,0,0
CUST008321,684,0.1738,0.0666,1,2,0,0,0
CUST008322,712,0.1544,0.258,3,0,0,0,0
CUST008323,725,0.2503,0.3704,3,1,2,0,0
CUST008324,701,0.2004,0.3219,7,0,0,0,0
CUST008325,587,0.14,0.1623,3,1,0,0,0
CUST008326,709,0.1557,0.2827,2,0,0,0,0
CUST008327,686,0.3173,0.2905,0,0,0,0,0
CUST008328,771,0.2439,0.3875,6,0,0,0,2
CUST008329,782,0.4285,0.0836,3,0,1,1,1
CUST008330,569,0.5456,0.5555,2,0,0,0,0
CUST008331,802,0.4328,0.5216,3,0,0,0,1
CUST008332,609,0.2746,0.2634,4,1,0,0,0
CUST008333,521,0.1185,0.3439,5,0,2,0,1
CUST008334,800,0.2264,0.6251,3,0,0,0,0
CUST008335,724,0.2993,0.1825,6,0,0,0,0
CUST008336,471,0.2715,0.677,3,1,0,0,0
CUST008337,604,0.3271,0.2543,3,1,0,0,1
CUST008338,586,0.4557,0.1119,4,0,0,0,0
CUST008339,599,0.2794,0.0879,4,1,0,0,0
CUST008340,818,0.1488,0.3673,4,0,1,0,0
CUST008341,631,0.0906,0.171,3,0,1,0,0
CUST008342,607,0.0998,0.476,2,0,0,0,1
CUST008343,742,0.346,0.4511,4,0,0,1,0
CUST008344,607,0.1362,0.6922,7,0,1,0,0
CUST008345,865,0.203,0.2264,4,1,0,0,0
CUST008346,668,0.1087,0.2678,3,0,0,1,0
CUST008347,738,0.1633,0.1682,5,0,1,0,0
CUST008348,825,0.5372,0.4589,3,0,0,0,0
CUST008349,577,0.4542,0.6571,2,0,0,0,0
CUST008350,720,0.1702,0.2705,6,0,0,0,0
CUST008351,601,0.1087,0.4668,7,1,0,1,0
CUST008352,669,0.4125,0.3841,5,1,0,0,0
CUST008353,480,0.3051,0.2388,6,0,0,0,2
CUST008354,602,0.6467,0.4445,1,1,0,0,0
CUST008355,773,0.3924,0.2957,2,0,0,0,1
CUST008356,724,0.3306,0.1407,2,0,0,0,0
CUST008357,623,0.2379,0.0856,6,0,0,0,0
CUST008358,660,0.5309,0.4261,5,0,1,0,1
CUST008359,718,0.3338,0.2447,2,0,0,0,1
CUST008360,720,0.4114,0.2836,3,0,0,0,0
CUST008361,688,0.2205,0.0753,2,0,1,1,0
CUST008362,741,0.6211,0.2852,4,0,0,0,1
CUST008363,635,0.1372,0.4614,3,0,0,0,0
CUST008364,518,0.4148,0.4738,3,0,0,0,0
CUST008365,563,0.0397,0.2449,3,0,0,0,1
CUST008366,610,0.1182,0.3792,4,1,0,0,1
CUST008367,475,0.4301,0.3899,6,1,1,0,0
CUST008368,549,0.207,0.0503,5,0,0,0,0
CUST008369,562,0.3736,0.3265,4,0,0,0,0
CUST008370,533,0.3122,0.2952,4,1,0,0,0
CUST008371,501,0.4036,0.2728,3,0,0,0,0
CUST008372,806,0.373,0.7561,1,0,1,0,0
CUST008373,733,0.1066,0.4554,1,0,0,0,2
CUST008374,626,0.253,0.0732,7,0,0,1,0
CUST008375,665,0.1826,0.4908,5,0,0,0,0
CUST008376,612,0.0304,0.5277,4,1,0,0,0
CUST008377,611,0.4052,0.4017,3,0,0,0,1
CUST008378,732,0.1776,0.5119,3,1,0,0,0
CUST008379,670,0.2113,0.5731,4,0,0,0,3
CUST008380,558,0.2401,0.2661,4,0,0,1,0
CUST008381,753,0.5109,0.4085,3,0,0,0,1
CUST008382,689,0.0556,0.3951,4,0,0,0,0
CUST008383,730,0.3773,0.3529,4,1,0,0,0
CUST008384,667,0.0925,0.5199,1,0,0,1,1
CUST008385,657,0.5437,0.1118,4,0,1,0,2
CUST008386,638,0.5555,0.4539,2,0,0,1,1
CUST008387,697,0.4774,0.225,4,1,0,0,0
CUST008388,543,0.5334,0.2341,3,0,0,0,0
CUST008389,699,0.6999,0.1917,0,1,0,0,1
CUST008390,508,0.3592,0.4061,4,0,1,0,0
CUST008391,595,0.2474,0.1262,3,0,0,0,0
CUST008392,780,0.2366,0.4193,3,1,0,0,0
CUST008393,552,0.4327,0.2618,5,0,0,0,0
CUST008394,599,0.3717,0.2578,5,0,0,0,0
CUST008395,604,0.03,0.3398,2,0,0,0,2
CUST008396,578,0.1233,0.317,6,0,0,0,0
CUST008397,628,0.404,0.4771,6,0,1,0,2
CUST008398,663,0.368,0.4802,7,0,0,1,0
CUST008399,777,0.3583,0.4341,7,0,0,0,0
CUST008400,743,0.5708,0.2718,4,0,0,0,1
CUST008401,703,0.0875,0.2072,3,0,0,0,0
CUST008402,638,0.027,0.4377,7,0,0,0,1
CUST008403,586,0.37,0.4134,2,1,1,1,1
CUST008404,701,0.0706,0.2678,2,4,0,0,0
CUST008405,687,0.2037,0.6568,3,1,0,0,0
CUST008406,694,0.4823,0.2847,4,0,0,0,0
CUST008407,615,0.1068,0.3623,6,0,0,1,0
CUST008408,663,0.1767,0.5937,2,0,1,0,0
CUST008409,670,0.5519,0.0938,4,0,0,0,1
CUST008410,597,0.4074,0.4298,4,0,0,0,2
CUST008411,750,0.5066,0.6051,3,0,0,0,1
CUST008412,507,0.2191,0.5619,4,0,0,0,0
CUST008413,590,0.0909,0.1972,3,1,0,0,0
CUST008414,571,0.1882,0.5746,4,0,0,0,1
CUST008415,616,0.3216,0.4183,2,0,0,0,0
CUST008416,600,0.234,0.3526,4,1,0,1,2
CUST008417,598,0.1265,0.4494,4,0,0,0,2
CUST008418,723,0.2228,0.2191,6,1,0,0,0
CUST008419,671,0.0737,0.3427,5,0,0,0,0
CUST008420,575,0.3744,0.2406,5,0,0,0,0
CUST008421,697,0.0928,0.3269,4,0,1,0,0
CUST008422,689,0.2056,0.1471,4,0,0,0,0
CUST008423,480,0.3998,0.1093,5,0,0,0,0
CUST008424,608,0.0875,0.3921,6,0,0,0,0
CUST008425,705,0.1433,0.3421,4,2,0,0,0
CUST008426,684,0.1726,0.0465,2,0,0,0,2
CUST008427,704,0.211,0.166,4,0,1,0,0
CUST008428,576,0.1647,0.3824,4,1,0,0,1
CUST008429,685,0.225,0.2161,4,0,0,0,0
CUST008430,491,0.4632,0.0887,0,0,0,0,0
CUST008431,632,0.0266,0.3133,3,1,1,0,0
CUST008432,806,0.0654,0.2994,2,1,0,1,2
CUST008433,729,0.1509,0.0873,5,1,0,0,2
CUST008434,667,0.5581,0.2887,2,0,0,0,0
CUST008435,599,0.0689,0.327,6,1,1,0,0
CUST008436,762,0.2549,0.4181,7,0,0,0,1
CUST008437,649,0.0627,0.2864,6,0,0,0,0
CUST008438,614,0.4749,0.5443,2,0,0,0,1
CUST008439,771,0.3858,0.5717,4,0,0,1,0
CUST008440,656,0.1147,0.3932,6,0,0,0,0
CUST008441,682,0.1071,0.3217,3,0,0,0,0
CUST008442,521,0.3379,0.5093,2,0,1,0,1
CUST008443,605,0.1095,0.3501,4,0,0,0,0
CUST008444,716,0.4353,0.5773,7,1,0,0,1
CUST008445,645,0.3608,0.6587,5,1,0,0,0
CUST008446,640,0.0945,0.4904,2,1,0,0,1
CUST008447,553,0.3296,0.5227,5,0,2,0,0
CUST008448,729,0.2477,0.4942,4,0,0,0,0
CUST008449,617,0.356,0.3994,1,0,1,0,2
CUST008450,671,0.4174,0.0805,2,0,0,0,1
CUST008451,773,0.2282,0.3127,1,0,0,0,1
CUST008452,805,0.1567,0.2842,6,1,0,0,1
CUST008453,578,0.1741,0.3689,7,0,0,0,2
CUST008454,623,0.4077,0.4733,3,0,0,0,2
CUST008455,703,0.5015,0.2664,6,0,0,0,0
CUST008456,589,0.3378,0.2464,5,2,0,1,0
CUST008457,740,0.2771,0.2257,5,0,0,0,0
CUST008458,709,0.3979,0.5426,4,0,1,0,0
CUST008459,705,0.0333,0.6193,2,1,0,0,0
CUST008460,631,0.5998,0.3929,9,0,0,0,0
CUST008461,657,0.1122,0.4622,3,0,0,0,0
CUST008462,696,0.1713,0.292,6,0,0,0,1
CUST008463,668,0.2186,0.4284,2,0,0,0,0
CUST008464,515,0.0674,0.4106,5,0,1,0,0
CUST008465,772,0.16,0.5338,4,0,1,0,1
CUST008466,663,0.0837,0.1534,7,0,0,0,0
CUST008467,652,0.2055,0.4168,6,0,0,0,2
CUST008468,760,0.2524,0.5103,2,1,0,0,1
CUST008469,641,0.1568,0.4642,1,1,1,0,1
CUST008470,559,0.392,0.1437,0,0,0,0,1
CUST008471,622,0.1537,0.368,6,1,0,0,0
CUST008472,760,0.1284,0.3252,6,0,0,0,1
CUST008473,564,0.023,0.7541,6,0,0,0,0
CUST008474,479,0.2479,0.3352,6,0,1,0,0
CUST008475,598,0.5029,0.0229,3,1,1,0,0
CUST008476,691,0.4133,0.5815,4,0,0,0,0
CUST008477,756,0.3028,0.2278,6,0,0,0,0
CUST008478,669,0.0595,0.5228,4,0,0,0,0
CUST008479,617,0.3752,0.2076,5,1,0,1,0
CUST008480,522,0.2683,0.0737,6,0,0,0,2
CUST008481,602,0.6954,0.1664,2,0,0,0,0
CUST008482,479,0.0748,0.2936,4,0,0,0,0
CUST008483,747,0.2028,0.1627,1,0,0,0,1
CUST008484,554,0.2366,0.1794,6,0,0,0,2
CUST008485,580,0.1718,0.062,2,0,1,0,0
CUST008486,536,0.2344,0.3581,3,1,0,1,1
CUST008487,635,0.2473,0.1922,3,1,1,0,1
CUST008488,676,0.4842,0.3148,5,0,0,0,0
CUST008489,748,0.295,0.823,2,0,0,0,0
CUST008490,644,0.2609,0.2793,2,0,0,0,0
CUST008491,586,0.6353,0.4256,2,1,0,0,1
CUST008492,737,0.3483,0.3581,6,0,0,0,0
CUST008493,681,0.2028,0.1103,3,0,0,0,2
CUST008494,647,0.1549,0.3722,5,0,0,0,0
CUST008495,612,0.2751,0.388,7,0,0,1,0
CUST008496,567,0.3769,0.5064,6,1,0,0,0
CUST008497,706,0.4737,0.6566,3,1,0,0,1
CUST008498,645,0.5431,0.5144,1,0,0,1,1
CUST008499,513,0.1952,0.4817,3,0,0,0,1
CUST008500,628,0.2429,0.3672,9,0,0,0,0
CUST008501,733,0.3119,0.2492,3,0,0,0,1
CUST008502,854,0.2795,0.4093,0,0,0,0,1
CUST008503,627,0.1447,0.5245,4,1,0,0,0
CUST008504,720,0.2955,0.3786,3,0,0,0,0
CUST008505,614,0.2481,0.6331,1,0,1,0,0
CUST008506,659,0.2709,0.0735,4,0,0,0,2
CUST008507,679,0.0253,0.4489,6,1,0,0,1
CUST008508,777,0.1519,0.2406,3,0,0,0,1
CUST008509,751,0.2947,0.4271,4,0,0,0,2
CUST008510,706,0.3757,0.331,5,0,0,0,0
CUST008511,576,0.2338,0.2444,6,0,0,0,0
CUST008512,695,0.2697,0.2441,4,0,0,0,0
CUST008513,786,0.2068,0.3609,3,0,0,0,1
CUST008514,701,0.3383,0.1397,1,0,0,0,0
CUST008515,713,0.3731,0.7765,4,0,0,0,1
CUST008516,663,0.3268,0.3539,5,0,0,0,0
CUST008517,622,0.3938,0.3355,6,1,0,1,0
CUST008518,698,0.2422,0.1672,5,0,0,0,1
CUST008519,632,0.505,0.3276,2,0,0,0,1
CUST008520,509,0.113,0.4892,7,0,0,0,0
CUST008521,772,0.3947,0.2581,6,0,0,0,2
CUST008522,710,0.4661,0.2758,5,1,1,0,1
CUST008523,473,0.2804,0.0647,2,0,0,0,1
CUST008524,429,0.2288,0.0959,4,0,0,0,0
CUST008525,633,0.1579,0.139,3,0,0,0,2
CUST008526,705,0.2993,0.2936,2,0,0,0,1
CUST008527,596,0.1599,0.2849,4,0,1,0,2
CUST008528,569,0.5013,0.334,6,0,0,1,0
CUST008529,637,0.4621,0.2146,4,0,1,0,0
CUST008530,637,0.1004,0.2796,4,0,0,0,0
CUST008531,629,0.4503,0.2924,3,1,0,0,0
CUST008532,546,0.2581,0.2489,7,0,0,0,1
CUST008533,665,0.1604,0.1585,4,0,0,0,0
CUST008534,651,0.108,0.1916,4,0,0,0,1
CUST008535,515,0.2971,0.5257,4,0,1,0,0
CUST008536,693,0.475,0.0425,5,0,0,0,0
CUST008537,616,0.1647,0.2751,2,0,0,0,0
CUST008538,578,0.1348,0.4479,3,0,0,0,0
CUST008539,666,0.0912,0.2876,1,0,0,0,1
CUST008540,622,0.2788,0.4156,5,0,0,0,0
CUST008541,617,0.4232,0.2441,2,0,1,1,0
CUST008542,576,0.5461,0.6058,1,2,0,0,0
CUST008543,674,0.2317,0.2867,3,0,0,0,0
CUST008544,758,0.159,0.4538,6,0,0,0,1
CUST008545,643,0.3807,0.6254,5,0,1,0,0
CUST008546,590,0.2534,0.2874,2,0,0,0,1
CUST008547,728,0.3592,0.3429,5,1,0,0,1
CUST008548,657,0.0782,0.5114,2,0,0,1,0
CUST008549,525,0.2126,0.3432,4,0,0,0,1
CUST008550,669,0.2559,0.3699,4,1,0,0,1
CUST008551,589,0.2654,0.1784,7,0,0,0,1
CUST008552,719,0.1593,0.3284,3,1,0,1,0
CUST008553,475,0.4709,0.2912,6,0,0,0,0
CUST008554,640,0.0504,0.1277,3,0,0,0,0
CUST008555,750,0.1747,0.2045,3,0,0,0,0
CUST008556,618,0.1298,0.3639,6,0,0,0,1
CUST008557,638,0.4163,0.8314,1,0,0,0,0
CUST008558,584,0.3167,0.25,4,0,0,2,1
CUST008559,634,0.3528,0.6601,5,0,0,0,0
CUST008560,523,0.3059,0.3454,5,0,0,0,1
CUST008561,539,0.3664,0.2373,4,0,0,0,1
CUST008562,534,0.3785,0.4294,6,0,0,0,2
CUST008563,778,0.1369,0.2571,3,0,0,0,1
CUST008564,516,0.3686,0.0518,2,0,0,0,0
CUST008565,577,0.3979,0.4758,5,0,0,2,0
CUST008566,510,0.1693,0.3585,2,0,0,0,1
CUST008567,786,0.1431,0.1221,3,0,0,1,0
CUST008568,603,0.2781,0.189,5,0,1,0,1
CUST008569,521,0.174,0.3093,5,1,0,0,0
CUST008570,583,0.4368,0.3313,8,1,0,0,1
CUST008571,565,0.3979,0.3205,2,0,0,0,0
CUST008572,732,0.2233,0.3799,7,0,0,0,1
CUST008573,629,0.3329,0.0712,4,0,0,0,0
CUST008574,544,0.3034,0.1089,4,0,0,0,0
CUST008575,778,0.3015,0.4055,7,0,0,0,1
CUST008576,700,0.2461,0.2429,9,1,0,0,1
CUST008577,570,0.1713,0.2984,5,0,0,0,0
CUST008578,685,0.4005,0.2442,7,1,0,0,0
CUST008579,511,0.0805,0.4153,4,0,0,0,1
CUST008580,492,0.0122,0.3601,3,0,0,0,0
CUST008581,546,0.1354,0.3344,1,1,0,0,1
CUST008582,719,0.1798,0.4302,5,0,0,1,2
CUST008583,784,0.4626,0.399,2,0,0,0,0
CUST008584,552,0.4147,0.4062,2,0,1,1,0
CUST008585,654,0.2347,0.5249,5,0,0,0,1
CUST008586,803,0.3359,0.0879,3,0,0,1,0
CUST008587,718,0.4515,0.388,8,0,0,1,1
CUST008588,598,0.1926,0.374,3,0,0,0,1
CUST008589,732,0.2924,0.2017,7,0,0,0,0
CUST008590,730,0.2661,0.4067,4,0,0,1,0
CUST008591,574,0.2292,0.1941,1,1,0,0,1
CUST008592,434,0.1567,0.2787,5,0,0,0,3
CUST008593,575,0.4831,0.437,4,0,0,0,0
CUST008594,629,0.3916,0.0365,4,1,0,0,0
CUST008595,543,0.2474,0.7113,3,0,1,0,0
CUST008596,616,0.4335,0.2246,6,0,0,0,0
CUST008597,804,0.1491,0.1786,2,0,1,0,0
CUST008598,688,0.5385,0.1973,3,0,0,0,1
CUST008599,545,0.1237,0.187,5,0,1,0,0
CUST008600,542,0.5624,0.3154,3,1,0,0,0
CUST008601,733,0.563,0.5716,6,2,0,0,1
CUST008602,635,0.2135,0.4427,5,0,0,0,0
CUST008603,689,0.2339,0.017,5,0,0,0,0
CUST008604,681,0.5475,0.1213,6,0,0,1,0
CUST008605,644,0.2576,0.1342,6,0,2,0,0
CUST008606,865,0.2783,0.0459,3,1,0,0,1
CUST008607,610,0.3916,0.4422,5,2,0,0,0
CUST008608,533,0.5508,0.0964,5,0,0,0,1
CUST008609,665,0.3389,0.0228,4,0,0,0,1
CUST008610,648,0.3344,0.3866,3,0,0,0,1
CUST008611,682,0.4626,0.193,6,1,0,0,1
CUST008612,610,0.2553,0.1035,5,0,0,0,2
CUST008613,612,0.5648,0.2281,1,0,0,0,1
CUST008614,766,0.0949,0.5477,8,0,0,0,0
CUST008615,736,0.3862,0.0816,8,0,1,0,0
CUST008616,629,0.0899,0.1945,2,0,0,0,0
CUST008617,682,0.3347,0.5396,6,0,0,0,0
CUST008618,690,0.3817,0.6446,3,0,0,0,1
CUST008619,644,0.299,0.7773,3,0,0,0,0
CUST008620,532,0.3337,0.5947,4,2,0,0,0
CUST008621,439,0.3522,0.2025,2,0,0,0,0
CUST008622,712,0.2956,0.1931,5,1,0,0,0
CUST008623,615,0.704,0.4811,3,0,0,0,0
CUST008624,775,0.2107,0.0995,7,0,0,0,0
CUST008625,526,0.1782,0.4138,5,0,0,0,0
CUST008626,689,0.1937,0.1582,8,1,0,0,0
CUST008627,544,0.2946,0.7671,4,1,0,0,0
CUST008628,667,0.3592,0.2671,4,0,0,0,0
CUST008629,596,0.5129,0.1094,9,0,0,0,0
CUST008630,475,0.3734,0.0277,3,0,2,0,0
CUST008631,714,0.0455,0.1403,8,0,0,0,1
CUST008632,688,0.1039,0.3983,1,0,0,0,0
CUST008633,694,0.0556,0.1404,8,0,0,0,2
CUST008634,765,0.1632,0.2013,5,0,0,0,0
CUST008635,720,0.332,0.1807,1,0,0,0,1
CUST008636,615,0.5279,0.199,5,0,1,0,1
CUST008637,833,0.0468,0.3159,4,2,0,0,2
CUST008638,703,0.1184,0.3776,4,0,0,0,0
CUST008639,560,0.2815,0.3384,4,1,0,0,1
CUST008640,624,0.6071,0.5301,4,0,0,0,0
CUST008641,592,0.0754,0.2785,4,1,0,0,0
CUST008642,820,0.1668,0.0911,2,1,0,0,0
CUST008643,736,0.4219,0.2621,1,0,0,0,0
CUST008644,674,0.4102,0.1452,2,0,0,0,1
CUST008645,615,0.1855,0.2263,3,1,0,0,1
CUST008646,829,0.2585,0.4801,2,0,0,0,1
CUST008647,761,0.4565,0.4072,3,0,0,0,0
CUST008648,610,0.2911,0.2955,3,1,0,0,0
CUST008649,659,0.2258,0.4573,7,0,0,0,0
CUST008650,699,0.1871,0.4992,4,0,0,0,0
CUST008651,580,0.1873,0.3659,7,0,0,1,0
CUST008652,582,0.444,0.1658,0,0,0,0,0
CUST008653,832,0.5151,0.3638,2,0,0,0,0
CUST008654,645,0.2352,0.5282,4,0,0,0,0
CUST008655,621,0.2545,0.6256,4,0,0,0,0
CUST008656,724,0.4634,0.3294,5,0,0,0,0
CUST008657,555,0.4671,0.2599,2,0,0,0,1
CUST008658,651,0.3256,0.4562,7,0,0,0,2
CUST008659,768,0.3635,0.1641,3,0,1,0,1
CUST008660,511,0.2864,0.4577,7,1,0,0,1
CUST008661,591,0.3039,0.161,2,1,0,0,1
CUST008662,629,0.1159,0.0731,6,0,0,0,1
CUST008663,582,0.3573,0.0649,1,0,0,0,0
CUST008664,754,0.3936,0.1791,1,0,0,0,0
CUST008665,762,0.1391,0.1357,5,0,0,0,0
CUST008666,691,0.3141,0.4566,6,0,0,0,0
CUST008667,642,0.1358,0.2079,4,0,0,0,0
CUST008668,793,0.5087,0.5645,2,0,0,0,0
CUST008669,613,0.0958,0.221,1,0,0,0,0
CUST008670,662,0.1478,0.0448,5,0,0,0,2
CUST008671,672,0.2069,0.387,3,2,0,0,0
CUST008672,609,0.1599,0.2302,5,1,1,0,0
CUST008673,632,0.6055,0.2712,4,0,0,1,3
CUST008674,552,0.109,0.5245,2,0,0,0,0
CUST008675,753,0.5326,0.0259,5,0,0,0,0
CUST008676,472,0.1273,0.1272,2,0,0,0,0
CUST008677,656,0.5056,0.1753,5,1,0,0,0
CUST008678,585,0.3043,0.3325,5,0,0,0,0
CUST008679,636,0.216,0.6834,2,0,0,0,0
CUST008680,470,0.1574,0.4967,2,0,1,0,1
CUST008681,747,0.1303,0.3259,5,0,0,0,2
CUST008682,619,0.2038,0.2819,2,0,0,0,3
CUST008683,703,0.2548,0.3321,3,1,1,0,1
CUST008684,652,0.516,0.3496,4,0,0,0,0
CUST008685,632,0.4762,0.4652,6,0,0,0,0
CUST008686,687,0.0584,0.524,3,0,1,0,1
CUST008687,543,0.1239,0.1758,6,0,1,0,0
CUST008688,651,0.7168,0.4591,2,0,0,0,1
CUST008689,522,0.2774,0.4504,3,0,0,0,0
CUST008690,558,0.3201,0.3884,2,0,0,0,0
CUST008691,602,0.4891,0.2634,3,1,0,0,2
CUST008692,583,0.1683,0.3204,2,0,0,0,1
CUST008693,667,0.473,0.1395,5,0,0,0,0
CUST008694,526,0.0706,0.3885,2,0,0,0,2
CUST008695,707,0.159,0.3327,9,0,0,0,0
CUST008696,847,0.3915,0.5546,4,0,0,1,1
CUST008697,742,0.0742,0.2453,6,2,0,0,0
CUST008698,689,0.3787,0.323,4,0,0,0,0
CUST008699,599,0.4144,0.3944,2,0,0,0,0
CUST008700,666,0.1209,0.2376,3,1,0,0,1
CUST008701,701,0.1855,0.442,3,0,0,0,1
CUST008702,751,0.309,0.2549,1,0,0,0,1
CUST008703,803,0.3293,0.558,3,0,0,0,1
CUST008704,595,0.0657,0.028,0,0,1,0,0
CUST008705,511,0.2903,0.324,2,0,0,0,0
CUST008706,693,0.2769,0.1947,4,0,0,0,0
CUST008707,637,0.266,0.4043,1,1,0,2,0
CUST008708,561,0.1472,0.4933,5,0,0,0,0
CUST008709,596,0.3175,0.1198,5,0,0,0,0
CUST008710,558,0.3393,0.2163,7,1,0,0,1
CUST008711,666,0.2204,0.4531,4,0,0,0,2
CUST008712,828,0.3026,0.1698,5,0,0,0,1
CUST008713,658,0.2425,0.1312,4,0,0,0,1
CUST008714,619,0.6402,0.185,3,1,0,0,1
CUST008715,750,0.1782,0.642,3,0,0,1,2
CUST008716,678,0.2052,0.091,4,0,0,0,0
CUST008717,701,0.5995,0.8157,4,1,0,0,0
CUST008718,826,0.2535,0.3514,3,0,0,0,2
CUST008719,489,0.1457,0.3533,4,0,0,0,0
CUST008720,528,0.4349,0.5418,2,0,0,0,0
CUST008721,624,0.2348,0.1939,4,1,1,0,1
CUST008722,772,0.3657,0.407,9,0,0,0,0
CUST008723,631,0.2799,0.4952,3,0,0,1,1
CUST008724,722,0.2001,0.3961,9,1,0,0,0
CUST008725,530,0.5886,0.1371,4,0,0,1,3
CUST008726,723,0.1047,0.5232,3,0,0,1,0
CUST008727,659,0.2599,0.3514,2,0,0,0,0
CUST008728,583,0.1056,0.3851,4,0,0,1,2
CUST008729,769,0.2719,0.3887,2,0,0,0,0
CUST008730,726,0.3086,0.2919,3,1,0,0,0
CUST008731,661,0.2008,0.3908,1,0,0,0,0
CUST008732,637,0.3928,0.3063,6,1,0,0,1
CUST008733,511,0.2184,0.5345,0,0,0,0,2
CUST008734,613,0.1318,0.498,3,1,0,0,2
CUST008735,523,0.4083,0.4722,7,1,2,0,0
CUST008736,655,0.1346,0.3316,7,0,0,0,1
CUST008737,683,0.1504,0.3313,5,1,0,0,1
CUST008738,702,0.1926,0.3329,4,0,0,0,1
CUST008739,656,0.232,0.0813,2,1,0,0,0
CUST008740,794,0.0541,0.4987,3,1,0,0,2
CUST008741,523,0.3698,0.3521,6,0,0,0,0
CUST008742,652,0.4165,0.5061,4,0,0,0,1
CUST008743,763,0.4074,0.2703,2,1,0,0,1
CUST008744,707,0.0505,0.2456,3,0,0,0,0
CUST008745,600,0.0934,0.0921,4,1,1,0,1
CUST008746,716,0.3265,0.3118,1,0,0,0,0
CUST008747,606,0.099,0.4724,5,0,0,0,0
CUST008748,656,0.1496,0.1524,2,0,0,0,2
CUST008749,710,0.5235,0.4432,9,0,0,0,0
CUST008750,518,0.5225,0.2493,3,0,0,0,0
CUST008751,742,0.4495,0.3182,5,0,0,1,0
CUST008752,726,0.2442,0.2953,2,0,0,0,0
CUST008753,489,0.4135,0.4313,2,0,0,0,0
CUST008754,345,0.147,0.2558,9,0,0,0,0
CUST008755,462,0.017,0.3197,3,0,0,0,1
CUST008756,655,0.2244,0.4066,4,0,0,0,1
CUST008757,816,0.1279,0.049,5,0,0,0,0
CUST008758,726,0.0768,0.5664,4,0,0,0,0
CUST008759,753,0.1639,0.1245,4,0,0,0,0
CUST008760,730,0.4874,0.2004,4,2,1,1,0
CUST008761,687,0.3949,0.0396,6,0,0,0,0
CUST008762,453,0.4926,0.3461,1,1,0,0,0
CUST008763,758,0.1868,0.1278,4,0,0,0,0
CUST008764,599,0.5169,0.3573,1,0,0,1,1
CUST008765,551,0.2673,0.1352,7,0,0,0,0
CUST008766,617,0.333,0.1711,3,0,1,0,1
CUST008767,726,0.0614,0.2332,2,0,0,0,2
CUST008768,653,0.2246,0.1176,7,0,0,0,0
CUST008769,663,0.4742,0.2494,5,0,0,1,0
CUST008770,647,0.134,0.4734,3,2,0,0,2
CUST008771,772,0.1508,0.1789,4,2,0,0,0
CUST008772,494,0.051,0.1169,4,0,1,0,0
CUST008773,650,0.4117,0.6465,5,0,0,0,0
CUST008774,708,0.0366,0.0834,5,0,0,0,1
CUST008775,671,0.1153,0.4175,8,0,0,1,0
CUST008776,776,0.1659,0.1635,6,0,0,0,1
CUST008777,669,0.4641,0.2272,5,0,0,0,0
CUST008778,618,0.2475,0.2251,4,0,0,0,2
CUST008779,591,0.3674,0.2352,4,0,0,0,0
CUST008780,505,0.2007,0.3698,2,1,0,0,0
CUST008781,592,0.1128,0.2462,5,1,0,0,0
CUST008782,540,0.2292,0.1574,6,1,0,0,0
CUST008783,640,0.3476,0.2597,2,0,0,1,2
CUST008784,479,0.1836,0.9125,3,1,0,0,0
CUST008785,658,0.1258,0.2453,4,0,0,0,0
CUST008786,612,0.1658,0.5697,5,1,0,0,0
CUST008787,758,0.4542,0.1148,3,0,0,0,0
CUST008788,701,0.3825,0.107,1,0,0,0,0
CUST008789,756,0.394,0.7239,2,0,0,0,0
CUST008790,655,0.3457,0.5543,1,0,0,0,0
CUST008791,734,0.1326,0.319,3,1,0,0,1
CUST008792,655,0.1824,0.4526,3,0,0,0,0
CUST008793,573,0.1081,0.3145,3,1,0,0,1
CUST008794,606,0.4337,0.5851,7,0,0,0,0
CUST008795,700,0.1591,0.1986,1,1,0,0,0
CUST008796,694,0.3009,0.4779,3,0,0,0,0
CUST008797,672,0.7667,0.3511,7,0,0,0,2
CUST008798,657,0.1393,0.2133,4,0,0,0,0
CUST008799,671,0.2037,0.3792,3,2,0,0,1
CUST008800,574,0.2112,0.3713,3,0,0,0,0
CUST008801,664,0.2754,0.2053,4,1,0,0,0
CUST008802,621,0.034,0.3192,4,0,0,0,0
CUST008803,635,0.6476,0.2075,3,0,0,0,0
CUST008804,477,0.1962,0.1607,0,0,0,0,1
CUST008805,685,0.3413,0.1786,4,1,0,0,1
CUST008806,528,0.2165,0.182,6,0,0,1,1
CUST008807,531,0.1713,0.1353,4,0,0,0,0
CUST008808,686,0.5479,0.3874,4,0,0,0,1
CUST008809,501,0.3915,0.0481,1,0,1,0,0
CUST008810,720,0.1044,0.5603,5,1,0,0,1
CUST008811,580,0.4941,0.2456,4,0,0,0,0
CUST008812,701,0.1295,0.2621,5,0,1,0,1
CUST008813,529,0.2345,0.1602,4,0,1,0,0
CUST008814,603,0.4475,0.4821,3,1,0,0,0
CUST008815,718,0.1132,0.3743,8,0,0,0,0
CUST008816,628,0.2932,0.3544,5,0,0,0,0
CUST008817,566,0.1167,0.0581,5,1,0,0,0
CUST008818,691,0.4553,0.1067,1,1,0,0,0
CUST008819,421,0.2604,0.6583,2,1,1,0,0
CUST008820,752,0.2873,0.1064,2,1,0,0,1
CUST008821,549,0.2955,0.3646,4,1,0,0,1
CUST008822,785,0.2861,0.1586,4,0,0,1,2
CUST008823,715,0.4606,0.6158,5,1,0,0,0
CUST008824,623,0.4282,0.0802,4,0,0,0,3
CUST008825,689,0.2263,0.187,4,0,0,0,0
CUST008826,486,0.2679,0.5009,8,0,0,0,1
CUST008827,579,0.1601,0.042,2,0,0,0,0
CUST008828,605,0.2653,0.3864,3,0,0,0,0
CUST008829,682,0.3409,0.3898,3,0,0,0,0
CUST008830,647,0.3268,0.3542,2,0,0,1,1
CUST008831,623,0.0069,0.227,6,0,0,0,0
CUST008832,608,0.1318,0.4277,8,2,0,0,0
CUST008833,633,0.2513,0.3539,8,0,0,0,0
CUST008834,647,0.3451,0.1072,8,2,0,0,0
CUST008835,714,0.2865,0.3267,4,0,0,0,1
CUST008836,684,0.261,0.1862,4,1,0,0,0
CUST008837,690,0.3399,0.1824,4,0,0,0,0
CUST008838,788,0.2354,0.3424,4,0,1,0,1
CUST008839,694,0.2455,0.2189,1,0,0,0,0
CUST008840,660,0.0226,0.343,4,0,0,0,0
CUST008841,716,0.3672,0.2273,4,0,0,0,2
CUST008842,635,0.2622,0.3037,6,1,1,0,0
CUST008843,650,0.2717,0.2702,3,1,0,0,0
CUST008844,769,0.3813,0.2205,6,0,0,0,1
CUST008845,666,0.5263,0.3118,3,0,0,0,0
CUST008846,713,0.3201,0.3207,5,0,0,0,1
CUST008847,762,0.4077,0.1668,7,0,0,0,0
CUST008848,812,0.066,0.4579,3,0,0,0,0
CUST008849,490,0.6713,0.3785,2,0,0,0,0
CUST008850,500,0.2712,0.4491,4,0,0,0,0
CUST008851,549,0.3451,0.1397,1,0,0,0,0
CUST008852,494,0.5326,0.3525,5,0,0,0,0
CUST008853,900,0.387,0.1199,2,0,0,0,0
CUST008854,753,0.4384,0.6658,2,1,1,0,0
CUST008855,602,0.1597,0.5639,9,2,0,0,0
CUST008856,661,0.2852,0.3248,5,0,0,0,0
CUST008857,577,0.595,0.3268,3,0,0,0,0
CUST008858,540,0.0574,0.2206,4,0,0,0,2
CUST008859,450,0.1752,0.5951,4,0,0,0,0
CUST008860,489,0.1603,0.5799,3,0,0,0,1
CUST008861,720,0.5394,0.4441,1,0,0,0,0
CUST008862,599,0.1658,0.1814,2,0,0,0,1
CUST008863,566,0.2087,0.3332,8,2,0,0,0
CUST008864,816,0.389,0.3816,4,0,0,0,0
CUST008865,686,0.3735,0.2547,7,0,0,0,0
CUST008866,761,0.328,0.3285,6,0,0,0,1
CUST008867,588,0.267,0.3259,3,0,0,0,2
CUST008868,750,0.2519,0.4901,1,0,0,0,0
CUST008869,702,0.2754,0.5289,4,0,1,0,0
CUST008870,524,0.4238,0.3477,6,0,0,0,0
CUST008871,650,0.1853,0.325,3,0,0,0,1
CUST008872,474,0.2394,0.1633,6,0,0,0,1
CUST008873,627,0.2753,0.5445,5,1,0,1,0
CUST008874,580,0.291,0.2183,8,0,0,0,2
CUST008875,687,0.2642,0.1793,1,0,0,0,0
CUST008876,617,0.2412,0.4526,5,1,0,0,0
CUST008877,762,0.2209,0.0567,6,0,0,0,1
CUST008878,627,0.3891,0.5107,6,0,0,0,1
CUST008879,666,0.2318,0.2781,2,0,0,1,0
CUST008880,686,0.1435,0.2369,5,0,0,0,2
CUST008881,618,0.2251,0.4775,3,0,0,0,1
CUST008882,762,0.3692,0.4281,5,2,2,0,0
CUST008883,729,0.2019,0.5075,3,1,0,0,2
CUST008884,683,0.3967,0.4384,2,1,0,0,1
CUST008885,604,0.6614,0.1935,10,0,0,0,2
CUST008886,546,0.0431,0.5913,4,1,0,0,1
CUST008887,651,0.1672,0.0907,2,0,0,0,0
CUST008888,639,0.3097,0.536,2,1,0,0,0
CUST008889,573,0.3188,0.1554,4,0,0,0,0
CUST008890,623,0.0934,0.2744,4,0,0,0,0
CUST008891,541,0.2728,0.0881,5,1,0,0,1
CUST008892,795,0.074,0.2517,3,0,0,0,1
CUST008893,739,0.2695,0.4,5,0,0,0,1
CUST008894,535,0.1184,0.1658,6,1,0,1,0
CUST008895,673,0.2618,0.2689,4,0,0,0,0
CUST008896,470,0.151,0.3767,5,1,0,0,0
CUST008897,621,0.4735,0.4573,3,1,1,0,3
CUST008898,631,0.0775,0.1674,6,0,1,0,1
CUST008899,580,0.2664,0.2406,6,0,0,0,0
CUST008900,574,0.6408,0.3819,1,1,0,0,2
CUST008901,671,0.6226,0.3779,2,0,0,0,0
CUST008902,607,0.0796,0.3866,2,1,0,1,1
CUST008903,704,0.1884,0.1182,2,0,0,0,1
CUST008904,770,0.1952,0.5137,8,0,0,0,1
CUST008905,681,0.4934,0.1298,4,1,0,0,0
CUST008906,772,0.526,0.5518,3,0,0,0,1
CUST008907,582,0.0406,0.3064,5,0,0,0,0
CUST008908,650,0.5167,0.3454,6,0,0,0,0
CUST008909,749,0.2919,0.4369,5,1,0,0,1
CUST008910,631,0.0198,0.2995,6,0,0,0,0
CUST008911,676,0.0686,0.4308,5,0,0,0,0
CUST008912,558,0.5243,0.4595,5,2,0,0,1
CUST008913,801,0.5821,0.3858,4,0,0,0,0
CUST008914,582,0.3809,0.3411,3,1,0,0,0
CUST008915,667,0.1382,0.2599,4,1,0,1,0
CUST008916,587,0.3938,0.4782,3,0,0,0,0
CUST008917,539,0.4445,0.157,3,0,0,0,0
CUST008918,688,0.341,0.1354,4,0,0,0,0
CUST008919,806,0.1501,0.5143,1,1,1,0,0
CUST008920,581,0.2558,0.402,7,2,0,0,1
CUST008921,555,0.2802,0.1505,3,1,0,0,1
CUST008922,597,0.4984,0.559,7,0,0,0,0
CUST008923,617,0.3572,0.3543,5,1,0,0,0
CUST008924,686,0.5131,0.2551,7,0,0,0,1
CUST008925,477,0.3385,0.2664,2,0,0,0,0
CUST008926,751,0.5494,0.4474,3,0,0,0,0
CUST008927,774,0.0248,0.2551,3,0,0,0,0
CUST008928,684,0.1932,0.124,2,0,0,0,0
CUST008929,551,0.3682,0.3225,7,0,0,0,0
CUST008930,748,0.3199,0.1212,4,1,0,0,0
CUST008931,607,0.5007,0.2582,3,0,0,0,0
CUST008932,665,0.1155,0.1349,4,0,0,0,1
CUST008933,646,0.4551,0.4723,2,0,1,0,3
CUST008934,542,0.3802,0.1683,6,0,0,1,0
CUST008935,825,0.298,0.1106,8,0,0,1,0
CUST008936,531,0.1969,0.3943,1,1,1,0,0
CUST008937,651,0.1656,0.2377,2,0,0,0,0
CUST008938,663,0.1133,0.6631,0,0,0,0,0
CUST008939,655,0.5401,0.5087,2,0,0,1,1
CUST008940,672,0.5668,0.5532,5,0,0,0,2
CUST008941,651,0.3837,0.1619,2,0,0,0,2
CUST008942,685,0.1884,0.6967,6,0,0,0,1
CUST008943,560,0.0654,0.6672,3,1,0,0,0
CUST008944,544,0.6299,0.2584,4,1,0,0,0
CUST008945,750,0.1322,0.2711,4,0,0,0,0
CUST008946,693,0.1466,0.4593,4,0,0,0,0
CUST008947,636,0.3784,0.6372,6,0,0,0,1
CUST008948,768,0.5847,0.2697,4,1,1,0,1
CUST008949,697,0.1845,0.4876,1,0,0,0,0
CUST008950,716,0.3544,0.0681,5,1,0,1,0
CUST008951,784,0.3175,0.2956,5,1,1,1,2
CUST008952,662,0.1392,0.6301,6,0,0,0,0
CUST008953,616,0.161,0.2504,1,0,0,0,1
CUST008954,612,0.1077,0.1732,2,2,0,0,0
CUST008955,461,0.2551,0.2814,6,0,0,0,1
CUST008956,556,0.4562,0.1681,4,0,1,0,1
CUST008957,718,0.2988,0.1941,3,0,0,0,0
CUST008958,576,0.0752,0.2376,1,0,0,1,0
CUST008959,613,0.5469,0.293,1,1,0,1,0
CUST008960,715,0.1611,0.1069,6,0,1,0,2
CUST008961,662,0.2089,0.1198,4,0,0,0,0
CUST008962,667,0.2834,0.1408,6,1,0,0,0
CUST008963,772,0.1096,0.4372,3,0,0,0,0
CUST008964,717,0.1778,0.4662,4,0,0,0,1
CUST008965,463,0.2241,0.2246,1,0,0,0,1
CUST008966,795,0.0497,0.1596,4,0,0,0,0
CUST008967,622,0.3145,0.1488,6,0,0,0,1
CUST008968,707,0.2047,0.1587,4,0,0,0,1
CUST008969,668,0.1602,0.2826,5,0,1,0,0
CUST008970,576,0.0823,0.0403,2,1,0,0,0
CUST008971,688,0.0956,0.5718,5,2,0,0,0
CUST008972,596,0.0042,0.3172,5,1,0,0,0
CUST008973,616,0.3577,0.3061,5,0,0,0,1
CUST008974,715,0.2711,0.4496,3,0,0,0,2
CUST008975,583,0.175,0.3578,4,1,0,0,1
CUST008976,473,0.3683,0.4001,2,2,0,0,0
CUST008977,573,0.0719,0.138,5,0,0,0,0
CUST008978,764,0.2061,0.2704,5,0,0,0,0
CUST008979,736,0.1143,0.2191,3,0,0,0,0
CUST008980,695,0.3084,0.26,3,0,1,0,1
CUST008981,684,0.1497,0.5244,6,1,0,0,1
CUST008982,830,0.3008,0.0952,2,1,0,0,0
CUST008983,764,0.254,0.1804,0,0,0,0,1
CUST008984,581,0.6847,0.0417,1,1,0,0,0
CUST008985,691,0.7217,0.3142,5,1,1,1,0
CUST008986,706,0.0938,0.2218,2,0,1,0,0
CUST008987,586,0.2728,0.1655,6,0,1,0,0
CUST008988,687,0.1394,0.2529,8,0,0,0,0
CUST008989,579,0.6074,0.4696,1,0,0,0,0
CUST008990,644,0.0958,0.1342,6,0,0,0,1
CUST008991,633,0.1285,0.0971,6,0,0,0,1
CUST008992,764,0.0716,0.7141,7,0,0,1,0
CUST008993,739,0.2739,0.4666,0,0,0,0,0
CUST008994,567,0.372,0.108,4,0,0,0,3
CUST008995,834,0.1911,0.0244,2,0,0,0,1
CUST008996,709,0.0583,0.2938,5,0,1,0,1
CUST008997,522,0.0676,0.1854,1,1,0,0,0
CUST008998,564,0.1744,0.2545,4,2,0,0,0
CUST008999,533,0.3244,0.3165,7,0,0,0,0
CUST009000,607,0.3653,0.5053,2,0,2,0,1
CUST009001,807,0.3999,0.5292,6,0,0,0,0
CUST009002,645,0.3925,0.3952,5,1,1,0,0
CUST009003,676,0.335,0.2971,6,0,0,0,0
CUST009004,827,0.461,0.3734,3,0,0,0,2
CUST009005,569,0.2087,0.6705,1,0,0,0,1
CUST009006,681,0.5017,0.3748,7,0,0,0,0
CUST009007,749,0.4494,0.3869,2,1,1,1,0
CUST009008,570,0.7256,0.6572,5,1,0,0,0
CUST009009,725,0.1302,0.4903,3,1,1,0,1
CUST009010,672,0.1594,0.2047,2,1,0,0,1
CUST009011,528,0.462,0.1095,7,0,0,0,0
CUST009012,731,0.068,0.4304,3,0,0,0,1
CUST009013,680,0.1854,0.3929,1,0,0,0,0
CUST009014,659,0.029,0.1521,4,0,0,0,0
CUST009015,683,0.1313,0.3897,6,2,0,0,2
CUST009016,795,0.3471,0.5932,6,1,0,0,1
CUST009017,652,0.7385,0.3929,1,0,1,0,1
CUST009018,578,0.5059,0.5244,2,1,0,0,0
CUST009019,534,0.355,0.3353,3,0,0,0,2
CUST009020,581,0.3534,0.5634,3,0,0,0,0
CUST009021,568,0.4532,0.2853,2,0,0,0,0
CUST009022,591,0.283,0.3431,1,0,0,1,1
CUST009023,634,0.2678,0.0911,5,1,0,0,1
CUST009024,719,0.37,0.0883,4,0,0,0,0
CUST009025,565,0.1751,0.4284,2,1,0,0,0
CUST009026,570,0.388,0.1707,6,0,0,0,0
CUST009027,635,0.2556,0.4219,2,1,0,0,0
CUST009028,649,0.1958,0.4111,6,2,0,0,1
CUST009029,721,0.0589,0.6111,6,0,0,0,1
CUST009030,670,0.4866,0.0229,3,0,0,0,0
CUST009031,690,0.5514,0.2825,12,0,0,1,1
CUST009032,664,0.4358,0.6541,6,1,0,0,0
CUST009033,525,0.2394,0.4552,5,0,0,0,0
CUST009034,508,0.5496,0.5046,1,1,0,0,1
CUST009035,455,0.2782,0.2423,6,0,0,0,0
CUST009036,540,0.1331,0.1567,6,0,0,0,2
CUST009037,621,0.401,0.2688,6,0,0,0,0
CUST009038,674,0.2121,0.7328,3,0,0,1,1
CUST009039,430,0.1247,0.1505,3,1,0,0,0
CUST009040,574,0.3088,0.3489,3,0,1,0,0
CUST009041,600,0.3606,0.2605,4,0,0,0,0
CUST009042,600,0.082,0.3581,2,0,1,0,0
CUST009043,601,0.4214,0.1602,6,0,0,0,0
CUST009044,522,0.4787,0.4254,3,0,0,0,2
CUST009045,627,0.5605,0.0985,4,1,0,0,1
CUST009046,565,0.2511,0.1095,1,0,0,0,1
CUST009047,762,0.2206,0.3925,7,0,0,0,0
CUST009048,749,0.3494,0.4303,2,0,1,0,0
CUST009049,571,0.0739,0.478,3,0,1,1,0
CUST009050,582,0.169,0.2771,0,0,0,0,0
CUST009051,808,0.2099,0.1941,2,0,1,0,2
CUST009052,521,0.1436,0.0632,3,0,0,0,0
CUST009053,654,0.3469,0.4379,1,0,0,0,0
CUST009054,782,0.2892,0.1287,2,0,0,0,1
CUST009055,566,0.0357,0.0492,1,0,0,0,1
CUST009056,505,0.452,0.4515,5,0,0,1,2
CUST009057,600,0.4488,0.1262,4,0,0,0,1
CUST009058,624,0.6271,0.6353,4,0,0,0,0
CUST009059,663,0.7059,0.1534,2,1,0,0,0
CUST009060,659,0.6357,0.2806,9,0,1,0,0
CUST009061,683,0.1369,0.4336,4,0,0,0,0
CUST009062,412,0.1449,0.6282,10,1,0,0,0
CUST009063,653,0.2671,0.1016,1,1,0,0,0
CUST009064,583,0.2895,0.1691,0,0,0,0,1
CUST009065,766,0.496,0.4727,1,1,0,0,0
CUST009066,716,0.1678,0.3321,4,0,0,1,0
CUST009067,736,0.6437,0.2026,4,1,0,0,0
CUST009068,738,0.0569,0.2158,2,0,1,0,2
CUST009069,662,0.0448,0.4285,5,0,0,0,0
CUST009070,606,0.2116,0.5064,3,0,0,0,1
CUST009071,635,0.3297,0.0969,2,0,0,0,0
CUST009072,733,0.4966,0.4198,4,0,0,0,0
CUST009073,623,0.2746,0.2904,8,1,0,0,0
CUST009074,656,0.6403,0.2223,4,0,0,0,1
CUST009075,640,0.3063,0.2215,3,0,0,0,1
CUST009076,625,0.3031,0.1636,0,0,0,0,0
CUST009077,762,0.0843,0.514,2,0,0,0,2
CUST009078,602,0.0404,0.2773,1,0,0,0,0
CUST009079,548,0.286,0.2919,4,0,0,0,0
CUST009080,710,0.46,0.0454,6,0,0,0,0
CUST009081,636,0.2166,0.1517,3,0,0,0,0
CUST009082,597,0.6276,0.3698,6,0,0,0,1
CUST009083,606,0.2188,0.3221,3,0,0,0,1
CUST009084,618,0.2044,0.2653,5,0,0,0,0
CUST009085,583,0.1993,0.1476,4,0,0,0,0
CUST009086,790,0.1263,0.5086,13,0,0,0,1
CUST009087,748,0.4843,0.134,8,0,0,0,1
CUST009088,534,0.1183,0.2693,4,0,0,1,1
CUST009089,594,0.0539,0.1747,6,1,0,0,1
CUST009090,617,0.1488,0.1212,2,0,0,0,0
CUST009091,440,0.5392,0.1025,3,0,1,0,0
CUST009092,589,0.2397,0.7541,6,0,0,0,1
CUST009093,692,0.2363,0.089,5,0,0,0,0
CUST009094,630,0.5833,0.5126,2,0,0,0,3
CUST009095,764,0.2065,0.1508,4,0,0,0,0
CUST009096,686,0.1385,0.2244,3,0,0,0,0
CUST009097,776,0.2212,0.1398,3,0,0,0,0
CUST009098,709,0.0435,0.0432,2,0,0,0,0
CUST009099,637,0.0956,0.3217,4,0,0,0,0
CUST009100,557,0.2909,0.4141,6,1,0,0,0
CUST009101,544,0.4547,0.1484,5,1,0,0,1
CUST009102,678,0.0978,0.4649,3,0,0,0,0
CUST009103,732,0.1853,0.3724,3,0,1,0,0
CUST009104,663,0.2411,0.1657,4,0,0,0,1
CUST009105,690,0.4154,0.1722,3,0,0,0,0
CUST009106,711,0.2929,0.1979,5,0,1,0,0
CUST009107,614,0.5849,0.5794,1,0,0,0,0
CUST009108,692,0.3141,0.5199,2,0,0,1,1
CUST009109,698,0.1051,0.2838,3,0,0,0,1
CUST009110,550,0.1671,0.2145,10,0,0,1,1
CUST009111,665,0.1073,0.2201,4,0,1,0,1
CUST009112,687,0.2621,0.0299,7,0,0,0,0
CUST009113,683,0.2453,0.1292,2,0,1,0,2
CUST009114,675,0.2272,0.6338,2,0,0,0,0
CUST009115,721,0.3521,0.2958,9,0,0,0,0
CUST009116,848,0.2261,0.2411,2,2,0,0,0
CUST009117,667,0.5336,0.2228,1,0,1,0,0
CUST009118,792,0.3562,0.5383,3,0,0,0,0
CUST009119,497,0.1417,0.426,5,1,0,0,1
CUST009120,663,0.2642,0.5371,7,0,0,0,1
CUST009121,508,0.3582,0.1948,6,1,1,0,2
CUST009122,604,0.023,0.195,3,2,0,0,0
CUST009123,802,0.1839,0.2252,3,0,0,0,2
CUST009124,722,0.1704,0.8155,3,0,0,0,0
CUST009125,660,0.1128,0.2714,3,0,0,0,0
CUST009126,753,0.3648,0.2856,4,0,0,1,2
CUST009127,673,0.0549,0.5555,5,0,0,0,0
CUST009128,614,0.3477,0.2035,5,0,2,0,0
CUST009129,497,0.307,0.2762,4,0,0,0,1
CUST009130,688,0.3623,0.0937,5,1,0,1,0
CUST009131,563,0.2969,0.0865,3,1,0,0,0
CUST009132,649,0.3977,0.4335,6,2,0,0,2
CUST009133,640,0.3912,0.6395,5,0,0,2,0
CUST009134,616,0.3481,0.2491,0,0,0,0,0
CUST009135,679,0.1902,0.5597,6,0,0,0,1
CUST009136,812,0.3718,0.0373,2,0,0,0,0
CUST009137,665,0.081,0.2482,2,0,0,0,1
CUST009138,642,0.2725,0.1222,5,0,1,0,0
CUST009139,630,0.0606,0.5175,6,0,0,0,2
CUST009140,652,0.3612,0.0769,3,0,0,0,0
CUST009141,745,0.2655,0.3383,3,0,0,0,0
CUST009142,347,0.3643,0.263,1,0,0,0,0
CUST009143,627,0.302,0.691,3,0,0,0,0
CUST009144,440,0.1534,0.2953,2,0,1,1,1
CUST009145,607,0.2803,0.0413,2,0,0,0,0
CUST009146,655,0.0849,0.1463,2,1,0,0,1
CUST009147,741,0.3655,0.2993,3,1,0,0,0
CUST009148,719,0.1479,0.4652,2,0,0,0,0
CUST009149,771,0.2833,0.2293,4,0,0,0,2
CUST009150,618,0.4804,0.0887,1,0,0,0,1
CUST009151,567,0.2856,0.4234,2,0,0,0,1
CUST009152,597,0.5248,0.0518,3,0,0,0,0
CUST009153,708,0.2682,0.3517,4,0,0,0,1
CUST009154,776,0.2745,0.3689,7,0,0,0,1
CUST009155,689,0.3272,0.4292,5,0,0,0,1
CUST009156,606,0.3112,0.5298,0,1,0,1,0
CUST009157,526,0.1408,0.3814,3,1,0,0,0
CUST009158,629,0.6002,0.5535,4,0,0,0,1
CUST009159,711,0.2115,0.0785,3,2,0,0,0
CUST009160,536,0.1833,0.2486,3,0,0,0,0
CUST009161,830,0.3881,0.1557,4,0,0,0,0
CUST009162,632,0.0941,0.2619,4,0,0,0,0
CUST009163,740,0.3814,0.1057,3,1,1,0,2
CUST009164,554,0.3758,0.069,7,0,1,0,1
CUST009165,608,0.4306,0.1654,1,1,0,0,0
CUST009166,770,0.2704,0.3996,7,0,0,0,0
CUST009167,544,0.2609,0.4595,3,0,1,0,1
CUST009168,700,0.2132,0.3131,2,0,0,0,0
CUST009169,572,0.2596,0.0835,0,0,0,0,1
CUST009170,568,0.2156,0.3003,2,0,0,0,0
CUST009171,643,0.0428,0.3986,2,0,1,0,1
CUST009172,590,0.1036,0.2546,5,0,0,0,0
CUST009173,678,0.1798,0.4325,5,0,0,1,0
CUST009174,629,0.4896,0.3539,6,0,0,0,0
CUST009175,584,0.4856,0.2963,3,0,0,0,0
CUST009176,633,0.2627,0.3718,7,0,0,0,0
CUST009177,787,0.1553,0.0632,5,0,0,0,1
CUST009178,566,0.2863,0.692,2,0,1,1,2
CUST009179,554,0.2129,0.8106,3,0,0,0,0
CUST009180,561,0.1203,0.3391,8,1,0,0,0
CUST009181,563,0.1507,0.7266,3,0,0,0,1
CUST009182,567,0.4818,0.5724,4,0,0,0,0
CUST009183,530,0.4009,0.2608,4,0,0,0,0
CUST009184,729,0.1117,0.4018,6,0,0,0,0
CUST009185,666,0.2191,0.1934,4,2,0,0,0
CUST009186,646,0.2752,0.2832,1,0,0,0,0
CUST009187,866,0.1436,0.5732,4,0,0,0,1
CUST009188,703,0.3854,0.1454,5,2,0,0,0
CUST009189,900,0.3447,0.2444,6,0,0,0,0
CUST009190,766,0.5566,0.2548,3,0,0,0,0
CUST009191,541,0.4023,0.6904,3,0,0,0,1
CUST009192,530,0.0302,0.3812,3,0,0,0,0
CUST009193,604,0.6456,0.1919,5,0,0,0,0
CUST009194,618,0.6074,0.1846,5,1,0,0,0
CUST009195,765,0.2163,0.2048,2,0,0,0,0
CUST009196,613,0.1641,0.4627,4,1,0,0,0
CUST009197,640,0.1172,0.5573,3,0,0,0,2
CUST009198,545,0.6369,0.2938,3,0,0,0,0
CUST009199,710,0.1102,0.0904,3,0,0,0,0
CUST009200,749,0.0369,0.2355,0,0,0,0,0
CUST009201,720,0.2539,0.5027,4,1,0,0,0
CUST009202,662,0.2553,0.1564,5,3,0,0,1
CUST009203,742,0.2023,0.2899,4,0,0,0,0
CUST009204,698,0.311,0.5672,2,1,0,0,1
CUST009205,721,0.2625,0.2064,5,0,0,0,0
CUST009206,580,0.0656,0.2453,3,2,0,0,0
CUST009207,624,0.6164,0.3853,4,0,0,0,1
CUST009208,706,0.3104,0.4841,6,0,0,0,1
CUST009209,608,0.1342,0.2353,5,0,0,0,1
CUST009210,833,0.1826,0.4003,7,1,0,0,0
CUST009211,688,0.0608,0.6926,7,0,0,0,0
CUST009212,702,0.267,0.6877,6,1,0,0,0
CUST009213,745,0.3918,0.1547,5,1,1,0,0
CUST009214,674,0.4323,0.3419,7,1,0,0,0
CUST009215,692,0.0772,0.1157,5,0,0,1,1
CUST009216,598,0.2154,0.4497,4,1,0,0,0
CUST009217,620,0.1246,0.7295,3,2,0,0,0
CUST009218,650,0.1666,0.3407,6,0,0,0,1
CUST009219,551,0.1842,0.5835,4,0,1,0,0
CUST009220,795,0.6089,0.5342,5,0,1,0,1
CUST009221,547,0.182,0.5052,3,0,0,0,1
CUST009222,553,0.4771,0.2812,8,0,0,0,1
CUST009223,651,0.1974,0.0462,2,1,0,0,0
CUST009224,691,0.2802,0.2318,5,0,0,0,0
CUST009225,585,0.1477,0.1194,1,0,1,0,0
CUST009226,604,0.1689,0.0716,5,0,0,0,0
CUST009227,626,0.2284,0.1025,5,0,0,0,1
CUST009228,653,0.1677,0.3919,2,0,1,0,0
CUST009229,708,0.4423,0.6924,1,1,0,0,0
CUST009230,583,0.1511,0.0789,3,0,0,0,0
CUST009231,612,0.1563,0.4861,2,1,0,0,0
CUST009232,684,0.2333,0.3346,3,0,0,0,0
CUST009233,756,0.3828,0.2083,3,0,1,1,1
CUST009234,732,0.096,0.3591,3,1,0,0,0
CUST009235,684,0.2469,0.1097,4,1,0,0,0
CUST009236,465,0.2241,0.3162,3,0,1,1,0
CUST009237,571,0.1533,0.364,2,0,0,0,0
CUST009238,579,0.6381,0.3119,4,0,0,0,0
CUST009239,741,0.2268,0.3242,2,2,0,0,0
CUST009240,554,0.3067,0.3351,6,1,0,0,0
CUST009241,512,0.2468,0.1449,3,0,0,0,0
CUST009242,685,0.2237,0.4795,5,1,0,0,0
CUST009243,695,0.3612,0.4183,6,0,0,0,1
CUST009244,582,0.2171,0.6261,3,0,0,0,0
CUST009245,610,0.1067,0.5095,5,0,0,0,0
CUST009246,794,0.1928,0.3814,3,0,0,1,0
CUST009247,526,0.7132,0.1726,3,1,0,0,1
CUST009248,556,0.4278,0.134,2,1,0,0,0
CUST009249,705,0.1584,0.5769,3,1,0,0,0
CUST009250,660,0.3246,0.061,2,0,0,0,1
CUST009251,644,0.3349,0.2996,3,0,0,0,1
CUST009252,511,0.3523,0.2782,1,0,0,0,2
CUST009253,564,0.1181,0.1508,5,0,0,0,0
CUST009254,622,0.3706,0.4132,5,0,1,1,0
CUST009255,821,0.3324,0.4513,5,0,0,0,0
CUST009256,602,0.3117,0.1378,6,1,0,0,1
CUST009257,517,0.5311,0.3211,3,0,0,0,0
CUST009258,610,0.2326,0.4393,6,0,0,0,0
CUST009259,585,0.2004,0.3905,2,0,0,0,0
CUST009260,702,0.1509,0.6784,6,1,0,0,1
CUST009261,415,0.0612,0.3294,5,1,1,0,0
CUST009262,589,0.0939,0.2243,5,0,0,0,0
CUST009263,778,0.4567,0.5758,1,0,0,0,1
CUST009264,706,0.0374,0.3263,5,0,0,0,0
CUST009265,656,0.4014,0.2294,5,0,1,0,0
CUST009266,600,0.5581,0.2259,3,1,1,0,0
CUST009267,711,0.0264,0.2456,9,0,1,0,1
CUST009268,707,0.3675,0.1973,5,0,1,0,0
CUST009269,549,0.1202,0.6072,1,0,0,0,1
CUST009270,749,0.1605,0.3299,5,0,0,0,1
CUST009271,851,0.4856,0.3935,4,0,0,0,1
CUST009272,614,0.2411,0.211,2,0,0,0,0
CUST009273,559,0.4353,0.1246,3,0,1,0,1
CUST009274,722,0.3579,0.5122,6,0,0,1,1
CUST009275,734,0.2566,0.1059,5,1,0,0,0
CUST009276,626,0.2476,0.3521,5,1,1,0,0
CUST009277,542,0.4217,0.1725,3,0,0,0,0
CUST009278,689,0.1794,0.2754,5,0,0,1,0
CUST009279,389,0.2493,0.2922,6,0,0,0,1
CUST009280,663,0.4842,0.6718,9,0,0,0,1
CUST009281,363,0.5082,0.2892,4,0,0,0,0
CUST009282,612,0.1745,0.2145,4,0,0,0,1
CUST009283,759,0.3279,0.2606,6,0,0,0,0
CUST009284,844,0.1274,0.3328,5,0,0,0,2
CUST009285,745,0.517,0.7338,3,1,0,0,2
CUST009286,665,0.2819,0.029,2,1,1,0,0
CUST009287,693,0.548,0.0486,6,0,0,0,0
CUST009288,671,0.1023,0.1124,3,0,0,0,0
CUST009289,557,0.3326,0.4784,4,0,0,0,1
CUST009290,688,0.3288,0.7293,5,0,1,0,2
CUST009291,619,0.1688,0.1631,3,0,0,1,0
CUST009292,722,0.088,0.3115,6,0,0,1,0
CUST009293,753,0.4827,0.2022,5,0,0,0,0
CUST009294,610,0.2038,0.5397,5,0,1,0,0
CUST009295,643,0.3978,0.4188,7,0,0,1,2
CUST009296,672,0.4196,0.5163,6,0,0,0,0
CUST009297,670,0.2818,0.2917,3,1,0,0,0
CUST009298,848,0.2502,0.5278,6,1,1,1,0
CUST009299,625,0.4572,0.7012,5,0,0,0,0
CUST009300,481,0.4739,0.2435,4,0,0,0,0
CUST009301,631,0.5722,0.3295,2,0,0,0,2
CUST009302,822,0.4762,0.4513,3,0,0,0,2
CUST009303,687,0.3485,0.2018,5,0,0,0,0
CUST009304,660,0.4238,0.3048,4,0,0,0,1
CUST009305,542,0.4024,0.132,6,1,0,0,0
CUST009306,638,0.1653,0.2407,2,0,1,0,0
CUST009307,788,0.4282,0.2416,8,0,0,0,0
CUST009308,749,0.227,0.1195,2,0,1,0,0
CUST009309,780,0.4125,0.5573,4,0,0,0,1
CUST009310,538,0.4476,0.305,2,2,1,0,0
CUST009311,716,0.4539,0.0625,4,0,1,0,1
CUST009312,465,0.0981,0.3775,2,0,0,0,1
CUST009313,642,0.2743,0.3503,3,1,0,0,1
CUST009314,678,0.2719,0.0729,2,1,0,1,1
CUST009315,756,0.0575,0.3821,0,0,0,0,0
CUST009316,734,0.1453,0.4532,5,0,0,1,2
CUST009317,764,0.4451,0.7265,5,0,0,0,0
CUST009318,776,0.2031,0.3775,1,0,0,0,0
CUST009319,643,0.1425,0.5767,3,0,0,0,0
CUST009320,530,0.1806,0.0991,2,1,0,0,1
CUST009321,701,0.2149,0.2956,3,0,1,0,0
CUST009322,726,0.143,0.313,1,1,0,0,1
CUST009323,601,0.2669,0.118,2,0,1,1,2
CUST009324,657,0.2421,0.7096,5,0,0,1,0
CUST009325,712,0.2943,0.256,3,2,0,0,1
CUST009326,788,0.3183,0.3482,4,1,0,0,1
CUST009327,524,0.0254,0.3375,2,0,0,0,1
CUST009328,761,0.5759,0.1339,2,0,0,0,0
CUST009329,645,0.2253,0.7648,5,0,0,0,0
CUST009330,635,0.3862,0.4612,4,0,0,0,0
CUST009331,763,0.4641,0.3438,1,0,0,0,1
CUST009332,601,0.0727,0.4536,6,1,0,1,0
CUST009333,698,0.4386,0.1713,5,1,0,0,0
CUST009334,588,0.0426,0.4943,5,0,0,0,0
CUST009335,631,0.1862,0.4185,6,0,0,1,0
CUST009336,783,0.4229,0.3305,1,1,0,0,0
CUST009337,688,0.3934,0.4014,4,1,0,0,0
CUST009338,765,0.3488,0.2685,5,0,0,0,1
CUST009339,466,0.2422,0.433,2,0,0,0,0
CUST009340,769,0.0478,0.1278,6,0,0,0,1
CUST009341,558,0.0907,0.1549,6,0,0,0,0
CUST009342,593,0.3207,0.5253,3,0,0,0,0
CUST009343,609,0.3584,0.1729,3,0,1,0,0
CUST009344,684,0.238,0.315,3,0,0,0,0
CUST009345,685,0.4392,0.5451,5,0,0,0,0
CUST009346,705,0.1985,0.2243,2,1,0,0,1
CUST009347,684,0.3083,0.3494,1,0,0,0,1
CUST009348,685,0.4402,0.2457,3,0,1,0,0
CUST009349,623,0.1476,0.0417,3,1,0,1,2
CUST009350,670,0.2482,0.3259,4,0,0,0,1
CUST009351,690,0.3601,0.5471,7,0,0,0,1
CUST009352,523,0.1997,0.3542,7,0,0,1,0
CUST009353,698,0.3281,0.3192,1,0,0,0,1
CUST009354,670,0.4558,0.6777,3,0,1,0,0
CUST009355,745,0.1509,0.5524,3,0,0,0,0
CUST009356,786,0.0149,0.6248,5,1,0,0,0
CUST009357,791,0.2957,0.4846,3,0,0,0,0
CUST009358,361,0.4707,0.2438,4,0,0,0,3
CUST009359,572,0.4706,0.4522,2,2,0,0,1
CUST009360,558,0.1664,0.8566,4,0,0,0,2
CUST009361,653,0.2777,0.3285,3,0,0,0,0
CUST009362,591,0.254,0.5051,5,1,2,0,0
CUST009363,738,0.1496,0.0997,6,1,0,1,1
CUST009364,590,0.1578,0.1612,0,0,0,0,0
CUST009365,668,0.2463,0.3011,2,0,0,0,2
CUST009366,579,0.4324,0.0394,9,0,0,0,1
CUST009367,662,0.1999,0.6692,2,1,2,0,0
CUST009368,417,0.1755,0.1623,3,0,1,0,0
CUST009369,590,0.1336,0.262,3,0,0,0,0
CUST009370,492,0.1449,0.3747,7,0,0,1,1
CUST009371,750,0.0404,0.4602,2,0,0,0,0
CUST009372,660,0.3629,0.583,2,0,0,0,0
CUST009373,639,0.2043,0.3367,1,1,0,0,1
CUST009374,614,0.4054,0.3417,3,0,0,0,3
CUST009375,633,0.4087,0.3289,2,0,0,0,1
CUST009376,745,0.4787,0.42,7,1,0,0,0
CUST009377,650,0.3848,0.1834,4,0,0,0,0
CUST009378,615,0.1287,0.0445,6,0,0,0,0
CUST009379,493,0.1326,0.1977,3,2,0,0,0
CUST009380,601,0.3797,0.2873,4,0,0,0,2
CUST009381,639,0.3622,0.782,2,0,0,0,1
CUST009382,684,0.1525,0.2893,4,0,0,0,1
CUST009383,698,0.0736,0.5823,4,0,0,0,0
CUST009384,714,0.1698,0.5284,2,0,0,0,1
CUST009385,638,0.4909,0.1988,8,0,0,0,1
CUST009386,569,0.3155,0.2054,3,0,1,0,0
CUST009387,634,0.3666,0.8773,3,0,0,0,0
CUST009388,565,0.504,0.4093,7,0,0,0,0
CUST009389,487,0.349,0.3041,5,0,0,0,2
CUST009390,687,0.1637,0.3425,3,1,0,0,1
CUST009391,476,0.2149,0.5636,6,0,0,0,1
CUST009392,551,0.6205,0.1978,5,0,0,0,0
CUST009393,645,0.2141,0.3511,4,1,0,0,0
CUST009394,798,0.2052,0.3975,5,0,0,0,0
CUST009395,588,0.2291,0.0178,5,0,0,0,2
CUST009396,463,0.1557,0.3717,3,0,0,0,2
CUST009397,636,0.156,0.6158,3,0,1,0,1
CUST009398,641,0.4458,0.0903,5,0,0,0,0
CUST009399,563,0.1814,0.2441,4,1,0,0,0
CUST009400,627,0.3084,0.1735,8,0,0,0,0
CUST009401,580,0.2006,0.4504,7,0,1,1,1
CUST009402,681,0.0892,0.5637,2,1,0,0,0
CUST009403,583,0.1087,0.179,8,1,0,0,0
CUST009404,584,0.1282,0.1593,4,0,0,0,0
CUST009405,721,0.5047,0.3262,5,0,0,0,0
CUST009406,631,0.3402,0.0946,4,1,0,1,2
CUST009407,596,0.1929,0.1926,5,0,0,2,0
CUST009408,786,0.2221,0.539,4,1,0,2,0
CUST009409,681,0.4172,0.3977,8,1,0,0,0
CUST009410,497,0.3823,0.4451,6,0,0,0,0
CUST009411,539,0.2165,0.2937,4,0,0,1,1
CUST009412,640,0.3245,0.3286,2,0,0,0,1
CUST009413,729,0.1358,0.0483,1,2,0,0,0
CUST009414,456,0.5676,0.194,4,0,1,0,0
CUST009415,536,0.0286,0.2333,5,0,1,0,0
CUST009416,773,0.4842,0.0799,4,1,3,0,0
CUST009417,577,0.1272,0.2165,3,0,0,0,0
CUST009418,577,0.2121,0.1944,1,0,0,1,0
CUST009419,519,0.3266,0.2547,2,0,0,0,0
CUST009420,699,0.5017,0.5547,3,0,2,1,0
CUST009421,499,0.3822,0.2911,0,0,0,0,0
CUST009422,640,0.5786,0.0989,2,1,0,0,1
CUST009423,691,0.1561,0.1098,4,1,0,0,0
CUST009424,656,0.4537,0.1456,7,1,0,0,0
CUST009425,669,0.6797,0.3463,3,0,0,0,1
CUST009426,595,0.3065,0.4501,2,1,0,0,1
CUST009427,748,0.3604,0.3998,8,1,0,0,2
CUST009428,686,0.2712,0.7108,6,0,1,0,0
CUST009429,520,0.2871,0.3076,5,0,0,0,0
CUST009430,603,0.3773,0.318,2,1,0,0,0
CUST009431,821,0.4415,0.3233,2,1,1,1,0
CUST009432,683,0.2325,0.3642,4,0,1,0,0
CUST009433,713,0.2906,0.2198,5,0,0,0,1
CUST009434,542,0.4223,0.6535,1,0,0,0,0
CUST009435,741,0.3811,0.173,5,0,0,0,0
CUST009436,461,0.4086,0.4579,6,2,2,0,1
CUST009437,678,0.3748,0.1198,4,0,0,0,0
CUST009438,622,0.3921,0.5546,3,1,0,0,1
CUST009439,625,0.2665,0.1201,7,0,0,0,2
CUST009440,742,0.137,0.7172,5,0,0,1,0
CUST009441,549,0.1339,0.0284,6,0,0,0,2
CUST009442,671,0.1503,0.3894,3,0,0,0,3
CUST009443,673,0.0457,0.5022,4,0,0,0,0
CUST009444,673,0.074,0.6236,3,0,0,0,1
CUST009445,777,0.5722,0.3863,4,1,0,0,1
CUST009446,646,0.324,0.813,0,0,0,1,0
CUST009447,690,0.5254,0.2775,2,1,0,0,1
CUST009448,743,0.3708,0.5035,4,0,0,0,0
CUST009449,582,0.1871,0.0683,6,0,0,0,2
CUST009450,636,0.1489,0.3254,5,0,0,0,0
CUST009451,535,0.3456,0.2034,3,0,0,0,0
CUST009452,700,0.0579,0.3214,5,0,0,0,0
CUST009453,660,0.4284,0.3257,1,1,1,0,1
CUST009454,716,0.0813,0.1929,3,0,0,0,1
CUST009455,643,0.0561,0.3812,2,0,0,0,0
CUST009456,601,0.3413,0.3651,5,0,0,0,1
CUST009457,683,0.2842,0.3091,4,0,0,2,1
CUST009458,780,0.3769,0.252,3,0,0,0,0
CUST009459,702,0.2768,0.0554,0,0,0,0,1
CUST009460,521,0.6515,0.1663,6,0,0,0,1
CUST009461,667,0.1037,0.5368,7,1,1,1,1
CUST009462,841,0.0955,0.4615,5,1,0,0,2
CUST009463,591,0.1711,0.2879,7,0,0,0,0
CUST009464,606,0.1922,0.307,6,1,0,0,0
CUST009465,474,0.0961,0.4962,7,2,0,0,0
CUST009466,642,0.4361,0.3647,1,0,0,1,0
CUST009467,609,0.2694,0.2216,7,0,0,0,1
CUST009468,693,0.5463,0.3679,3,2,0,0,0
CUST009469,651,0.3909,0.0701,2,0,0,0,1
CUST009470,667,0.1407,0.1256,5,0,0,0,0
CUST009471,700,0.4142,0.15,3,0,0,1,2
CUST009472,486,0.1257,0.7363,4,1,1,0,0
CUST009473,753,0.1592,0.2598,7,0,0,0,0
CUST009474,687,0.1674,0.2441,7,0,0,0,0
CUST009475,738,0.5836,0.4748,9,0,0,0,0
CUST009476,688,0.0326,0.5594,2,0,0,0,0
CUST009477,685,0.1118,0.0264,5,0,0,0,0
CUST009478,634,0.1787,0.4545,2,1,0,0,1
CUST009479,606,0.3415,0.2508,5,0,0,0,2
CUST009480,728,0.2802,0.3059,2,0,0,1,0
CUST009481,689,0.5409,0.1991,6,0,0,0,0
CUST009482,619,0.231,0.2904,5,1,0,0,0
CUST009483,770,0.2264,0.4488,1,0,0,0,0
CUST009484,633,0.2526,0.2805,0,0,0,0,0
CUST009485,686,0.2239,0.6527,1,1,1,0,0
CUST009486,547,0.0739,0.22,2,0,1,0,0
CUST009487,610,0.1484,0.4427,7,0,0,0,0
CUST009488,550,0.1989,0.3489,4,1,0,0,0
CUST009489,551,0.1158,0.248,5,0,1,0,0
CUST009490,632,0.2679,0.1775,8,0,0,0,0
CUST009491,602,0.1415,0.0434,3,2,0,0,0
CUST009492,736,0.5136,0.5836,6,0,0,0,0
CUST009493,593,0.0818,0.2186,2,1,0,0,0
CUST009494,694,0.3772,0.5127,4,0,0,0,0
CUST009495,583,0.1342,0.4149,3,0,0,0,0
CUST009496,649,0.0823,0.1542,5,0,0,0,0
CUST009497,551,0.0789,0.3179,3,1,0,1,1
CUST009498,710,0.631,0.0357,2,0,0,0,0
CUST009499,783,0.375,0.2588,2,0,1,0,0
CUST009500,545,0.2566,0.1572,5,0,1,0,1
CUST009501,702,0.153,0.3407,3,3,0,0,0
CUST009502,794,0.3438,0.6166,4,0,1,0,0
CUST009503,576,0.2112,0.5896,3,0,0,0,1
CUST009504,781,0.3122,0.4013,4,1,0,0,0
CUST009505,653,0.2188,0.2497,2,0,0,0,0
CUST009506,640,0.4335,0.5214,2,0,0,0,0
CUST009507,624,0.2989,0.2771,0,0,0,1,0
CUST009508,625,0.0187,0.257,4,0,0,1,0
CUST009509,540,0.1148,0.2137,3,0,0,1,0
CUST009510,598,0.2562,0.2156,2,0,0,0,0
CUST009511,842,0.3246,0.2654,1,2,0,0,1
CUST009512,522,0.2365,0.8265,4,0,1,0,0
CUST009513,666,0.3575,0.5288,4,0,0,0,2
CUST009514,642,0.205,0.3881,2,1,0,0,0
CUST009515,636,0.1424,0.364,2,0,0,0,1
CUST009516,578,0.1757,0.1406,5,1,0,0,0
CUST009517,494,0.2464,0.1871,8,1,0,0,2
CUST009518,675,0.1496,0.1679,2,0,0,0,0
CUST009519,591,0.2669,0.5411,5,0,0,0,1
CUST009520,658,0.364,0.4638,1,0,1,0,0
CUST009521,583,0.229,0.0471,2,0,0,0,0
CUST009522,696,0.0247,0.1846,3,0,0,1,0
CUST009523,644,0.227,0.219,3,0,0,0,0
CUST009524,667,0.3746,0.165,3,1,1,0,0
CUST009525,695,0.412,0.089,8,0,1,0,0
CUST009526,651,0.2297,0.3964,4,0,0,0,0
CUST009527,579,0.3295,0.2156,6,0,0,0,1
CUST009528,727,0.1432,0.189,6,0,1,0,0
CUST009529,817,0.2246,0.5166,4,0,1,1,0
CUST009530,683,0.0324,0.1852,2,1,0,0,0
CUST009531,402,0.6368,0.6323,1,0,0,0,0
CUST009532,573,0.1648,0.2767,4,0,1,0,2
CUST009533,631,0.265,0.3932,7,0,0,0,0
CUST009534,615,0.6009,0.0588,5,2,0,0,1
CUST009535,509,0.5523,0.0918,3,0,0,0,1
CUST009536,582,0.2471,0.3538,2,0,0,0,0
CUST009537,647,0.4465,0.4485,4,0,0,0,0
CUST009538,669,0.1363,0.28,4,0,0,0,0
CUST009539,648,0.2756,0.1876,6,1,0,0,0
CUST009540,570,0.0704,0.5188,3,0,0,0,0
CUST009541,539,0.1945,0.2831,4,0,0,0,1
CUST009542,604,0.7004,0.3637,6,0,0,0,1
CUST009543,605,0.4445,0.4573,4,0,0,0,0
CUST009544,689,0.4831,0.5343,3,3,0,0,1
CUST009545,541,0.1399,0.1104,8,0,0,1,1
CUST009546,664,0.2007,0.336,5,1,1,0,0
CUST009547,644,0.0992,0.2496,6,0,0,0,1
CUST009548,614,0.4821,0.1782,3,0,0,0,1
CUST009549,684,0.0942,0.1046,3,0,0,0,0
CUST009550,608,0.2304,0.4331,4,0,0,0,0
CUST009551,740,0.3215,0.2837,4,1,0,0,0
CUST009552,714,0.1802,0.5196,1,0,0,0,0
CUST009553,588,0.091,0.2173,2,0,0,1,1
CUST009554,790,0.3099,0.0527,6,0,0,0,1
CUST009555,470,0.3851,0.6487,4,0,0,0,2
CUST009556,788,0.2185,0.7104,2,1,0,0,1
CUST009557,774,0.2328,0.356,1,0,0,0,2
CUST009558,551,0.0405,0.3386,4,1,0,1,1
CUST009559,622,0.2837,0.3512,5,0,1,0,0
CUST009560,549,0.2753,0.0917,4,0,0,0,0
CUST009561,608,0.1006,0.5461,2,0,0,0,0
CUST009562,773,0.1089,0.0643,7,0,0,0,0
CUST009563,635,0.1689,0.6278,1,1,0,0,0
CUST009564,466,0.1955,0.315,7,0,0,0,1
CUST009565,716,0.0284,0.2076,3,1,0,0,0
CUST009566,669,0.5255,0.5721,3,1,0,0,0
CUST009567,543,0.3598,0.5602,1,0,1,0,0
CUST009568,790,0.1726,0.4633,8,0,0,0,2
CUST009569,712,0.0838,0.3612,5,0,0,0,1
CUST009570,621,0.5448,0.1721,2,0,0,0,0
CUST009571,672,0.2655,0.2031,2,1,0,0,0
CUST009572,764,0.3967,0.4065,2,0,1,0,0
CUST009573,702,0.2888,0.337,3,0,0,0,1
CUST009574,516,0.0845,0.1555,6,1,0,0,0
CUST009575,584,0.2951,0.1932,6,0,0,0,0
CUST009576,474,0.3351,0.1849,6,2,0,0,1
CUST009577,631,0.3075,0.3124,4,0,0,0,0
CUST009578,474,0.0539,0.4511,1,1,0,0,0
CUST009579,659,0.6858,0.6908,6,1,0,0,1
CUST009580,723,0.3028,0.2249,5,0,0,0,0
CUST009581,636,0.4721,0.4509,5,1,0,0,0
CUST009582,535,0.2008,0.2413,7,1,1,0,2
CUST009583,645,0.0672,0.553,2,0,0,0,1
CUST009584,670,0.4625,0.5329,6,0,0,0,1
CUST009585,732,0.0992,0.173,4,0,1,1,1
CUST009586,589,0.3689,0.1105,1,0,0,0,2
CUST009587,695,0.1003,0.3177,4,0,0,0,1
CUST009588,546,0.2969,0.1664,3,0,1,0,1
CUST009589,566,0.0528,0.2845,6,0,0,0,0
CUST009590,762,0.3002,0.1098,3,0,0,0,0
CUST009591,823,0.3733,0.4693,3,0,0,0,4
CUST009592,582,0.5056,0.1795,6,1,0,0,1
CUST009593,754,0.0527,0.3166,6,0,0,0,0
CUST009594,711,0.3075,0.157,3,0,0,1,0
CUST009595,605,0.2097,0.3303,7,1,0,0,0
CUST009596,642,0.1492,0.3046,5,0,0,0,1
CUST009597,696,0.3261,0.1942,3,3,0,0,0
CUST009598,705,0.1191,0.3124,2,0,0,0,0
CUST009599,771,0.2663,0.113,5,0,0,0,0
CUST009600,566,0.0981,0.367,7,0,2,0,1
CUST009601,728,0.4248,0.1578,3,0,0,0,0
CUST009602,717,0.2553,0.4911,4,1,0,0,0
CUST009603,783,0.1111,0.3668,2,0,0,0,0
CUST009604,620,0.3667,0.1605,4,0,0,0,0
CUST009605,751,0.2855,0.3121,3,1,0,0,1
CUST009606,781,0.086,0.3936,4,0,0,1,1
CUST009607,676,0.7013,0.3943,4,0,0,0,0
CUST009608,671,0.1664,0.3634,5,0,0,1,0
CUST009609,650,0.4275,0.1595,2,2,0,0,0
CUST009610,726,0.1423,0.2715,5,0,0,0,0
CUST009611,751,0.0418,0.1703,6,0,1,0,1
CUST009612,704,0.5,0.3006,7,0,0,0,0
CUST009613,709,0.0586,0.2171,4,0,1,1,1
CUST009614,590,0.2436,0.245,3,0,0,0,0
CUST009615,592,0.0373,0.5199,3,0,0,0,1
CUST009616,540,0.1402,0.4978,2,0,0,0,0
CUST009617,832,0.3892,0.3643,8,1,0,0,0
CUST009618,615,0.0893,0.2246,1,0,0,2,0
CUST009619,712,0.485,0.6478,2,0,0,0,0
CUST009620,564,0.3596,0.3534,3,0,0,0,0
CUST009621,606,0.1474,0.1401,5,0,0,0,1
CUST009622,544,0.4471,0.3741,0,0,0,0,1
CUST009623,574,0.427,0.3366,5,1,0,0,1
CUST009624,657,0.0841,0.1404,4,0,0,0,1
CUST009625,679,0.2416,0.227,5,0,0,1,0
CUST009626,654,0.2591,0.3781,9,0,0,0,0
CUST009627,578,0.224,0.4077,5,0,0,1,1
CUST009628,633,0.1475,0.2013,9,0,1,0,0
CUST009629,730,0.2363,0.173,5,0,0,0,0
CUST009630,753,0.4403,0.1982,6,0,0,0,0
CUST009631,713,0.555,0.5837,3,0,0,0,1
CUST009632,681,0.3117,0.2191,3,0,0,0,1
CUST009633,623,0.2878,0.0618,5,1,0,0,0
CUST009634,590,0.4058,0.4239,2,1,0,0,0
CUST009635,643,0.4115,0.3346,5,0,1,0,0
CUST009636,665,0.4563,0.6621,5,1,0,0,0
CUST009637,741,0.1423,0.367,5,1,1,0,1
CUST009638,595,0.3229,0.2074,3,0,0,0,1
CUST009639,559,0.2729,0.2548,2,0,0,0,3
CUST009640,474,0.299,0.4608,4,0,0,1,1
CUST009641,747,0.2672,0.3296,4,0,1,1,0
CUST009642,639,0.1721,0.4613,6,1,0,0,1
CUST009643,508,0.3856,0.0302,2,0,0,0,0
CUST009644,598,0.3952,0.2169,5,0,0,0,0
CUST009645,586,0.0834,0.6265,3,1,0,0,0
CUST009646,604,0.3469,0.1473,1,0,0,0,0
CUST009647,706,0.1376,0.0635,3,0,0,0,1
CUST009648,554,0.6213,0.034,2,0,0,0,0
CUST009649,725,0.1436,0.0251,5,1,1,0,0
CUST009650,588,0.0272,0.3974,2,1,0,0,0
CUST009651,579,0.3236,0.2796,6,1,1,1,0
CUST009652,545,0.2695,0.4706,3,1,0,0,0
CUST009653,641,0.313,0.7834,2,1,0,0,0
CUST009654,675,0.1693,0.6025,5,0,0,0,0
CUST009655,612,0.1298,0.2233,6,1,0,0,0
CUST009656,644,0.1777,0.4308,3,1,1,0,0
CUST009657,625,0.0264,0.0976,2,0,0,1,0
CUST009658,729,0.4596,0.102,6,0,0,0,1
CUST009659,629,0.4286,0.551,3,1,0,0,1
CUST009660,655,0.3679,0.2734,2,0,0,0,0
CUST009661,789,0.3799,0.3051,6,0,0,0,0
CUST009662,892,0.4182,0.2054,4,2,0,0,0
CUST009663,575,0.3302,0.2523,5,0,1,1,0
CUST009664,774,0.4609,0.0796,3,0,0,0,1
CUST009665,562,0.438,0.5582,4,0,0,0,0
CUST009666,714,0.1496,0.4045,2,2,1,0,0
CUST009667,810,0.4031,0.6484,8,0,0,0,1
CUST009668,705,0.3423,0.4909,3,0,1,0,1
CUST009669,647,0.0574,0.1691,3,0,0,0,1
CUST009670,482,0.5123,0.2578,3,0,0,0,0
CUST009671,598,0.1575,0.1581,7,0,0,0,0
CUST009672,594,0.7306,0.1334,2,0,1,0,1
CUST009673,587,0.0624,0.0826,5,0,0,1,0
CUST009674,651,0.3569,0.5553,2,0,0,0,0
CUST009675,674,0.2445,0.5279,6,1,1,0,2
CUST009676,446,0.1916,0.5789,5,0,0,0,0
CUST009677,501,0.2745,0.4256,2,1,0,0,1
CUST009678,758,0.2296,0.2746,6,0,0,0,0
CUST009679,618,0.3865,0.7002,1,0,0,0,0
CUST009680,594,0.3927,0.8297,5,1,0,0,0
CUST009681,679,0.2085,0.1126,4,1,0,0,0
CUST009682,758,0.1235,0.1868,3,0,0,0,1
CUST009683,496,0.117,0.1233,3,0,0,0,0
CUST009684,536,0.0777,0.3584,2,1,0,0,0
CUST009685,604,0.3308,0.4388,6,0,0,0,2
CUST009686,769,0.4532,0.2032,2,0,0,1,0
CUST009687,799,0.4737,0.4965,11,0,0,0,0
CUST009688,655,0.0496,0.5677,2,0,0,0,0
CUST009689,687,0.4804,0.0739,0,1,0,0,0
CUST009690,593,0.048,0.3557,6,0,0,0,0
CUST009691,642,0.2391,0.3066,9,1,0,0,1
CUST009692,651,0.1143,0.3972,6,0,0,1,0
CUST009693,545,0.3716,0.0755,3,0,0,0,0
CUST009694,677,0.4194,0.1459,5,0,0,0,1
CUST009695,719,0.0843,0.1703,4,0,0,1,0
CUST009696,708,0.4046,0.4049,6,1,0,0,0
CUST009697,564,0.3629,0.1138,4,0,0,0,1
CUST009698,595,0.2197,0.2164,3,1,0,0,1
CUST009699,609,0.3217,0.2662,3,0,0,0,1
CUST009700,677,0.2212,0.1434,8,0,0,0,1
CUST009701,669,0.0847,0.3583,1,0,0,0,0
CUST009702,755,0.5831,0.2526,3,1,0,0,0
CUST009703,666,0.1581,0.0321,4,0,0,0,0
CUST009704,765,0.2693,0.5924,1,0,0,0,0
CUST009705,765,0.1257,0.4096,2,0,0,0,1
CUST009706,597,0.2784,0.5823,6,0,0,0,1
CUST009707,659,0.3035,0.4406,5,0,0,0,0
CUST009708,634,0.2533,0.4537,3,0,0,0,1
CUST009709,699,0.16,0.1803,4,0,0,0,1
CUST009710,699,0.2247,0.1357,3,0,1,0,0
CUST009711,698,0.0826,0.5136,4,0,0,0,1
CUST009712,645,0.3939,0.3256,8,0,0,0,1
CUST009713,663,0.1882,0.5475,2,1,0,0,1
CUST009714,812,0.666,0.4816,3,0,1,0,0
CUST009715,612,0.2793,0.7157,4,0,0,0,0
CUST009716,607,0.4569,0.569,4,1,0,0,1
CUST009717,586,0.0828,0.1784,4,0,0,0,0
CUST009718,709,0.123,0.2549,3,0,0,0,0
CUST009719,688,0.4363,0.4825,6,0,0,0,0
CUST009720,657,0.2591,0.3479,6,1,0,0,0
CUST009721,605,0.0687,0.1988,3,0,0,0,0
CUST009722,673,0.2593,0.355,4,0,0,0,1
CUST009723,702,0.1397,0.4688,4,0,0,0,0
CUST009724,556,0.1407,0.7395,2,0,0,1,0
CUST009725,706,0.2245,0.1747,2,0,0,0,0
CUST009726,539,0.0319,0.241,2,1,0,0,0
CUST009727,823,0.2793,0.3121,4,0,0,0,0
CUST009728,637,0.4152,0.2802,3,0,0,0,0
CUST009729,767,0.4975,0.4166,5,0,0,0,0
CUST009730,644,0.1396,0.322,3,0,0,0,0
CUST009731,769,0.173,0.787,6,1,0,0,0
CUST009732,788,0.3841,0.5181,6,1,0,0,0
CUST009733,695,0.1184,0.131,5,0,0,0,3
CUST009734,570,0.3846,0.2354,7,0,0,0,0
CUST009735,576,0.2044,0.3158,2,0,0,0,0
CUST009736,680,0.2948,0.637,4,0,0,0,0
CUST009737,661,0.3482,0.1889,2,0,0,1,0
CUST009738,733,0.3634,0.267,7,0,0,0,0
CUST009739,639,0.0825,0.4153,3,1,0,0,0
CUST009740,691,0.259,0.679,10,1,0,0,0
CUST009741,652,0.3192,0.4238,3,0,0,0,1
CUST009742,689,0.3167,0.4275,1,1,1,0,1
CUST009743,681,0.5711,0.3873,5,0,0,0,0
CUST009744,722,0.539,0.5158,8,1,0,0,0
CUST009745,685,0.3879,0.639,4,0,0,0,0
CUST009746,778,0.2109,0.323,6,0,0,0,0
CUST009747,827,0.5464,0.1348,7,1,0,0,1
CUST009748,748,0.1367,0.1748,7,0,0,0,0
CUST009749,644,0.2915,0.6697,1,0,1,0,1
CUST009750,727,0.2961,0.4461,2,1,0,0,0
CUST009751,721,0.3472,0.289,10,0,1,0,0
CUST009752,594,0.4561,0.1445,3,1,0,0,0
CUST009753,826,0.3171,0.621,7,0,0,0,0
CUST009754,760,0.1269,0.3517,1,0,1,0,1
CUST009755,637,0.102,0.3989,6,0,0,0,1
CUST009756,656,0.5694,0.3,7,0,1,0,0
CUST009757,548,0.2075,0.3069,3,0,1,0,1
CUST009758,654,0.7958,0.144,6,0,0,0,0
CUST009759,695,0.5981,0.5277,2,0,0,1,0
CUST009760,636,0.3354,0.4559,1,0,0,0,0
CUST009761,550,0.3575,0.9043,8,0,0,0,2
CUST009762,705,0.1173,0.0256,4,1,0,0,0
CUST009763,626,0.5203,0.3487,1,0,0,1,0
CUST009764,580,0.2428,0.1262,3,0,0,0,1
CUST009765,685,0.1421,0.5102,5,0,0,0,2
CUST009766,551,0.2632,0.3074,3,0,0,0,0
CUST009767,660,0.3475,0.0994,10,1,0,0,0
CUST009768,761,0.7369,0.3169,0,0,1,0,0
CUST009769,730,0.2042,0.7524,8,1,0,0,1
CUST009770,694,0.405,0.4435,5,1,0,0,1
CUST009771,656,0.6269,0.2158,5,1,0,0,0
CUST009772,464,0.2379,0.4524,5,0,0,0,0
CUST009773,623,0.2152,0.3071,3,1,1,0,0
CUST009774,650,0.2407,0.5192,1,0,0,0,1
CUST009775,720,0.3191,0.332,3,1,1,0,0
CUST009776,572,0.2161,0.4399,3,0,0,0,0
CUST009777,698,0.394,0.3435,8,0,0,0,0
CUST009778,707,0.2396,0.2519,4,2,0,0,0
CUST009779,656,0.5879,0.2312,5,0,0,0,0
CUST009780,730,0.4017,0.1868,6,1,0,0,0
CUST009781,540,0.081,0.1709,5,0,0,0,0
CUST009782,569,0.0962,0.1523,2,3,0,0,0
CUST009783,660,0.6769,0.2664,2,0,1,0,2
CUST009784,584,0.0969,0.3171,3,1,0,0,1
CUST009785,641,0.4576,0.1528,3,1,0,0,0
CUST009786,753,0.0128,0.0321,3,0,0,0,0
CUST009787,367,0.0744,0.2754,1,2,0,0,0
CUST009788,861,0.5616,0.1676,1,0,0,0,0
CUST009789,708,0.2527,0.2122,4,0,1,0,0
CUST009790,658,0.2419,0.1046,5,0,0,0,1
CUST009791,617,0.117,0.4757,2,1,0,0,1
CUST009792,688,0.1139,0.2817,0,0,1,0,0
CUST009793,614,0.1875,0.3762,8,0,0,0,0
CUST009794,663,0.439,0.1143,2,1,0,0,1
CUST009795,654,0.688,0.2713,6,0,1,0,1
CUST009796,610,0.222,0.3776,2,0,0,0,2
CUST009797,672,0.1148,0.559,2,0,0,0,0
CUST009798,598,0.3707,0.2399,0,0,1,0,2
CUST009799,684,0.5046,0.4837,5,0,0,0,0
CUST009800,709,0.192,0.5953,4,0,0,0,1
CUST009801,826,0.5236,0.3723,4,2,0,0,0
CUST009802,663,0.1051,0.0951,3,1,0,0,0
CUST009803,856,0.1504,0.1122,4,0,0,0,1
CUST009804,701,0.342,0.0453,3,0,1,0,0
CUST009805,671,0.1487,0.4055,3,1,0,0,1
CUST009806,572,0.3941,0.2183,5,1,0,1,0
CUST009807,631,0.2179,0.0266,5,1,0,0,2
CUST009808,747,0.1617,0.2814,2,1,0,0,0
CUST009809,549,0.082,0.6599,3,0,0,0,1
CUST009810,583,0.1163,0.1597,6,1,0,0,1
CUST009811,648,0.1778,0.3999,4,0,2,0,0
CUST009812,643,0.3757,0.4898,3,0,0,0,0
CUST009813,751,0.1597,0.3873,3,1,0,0,1
CUST009814,760,0.2635,0.3385,2,1,0,0,0
CUST009815,545,0.2792,0.0466,6,1,0,0,0
CUST009816,723,0.4161,0.4356,5,0,0,0,1
CUST009817,606,0.2712,0.1521,3,1,0,0,0
CUST009818,677,0.3229,0.6043,1,0,0,0,0
CUST009819,642,0.1155,0.4591,4,1,0,0,1
CUST009820,722,0.2469,0.4452,2,0,0,0,0
CUST009821,468,0.0965,0.5125,8,0,0,0,0
CUST009822,619,0.1704,0.3278,3,0,0,0,0
CUST009823,785,0.0565,0.4446,3,0,0,0,1
CUST009824,643,0.3985,0.4009,1,0,1,0,2
CUST009825,440,0.4651,0.2551,3,0,0,1,0
CUST009826,587,0.6389,0.1505,7,0,0,0,1
CUST009827,744,0.3189,0.4579,7,1,1,0,0
CUST009828,551,0.6355,0.4757,3,1,0,0,1
CUST009829,603,0.6268,0.7457,7,0,0,0,0
CUST009830,704,0.2551,0.2846,4,0,0,0,0
CUST009831,677,0.2944,0.2184,1,0,0,1,0
CUST009832,530,0.3026,0.2862,5,0,1,0,0
CUST009833,492,0.3381,0.3676,4,0,1,0,0
CUST009834,589,0.3792,0.3975,6,1,0,1,0
CUST009835,671,0.1082,0.1034,5,0,1,0,1
CUST009836,676,0.2768,0.6392,3,0,0,0,0
CUST009837,763,0.3193,0.3033,3,0,0,0,0
CUST009838,478,0.176,0.1805,6,0,0,1,0
CUST009839,693,0.5467,0.1858,3,1,0,0,1
CUST009840,603,0.1734,0.1328,2,1,0,1,2
CUST009841,636,0.1801,0.4878,2,1,0,1,1
CUST009842,703,0.2245,0.2634,3,0,0,1,0
CUST009843,779,0.427,0.1937,2,0,1,0,0
CUST009844,647,0.4094,0.3964,4,1,0,1,1
CUST009845,660,0.1693,0.196,1,1,0,0,0
CUST009846,704,0.1125,0.1521,7,0,0,0,0
CUST009847,671,0.0538,0.3257,3,0,0,0,0
CUST009848,716,0.5317,0.4767,6,0,0,0,0
CUST009849,842,0.0736,0.532,3,0,0,0,0
CUST009850,900,0.2825,0.6344,5,0,0,0,0
CUST009851,647,0.4001,0.3565,1,0,0,0,0
CUST009852,821,0.3323,0.295,6,0,0,0,0
CUST009853,615,0.1203,0.5235,1,0,0,1,0
CUST009854,583,0.2006,0.4031,3,0,0,0,0
CUST009855,460,0.3838,0.0974,3,0,0,0,0
CUST009856,668,0.1533,0.3882,6,0,0,0,0
CUST009857,630,0.3472,0.468,5,0,2,1,1
CUST009858,656,0.0906,0.2272,3,0,0,0,0
CUST009859,661,0.297,0.2665,5,0,0,0,1
CUST009860,661,0.2768,0.6261,4,0,0,0,0
CUST009861,669,0.1918,0.2277,5,0,0,0,0
CUST009862,463,0.3103,0.4619,4,0,0,0,1
CUST009863,547,0.6329,0.1095,3,1,0,1,1
CUST009864,666,0.0726,0.3284,5,1,0,0,1
CUST009865,515,0.2588,0.5992,9,0,0,0,0
CUST009866,701,0.4946,0.3105,1,0,0,1,0
CUST009867,607,0.2805,0.3583,3,0,0,0,0
CUST009868,623,0.3312,0.3024,3,1,1,0,2
CUST009869,674,0.104,0.1373,3,0,0,0,1
CUST009870,727,0.2484,0.1839,6,0,0,0,0
CUST009871,700,0.1989,0.0317,3,0,0,0,0
CUST009872,632,0.0618,0.3491,1,1,0,1,1
CUST009873,691,0.2848,0.2566,9,0,0,0,0
CUST009874,590,0.1317,0.2026,5,0,0,0,0
CUST009875,514,0.1738,0.1556,9,0,1,0,0
CUST009876,509,0.4685,0.2532,1,0,1,0,1
CUST009877,631,0.3536,0.3768,2,1,0,0,0
CUST009878,672,0.4529,0.2639,2,1,0,0,1
CUST009879,591,0.1091,0.7146,3,0,0,0,1
CUST009880,569,0.2622,0.2121,4,0,0,0,0
CUST009881,593,0.2741,0.3064,5,0,0,0,0
CUST009882,594,0.2274,0.3448,5,0,1,0,0
CUST009883,569,0.1362,0.3766,4,0,0,0,0
CUST009884,673,0.4753,0.0885,3,0,0,0,0
CUST009885,655,0.1759,0.2238,6,0,0,0,1
CUST009886,876,0.1095,0.2285,2,0,0,0,1
CUST009887,619,0.0858,0.5831,3,0,0,0,0
CUST009888,609,0.6303,0.1426,3,0,0,0,0
CUST009889,735,0.1124,0.3838,2,0,0,0,2
CUST009890,626,0.1762,0.0939,5,0,0,0,0
CUST009891,535,0.5426,0.0916,3,0,0,1,0
CUST009892,722,0.3103,0.4527,5,2,1,0,1
CUST009893,614,0.2713,0.2784,1,1,0,0,0
CUST009894,767,0.0959,0.2876,1,1,0,0,1
CUST009895,734,0.0976,0.4772,3,0,0,0,0
CUST009896,851,0.2879,0.2248,3,0,1,0,0
CUST009897,600,0.1345,0.3268,5,0,0,0,3
CUST009898,649,0.2016,0.1564,2,0,0,0,0
CUST009899,579,0.7331,0.2482,2,2,0,0,0
CUST009900,614,0.148,0.2497,7,0,0,1,0
CUST009901,636,0.3566,0.5918,8,0,0,0,0
CUST009902,460,0.0826,0.3108,3,1,1,0,0
CUST009903,711,0.1203,0.0187,6,0,2,0,0
CUST009904,684,0.0558,0.2975,4,0,1,0,0
CUST009905,882,0.3871,0.6466,4,1,0,0,0
CUST009906,678,0.2785,0.4472,2,0,0,0,0
CUST009907,493,0.1129,0.0622,9,1,0,0,0
CUST009908,713,0.2329,0.4377,7,0,0,0,0
CUST009909,632,0.0578,0.3182,2,0,0,0,0
CUST009910,612,0.4876,0.3353,2,0,1,0,1
CUST009911,640,0.1453,0.1998,2,0,1,0,1
CUST009912,745,0.3235,0.3287,1,0,0,1,0
CUST009913,682,0.3443,0.4607,1,0,0,0,1
CUST009914,857,0.5357,0.4578,3,1,0,0,0
CUST009915,604,0.4178,0.3028,7,0,0,1,0
CUST009916,686,0.0538,0.5222,3,0,0,0,0
CUST009917,664,0.2869,0.4968,4,0,0,0,2
CUST009918,550,0.1529,0.1262,0,0,0,0,0
CUST009919,579,0.1461,0.3789,2,1,0,0,0
CUST009920,727,0.2471,0.2358,1,0,0,0,0
CUST009921,623,0.0287,0.21,6,0,0,0,0
CUST009922,706,0.5147,0.2531,5,0,0,0,1
CUST009923,645,0.2289,0.2925,5,0,0,0,0
CUST009924,581,0.3761,0.2679,2,0,0,0,1
CUST009925,586,0.0955,0.4224,4,1,0,0,1
CUST009926,544,0.1306,0.3716,0,2,1,0,1
CUST009927,741,0.2009,0.4279,2,0,2,0,0
CUST009928,622,0.492,0.4133,3,0,0,0,0
CUST009929,565,0.2886,0.3033,1,0,0,0,0
CUST009930,598,0.4937,0.2882,5,0,0,0,0
CUST009931,509,0.2901,0.275,6,0,0,0,2
CUST009932,691,0.2734,0.098,2,0,2,0,0
CUST009933,687,0.5179,0.4532,9,0,0,1,0
CUST009934,720,0.1145,0.2455,3,0,1,0,0
CUST009935,610,0.5227,0.199,2,1,0,1,0
CUST009936,594,0.2971,0.1522,2,1,0,1,0
CUST009937,661,0.3106,0.1087,5,0,0,0,1
CUST009938,634,0.1095,0.2415,4,0,0,0,1
CUST009939,544,0.123,0.1565,5,0,0,0,1
CUST009940,766,0.4556,0.1664,7,1,0,0,0
CUST009941,608,0.6781,0.5589,4,0,0,0,0
CUST009942,782,0.3978,0.263,5,1,0,0,1
CUST009943,528,0.2979,0.5426,4,0,0,1,0
CUST009944,740,0.3598,0.3007,7,0,0,0,0
CUST009945,649,0.2549,0.0235,5,0,0,0,0
CUST009946,662,0.1441,0.2948,2,0,0,0,1
CUST009947,900,0.2359,0.244,6,0,0,0,0
CUST009948,589,0.1069,0.1063,4,0,0,0,1
CUST009949,704,0.2749,0.6022,3,0,0,0,0
CUST009950,747,0.3194,0.1679,6,1,0,1,1
CUST009951,729,0.1148,0.4892,3,0,0,0,0
CUST009952,645,0.1879,0.28,1,0,0,0,0
CUST009953,612,0.186,0.5189,4,0,0,0,0
CUST009954,669,0.2097,0.1938,2,0,1,0,0
CUST009955,736,0.094,0.2653,6,1,0,0,0
CUST009956,726,0.4338,0.5999,2,0,1,1,1
CUST009957,604,0.2046,0.0302,3,0,0,0,0
CUST009958,630,0.1288,0.5094,6,0,0,0,1
CUST009959,650,0.1871,0.5289,6,0,1,0,0
CUST009960,694,0.2202,0.1376,3,0,0,0,0
CUST009961,694,0.3887,0.1069,5,1,0,0,0
CUST009962,628,0.2582,0.3727,4,0,0,0,1
CUST009963,759,0.6329,0.2135,3,0,0,0,0
CUST009964,600,0.7675,0.3955,2,0,0,0,2
CUST009965,759,0.3355,0.1001,4,1,0,0,0
CUST009966,682,0.5475,0.3527,2,0,0,0,0
CUST009967,744,0.4986,0.5039,4,0,0,0,1
CUST009968,767,0.4276,0.1342,2,0,1,0,0
CUST009969,582,0.2394,0.0898,7,1,0,1,0
CUST009970,559,0.3677,0.0979,4,0,0,0,0
CUST009971,801,0.048,0.4984,3,0,1,0,0
CUST009972,800,0.0576,0.3338,1,0,0,0,0
CUST009973,682,0.2739,0.3722,5,0,0,0,1
CUST009974,652,0.6254,0.483,2,1,0,0,0
CUST009975,518,0.3853,0.1531,3,0,0,0,0
CUST009976,624,0.3135,0.1171,3,1,0,0,0
CUST009977,607,0.0534,0.432,2,0,0,0,0
CUST009978,720,0.6151,0.1748,3,0,0,0,0
CUST009979,688,0.2705,0.1639,3,0,0,0,0
CUST009980,807,0.0839,0.1118,6,1,0,0,0
CUST009981,468,0.317,0.1936,5,0,0,0,0
CUST009982,705,0.3169,0.5242,3,0,0,0,1
CUST009983,594,0.2367,0.4664,4,0,0,0,1
CUST009984,647,0.1159,0.5743,4,0,0,0,1
CUST009985,740,0.5077,0.2712,3,1,0,0,0
CUST009986,631,0.5421,0.2575,5,0,0,0,0
CUST009987,900,0.6136,0.656,1,0,1,0,1
CUST009988,618,0.1637,0.2284,5,0,0,0,0
CUST009989,612,0.0801,0.6503,5,0,0,0,0
CUST009990,491,0.3,0.3701,10,0,0,2,0
CUST009991,685,0.3123,0.3187,3,0,0,0,0
CUST009992,656,0.3932,0.596,7,0,0,0,0
CUST009993,519,0.3211,0.4256,4,0,0,0,0
CUST009994,612,0.1401,0.2608,3,0,0,0,0
CUST009995,710,0.2806,0.4254,5,0,0,1,1
CUST009996,543,0.0419,0.3612,4,0,0,0,0
CUST009997,581,0.0809,0.1455,4,1,0,0,2
CUST009998,669,0.0337,0.1214,3,1,3,0,1
CUST009999,702,0.0705,0.0885,5,0,0,0,0
