customer_id,age,income,employment_type,dependents
CUST000000,59,567111.36,Salaried,0
CUST000001,49,584987.71,Salaried,0
CUST000002,35,364507.28,Self-Employed,5
CUST000003,63,784392.5,Salaried,2
CUST000004,28,563901.15,Salaried,2
CUST000005,41,734059.31,Salaried,2
CUST000006,59,637231.35,Salaried,2
CUST000007,39,524581.06,Self-Employed,3
CUST000008,43,446961.6,Salaried,0
CUST000009,31,867389.2,Salaried,0
CUST000010,31,793186.74,Self-Employed,0
CUST000011,44,263709.78,Unemployed,0
CUST000012,56,280122.01,Self-Employed,1
CUST000013,60,639604.58,Salaried,1
CUST000014,44,481002.89,Salaried,1
CUST000015,23,1077464.65,Business Owner,1
CUST000016,42,643833.48,Salaried,3
CUST000017,22,417202.71,Self-Employed,1
CUST000018,44,565707.03,Salaried,1
CUST000019,64,913615.22,Salaried,0
CUST000020,50,845875.11,Business Owner,4
CUST000021,58,100000.0,Self-Employed,3
CUST000022,22,392769.78,Self-Employed,5
CUST000023,41,435709.64,Salaried,3
CUST000024,53,462034.93,Salaried,0
CUST000025,32,641869.52,Self-Employed,0
CUST000026,42,678182.55,Self-Employed,1
CUST000027,64,473542.86,Salaried,1
CUST000028,45,517397.29,Salaried,1
CUST000029,47,495276.17,Salaried,1
CUST000030,62,225905.21,Unemployed,3
CUST000031,48,684159.77,Self-Employed,0
CUST000032,36,1170776.29,Business Owner,1
CUST000033,35,445191.4,Salaried,1
CUST000034,64,100000.0,Unemployed,3
CUST000035,23,784571.59,Salaried,0
CUST000036,57,887837.51,Salaried,2
CUST000037,27,197372.16,Business Owner,5
CUST000038,41,936223.02,Salaried,1
CUST000039,29,584098.18,Salaried,1
CUST000040,59,625226.16,Salaried,1
CUST000041,38,402317.11,Salaried,1
CUST000042,24,145048.27,Self-Employed,1
CUST000043,45,100000.0,Self-Employed,0
CUST000044,34,706164.47,Self-Employed,6
CUST000045,29,483452.69,Self-Employed,2
CUST000046,46,592156.48,Self-Employed,0
CUST000047,22,769967.54,Salaried,1
CUST000048,40,585630.07,Salaried,1
CUST000049,48,234473.33,Unemployed,2
CUST000050,27,476187.89,Salaried,0
CUST000051,64,416477.45,Self-Employed,0
CUST000052,28,464576.74,Salaried,1
CUST000053,55,667101.25,Self-Employed,1
CUST000054,34,722712.01,Self-Employed,1
CUST000055,37,532061.63,Salaried,1
CUST000056,56,391027.9,Salaried,1
CUST000057,60,746122.27,Self-Employed,1
CUST000058,24,467887.63,Salaried,3
CUST000059,22,539579.86,Salaried,0
CUST000060,26,285348.68,Self-Employed,0
CUST000061,62,643118.78,Salaried,1
CUST000062,24,592015.17,Business Owner,0
CUST000063,49,705211.1,Salaried,2
CUST000064,38,516036.04,Salaried,1
CUST000065,46,607568.92,Self-Employed,1
CUST000066,64,461297.26,Salaried,4
CUST000067,54,783939.43,Salaried,1
CUST000068,30,525014.61,Salaried,2
CUST000069,56,613510.23,Salaried,0
CUST000070,34,421814.94,Salaried,0
CUST000071,51,597587.98,Salaried,1
CUST000072,35,427381.88,Salaried,0
CUST000073,28,593415.76,Salaried,1
CUST000074,34,307693.42,Self-Employed,1
CUST000075,43,468929.58,Self-Employed,0
CUST000076,60,669888.15,Salaried,1
CUST000077,41,225532.32,Self-Employed,1
CUST000078,36,882588.58,Business Owner,1
CUST000079,38,581661.92,Self-Employed,1
CUST000080,44,580814.34,Self-Employed,0
CUST000081,46,887757.36,Salaried,0
CUST000082,45,602196.62,Business Owner,1
CUST000083,61,599578.72,Salaried,2
CUST000084,49,862158.27,Salaried,3
CUST000085,35,225348.76,Self-Employed,0
CUST000086,21,255368.02,Salaried,1
CUST000087,45,680335.75,Salaried,0
CUST000088,27,708644.71,Self-Employed,0
CUST000089,29,100000.0,Self-Employed,0
CUST000090,44,436039.83,Self-Employed,1
CUST000091,21,492825.35,Business Owner,0
CUST000092,64,646451.29,Salaried,1
CUST000093,28,594922.86,Salaried,4
CUST000094,44,761789.23,Self-Employed,0
CUST000095,31,398271.69,Salaried,2
CUST000096,37,577206.69,Self-Employed,0
CUST000097,28,693241.84,Salaried,0
CUST000098,55,607551.4,Salaried,1
CUST000099,55,298965.9,Salaried,1
CUST000100,53,583107.97,Self-Employed,1
CUST000101,25,490401.68,Salaried,2
CUST000102,62,338508.52,Salaried,0
CUST000103,59,655380.41,Salaried,0
CUST000104,61,715080.25,Salaried,2
CUST000105,48,507690.05,Salaried,0
CUST000106,27,725076.25,Salaried,1
CUST000107,29,726582.18,Salaried,0
CUST000108,28,597381.85,Salaried,1
CUST000109,32,689450.8,Salaried,0
CUST000110,54,695271.95,Self-Employed,1
CUST000111,53,1110018.59,Business Owner,1
CUST000112,43,256952.28,Salaried,0
CUST000113,44,221947.73,Salaried,1
CUST000114,57,759909.37,Salaried,0
CUST000115,55,362316.48,Self-Employed,1
CUST000116,64,525606.29,Salaried,0
CUST000117,60,883499.1,Salaried,1
CUST000118,42,353264.02,Self-Employed,0
CUST000119,47,579230.36,Salaried,1
CUST000120,55,502493.69,Self-Employed,1
CUST000121,21,568056.52,Salaried,0
CUST000122,55,768816.28,Self-Employed,2
CUST000123,57,543809.52,Salaried,0
CUST000124,34,1187740.26,Business Owner,1
CUST000125,23,514052.12,Self-Employed,0
CUST000126,21,745039.85,Salaried,1
CUST000127,25,394207.61,Salaried,0
CUST000128,46,261965.6,Salaried,2
CUST000129,34,911899.59,Business Owner,0
CUST000130,59,561019.87,Business Owner,1
CUST000131,47,819731.99,Salaried,2
CUST000132,29,866773.77,Business Owner,0
CUST000133,35,632966.15,Salaried,0
CUST000134,35,553895.26,Salaried,1
CUST000135,46,639463.76,Business Owner,2
CUST000136,62,511501.35,Self-Employed,1
CUST000137,33,752208.82,Salaried,2
CUST000138,52,437482.63,Self-Employed,3
CUST000139,59,130858.72,Unemployed,1
CUST000140,52,660963.37,Self-Employed,2
CUST000141,24,226134.66,Business Owner,2
CUST000142,50,737694.47,Self-Employed,2
CUST000143,57,479046.93,Salaried,2
CUST000144,43,1277824.46,Business Owner,0
CUST000145,59,644076.81,Salaried,1
CUST000146,35,100000.0,Business Owner,1
CUST000147,63,601780.9,Salaried,1
CUST000148,49,762856.32,Self-Employed,2
CUST000149,56,554467.18,Salaried,2
CUST000150,33,568236.64,Salaried,2
CUST000151,52,484888.48,Salaried,1
CUST000152,27,209775.56,Unemployed,0
CUST000153,42,126854.15,Unemployed,0
CUST000154,48,868729.5,Salaried,0
CUST000155,22,207766.75,Unemployed,1
CUST000156,62,1432777.47,Business Owner,3
CUST000157,26,516034.68,Self-Employed,2
CUST000158,48,527051.07,Salaried,1
CUST000159,48,1091370.03,Business Owner,2
CUST000160,64,810398.33,Self-Employed,0
CUST000161,64,1609296.24,Business Owner,1
CUST000162,40,157121.24,Business Owner,2
CUST000163,50,1981918.96,Business Owner,0
CUST000164,31,550428.52,Self-Employed,0
CUST000165,48,716869.68,Salaried,0
CUST000166,45,465707.54,Salaried,6
CUST000167,59,455373.52,Salaried,3
CUST000168,53,384177.13,Salaried,1
CUST000169,21,840730.44,Self-Employed,3
CUST000170,47,362385.33,Self-Employed,0
CUST000171,33,863242.72,Business Owner,1
CUST000172,61,554795.47,Salaried,1
CUST000173,23,446875.85,Salaried,0
CUST000174,59,570156.78,Salaried,0
CUST000175,26,613185.0,Salaried,2
CUST000176,28,787316.69,Salaried,2
CUST000177,47,288180.13,Self-Employed,2
CUST000178,29,512474.87,Salaried,3
CUST000179,57,610021.48,Self-Employed,4
CUST000180,53,606808.64,Salaried,1
CUST000181,62,925524.69,Business Owner,5
CUST000182,64,511570.71,Business Owner,1
CUST000183,44,188923.1,Unemployed,0
CUST000184,35,1465449.58,Business Owner,1
CUST000185,52,1428466.62,Business Owner,3
CUST000186,52,822554.12,Business Owner,3
CUST000187,44,100000.0,Self-Employed,2
CUST000188,61,635059.63,Salaried,1
CUST000189,32,615046.54,Salaried,0
CUST000190,59,447282.21,Salaried,2
CUST000191,22,335668.55,Self-Employed,3
CUST000192,23,450666.41,Salaried,0
CUST000193,57,1009809.69,Business Owner,2
CUST000194,37,108879.72,Unemployed,1
CUST000195,22,624763.12,Salaried,2
CUST000196,22,956481.17,Salaried,1
CUST000197,48,140708.0,Unemployed,0
CUST000198,43,425994.96,Salaried,2
CUST000199,57,209331.11,Self-Employed,0
CUST000200,52,649510.33,Salaried,0
CUST000201,53,900578.7,Self-Employed,2
CUST000202,21,464760.0,Salaried,2
CUST000203,39,100000.0,Business Owner,0
CUST000204,22,841493.18,Self-Employed,2
CUST000205,64,977438.16,Salaried,2
CUST000206,46,713508.86,Salaried,1
CUST000207,52,664583.15,Salaried,0
CUST000208,26,153336.28,Unemployed,2
CUST000209,52,636204.15,Self-Employed,3
CUST000210,24,695220.77,Salaried,0
CUST000211,31,642448.02,Salaried,1
CUST000212,37,457153.62,Salaried,0
CUST000213,58,555538.98,Self-Employed,1
CUST000214,44,480317.35,Self-Employed,2
CUST000215,25,479692.61,Salaried,0
CUST000216,54,555072.0,Self-Employed,0
CUST000217,26,402760.53,Self-Employed,0
CUST000218,42,153386.76,Unemployed,2
CUST000219,31,1082595.31,Business Owner,1
CUST000220,36,619630.72,Self-Employed,1
CUST000221,53,407688.38,Self-Employed,0
CUST000222,29,667558.78,Salaried,2
CUST000223,26,1173272.28,Business Owner,0
CUST000224,36,746082.76,Salaried,0
CUST000225,49,645729.12,Salaried,3
CUST000226,23,690802.3,Salaried,2
CUST000227,40,731439.96,Business Owner,0
CUST000228,56,986537.96,Salaried,1
CUST000229,39,590383.25,Salaried,0
CUST000230,46,768177.72,Salaried,4
CUST000231,23,526986.11,Salaried,1
CUST000232,39,656213.08,Salaried,2
CUST000233,40,1034969.71,Business Owner,0
CUST000234,52,1111125.55,Business Owner,1
CUST000235,27,472799.57,Salaried,2
CUST000236,61,1055776.98,Business Owner,1
CUST000237,53,403425.07,Self-Employed,1
CUST000238,60,722918.62,Salaried,1
CUST000239,59,324354.22,Self-Employed,0
CUST000240,38,165294.99,Unemployed,2
CUST000241,60,595753.85,Salaried,2
CUST000242,21,878235.88,Salaried,2
CUST000243,31,1347114.93,Business Owner,1
CUST000244,48,774499.47,Self-Employed,0
CUST000245,45,484266.73,Salaried,3
CUST000246,43,423327.4,Self-Employed,0
CUST000247,51,599389.75,Salaried,1
CUST000248,50,1357823.5,Business Owner,2
CUST000249,62,656411.44,Salaried,3
CUST000250,55,487623.36,Salaried,2
CUST000251,27,358618.44,Self-Employed,1
CUST000252,36,778870.73,Salaried,2
CUST000253,46,661251.01,Salaried,1
CUST000254,22,510492.27,Self-Employed,2
CUST000255,21,887845.12,Business Owner,1
CUST000256,32,734309.35,Salaried,0
CUST000257,25,289124.96,Self-Employed,3
CUST000258,57,607779.16,Salaried,4
CUST000259,52,616743.18,Salaried,1
CUST000260,29,413113.48,Salaried,1
CUST000261,61,568889.79,Salaried,0
CUST000262,55,1814609.76,Business Owner,3
CUST000263,39,474748.84,Salaried,3
CUST000264,36,525207.99,Self-Employed,1
CUST000265,23,288430.72,Salaried,3
CUST000266,40,143054.37,Unemployed,1
CUST000267,44,285125.09,Self-Employed,0
CUST000268,53,429635.84,Self-Employed,0
CUST000269,44,663925.02,Salaried,3
CUST000270,31,431135.11,Salaried,1
CUST000271,28,636155.19,Salaried,0
CUST000272,56,588090.55,Business Owner,3
CUST000273,58,399682.0,Salaried,0
CUST000274,60,696540.81,Self-Employed,1
CUST000275,40,307718.34,Self-Employed,1
CUST000276,55,536424.21,Salaried,1
CUST000277,45,385852.48,Self-Employed,0
CUST000278,55,543376.81,Self-Employed,1
CUST000279,45,506460.46,Self-Employed,0
CUST000280,49,575215.22,Salaried,2
CUST000281,38,493689.55,Salaried,0
CUST000282,38,560204.6,Salaried,0
CUST000283,22,1017536.66,Business Owner,2
CUST000284,55,523578.58,Self-Employed,1
CUST000285,36,768265.36,Salaried,1
CUST000286,61,1205204.26,Business Owner,2
CUST000287,56,765969.76,Salaried,1
CUST000288,53,1441363.4,Business Owner,0
CUST000289,24,159354.28,Unemployed,1
CUST000290,53,1241448.57,Business Owner,4
CUST000291,34,1034276.75,Business Owner,1
CUST000292,41,799014.39,Salaried,2
CUST000293,40,336771.49,Salaried,4
CUST000294,28,436887.74,Self-Employed,4
CUST000295,27,661511.07,Salaried,1
CUST000296,23,685494.12,Salaried,0
CUST000297,37,496472.27,Self-Employed,2
CUST000298,53,350624.95,Salaried,2
CUST000299,32,828976.96,Business Owner,1
CUST000300,42,1226481.89,Business Owner,3
CUST000301,42,773739.5,Business Owner,2
CUST000302,50,518500.32,Self-Employed,4
CUST000303,58,1666619.71,Business Owner,1
CUST000304,58,825249.06,Business Owner,2
CUST000305,28,468523.59,Self-Employed,0
CUST000306,47,629125.93,Salaried,0
CUST000307,47,995015.55,Business Owner,1
CUST000308,54,953847.2,Business Owner,1
CUST000309,41,658980.12,Salaried,3
CUST000310,50,421490.18,Salaried,3
CUST000311,53,475759.04,Self-Employed,1
CUST000312,48,415743.28,Salaried,1
CUST000313,53,922386.83,Business Owner,2
CUST000314,25,180228.79,Unemployed,1
CUST000315,39,579195.48,Salaried,0
CUST000316,24,310632.27,Self-Employed,1
CUST000317,55,535362.22,Salaried,0
CUST000318,37,860201.82,Self-Employed,1
CUST000319,64,817454.55,Salaried,1
CUST000320,48,391556.82,Self-Employed,0
CUST000321,50,517921.78,Salaried,1
CUST000322,49,583682.83,Salaried,2
CUST000323,26,785951.76,Salaried,1
CUST000324,55,337356.21,Salaried,0
CUST000325,61,388965.57,Self-Employed,3
CUST000326,57,661697.87,Salaried,0
CUST000327,44,644381.94,Salaried,2
CUST000328,49,728940.28,Business Owner,1
CUST000329,51,799083.4,Business Owner,1
CUST000330,55,1032384.42,Business Owner,2
CUST000331,53,735841.48,Business Owner,1
CUST000332,41,440483.4,Salaried,0
CUST000333,52,572189.4,Salaried,1
CUST000334,43,537871.34,Self-Employed,1
CUST000335,53,100000.0,Business Owner,5
CUST000336,23,169611.16,Unemployed,1
CUST000337,38,746126.35,Salaried,0
CUST000338,45,546411.59,Salaried,0
CUST000339,62,549132.66,Salaried,3
CUST000340,51,352316.55,Self-Employed,1
CUST000341,23,469523.15,Self-Employed,1
CUST000342,60,516274.22,Salaried,0
CUST000343,44,817140.84,Salaried,2
CUST000344,52,524921.29,Self-Employed,0
CUST000345,42,100000.0,Self-Employed,1
CUST000346,43,685580.2,Salaried,1
CUST000347,22,1587655.93,Business Owner,3
CUST000348,47,601813.61,Self-Employed,1
CUST000349,62,1376006.63,Business Owner,0
CUST000350,22,1170872.49,Business Owner,0
CUST000351,46,748647.58,Salaried,1
CUST000352,37,741343.98,Salaried,1
CUST000353,60,690750.41,Self-Employed,1
CUST000354,53,647501.41,Salaried,1
CUST000355,29,213986.87,Business Owner,1
CUST000356,63,282142.05,Self-Employed,1
CUST000357,59,471617.39,Business Owner,1
CUST000358,49,221160.57,Salaried,0
CUST000359,62,534785.3,Salaried,1
CUST000360,46,783094.65,Self-Employed,1
CUST000361,55,384543.58,Salaried,1
CUST000362,45,645615.03,Self-Employed,0
CUST000363,44,1111641.58,Business Owner,1
CUST000364,33,634495.31,Salaried,3
CUST000365,27,736516.11,Self-Employed,1
CUST000366,56,593802.88,Salaried,1
CUST000367,40,828228.68,Salaried,0
CUST000368,21,140025.44,Unemployed,2
CUST000369,28,167168.2,Unemployed,0
CUST000370,36,578759.69,Salaried,0
CUST000371,34,530480.87,Business Owner,1
CUST000372,32,398012.17,Salaried,0
CUST000373,43,686286.28,Salaried,2
CUST000374,35,802093.01,Salaried,2
CUST000375,48,997661.78,Business Owner,0
CUST000376,54,677092.76,Salaried,1
CUST000377,22,189135.66,Self-Employed,1
CUST000378,52,577051.56,Self-Employed,0
CUST000379,43,100000.0,Self-Employed,0
CUST000380,42,420662.92,Salaried,0
CUST000381,45,800128.92,Salaried,0
CUST000382,42,602047.51,Salaried,1
CUST000383,42,521167.2,Self-Employed,1
CUST000384,62,610760.25,Self-Employed,1
CUST000385,26,659626.04,Self-Employed,0
CUST000386,35,445834.51,Self-Employed,0
CUST000387,63,643937.61,Salaried,2
CUST000388,57,872195.14,Business Owner,0
CUST000389,53,193603.03,Self-Employed,2
CUST000390,28,546824.03,Salaried,1
CUST000391,64,661957.1,Salaried,0
CUST000392,64,746006.98,Business Owner,2
CUST000393,25,749637.0,Business Owner,2
CUST000394,59,717329.82,Salaried,0
CUST000395,24,532223.78,Self-Employed,1
CUST000396,26,652781.27,Salaried,1
CUST000397,52,356291.49,Salaried,0
CUST000398,50,589664.0,Self-Employed,4
CUST000399,55,278311.56,Self-Employed,1
CUST000400,60,495095.78,Self-Employed,1
CUST000401,36,440519.5,Salaried,1
CUST000402,33,739938.82,Salaried,1
CUST000403,62,874441.19,Salaried,0
CUST000404,50,577863.73,Salaried,0
CUST000405,39,576466.56,Salaried,0
CUST000406,37,754612.45,Salaried,3
CUST000407,39,685783.06,Salaried,2
CUST000408,48,589307.59,Salaried,1
CUST000409,46,573641.98,Self-Employed,2
CUST000410,57,904472.02,Salaried,0
CUST000411,46,499219.44,Salaried,1
CUST000412,43,382822.8,Self-Employed,0
CUST000413,29,719198.74,Salaried,0
CUST000414,32,922486.88,Self-Employed,1
CUST000415,21,626582.39,Salaried,2
CUST000416,21,343565.82,Salaried,0
CUST000417,54,658557.31,Salaried,1
CUST000418,52,521257.72,Salaried,1
CUST000419,45,595232.38,Self-Employed,3
CUST000420,60,356269.93,Business Owner,3
CUST000421,21,378631.53,Salaried,2
CUST000422,36,555469.41,Salaried,0
CUST000423,59,830449.98,Self-Employed,0
CUST000424,25,394257.44,Salaried,2
CUST000425,42,771861.79,Business Owner,3
CUST000426,49,380429.41,Salaried,0
CUST000427,23,164493.61,Unemployed,1
CUST000428,32,633225.65,Salaried,1
CUST000429,46,386413.13,Salaried,0
CUST000430,36,1415092.11,Business Owner,2
CUST000431,57,115558.74,Self-Employed,1
CUST000432,42,836467.94,Salaried,0
CUST000433,49,774893.77,Self-Employed,3
CUST000434,34,561159.38,Self-Employed,1
CUST000435,48,734416.7,Salaried,1
CUST000436,25,464378.05,Self-Employed,1
CUST000437,50,368944.35,Salaried,0
CUST000438,25,994594.21,Business Owner,1
CUST000439,32,100000.0,Unemployed,1
CUST000440,36,598367.99,Salaried,1
CUST000441,46,414473.61,Salaried,0
CUST000442,46,746312.06,Salaried,2
CUST000443,41,657025.32,Salaried,0
CUST000444,59,1171322.1,Business Owner,1
CUST000445,56,651043.86,Salaried,1
CUST000446,53,882122.06,Salaried,1
CUST000447,50,1308959.91,Business Owner,1
CUST000448,57,1581448.73,Business Owner,2
CUST000449,43,464992.45,Salaried,0
CUST000450,30,391482.94,Self-Employed,0
CUST000451,25,100000.0,Self-Employed,2
CUST000452,56,130380.6,Unemployed,3
CUST000453,54,492890.22,Self-Employed,0
CUST000454,51,586862.41,Self-Employed,0
CUST000455,30,520358.64,Salaried,1
CUST000456,39,710460.17,Salaried,2
CUST000457,52,633268.6,Self-Employed,1
CUST000458,21,710571.16,Business Owner,2
CUST000459,25,516627.16,Business Owner,0
CUST000460,24,153295.39,Unemployed,0
CUST000461,36,614898.33,Salaried,1
CUST000462,44,378452.25,Self-Employed,3
CUST000463,36,796316.58,Business Owner,1
CUST000464,22,216428.16,Self-Employed,1
CUST000465,48,701782.58,Salaried,1
CUST000466,52,704209.93,Salaried,1
CUST000467,47,919594.88,Business Owner,0
CUST000468,40,714825.3,Salaried,2
CUST000469,44,952462.61,Business Owner,1
CUST000470,32,842439.91,Salaried,0
CUST000471,55,240718.34,Self-Employed,2
CUST000472,53,540358.09,Self-Employed,2
CUST000473,53,680669.75,Self-Employed,1
CUST000474,63,823815.0,Salaried,2
CUST000475,57,1217030.04,Business Owner,3
CUST000476,32,292403.92,Self-Employed,1
CUST000477,23,351742.69,Salaried,2
CUST000478,21,466024.59,Self-Employed,0
CUST000479,53,654257.75,Salaried,3
CUST000480,60,741710.26,Salaried,2
CUST000481,30,435679.51,Salaried,1
CUST000482,63,1144295.22,Business Owner,1
CUST000483,64,198355.76,Salaried,1
CUST000484,49,352101.25,Self-Employed,1
CUST000485,33,729041.61,Salaried,0
CUST000486,32,421318.41,Salaried,1
CUST000487,51,100000.0,Unemployed,1
CUST000488,22,394915.4,Self-Employed,0
CUST000489,55,970796.88,Business Owner,1
CUST000490,43,432711.76,Salaried,1
CUST000491,37,595157.45,Salaried,0
CUST000492,46,727128.6,Business Owner,1
CUST000493,28,731586.4,Self-Employed,3
CUST000494,49,527432.89,Salaried,2
CUST000495,46,604250.92,Salaried,0
CUST000496,30,966534.85,Business Owner,2
CUST000497,46,537039.41,Salaried,2
CUST000498,54,653940.26,Self-Employed,1
CUST000499,61,746642.04,Salaried,2
CUST000500,27,526655.17,Salaried,1
CUST000501,24,164656.02,Unemployed,1
CUST000502,31,460870.66,Salaried,2
CUST000503,49,684570.25,Salaried,2
CUST000504,56,993129.22,Business Owner,0
CUST000505,45,545408.9,Salaried,1
CUST000506,41,649489.86,Salaried,1
CUST000507,56,618571.13,Self-Employed,2
CUST000508,30,784558.17,Salaried,1
CUST000509,57,659622.33,Salaried,4
CUST000510,29,733261.55,Salaried,1
CUST000511,44,880971.07,Self-Employed,0
CUST000512,55,293206.85,Self-Employed,4
CUST000513,55,734264.49,Self-Employed,1
CUST000514,56,468127.71,Salaried,1
CUST000515,38,357309.9,Self-Employed,0
CUST000516,59,149410.02,Unemployed,0
CUST000517,52,503095.38,Salaried,3
CUST000518,44,337353.59,Self-Employed,3
CUST000519,43,487919.05,Self-Employed,3
CUST000520,52,766700.41,Business Owner,3
CUST000521,57,633878.91,Business Owner,1
CUST000522,32,457107.59,Salaried,2
CUST000523,33,813772.39,Salaried,2
CUST000524,43,419969.96,Salaried,1
CUST000525,45,574848.07,Salaried,1
CUST000526,55,767688.4,Salaried,2
CUST000527,61,1223818.92,Business Owner,0
CUST000528,50,635057.24,Salaried,1
CUST000529,37,506453.71,Salaried,2
CUST000530,40,496249.19,Self-Employed,2
CUST000531,45,431389.45,Salaried,2
CUST000532,42,785946.15,Business Owner,0
CUST000533,33,779892.88,Business Owner,3
CUST000534,39,569444.54,Salaried,1
CUST000535,56,481798.52,Salaried,2
CUST000536,32,345617.84,Salaried,1
CUST000537,61,750370.65,Self-Employed,1
CUST000538,39,754465.44,Salaried,0
CUST000539,32,674930.86,Self-Employed,2
CUST000540,29,1051367.7,Business Owner,1
CUST000541,27,625554.39,Salaried,0
CUST000542,48,622525.84,Business Owner,1
CUST000543,34,511976.05,Salaried,3
CUST000544,51,1482142.19,Business Owner,0
CUST000545,39,852436.1,Salaried,0
CUST000546,36,463049.32,Self-Employed,3
CUST000547,25,600564.63,Salaried,1
CUST000548,55,1192928.62,Business Owner,0
CUST000549,32,614019.98,Salaried,3
CUST000550,45,625355.18,Salaried,2
CUST000551,41,488040.15,Self-Employed,2
CUST000552,56,459324.61,Salaried,0
CUST000553,43,425397.52,Self-Employed,1
CUST000554,36,846533.5,Business Owner,2
CUST000555,59,221984.9,Salaried,1
CUST000556,62,613126.99,Salaried,0
CUST000557,59,948384.88,Salaried,1
CUST000558,34,414126.18,Self-Employed,1
CUST000559,51,604968.93,Salaried,0
CUST000560,25,473927.1,Salaried,0
CUST000561,55,435915.11,Salaried,1
CUST000562,43,553486.24,Salaried,1
CUST000563,49,181489.66,Unemployed,0
CUST000564,63,564936.99,Salaried,3
CUST000565,31,425184.55,Self-Employed,0
CUST000566,38,599119.14,Self-Employed,0
CUST000567,32,540019.42,Self-Employed,2
CUST000568,29,641891.08,Salaried,3
CUST000569,30,738058.89,Self-Employed,0
CUST000570,64,1325853.69,Business Owner,0
CUST000571,37,824361.0,Salaried,1
CUST000572,58,418075.26,Salaried,1
CUST000573,27,728588.31,Salaried,0
CUST000574,33,846873.44,Salaried,0
CUST000575,60,355101.6,Salaried,2
CUST000576,62,495981.12,Self-Employed,2
CUST000577,29,518509.9,Salaried,2
CUST000578,47,596349.71,Salaried,0
CUST000579,22,729395.66,Self-Employed,1
CUST000580,25,390639.67,Salaried,2
CUST000581,49,548997.54,Self-Employed,1
CUST000582,57,515307.68,Salaried,0
CUST000583,58,1371056.65,Business Owner,1
CUST000584,39,663140.16,Salaried,1
CUST000585,28,468450.68,Self-Employed,0
CUST000586,21,612753.21,Business Owner,0
CUST000587,42,998688.28,Salaried,2
CUST000588,37,641983.28,Salaried,2
CUST000589,27,216009.11,Self-Employed,3
CUST000590,45,478388.69,Salaried,3
CUST000591,24,1065046.12,Business Owner,2
CUST000592,56,113498.69,Unemployed,0
CUST000593,26,508948.79,Salaried,2
CUST000594,51,747888.87,Salaried,4
CUST000595,39,734611.45,Salaried,1
CUST000596,64,514318.94,Salaried,1
CUST000597,59,734171.04,Self-Employed,0
CUST000598,47,357876.9,Self-Employed,1
CUST000599,30,854031.17,Salaried,2
CUST000600,46,680631.87,Salaried,0
CUST000601,39,643527.26,Salaried,3
CUST000602,59,542279.5,Salaried,1
CUST000603,23,656539.32,Business Owner,1
CUST000604,33,251025.24,Salaried,1
CUST000605,48,782341.72,Business Owner,2
CUST000606,40,497900.9,Self-Employed,0
CUST000607,48,134779.7,Self-Employed,1
CUST000608,28,723507.59,Salaried,1
CUST000609,61,467925.7,Self-Employed,0
CUST000610,59,742942.42,Self-Employed,1
CUST000611,21,363267.92,Self-Employed,2
CUST000612,23,785463.12,Salaried,2
CUST000613,33,532645.36,Salaried,1
CUST000614,48,489942.97,Self-Employed,3
CUST000615,45,632342.29,Salaried,1
CUST000616,53,593750.73,Salaried,0
CUST000617,58,165217.84,Unemployed,3
CUST000618,26,311317.73,Salaried,3
CUST000619,64,579091.84,Salaried,2
CUST000620,52,587936.72,Salaried,2
CUST000621,41,102703.83,Self-Employed,1
CUST000622,36,696370.56,Salaried,1
CUST000623,41,317729.32,Self-Employed,2
CUST000624,31,741349.38,Salaried,0
CUST000625,57,612892.75,Salaried,2
CUST000626,56,385143.62,Self-Employed,0
CUST000627,55,750703.81,Salaried,0
CUST000628,39,233093.35,Unemployed,0
CUST000629,40,605776.01,Salaried,1
CUST000630,38,806232.91,Salaried,1
CUST000631,61,573581.01,Salaried,0
CUST000632,34,744348.28,Salaried,0
CUST000633,35,131626.14,Unemployed,1
CUST000634,51,1630356.71,Business Owner,1
CUST000635,21,761596.09,Salaried,1
CUST000636,23,594068.95,Self-Employed,1
CUST000637,36,100000.0,Self-Employed,1
CUST000638,43,667322.5,Salaried,3
CUST000639,31,414760.06,Salaried,0
CUST000640,32,1041301.2,Business Owner,1
CUST000641,30,213874.96,Unemployed,2
CUST000642,52,184449.85,Unemployed,5
CUST000643,36,671742.48,Self-Employed,2
CUST000644,28,425395.31,Self-Employed,2
CUST000645,58,371309.89,Salaried,2
CUST000646,32,484282.93,Salaried,0
CUST000647,44,550539.53,Salaried,1
CUST000648,48,497187.88,Self-Employed,1
CUST000649,28,753825.59,Self-Employed,3
CUST000650,48,1192231.15,Business Owner,0
CUST000651,56,1787890.09,Business Owner,2
CUST000652,46,499485.07,Business Owner,0
CUST000653,28,208198.39,Unemployed,1
CUST000654,48,731303.41,Salaried,0
CUST000655,48,476687.57,Self-Employed,0
CUST000656,57,307806.79,Self-Employed,2
CUST000657,61,507678.12,Salaried,0
CUST000658,56,116822.19,Unemployed,1
CUST000659,47,1584267.1,Business Owner,1
CUST000660,37,724237.57,Salaried,0
CUST000661,29,729848.44,Salaried,3
CUST000662,53,517534.73,Self-Employed,2
CUST000663,40,454240.8,Self-Employed,1
CUST000664,33,1034934.32,Business Owner,3
CUST000665,48,615369.8,Salaried,1
CUST000666,49,585595.55,Salaried,2
CUST000667,33,655003.33,Salaried,2
CUST000668,55,440117.5,Salaried,2
CUST000669,26,640051.43,Salaried,1
CUST000670,38,855680.02,Business Owner,1
CUST000671,25,492807.56,Salaried,0
CUST000672,45,696094.09,Salaried,2
CUST000673,22,869277.4,Salaried,3
CUST000674,30,791710.46,Salaried,0
CUST000675,50,786954.03,Business Owner,1
CUST000676,25,632879.5,Self-Employed,3
CUST000677,53,668677.36,Self-Employed,4
CUST000678,21,617875.76,Salaried,1
CUST000679,38,596400.78,Salaried,0
CUST000680,52,651563.91,Salaried,0
CUST000681,31,976886.83,Salaried,1
CUST000682,41,1002926.92,Business Owner,0
CUST000683,46,409886.87,Salaried,1
CUST000684,45,290741.39,Self-Employed,1
CUST000685,42,574321.26,Salaried,1
CUST000686,47,250623.23,Self-Employed,3
CUST000687,33,846992.91,Business Owner,2
CUST000688,53,945042.13,Self-Employed,0
CUST000689,54,397713.49,Self-Employed,4
CUST000690,61,100000.0,Unemployed,0
CUST000691,55,458484.32,Self-Employed,2
CUST000692,21,584407.69,Salaried,1
CUST000693,41,451675.89,Salaried,1
CUST000694,26,252326.95,Self-Employed,0
CUST000695,48,771250.21,Self-Employed,0
CUST000696,37,675114.61,Salaried,0
CUST000697,25,527588.98,Salaried,2
CUST000698,51,100000.0,Unemployed,1
CUST000699,25,522383.75,Salaried,2
CUST000700,58,416094.61,Salaried,0
CUST000701,23,513077.65,Salaried,1
CUST000702,43,1726763.2,Business Owner,0
CUST000703,57,635828.18,Salaried,3
CUST000704,57,376396.77,Self-Employed,0
CUST000705,30,701930.34,Salaried,2
CUST000706,30,313991.35,Self-Employed,0
CUST000707,39,737750.08,Business Owner,3
CUST000708,37,321874.28,Salaried,0
CUST000709,41,791110.36,Salaried,1
CUST000710,34,569740.59,Salaried,3
CUST000711,29,477185.33,Salaried,0
CUST000712,21,1159796.3,Business Owner,1
CUST000713,33,442841.75,Salaried,0
CUST000714,24,302613.08,Self-Employed,0
CUST000715,21,543142.8,Salaried,2
CUST000716,60,420372.32,Salaried,1
CUST000717,52,501982.7,Salaried,0
CUST000718,54,460368.48,Self-Employed,1
CUST000719,48,583818.79,Salaried,2
CUST000720,51,235073.1,Self-Employed,0
CUST000721,28,563350.52,Salaried,1
CUST000722,59,687100.1,Salaried,3
CUST000723,46,649487.27,Self-Employed,1
CUST000724,54,700989.29,Business Owner,0
CUST000725,23,571674.11,Salaried,1
CUST000726,32,450436.04,Self-Employed,2
CUST000727,21,391245.66,Salaried,0
CUST000728,64,391968.29,Self-Employed,2
CUST000729,25,1218491.32,Business Owner,1
CUST000730,50,1224845.92,Business Owner,0
CUST000731,50,582378.42,Self-Employed,0
CUST000732,37,200817.64,Salaried,0
CUST000733,43,587394.93,Business Owner,3
CUST000734,35,670139.17,Salaried,2
CUST000735,57,856858.89,Salaried,0
CUST000736,41,597815.99,Salaried,3
CUST000737,34,938349.16,Business Owner,0
CUST000738,22,854739.31,Business Owner,0
CUST000739,31,404021.12,Salaried,0
CUST000740,59,570385.28,Self-Employed,0
CUST000741,58,291460.94,Business Owner,2
CUST000742,54,587213.78,Salaried,1
CUST000743,58,613357.47,Salaried,0
CUST000744,54,509859.66,Self-Employed,0
CUST000745,38,405238.93,Salaried,0
CUST000746,50,493646.0,Salaried,0
CUST000747,35,637747.2,Self-Employed,1
CUST000748,47,929143.13,Business Owner,1
CUST000749,54,359505.21,Self-Employed,2
CUST000750,58,285773.39,Self-Employed,3
CUST000751,53,720421.54,Salaried,1
CUST000752,44,605154.45,Salaried,0
CUST000753,35,273848.33,Self-Employed,0
CUST000754,50,571702.35,Salaried,1
CUST000755,62,577556.93,Business Owner,1
CUST000756,37,645206.95,Salaried,1
CUST000757,25,788042.82,Salaried,2
CUST000758,49,437874.07,Salaried,1
CUST000759,24,962869.68,Business Owner,1
CUST000760,30,620847.68,Salaried,1
CUST000761,37,278321.55,Salaried,1
CUST000762,30,724892.46,Salaried,2
CUST000763,37,1739579.03,Business Owner,1
CUST000764,40,620705.45,Salaried,1
CUST000765,44,803943.0,Salaried,3
CUST000766,25,411815.84,Salaried,3
CUST000767,54,356247.15,Self-Employed,1
CUST000768,26,610686.49,Salaried,2
CUST000769,22,471947.99,Salaried,1
CUST000770,33,605714.69,Salaried,2
CUST000771,63,700674.94,Self-Employed,3
CUST000772,63,323387.04,Self-Employed,0
CUST000773,31,757127.91,Salaried,1
CUST000774,43,130682.51,Business Owner,3
CUST000775,36,121561.74,Unemployed,0
CUST000776,51,570460.17,Salaried,3
CUST000777,31,314608.41,Self-Employed,1
CUST000778,36,389037.31,Self-Employed,0
CUST000779,28,1458457.93,Business Owner,1
CUST000780,24,785989.79,Salaried,2
CUST000781,60,708005.14,Salaried,2
CUST000782,24,756181.85,Salaried,2
CUST000783,45,651851.83,Business Owner,2
CUST000784,23,416573.94,Salaried,0
CUST000785,52,478859.87,Salaried,0
CUST000786,23,501147.33,Salaried,1
CUST000787,47,508572.75,Salaried,2
CUST000788,49,605627.76,Self-Employed,0
CUST000789,52,648476.68,Salaried,0
CUST000790,39,573650.71,Salaried,3
CUST000791,41,854368.94,Business Owner,6
CUST000792,25,764238.34,Salaried,0
CUST000793,38,241635.41,Self-Employed,1
CUST000794,48,718450.96,Salaried,0
CUST000795,62,283305.87,Salaried,3
CUST000796,42,673641.73,Business Owner,3
CUST000797,41,802117.35,Self-Employed,2
CUST000798,26,645126.28,Salaried,0
CUST000799,21,126667.91,Unemployed,1
CUST000800,25,1266128.14,Business Owner,0
CUST000801,61,179755.2,Unemployed,1
CUST000802,32,683192.23,Salaried,0
CUST000803,46,569796.12,Salaried,0
CUST000804,54,691989.01,Self-Employed,2
CUST000805,34,371219.67,Self-Employed,1
CUST000806,46,496322.39,Salaried,3
CUST000807,47,874855.93,Self-Employed,1
CUST000808,29,525012.55,Salaried,2
CUST000809,46,295223.31,Salaried,0
CUST000810,42,759374.29,Salaried,1
CUST000811,50,772260.44,Self-Employed,2
CUST000812,63,564637.45,Salaried,0
CUST000813,37,100000.0,Business Owner,1
CUST000814,46,488956.42,Self-Employed,0
CUST000815,56,914460.22,Self-Employed,2
CUST000816,21,160127.96,Unemployed,1
CUST000817,28,653871.61,Self-Employed,1
CUST000818,55,191340.6,Unemployed,1
CUST000819,35,745694.02,Salaried,1
CUST000820,42,879379.49,Salaried,0
CUST000821,34,762018.15,Salaried,1
CUST000822,46,587892.45,Salaried,0
CUST000823,48,453650.31,Business Owner,1
CUST000824,43,664457.14,Salaried,0
CUST000825,34,570982.19,Salaried,1
CUST000826,44,643357.27,Self-Employed,1
CUST000827,22,327425.94,Self-Employed,0
CUST000828,46,554908.18,Salaried,1
CUST000829,34,502231.94,Self-Employed,1
CUST000830,27,459118.84,Salaried,0
CUST000831,23,605979.06,Salaried,0
CUST000832,43,657371.16,Self-Employed,0
CUST000833,63,882027.68,Self-Employed,1
CUST000834,38,489703.53,Salaried,1
CUST000835,58,1262330.39,Business Owner,1
CUST000836,55,303297.53,Salaried,1
CUST000837,35,598869.07,Salaried,0
CUST000838,45,610597.41,Salaried,2
CUST000839,57,662837.89,Self-Employed,0
CUST000840,48,396063.98,Self-Employed,1
CUST000841,30,636713.67,Salaried,0
CUST000842,59,766262.57,Salaried,1
CUST000843,37,274554.34,Self-Employed,1
CUST000844,59,306221.8,Salaried,1
CUST000845,42,761927.69,Salaried,2
CUST000846,46,300497.73,Self-Employed,1
CUST000847,64,668542.64,Salaried,1
CUST000848,45,1680035.13,Business Owner,0
CUST000849,37,725457.26,Salaried,0
CUST000850,33,305732.44,Self-Employed,0
CUST000851,40,380663.65,Salaried,1
CUST000852,45,588611.63,Business Owner,0
CUST000853,24,625924.43,Salaried,3
CUST000854,30,450016.72,Self-Employed,1
CUST000855,23,772371.62,Self-Employed,3
CUST000856,61,700069.1,Salaried,2
CUST000857,38,490404.56,Salaried,1
CUST000858,56,669213.54,Self-Employed,2
CUST000859,42,1502567.29,Business Owner,2
CUST000860,54,552737.41,Salaried,0
CUST000861,28,671937.28,Salaried,1
CUST000862,60,550171.41,Business Owner,3
CUST000863,64,578737.95,Salaried,0
CUST000864,39,105399.72,Unemployed,3
CUST000865,62,747858.04,Self-Employed,1
CUST000866,61,399644.85,Self-Employed,1
CUST000867,57,666005.44,Salaried,3
CUST000868,26,695287.04,Salaried,4
CUST000869,46,1121815.51,Self-Employed,1
CUST000870,54,793706.21,Business Owner,1
CUST000871,26,111142.75,Unemployed,2
CUST000872,57,589167.02,Salaried,1
CUST000873,53,472422.71,Salaried,1
CUST000874,42,526879.75,Salaried,1
CUST000875,41,1190963.58,Business Owner,2
CUST000876,26,499246.82,Salaried,0
CUST000877,26,684295.64,Salaried,2
CUST000878,24,689467.23,Salaried,0
CUST000879,50,637405.98,Salaried,1
CUST000880,31,183475.44,Unemployed,1
CUST000881,50,555839.81,Salaried,1
CUST000882,51,299588.98,Salaried,1
CUST000883,44,608889.47,Salaried,2
CUST000884,29,611743.86,Salaried,3
CUST000885,23,544476.56,Salaried,4
CUST000886,51,697181.73,Salaried,2
CUST000887,60,652861.18,Self-Employed,3
CUST000888,57,632723.59,Salaried,0
CUST000889,56,614795.79,Salaried,1
CUST000890,44,782816.99,Salaried,0
CUST000891,51,285198.36,Self-Employed,2
CUST000892,26,433724.78,Self-Employed,0
CUST000893,22,699563.84,Self-Employed,1
CUST000894,40,607155.01,Self-Employed,1
CUST000895,48,452994.1,Self-Employed,0
CUST000896,31,658585.97,Salaried,1
CUST000897,24,680716.75,Business Owner,1
CUST000898,35,624192.07,Salaried,1
CUST000899,26,703208.37,Salaried,0
CUST000900,50,758373.71,Self-Employed,2
CUST000901,58,699135.89,Salaried,1
CUST000902,22,1445452.16,Business Owner,2
CUST000903,35,383604.22,Salaried,0
CUST000904,31,100000.0,Business Owner,2
CUST000905,28,100000.0,Business Owner,2
CUST000906,46,205802.83,Unemployed,1
CUST000907,64,1141474.98,Business Owner,1
CUST000908,25,612674.23,Business Owner,0
CUST000909,26,423021.21,Self-Employed,3
CUST000910,46,650471.62,Salaried,1
CUST000911,24,491504.24,Salaried,2
CUST000912,39,336560.27,Self-Employed,1
CUST000913,40,117271.2,Unemployed,2
CUST000914,53,351899.11,Self-Employed,1
CUST000915,40,917676.4,Business Owner,3
CUST000916,32,1565216.66,Business Owner,2
CUST000917,21,448933.33,Salaried,1
CUST000918,46,589016.05,Salaried,0
CUST000919,34,669092.36,Salaried,3
CUST000920,58,680333.12,Salaried,2
CUST000921,57,398824.62,Self-Employed,0
CUST000922,31,180934.96,Unemployed,1
CUST000923,56,584005.79,Self-Employed,0
CUST000924,33,532311.13,Salaried,2
CUST000925,63,397091.38,Salaried,1
CUST000926,23,428502.66,Salaried,0
CUST000927,53,711878.32,Salaried,1
CUST000928,26,814059.61,Salaried,1
CUST000929,30,600113.26,Salaried,2
CUST000930,25,810285.83,Salaried,0
CUST000931,43,592142.93,Salaried,1
CUST000932,30,442206.96,Business Owner,0
CUST000933,64,568579.93,Salaried,1
CUST000934,22,823778.54,Salaried,3
CUST000935,33,509480.16,Salaried,3
CUST000936,60,579607.17,Salaried,1
CUST000937,22,737126.94,Self-Employed,0
CUST000938,40,723358.36,Self-Employed,0
CUST000939,21,645888.95,Salaried,1
CUST000940,57,606929.58,Self-Employed,2
CUST000941,29,759427.46,Salaried,1
CUST000942,37,561711.83,Self-Employed,1
CUST000943,29,792076.53,Salaried,0
CUST000944,31,700790.95,Salaried,2
CUST000945,35,470420.68,Self-Employed,1
CUST000946,44,1073808.11,Business Owner,1
CUST000947,58,422911.66,Self-Employed,1
CUST000948,55,455168.69,Salaried,0
CUST000949,50,428783.72,Salaried,1
CUST000950,51,139670.82,Unemployed,0
CUST000951,25,646947.05,Salaried,0
CUST000952,64,870157.64,Salaried,1
CUST000953,34,662411.98,Salaried,4
CUST000954,31,628723.85,Salaried,1
CUST000955,29,585054.36,Salaried,0
CUST000956,54,546394.63,Salaried,1
CUST000957,32,619613.71,Salaried,2
CUST000958,55,789695.1,Business Owner,1
CUST000959,55,551272.39,Salaried,2
CUST000960,21,723116.21,Salaried,2
CUST000961,60,318506.21,Self-Employed,3
CUST000962,42,450015.91,Self-Employed,0
CUST000963,49,496857.6,Salaried,2
CUST000964,28,947041.86,Business Owner,1
CUST000965,31,728063.96,Salaried,1
CUST000966,61,1039995.71,Business Owner,0
CUST000967,57,566864.93,Salaried,2
CUST000968,34,741057.22,Salaried,2
CUST000969,50,1253082.82,Business Owner,0
CUST000970,55,507899.84,Self-Employed,0
CUST000971,41,838949.56,Salaried,2
CUST000972,57,662908.37,Salaried,2
CUST000973,25,658863.89,Salaried,1
CUST000974,39,259464.57,Self-Employed,1
CUST000975,34,347445.75,Salaried,2
CUST000976,46,609515.48,Salaried,1
CUST000977,24,749588.19,Salaried,1
CUST000978,45,565701.28,Self-Employed,1
CUST000979,62,1280354.35,Business Owner,1
CUST000980,45,417296.05,Self-Employed,1
CUST000981,38,612374.37,Salaried,1
CUST000982,60,906675.8,Business Owner,2
CUST000983,28,139701.77,Self-Employed,0
CUST000984,59,1615567.74,Business Owner,1
CUST000985,60,779634.24,Salaried,1
CUST000986,34,739265.05,Salaried,1
CUST000987,52,756985.4,Self-Employed,1
CUST000988,58,529961.1,Salaried,2
CUST000989,53,719366.2,Salaried,1
CUST000990,43,712309.18,Business Owner,5
CUST000991,35,959200.07,Business Owner,1
CUST000992,53,100000.0,Unemployed,1
CUST000993,45,470242.73,Self-Employed,0
CUST000994,37,370461.72,Salaried,5
CUST000995,53,411879.2,Salaried,1
CUST000996,22,591944.67,Salaried,0
CUST000997,34,493840.22,Salaried,1
CUST000998,60,650843.48,Salaried,0
CUST000999,60,851242.95,Salaried,1
CUST001000,59,375657.67,Self-Employed,0
CUST001001,26,447046.13,Self-Employed,3
CUST001002,26,183225.53,Unemployed,1
CUST001003,23,366018.77,Self-Employed,2
CUST001004,27,356920.92,Self-Employed,0
CUST001005,28,411111.02,Self-Employed,0
CUST001006,62,194044.03,Unemployed,0
CUST001007,35,146357.0,Self-Employed,2
CUST001008,49,561006.33,Business Owner,1
CUST001009,53,1512355.17,Business Owner,3
CUST001010,50,100000.0,Business Owner,3
CUST001011,59,580894.52,Salaried,2
CUST001012,47,829489.97,Salaried,0
CUST001013,56,886497.99,Salaried,3
CUST001014,49,719903.27,Salaried,1
CUST001015,58,775775.71,Salaried,1
CUST001016,53,457708.06,Salaried,1
CUST001017,57,470031.63,Salaried,1
CUST001018,47,857124.62,Salaried,2
CUST001019,53,447231.89,Self-Employed,1
CUST001020,24,318440.22,Salaried,0
CUST001021,42,583682.58,Self-Employed,2
CUST001022,22,461800.57,Self-Employed,1
CUST001023,30,516226.34,Self-Employed,2
CUST001024,25,100000.0,Business Owner,2
CUST001025,30,202768.89,Salaried,1
CUST001026,53,645383.91,Salaried,0
CUST001027,58,554530.42,Salaried,3
CUST001028,33,531470.63,Salaried,1
CUST001029,51,578096.72,Self-Employed,3
CUST001030,56,483167.9,Salaried,0
CUST001031,44,560183.88,Salaried,1
CUST001032,35,532686.5,Salaried,2
CUST001033,49,732816.9,Salaried,1
CUST001034,28,124225.12,Self-Employed,1
CUST001035,25,370529.39,Self-Employed,2
CUST001036,49,763464.25,Salaried,0
CUST001037,24,474429.14,Salaried,0
CUST001038,32,617992.94,Salaried,1
CUST001039,22,850416.1,Salaried,1
CUST001040,47,963356.4,Business Owner,1
CUST001041,51,921075.43,Salaried,1
CUST001042,56,779978.51,Self-Employed,1
CUST001043,56,639334.4,Business Owner,0
CUST001044,46,410396.91,Salaried,1
CUST001045,63,509412.32,Salaried,0
CUST001046,47,169002.69,Unemployed,0
CUST001047,25,1038504.08,Business Owner,1
CUST001048,40,699679.54,Salaried,2
CUST001049,31,314919.37,Self-Employed,1
CUST001050,30,588682.92,Business Owner,0
CUST001051,60,683779.99,Salaried,0
CUST001052,58,1696360.19,Business Owner,0
CUST001053,26,435457.16,Salaried,0
CUST001054,28,589134.84,Salaried,0
CUST001055,43,132009.36,Unemployed,1
CUST001056,46,958149.29,Business Owner,1
CUST001057,63,420415.19,Salaried,2
CUST001058,32,613218.57,Salaried,1
CUST001059,46,744156.62,Self-Employed,2
CUST001060,33,175202.18,Self-Employed,2
CUST001061,60,699206.5,Self-Employed,2
CUST001062,38,100000.0,Unemployed,2
CUST001063,45,1003257.15,Business Owner,2
CUST001064,53,673321.68,Salaried,2
CUST001065,60,656276.42,Salaried,0
CUST001066,63,549978.09,Salaried,1
CUST001067,32,632498.09,Self-Employed,1
CUST001068,64,248553.14,Self-Employed,1
CUST001069,56,737186.05,Salaried,4
CUST001070,24,530245.03,Salaried,1
CUST001071,25,648299.87,Salaried,2
CUST001072,57,547286.29,Salaried,3
CUST001073,28,829815.74,Salaried,3
CUST001074,62,665795.42,Salaried,2
CUST001075,48,697909.2,Salaried,3
CUST001076,51,718134.29,Salaried,1
CUST001077,29,451802.24,Self-Employed,1
CUST001078,49,643390.98,Salaried,1
CUST001079,34,966113.76,Business Owner,0
CUST001080,60,628980.13,Self-Employed,3
CUST001081,61,410879.37,Self-Employed,1
CUST001082,42,358685.74,Self-Employed,1
CUST001083,31,777272.46,Salaried,2
CUST001084,43,718006.77,Salaried,2
CUST001085,21,108032.16,Unemployed,2
CUST001086,57,880446.89,Self-Employed,1
CUST001087,41,121429.33,Unemployed,0
CUST001088,46,523724.64,Self-Employed,2
CUST001089,56,775303.01,Salaried,1
CUST001090,43,773873.07,Salaried,1
CUST001091,21,358907.58,Self-Employed,0
CUST001092,60,677586.31,Salaried,2
CUST001093,35,553467.74,Salaried,1
CUST001094,41,1067824.88,Business Owner,1
CUST001095,29,581150.27,Salaried,1
CUST001096,29,539586.43,Salaried,1
CUST001097,30,515050.86,Business Owner,2
CUST001098,46,1374068.56,Business Owner,0
CUST001099,61,488432.99,Salaried,1
CUST001100,55,1487347.95,Business Owner,0
CUST001101,45,782479.5,Business Owner,2
CUST001102,46,672697.83,Salaried,0
CUST001103,31,830887.54,Salaried,1
CUST001104,58,535411.2,Salaried,2
CUST001105,22,670777.02,Salaried,1
CUST001106,27,674105.01,Salaried,2
CUST001107,38,116671.3,Unemployed,0
CUST001108,47,544451.81,Self-Employed,0
CUST001109,54,648957.33,Self-Employed,2
CUST001110,47,235047.42,Unemployed,0
CUST001111,37,734039.9,Business Owner,2
CUST001112,63,651881.42,Salaried,1
CUST001113,64,580939.75,Salaried,2
CUST001114,44,538672.28,Self-Employed,3
CUST001115,45,511231.01,Salaried,1
CUST001116,27,574643.78,Salaried,1
CUST001117,26,803642.38,Self-Employed,1
CUST001118,44,950971.42,Business Owner,3
CUST001119,53,611415.83,Salaried,0
CUST001120,49,329520.49,Self-Employed,1
CUST001121,63,763649.26,Salaried,1
CUST001122,42,669392.13,Self-Employed,0
CUST001123,46,619089.29,Salaried,1
CUST001124,48,1660449.52,Business Owner,0
CUST001125,41,520110.9,Salaried,3
CUST001126,27,291539.88,Self-Employed,0
CUST001127,37,585761.2,Salaried,1
CUST001128,40,472916.84,Salaried,0
CUST001129,61,636099.7,Salaried,0
CUST001130,40,610979.32,Salaried,0
CUST001131,42,772934.82,Salaried,0
CUST001132,48,531642.27,Salaried,2
CUST001133,60,566404.0,Self-Employed,0
CUST001134,27,537046.9,Self-Employed,1
CUST001135,21,724880.11,Salaried,1
CUST001136,52,273916.75,Self-Employed,2
CUST001137,33,465333.33,Salaried,2
CUST001138,50,513161.74,Salaried,1
CUST001139,43,437347.23,Salaried,0
CUST001140,39,622465.94,Self-Employed,5
CUST001141,52,693284.09,Salaried,1
CUST001142,50,204603.19,Unemployed,3
CUST001143,49,578140.1,Salaried,2
CUST001144,49,530641.05,Salaried,2
CUST001145,50,457925.68,Salaried,4
CUST001146,36,1421424.76,Business Owner,1
CUST001147,60,455550.65,Self-Employed,0
CUST001148,39,354833.06,Self-Employed,2
CUST001149,38,1200169.76,Business Owner,0
CUST001150,21,764313.38,Business Owner,2
CUST001151,34,286606.37,Self-Employed,0
CUST001152,22,469894.93,Salaried,1
CUST001153,48,936209.03,Business Owner,0
CUST001154,50,439152.88,Salaried,1
CUST001155,58,482882.51,Self-Employed,2
CUST001156,24,327043.27,Self-Employed,3
CUST001157,21,310802.11,Self-Employed,2
CUST001158,28,526807.7,Salaried,1
CUST001159,49,531856.36,Self-Employed,0
CUST001160,59,165974.83,Unemployed,1
CUST001161,23,738648.91,Salaried,0
CUST001162,52,482541.68,Salaried,4
CUST001163,30,778301.79,Self-Employed,3
CUST001164,30,286047.57,Unemployed,2
CUST001165,39,537008.04,Salaried,0
CUST001166,54,334922.7,Salaried,2
CUST001167,53,338763.24,Salaried,1
CUST001168,43,525477.9,Salaried,1
CUST001169,48,622353.04,Business Owner,0
CUST001170,52,501027.75,Self-Employed,2
CUST001171,27,601657.04,Self-Employed,0
CUST001172,49,407088.04,Salaried,2
CUST001173,28,465695.31,Self-Employed,1
CUST001174,21,524103.14,Salaried,0
CUST001175,23,905332.64,Salaried,0
CUST001176,44,392762.59,Salaried,1
CUST001177,43,486177.08,Salaried,3
CUST001178,28,605029.81,Salaried,2
CUST001179,57,487185.7,Salaried,0
CUST001180,23,769967.33,Salaried,1
CUST001181,53,447018.79,Salaried,2
CUST001182,48,316823.49,Self-Employed,2
CUST001183,28,782902.42,Salaried,1
CUST001184,54,423637.03,Business Owner,2
CUST001185,55,725188.41,Salaried,0
CUST001186,52,409486.04,Self-Employed,2
CUST001187,44,652663.98,Business Owner,2
CUST001188,34,696862.5,Business Owner,3
CUST001189,52,451781.49,Business Owner,2
CUST001190,63,736059.67,Salaried,0
CUST001191,36,620410.05,Salaried,1
CUST001192,24,733644.44,Salaried,2
CUST001193,57,776452.19,Salaried,1
CUST001194,41,681154.03,Salaried,1
CUST001195,34,318889.65,Business Owner,1
CUST001196,51,306142.91,Self-Employed,0
CUST001197,38,670182.77,Self-Employed,2
CUST001198,27,922201.69,Business Owner,0
CUST001199,30,630075.86,Self-Employed,3
CUST001200,27,482214.29,Self-Employed,0
CUST001201,53,414061.2,Self-Employed,2
CUST001202,43,697748.06,Salaried,2
CUST001203,41,340886.26,Salaried,1
CUST001204,39,134013.28,Unemployed,2
CUST001205,39,926590.57,Business Owner,0
CUST001206,56,983477.03,Business Owner,1
CUST001207,49,405825.44,Salaried,0
CUST001208,38,398754.43,Business Owner,2
CUST001209,22,541027.26,Salaried,1
CUST001210,21,590585.5,Salaried,0
CUST001211,25,833258.79,Salaried,0
CUST001212,40,468303.04,Salaried,4
CUST001213,31,526029.31,Salaried,0
CUST001214,62,838725.12,Salaried,0
CUST001215,22,759613.13,Salaried,2
CUST001216,23,432900.3,Salaried,2
CUST001217,43,635089.33,Self-Employed,1
CUST001218,32,666480.6,Self-Employed,2
CUST001219,40,629363.11,Salaried,1
CUST001220,25,424020.76,Salaried,0
CUST001221,57,380899.12,Self-Employed,1
CUST001222,58,505805.72,Salaried,0
CUST001223,50,679336.35,Salaried,2
CUST001224,29,414112.74,Self-Employed,1
CUST001225,54,136760.02,Unemployed,2
CUST001226,64,509700.82,Salaried,1
CUST001227,55,366232.37,Salaried,1
CUST001228,42,989264.47,Salaried,0
CUST001229,64,580558.32,Self-Employed,1
CUST001230,44,820801.96,Salaried,2
CUST001231,37,432659.24,Salaried,3
CUST001232,30,827807.18,Salaried,0
CUST001233,50,130176.31,Unemployed,0
CUST001234,43,606054.92,Self-Employed,1
CUST001235,52,698350.05,Self-Employed,1
CUST001236,37,1504377.47,Business Owner,1
CUST001237,37,593043.14,Salaried,1
CUST001238,34,498261.64,Business Owner,2
CUST001239,29,497045.21,Self-Employed,2
CUST001240,60,688657.18,Salaried,0
CUST001241,22,685647.89,Business Owner,0
CUST001242,45,730756.23,Business Owner,0
CUST001243,59,280690.68,Business Owner,1
CUST001244,29,453275.23,Salaried,2
CUST001245,42,172214.93,Unemployed,1
CUST001246,63,194097.13,Unemployed,1
CUST001247,24,765263.41,Salaried,0
CUST001248,46,941393.2,Salaried,0
CUST001249,49,823224.46,Salaried,1
CUST001250,54,142398.95,Unemployed,1
CUST001251,43,312864.43,Self-Employed,0
CUST001252,57,561578.14,Salaried,2
CUST001253,31,517326.08,Salaried,2
CUST001254,26,624882.46,Salaried,1
CUST001255,38,678188.59,Self-Employed,0
CUST001256,41,671964.88,Salaried,0
CUST001257,62,228797.77,Unemployed,0
CUST001258,56,579105.19,Self-Employed,1
CUST001259,61,244880.41,Self-Employed,1
CUST001260,58,514501.19,Salaried,1
CUST001261,54,660386.28,Salaried,1
CUST001262,37,634300.45,Salaried,2
CUST001263,57,796237.86,Salaried,1
CUST001264,45,601055.72,Salaried,1
CUST001265,58,141179.86,Unemployed,1
CUST001266,32,363902.6,Salaried,0
CUST001267,43,478991.56,Salaried,0
CUST001268,62,646315.83,Salaried,1
CUST001269,42,631448.08,Salaried,0
CUST001270,41,179744.33,Unemployed,1
CUST001271,47,667586.99,Salaried,2
CUST001272,51,582994.52,Salaried,1
CUST001273,26,299661.02,Self-Employed,0
CUST001274,47,600085.83,Salaried,0
CUST001275,60,593363.2,Salaried,3
CUST001276,54,805773.26,Salaried,0
CUST001277,32,799228.01,Salaried,2
CUST001278,27,528183.1,Salaried,3
CUST001279,30,506711.72,Salaried,1
CUST001280,37,358526.3,Business Owner,1
CUST001281,46,575266.81,Salaried,2
CUST001282,41,405158.56,Self-Employed,0
CUST001283,48,1021465.32,Self-Employed,3
CUST001284,22,432693.1,Salaried,1
CUST001285,63,608787.15,Salaried,2
CUST001286,21,503570.89,Salaried,1
CUST001287,56,504923.41,Self-Employed,1
CUST001288,46,433320.76,Self-Employed,0
CUST001289,49,662299.4,Self-Employed,0
CUST001290,41,666047.72,Salaried,0
CUST001291,31,1211226.04,Business Owner,2
CUST001292,60,487199.47,Salaried,2
CUST001293,31,761895.48,Salaried,0
CUST001294,56,527744.95,Salaried,0
CUST001295,59,389062.93,Salaried,0
CUST001296,60,572716.44,Salaried,3
CUST001297,55,522673.11,Self-Employed,1
CUST001298,54,400103.47,Business Owner,0
CUST001299,44,1249438.26,Business Owner,1
CUST001300,42,478325.98,Salaried,1
CUST001301,25,329208.43,Self-Employed,1
CUST001302,53,599993.87,Salaried,1
CUST001303,56,728595.57,Salaried,4
CUST001304,40,417626.5,Salaried,2
CUST001305,39,741094.24,Salaried,0
CUST001306,55,276095.02,Salaried,0
CUST001307,63,649600.19,Salaried,1
CUST001308,37,274061.17,Self-Employed,0
CUST001309,63,580579.75,Business Owner,1
CUST001310,54,860683.13,Salaried,2
CUST001311,29,100591.87,Unemployed,1
CUST001312,46,488751.28,Self-Employed,0
CUST001313,22,439993.33,Salaried,0
CUST001314,29,653837.76,Self-Employed,1
CUST001315,29,661341.42,Salaried,1
CUST001316,60,1119920.75,Business Owner,2
CUST001317,37,726173.87,Self-Employed,0
CUST001318,21,133109.51,Unemployed,0
CUST001319,45,714901.51,Self-Employed,1
CUST001320,63,1495962.43,Business Owner,0
CUST001321,60,556889.07,Self-Employed,2
CUST001322,62,434057.46,Salaried,0
CUST001323,45,419256.34,Salaried,1
CUST001324,59,666341.04,Salaried,0
CUST001325,55,433961.28,Salaried,1
CUST001326,23,398490.48,Salaried,0
CUST001327,57,1253496.8,Business Owner,3
CUST001328,64,531180.35,Salaried,2
CUST001329,64,270970.01,Unemployed,1
CUST001330,50,637013.72,Business Owner,3
CUST001331,58,400528.27,Self-Employed,2
CUST001332,54,1043684.68,Business Owner,5
CUST001333,32,630684.76,Salaried,2
CUST001334,39,866325.89,Business Owner,1
CUST001335,57,583805.55,Salaried,3
CUST001336,64,1086424.81,Salaried,2
CUST001337,37,849115.63,Salaried,2
CUST001338,30,726528.57,Salaried,2
CUST001339,32,254915.96,Self-Employed,0
CUST001340,36,588913.39,Salaried,1
CUST001341,44,699081.64,Salaried,0
CUST001342,39,1199287.65,Business Owner,1
CUST001343,28,755521.48,Self-Employed,3
CUST001344,51,503827.08,Salaried,1
CUST001345,41,492292.81,Self-Employed,2
CUST001346,37,348997.02,Self-Employed,1
CUST001347,43,216737.34,Unemployed,0
CUST001348,57,704824.06,Salaried,0
CUST001349,36,523898.63,Salaried,2
CUST001350,26,633731.68,Salaried,3
CUST001351,28,607546.41,Salaried,1
CUST001352,45,548027.2,Business Owner,2
CUST001353,38,739524.93,Salaried,3
CUST001354,45,153848.77,Unemployed,2
CUST001355,32,520601.98,Salaried,0
CUST001356,35,105144.53,Unemployed,2
CUST001357,46,728189.45,Salaried,4
CUST001358,61,1007256.55,Business Owner,2
CUST001359,46,622138.57,Business Owner,2
CUST001360,52,125108.23,Unemployed,0
CUST001361,30,600828.01,Salaried,1
CUST001362,36,609571.56,Salaried,2
CUST001363,27,538410.88,Self-Employed,1
CUST001364,37,334621.48,Salaried,3
CUST001365,43,618061.87,Salaried,1
CUST001366,46,417127.39,Salaried,0
CUST001367,41,812850.63,Salaried,0
CUST001368,42,756438.95,Salaried,0
CUST001369,27,773509.56,Salaried,1
CUST001370,34,231165.96,Salaried,0
CUST001371,35,555122.73,Salaried,0
CUST001372,27,484398.51,Self-Employed,1
CUST001373,29,686249.47,Salaried,0
CUST001374,28,735131.18,Salaried,1
CUST001375,43,1413850.26,Business Owner,1
CUST001376,49,100000.0,Unemployed,2
CUST001377,38,109934.98,Unemployed,1
CUST001378,51,923119.54,Business Owner,2
CUST001379,50,724424.86,Salaried,1
CUST001380,59,660362.34,Self-Employed,5
CUST001381,55,671235.37,Salaried,1
CUST001382,38,372587.83,Self-Employed,2
CUST001383,62,523529.9,Salaried,0
CUST001384,59,374110.24,Self-Employed,5
CUST001385,37,452841.97,Salaried,0
CUST001386,34,450741.28,Salaried,3
CUST001387,51,281861.35,Self-Employed,3
CUST001388,44,650392.52,Salaried,0
CUST001389,55,618649.57,Salaried,1
CUST001390,64,460981.99,Salaried,1
CUST001391,54,343277.6,Salaried,2
CUST001392,23,544600.01,Salaried,3
CUST001393,57,1492022.21,Business Owner,4
CUST001394,63,600906.49,Salaried,0
CUST001395,60,720011.51,Salaried,0
CUST001396,46,627006.89,Salaried,2
CUST001397,43,488373.06,Self-Employed,3
CUST001398,64,205389.62,Self-Employed,1
CUST001399,59,418663.0,Self-Employed,1
CUST001400,35,393042.38,Self-Employed,2
CUST001401,24,1492487.44,Business Owner,0
CUST001402,49,973288.26,Business Owner,1
CUST001403,42,755507.16,Self-Employed,3
CUST001404,45,769116.96,Salaried,1
CUST001405,33,330817.19,Self-Employed,2
CUST001406,38,600173.93,Salaried,0
CUST001407,53,836975.72,Self-Employed,1
CUST001408,36,1125271.69,Business Owner,1
CUST001409,62,600543.79,Self-Employed,0
CUST001410,64,1265432.43,Business Owner,1
CUST001411,22,672057.17,Salaried,1
CUST001412,55,681953.27,Salaried,1
CUST001413,62,645316.57,Salaried,1
CUST001414,54,764097.16,Business Owner,1
CUST001415,50,476763.63,Business Owner,3
CUST001416,33,128609.74,Self-Employed,2
CUST001417,33,434124.98,Self-Employed,1
CUST001418,38,587320.88,Self-Employed,3
CUST001419,52,995428.44,Business Owner,2
CUST001420,52,1154364.57,Business Owner,0
CUST001421,55,474791.27,Self-Employed,0
CUST001422,59,1044400.02,Self-Employed,2
CUST001423,49,904088.58,Salaried,0
CUST001424,49,196480.96,Self-Employed,0
CUST001425,64,698476.32,Salaried,2
CUST001426,36,745316.31,Salaried,1
CUST001427,64,100000.0,Business Owner,1
CUST001428,30,625032.63,Salaried,1
CUST001429,50,175845.76,Unemployed,1
CUST001430,45,599156.75,Salaried,1
CUST001431,59,657896.07,Salaried,5
CUST001432,40,611859.52,Salaried,2
CUST001433,25,705386.92,Salaried,1
CUST001434,21,832251.35,Salaried,2
CUST001435,50,715587.26,Salaried,0
CUST001436,23,776296.86,Salaried,2
CUST001437,34,441387.13,Salaried,2
CUST001438,50,904113.51,Salaried,2
CUST001439,24,562985.34,Self-Employed,0
CUST001440,38,541415.09,Salaried,0
CUST001441,57,583076.11,Self-Employed,2
CUST001442,45,391077.61,Self-Employed,1
CUST001443,21,620710.9,Salaried,1
CUST001444,35,1020449.4,Business Owner,1
CUST001445,29,362753.2,Self-Employed,0
CUST001446,35,531156.76,Self-Employed,0
CUST001447,44,494857.63,Salaried,0
CUST001448,24,358522.33,Self-Employed,0
CUST001449,32,495621.26,Business Owner,1
CUST001450,57,543944.14,Salaried,4
CUST001451,57,517396.1,Salaried,1
CUST001452,63,671081.69,Salaried,1
CUST001453,26,719260.98,Self-Employed,1
CUST001454,59,699313.04,Salaried,0
CUST001455,44,694499.6,Self-Employed,0
CUST001456,31,733225.22,Salaried,1
CUST001457,33,529321.66,Business Owner,0
CUST001458,54,549890.11,Salaried,0
CUST001459,45,866911.27,Salaried,1
CUST001460,27,391072.25,Self-Employed,1
CUST001461,24,878082.24,Salaried,0
CUST001462,28,537418.9,Salaried,0
CUST001463,40,292866.84,Salaried,1
CUST001464,49,562907.93,Salaried,2
CUST001465,30,1238627.71,Business Owner,1
CUST001466,63,1565380.69,Business Owner,1
CUST001467,54,378313.7,Salaried,0
CUST001468,46,724240.05,Salaried,0
CUST001469,61,733972.17,Salaried,3
CUST001470,23,760280.48,Self-Employed,1
CUST001471,26,199320.26,Salaried,3
CUST001472,25,848524.44,Salaried,1
CUST001473,25,666135.3,Salaried,0
CUST001474,43,591729.43,Self-Employed,1
CUST001475,29,755849.8,Salaried,0
CUST001476,55,100000.0,Business Owner,2
CUST001477,40,752249.82,Salaried,0
CUST001478,62,956237.6,Salaried,1
CUST001479,55,394702.47,Salaried,2
CUST001480,38,590340.93,Salaried,0
CUST001481,37,605619.07,Salaried,1
CUST001482,44,653467.94,Salaried,2
CUST001483,23,663905.93,Salaried,0
CUST001484,52,499276.22,Salaried,1
CUST001485,55,605992.57,Salaried,1
CUST001486,58,237201.58,Unemployed,3
CUST001487,33,660922.91,Salaried,1
CUST001488,45,573649.8,Self-Employed,3
CUST001489,29,492817.85,Salaried,1
CUST001490,24,800871.13,Salaried,1
CUST001491,34,567461.73,Salaried,0
CUST001492,57,292479.49,Salaried,0
CUST001493,54,663030.17,Salaried,0
CUST001494,31,706040.0,Salaried,0
CUST001495,61,440239.1,Self-Employed,0
CUST001496,23,265177.08,Salaried,1
CUST001497,48,432569.48,Salaried,1
CUST001498,49,582731.6,Salaried,2
CUST001499,29,421915.13,Self-Employed,0
CUST001500,23,588334.28,Self-Employed,0
CUST001501,45,688751.47,Salaried,2
CUST001502,54,534626.67,Salaried,0
CUST001503,32,390152.68,Salaried,1
CUST001504,62,817981.51,Salaried,2
CUST001505,29,612115.75,Self-Employed,0
CUST001506,35,634279.91,Self-Employed,1
CUST001507,60,657621.8,Salaried,0
CUST001508,45,764612.81,Salaried,0
CUST001509,25,423780.82,Self-Employed,1
CUST001510,31,724249.01,Salaried,0
CUST001511,54,700275.17,Salaried,1
CUST001512,44,627083.71,Self-Employed,2
CUST001513,35,420806.06,Salaried,1
CUST001514,58,620868.51,Salaried,2
CUST001515,28,658058.2,Salaried,0
CUST001516,25,855797.37,Self-Employed,0
CUST001517,46,614977.43,Salaried,1
CUST001518,38,204098.39,Unemployed,1
CUST001519,26,202706.29,Self-Employed,3
CUST001520,57,492522.18,Salaried,7
CUST001521,33,665864.73,Salaried,3
CUST001522,48,664558.4,Salaried,1
CUST001523,25,492491.76,Salaried,1
CUST001524,33,1282300.93,Business Owner,2
CUST001525,37,466496.0,Self-Employed,1
CUST001526,60,571379.16,Salaried,2
CUST001527,52,484315.77,Self-Employed,1
CUST001528,49,800793.87,Salaried,1
CUST001529,23,717790.66,Self-Employed,2
CUST001530,60,876627.59,Self-Employed,1
CUST001531,54,682571.54,Salaried,1
CUST001532,60,889636.35,Salaried,0
CUST001533,47,547621.67,Self-Employed,0
CUST001534,33,474714.13,Self-Employed,0
CUST001535,53,534279.76,Salaried,3
CUST001536,26,573569.15,Salaried,1
CUST001537,44,474565.0,Self-Employed,2
CUST001538,39,497149.78,Salaried,0
CUST001539,36,511404.04,Salaried,1
CUST001540,60,691132.01,Salaried,1
CUST001541,48,526783.77,Salaried,1
CUST001542,53,344942.63,Salaried,2
CUST001543,61,100000.0,Unemployed,0
CUST001544,33,100000.0,Self-Employed,1
CUST001545,63,387375.86,Salaried,2
CUST001546,45,420009.77,Salaried,3
CUST001547,62,453896.65,Salaried,2
CUST001548,56,642904.86,Salaried,0
CUST001549,47,391201.05,Business Owner,0
CUST001550,58,462086.41,Salaried,1
CUST001551,27,100000.0,Unemployed,2
CUST001552,25,500939.57,Salaried,1
CUST001553,63,644777.78,Self-Employed,1
CUST001554,51,596494.19,Salaried,0
CUST001555,43,612298.23,Salaried,0
CUST001556,62,599706.9,Salaried,2
CUST001557,30,386072.23,Business Owner,0
CUST001558,52,418248.84,Self-Employed,1
CUST001559,63,988390.15,Business Owner,0
CUST001560,50,693911.38,Self-Employed,1
CUST001561,59,1045441.87,Business Owner,1
CUST001562,51,732091.42,Salaried,0
CUST001563,38,437064.52,Salaried,2
CUST001564,56,199332.0,Self-Employed,1
CUST001565,22,149515.84,Self-Employed,4
CUST001566,34,663413.31,Self-Employed,1
CUST001567,33,384045.28,Salaried,1
CUST001568,49,759255.78,Salaried,1
CUST001569,32,721605.95,Business Owner,0
CUST001570,59,833751.92,Self-Employed,0
CUST001571,22,532707.17,Salaried,0
CUST001572,52,421240.63,Self-Employed,0
CUST001573,33,926787.94,Business Owner,1
CUST001574,47,537807.31,Salaried,1
CUST001575,61,1067226.81,Business Owner,2
CUST001576,37,482112.02,Business Owner,0
CUST001577,60,974533.75,Business Owner,0
CUST001578,51,599661.95,Business Owner,2
CUST001579,54,569168.59,Salaried,1
CUST001580,44,393725.03,Salaried,1
CUST001581,55,730844.41,Salaried,1
CUST001582,26,546624.58,Salaried,1
CUST001583,39,737411.26,Salaried,1
CUST001584,50,489456.11,Salaried,2
CUST001585,27,598640.95,Salaried,1
CUST001586,30,738890.87,Salaried,0
CUST001587,61,423676.99,Salaried,2
CUST001588,52,547069.36,Business Owner,1
CUST001589,54,721585.52,Salaried,3
CUST001590,48,769486.7,Self-Employed,3
CUST001591,35,602431.57,Salaried,3
CUST001592,50,454564.57,Salaried,3
CUST001593,57,772827.62,Business Owner,1
CUST001594,49,895452.73,Salaried,0
CUST001595,42,399966.75,Salaried,1
CUST001596,24,679197.9,Salaried,3
CUST001597,40,618828.21,Salaried,0
CUST001598,52,426542.37,Salaried,0
CUST001599,56,552932.89,Salaried,0
CUST001600,24,329315.38,Salaried,4
CUST001601,47,1015288.19,Business Owner,1
CUST001602,37,586603.83,Self-Employed,1
CUST001603,32,395074.91,Salaried,1
CUST001604,42,683494.52,Salaried,1
CUST001605,37,500229.85,Salaried,0
CUST001606,30,486644.53,Salaried,1
CUST001607,21,453697.79,Salaried,0
CUST001608,42,1164650.32,Business Owner,1
CUST001609,46,348923.93,Salaried,3
CUST001610,38,264260.31,Business Owner,1
CUST001611,34,511176.01,Salaried,0
CUST001612,49,122120.89,Unemployed,0
CUST001613,32,625322.75,Self-Employed,2
CUST001614,56,481772.15,Self-Employed,0
CUST001615,55,586586.02,Salaried,1
CUST001616,32,252075.2,Business Owner,3
CUST001617,27,807853.64,Business Owner,0
CUST001618,49,100000.0,Self-Employed,2
CUST001619,31,635618.65,Salaried,0
CUST001620,53,635458.35,Self-Employed,0
CUST001621,26,483070.46,Salaried,4
CUST001622,35,575067.63,Self-Employed,1
CUST001623,52,724381.73,Business Owner,0
CUST001624,31,784817.29,Salaried,0
CUST001625,43,634202.06,Salaried,1
CUST001626,46,444204.04,Salaried,2
CUST001627,54,734194.48,Self-Employed,3
CUST001628,54,724052.59,Salaried,0
CUST001629,49,538178.47,Salaried,0
CUST001630,24,674326.85,Salaried,0
CUST001631,37,595905.5,Self-Employed,1
CUST001632,55,536159.23,Salaried,1
CUST001633,33,513129.48,Self-Employed,1
CUST001634,61,636678.38,Salaried,1
CUST001635,59,364873.21,Self-Employed,0
CUST001636,35,217327.22,Unemployed,2
CUST001637,49,303417.99,Salaried,3
CUST001638,49,701541.15,Salaried,0
CUST001639,31,412654.18,Business Owner,2
CUST001640,52,563470.22,Salaried,3
CUST001641,22,360269.18,Salaried,1
CUST001642,34,372390.19,Business Owner,1
CUST001643,40,145645.95,Unemployed,0
CUST001644,42,514547.9,Self-Employed,0
CUST001645,31,758970.0,Salaried,1
CUST001646,47,540138.73,Salaried,2
CUST001647,23,692460.82,Salaried,2
CUST001648,37,497947.74,Self-Employed,1
CUST001649,64,615585.65,Self-Employed,3
CUST001650,48,463223.52,Business Owner,2
CUST001651,49,613321.17,Salaried,2
CUST001652,41,574643.8,Self-Employed,0
CUST001653,36,525505.47,Salaried,2
CUST001654,57,657140.51,Salaried,0
CUST001655,40,595190.31,Self-Employed,0
CUST001656,26,522325.47,Salaried,1
CUST001657,39,655085.47,Self-Employed,1
CUST001658,25,100000.0,Self-Employed,2
CUST001659,23,100000.0,Unemployed,0
CUST001660,21,293156.16,Self-Employed,2
CUST001661,58,1012539.96,Business Owner,1
CUST001662,35,486754.39,Salaried,0
CUST001663,54,399337.56,Salaried,2
CUST001664,55,586713.06,Salaried,1
CUST001665,45,615055.65,Salaried,1
CUST001666,44,372686.6,Self-Employed,1
CUST001667,32,263105.26,Self-Employed,2
CUST001668,38,601064.76,Salaried,4
CUST001669,35,719240.84,Salaried,1
CUST001670,64,417862.76,Salaried,1
CUST001671,36,816191.93,Self-Employed,0
CUST001672,47,386674.91,Self-Employed,1
CUST001673,28,372661.16,Self-Employed,3
CUST001674,45,620142.42,Salaried,2
CUST001675,37,615493.8,Salaried,1
CUST001676,49,100000.0,Self-Employed,4
CUST001677,28,478366.4,Self-Employed,4
CUST001678,35,686699.81,Salaried,0
CUST001679,47,705584.86,Self-Employed,0
CUST001680,27,582635.57,Salaried,1
CUST001681,23,428781.92,Self-Employed,2
CUST001682,49,1189872.44,Business Owner,0
CUST001683,64,858354.06,Self-Employed,3
CUST001684,44,614031.11,Salaried,2
CUST001685,23,572638.59,Salaried,1
CUST001686,40,751372.73,Self-Employed,1
CUST001687,35,274042.09,Self-Employed,0
CUST001688,45,512529.73,Self-Employed,1
CUST001689,50,981530.37,Self-Employed,1
CUST001690,34,668006.8,Salaried,3
CUST001691,27,188339.14,Unemployed,0
CUST001692,37,434260.25,Self-Employed,3
CUST001693,64,687945.39,Salaried,2
CUST001694,40,743172.22,Self-Employed,1
CUST001695,56,372873.56,Salaried,0
CUST001696,29,585557.16,Salaried,2
CUST001697,58,652462.08,Salaried,1
CUST001698,42,488728.05,Self-Employed,0
CUST001699,22,705146.38,Business Owner,1
CUST001700,44,779036.74,Self-Employed,2
CUST001701,28,630544.37,Salaried,1
CUST001702,31,494831.24,Salaried,1
CUST001703,33,747634.53,Salaried,1
CUST001704,37,808462.58,Salaried,0
CUST001705,28,728149.09,Self-Employed,0
CUST001706,41,733752.51,Business Owner,1
CUST001707,38,544138.18,Salaried,4
CUST001708,50,291982.3,Self-Employed,1
CUST001709,38,1001596.57,Business Owner,1
CUST001710,51,764783.73,Salaried,1
CUST001711,58,612836.2,Self-Employed,4
CUST001712,52,850413.96,Self-Employed,0
CUST001713,31,111926.08,Self-Employed,0
CUST001714,45,621026.89,Salaried,1
CUST001715,53,666331.68,Self-Employed,0
CUST001716,58,378220.54,Self-Employed,2
CUST001717,61,430272.05,Salaried,1
CUST001718,28,418924.1,Salaried,1
CUST001719,31,615660.15,Salaried,0
CUST001720,42,407146.43,Business Owner,2
CUST001721,44,820956.02,Salaried,0
CUST001722,61,1105974.98,Business Owner,2
CUST001723,37,569889.01,Salaried,1
CUST001724,32,587925.4,Salaried,0
CUST001725,52,762288.8,Salaried,1
CUST001726,35,801134.93,Salaried,3
CUST001727,36,459912.33,Salaried,0
CUST001728,42,353367.83,Self-Employed,2
CUST001729,48,546400.15,Salaried,2
CUST001730,40,506309.27,Salaried,2
CUST001731,53,329286.29,Salaried,0
CUST001732,30,337024.29,Self-Employed,1
CUST001733,60,359237.51,Self-Employed,1
CUST001734,52,259969.24,Self-Employed,3
CUST001735,53,172014.01,Unemployed,3
CUST001736,22,581126.77,Salaried,0
CUST001737,53,692593.07,Salaried,1
CUST001738,53,452283.36,Salaried,0
CUST001739,61,695085.31,Salaried,2
CUST001740,33,528943.96,Self-Employed,1
CUST001741,50,517730.31,Salaried,0
CUST001742,53,840642.7,Salaried,0
CUST001743,33,616905.95,Salaried,1
CUST001744,46,123672.63,Unemployed,0
CUST001745,42,1012414.12,Business Owner,1
CUST001746,59,458027.18,Salaried,0
CUST001747,22,573484.83,Salaried,1
CUST001748,58,1711635.23,Business Owner,0
CUST001749,59,100000.0,Unemployed,1
CUST001750,46,520766.4,Salaried,1
CUST001751,35,577861.22,Salaried,2
CUST001752,54,753439.61,Business Owner,0
CUST001753,62,399870.6,Self-Employed,0
CUST001754,64,853986.26,Salaried,2
CUST001755,60,389030.55,Self-Employed,2
CUST001756,31,1058735.52,Business Owner,6
CUST001757,23,654976.82,Business Owner,1
CUST001758,26,579837.21,Self-Employed,1
CUST001759,29,687135.53,Self-Employed,1
CUST001760,26,588843.85,Salaried,2
CUST001761,29,671274.06,Business Owner,1
CUST001762,59,581472.14,Salaried,1
CUST001763,51,1114031.16,Business Owner,1
CUST001764,52,729969.45,Salaried,2
CUST001765,61,1002810.74,Business Owner,2
CUST001766,32,588076.14,Salaried,0
CUST001767,28,791822.26,Salaried,1
CUST001768,28,506009.74,Salaried,2
CUST001769,48,417549.42,Self-Employed,1
CUST001770,40,1617477.86,Business Owner,0
CUST001771,27,480650.37,Self-Employed,0
CUST001772,31,698856.8,Salaried,3
CUST001773,40,466966.78,Salaried,2
CUST001774,36,1300395.52,Business Owner,1
CUST001775,24,269875.95,Self-Employed,2
CUST001776,26,255013.87,Self-Employed,3
CUST001777,42,678495.17,Self-Employed,1
CUST001778,46,427716.14,Self-Employed,1
CUST001779,23,563643.18,Salaried,1
CUST001780,61,586119.65,Self-Employed,0
CUST001781,62,441985.07,Self-Employed,1
CUST001782,34,480913.05,Business Owner,0
CUST001783,31,672834.48,Business Owner,1
CUST001784,38,453779.99,Salaried,0
CUST001785,32,774202.64,Salaried,0
CUST001786,43,780855.96,Salaried,1
CUST001787,32,473892.94,Salaried,1
CUST001788,33,587090.67,Self-Employed,0
CUST001789,45,790973.29,Business Owner,0
CUST001790,39,818912.44,Salaried,2
CUST001791,56,955415.32,Salaried,0
CUST001792,28,1192708.59,Business Owner,1
CUST001793,49,694508.49,Business Owner,0
CUST001794,52,426162.86,Salaried,0
CUST001795,64,548948.94,Self-Employed,2
CUST001796,38,576614.54,Salaried,0
CUST001797,26,383633.7,Salaried,1
CUST001798,38,611905.42,Salaried,0
CUST001799,39,916855.0,Salaried,2
CUST001800,42,720856.85,Salaried,2
CUST001801,57,435279.24,Business Owner,0
CUST001802,52,496317.22,Self-Employed,0
CUST001803,61,656018.79,Salaried,2
CUST001804,23,673864.07,Salaried,0
CUST001805,48,354562.48,Salaried,1
CUST001806,30,476534.76,Self-Employed,2
CUST001807,55,1004408.09,Business Owner,0
CUST001808,49,572017.35,Salaried,0
CUST001809,35,310649.77,Salaried,0
CUST001810,53,469669.73,Self-Employed,1
CUST001811,27,656828.83,Self-Employed,1
CUST001812,32,514202.93,Salaried,2
CUST001813,50,406012.52,Self-Employed,0
CUST001814,41,779562.9,Self-Employed,1
CUST001815,51,570025.42,Salaried,0
CUST001816,44,616785.02,Salaried,1
CUST001817,40,320334.16,Salaried,0
CUST001818,57,478853.7,Business Owner,1
CUST001819,24,259483.93,Unemployed,0
CUST001820,48,1562205.38,Business Owner,0
CUST001821,64,594575.15,Self-Employed,3
CUST001822,40,100000.0,Self-Employed,0
CUST001823,44,233665.86,Self-Employed,2
CUST001824,52,356608.24,Business Owner,2
CUST001825,61,394035.92,Salaried,0
CUST001826,56,542096.6,Salaried,1
CUST001827,54,656147.5,Self-Employed,1
CUST001828,56,373617.94,Self-Employed,1
CUST001829,22,553434.43,Salaried,1
CUST001830,35,438559.5,Self-Employed,1
CUST001831,54,680646.12,Self-Employed,1
CUST001832,56,733981.63,Salaried,1
CUST001833,26,532399.83,Self-Employed,2
CUST001834,59,791765.55,Salaried,1
CUST001835,62,746855.96,Business Owner,0
CUST001836,32,862038.7,Salaried,1
CUST001837,23,378784.52,Self-Employed,2
CUST001838,38,304783.17,Salaried,0
CUST001839,60,410561.76,Salaried,0
CUST001840,41,229640.54,Self-Employed,3
CUST001841,35,488971.1,Salaried,0
CUST001842,53,769292.05,Salaried,2
CUST001843,55,532630.5,Salaried,1
CUST001844,46,358001.41,Business Owner,1
CUST001845,28,208760.43,Self-Employed,4
CUST001846,56,591370.85,Salaried,2
CUST001847,50,804948.3,Self-Employed,2
CUST001848,43,988416.34,Business Owner,2
CUST001849,62,688776.29,Self-Employed,1
CUST001850,64,660274.32,Salaried,0
CUST001851,34,194701.76,Self-Employed,2
CUST001852,34,690203.45,Salaried,1
CUST001853,22,429145.39,Salaried,4
CUST001854,57,537482.73,Salaried,2
CUST001855,25,355463.89,Self-Employed,0
CUST001856,58,584458.76,Salaried,2
CUST001857,61,800550.05,Business Owner,1
CUST001858,34,542902.3,Salaried,1
CUST001859,59,558618.94,Salaried,0
CUST001860,45,640158.01,Salaried,0
CUST001861,40,558609.09,Salaried,1
CUST001862,22,574110.24,Salaried,1
CUST001863,59,898826.28,Salaried,3
CUST001864,26,755933.9,Salaried,0
CUST001865,37,525228.45,Salaried,2
CUST001866,45,616003.57,Salaried,0
CUST001867,48,604262.27,Salaried,1
CUST001868,22,515991.4,Self-Employed,1
CUST001869,55,495814.41,Self-Employed,2
CUST001870,57,517439.41,Self-Employed,1
CUST001871,25,562233.7,Salaried,0
CUST001872,21,377091.0,Self-Employed,4
CUST001873,60,744860.04,Business Owner,0
CUST001874,32,339598.8,Salaried,2
CUST001875,56,704261.4,Salaried,3
CUST001876,43,672314.42,Salaried,2
CUST001877,51,901739.9,Salaried,0
CUST001878,31,420672.06,Salaried,1
CUST001879,30,419283.21,Self-Employed,2
CUST001880,23,775048.0,Salaried,2
CUST001881,34,167944.51,Unemployed,2
CUST001882,36,844730.61,Salaried,0
CUST001883,30,821440.36,Salaried,1
CUST001884,49,100000.0,Unemployed,1
CUST001885,30,1002948.38,Business Owner,1
CUST001886,32,639397.59,Salaried,0
CUST001887,50,495435.05,Self-Employed,0
CUST001888,61,726214.12,Business Owner,1
CUST001889,21,834313.03,Salaried,1
CUST001890,25,595945.17,Salaried,2
CUST001891,40,100000.0,Business Owner,0
CUST001892,28,533615.66,Salaried,0
CUST001893,63,910676.23,Salaried,1
CUST001894,32,432443.6,Salaried,1
CUST001895,21,782630.42,Salaried,1
CUST001896,40,1316988.42,Business Owner,0
CUST001897,48,561617.31,Salaried,2
CUST001898,63,975639.82,Business Owner,1
CUST001899,57,589550.61,Salaried,1
CUST001900,57,520901.12,Salaried,1
CUST001901,32,499719.44,Salaried,2
CUST001902,57,784133.41,Self-Employed,0
CUST001903,64,830601.93,Business Owner,2
CUST001904,48,484199.69,Salaried,3
CUST001905,35,682376.99,Salaried,1
CUST001906,26,585291.92,Self-Employed,1
CUST001907,64,201597.81,Self-Employed,1
CUST001908,40,503370.92,Salaried,2
CUST001909,34,160240.32,Self-Employed,1
CUST001910,22,1010025.8,Self-Employed,0
CUST001911,29,545589.34,Salaried,1
CUST001912,57,498481.32,Salaried,1
CUST001913,40,524974.91,Salaried,2
CUST001914,46,349162.09,Self-Employed,0
CUST001915,49,463393.67,Self-Employed,0
CUST001916,21,785262.95,Salaried,1
CUST001917,55,614601.06,Salaried,0
CUST001918,26,391859.65,Salaried,3
CUST001919,57,440802.84,Business Owner,2
CUST001920,25,626190.7,Salaried,2
CUST001921,53,475113.28,Salaried,1
CUST001922,34,571377.19,Salaried,0
CUST001923,32,996855.24,Salaried,3
CUST001924,62,449144.29,Salaried,4
CUST001925,40,383070.44,Salaried,0
CUST001926,44,488960.04,Salaried,0
CUST001927,63,140165.61,Self-Employed,0
CUST001928,54,792915.6,Salaried,1
CUST001929,45,426105.23,Salaried,1
CUST001930,49,305207.02,Self-Employed,1
CUST001931,59,399985.47,Salaried,1
CUST001932,51,161669.02,Self-Employed,0
CUST001933,63,591772.34,Salaried,2
CUST001934,43,487324.81,Salaried,1
CUST001935,64,329296.16,Salaried,3
CUST001936,58,544167.66,Salaried,0
CUST001937,40,1046264.34,Business Owner,1
CUST001938,43,533702.1,Salaried,0
CUST001939,36,689892.22,Salaried,0
CUST001940,62,854780.42,Salaried,1
CUST001941,28,722174.22,Salaried,2
CUST001942,41,632377.75,Salaried,2
CUST001943,21,721829.12,Salaried,0
CUST001944,28,934066.93,Salaried,1
CUST001945,49,323500.81,Business Owner,0
CUST001946,52,694907.84,Salaried,3
CUST001947,58,300609.58,Self-Employed,1
CUST001948,25,996686.72,Business Owner,1
CUST001949,42,401687.3,Salaried,2
CUST001950,54,1202359.09,Business Owner,0
CUST001951,21,555984.94,Self-Employed,2
CUST001952,46,824925.36,Salaried,1
CUST001953,63,136436.35,Unemployed,1
CUST001954,30,554535.55,Salaried,1
CUST001955,50,556034.36,Salaried,2
CUST001956,38,992229.4,Self-Employed,1
CUST001957,37,695024.51,Salaried,0
CUST001958,46,801701.23,Salaried,1
CUST001959,28,708653.52,Salaried,0
CUST001960,60,676390.61,Self-Employed,2
CUST001961,32,204976.5,Self-Employed,2
CUST001962,47,388031.81,Self-Employed,1
CUST001963,28,118933.97,Unemployed,2
CUST001964,45,608862.47,Salaried,0
CUST001965,24,584474.89,Salaried,0
CUST001966,53,178464.91,Self-Employed,1
CUST001967,21,508588.09,Self-Employed,0
CUST001968,39,298125.47,Salaried,1
CUST001969,51,716470.64,Salaried,3
CUST001970,36,941581.44,Business Owner,3
CUST001971,34,212267.9,Unemployed,2
CUST001972,25,542569.63,Self-Employed,1
CUST001973,61,530640.99,Salaried,2
CUST001974,46,100000.0,Unemployed,0
CUST001975,48,742191.4,Business Owner,0
CUST001976,22,481843.32,Salaried,0
CUST001977,26,1048620.31,Business Owner,1
CUST001978,29,731559.06,Business Owner,2
CUST001979,53,1141965.96,Business Owner,2
CUST001980,61,1441534.42,Business Owner,0
CUST001981,45,217183.52,Self-Employed,0
CUST001982,33,499478.49,Self-Employed,0
CUST001983,29,592838.46,Salaried,1
CUST001984,33,562845.01,Self-Employed,3
CUST001985,51,637330.53,Self-Employed,2
CUST001986,61,229387.77,Unemployed,2
CUST001987,31,433578.84,Salaried,1
CUST001988,24,185582.15,Self-Employed,1
CUST001989,54,628276.73,Salaried,0
CUST001990,58,589902.15,Self-Employed,0
CUST001991,24,644064.78,Self-Employed,0
CUST001992,58,485835.18,Salaried,1
CUST001993,39,363322.66,Salaried,1
CUST001994,26,782845.26,Salaried,0
CUST001995,54,676871.1,Salaried,0
CUST001996,38,424260.45,Self-Employed,0
CUST001997,33,278079.11,Salaried,0
CUST001998,61,499636.47,Salaried,3
CUST001999,43,704308.33,Salaried,3
CUST002000,39,665219.6,Salaried,2
CUST002001,31,224338.97,Self-Employed,1
CUST002002,21,692867.78,Salaried,0
CUST002003,44,864723.83,Business Owner,3
CUST002004,27,790060.91,Salaried,1
CUST002005,45,495309.89,Salaried,0
CUST002006,41,507453.13,Salaried,1
CUST002007,35,523019.19,Self-Employed,1
CUST002008,21,416468.63,Self-Employed,2
CUST002009,32,550609.96,Business Owner,0
CUST002010,27,868287.76,Self-Employed,3
CUST002011,35,813144.26,Salaried,4
CUST002012,41,308017.55,Self-Employed,1
CUST002013,39,988128.95,Business Owner,3
CUST002014,49,370205.8,Salaried,2
CUST002015,45,855184.75,Salaried,2
CUST002016,53,652028.34,Self-Employed,0
CUST002017,52,750548.69,Salaried,0
CUST002018,55,137422.85,Unemployed,0
CUST002019,64,776204.57,Salaried,0
CUST002020,58,776602.67,Salaried,1
CUST002021,46,141767.57,Unemployed,1
CUST002022,31,440398.43,Business Owner,1
CUST002023,55,665281.25,Salaried,1
CUST002024,28,849389.82,Business Owner,1
CUST002025,34,877882.55,Salaried,1
CUST002026,30,607594.81,Salaried,1
CUST002027,22,942581.76,Business Owner,0
CUST002028,29,721046.98,Salaried,0
CUST002029,23,600491.35,Salaried,1
CUST002030,41,704153.41,Salaried,0
CUST002031,46,392193.85,Self-Employed,1
CUST002032,28,432215.96,Salaried,1
CUST002033,22,317486.27,Self-Employed,2
CUST002034,26,432575.01,Self-Employed,0
CUST002035,48,617793.11,Salaried,2
CUST002036,49,599807.46,Self-Employed,1
CUST002037,46,1082259.09,Business Owner,4
CUST002038,45,601511.11,Salaried,2
CUST002039,32,439485.97,Salaried,0
CUST002040,25,704823.91,Salaried,0
CUST002041,54,199731.19,Self-Employed,2
CUST002042,57,432965.42,Business Owner,0
CUST002043,35,606779.35,Salaried,0
CUST002044,64,719467.86,Salaried,0
CUST002045,56,694096.79,Salaried,3
CUST002046,35,479933.12,Self-Employed,1
CUST002047,63,666712.58,Salaried,4
CUST002048,43,473818.41,Business Owner,1
CUST002049,26,515730.43,Salaried,0
CUST002050,64,390672.54,Self-Employed,0
CUST002051,63,453768.43,Salaried,1
CUST002052,41,428141.68,Self-Employed,1
CUST002053,43,568676.38,Salaried,0
CUST002054,63,407541.15,Self-Employed,2
CUST002055,36,561488.25,Salaried,2
CUST002056,35,170776.14,Salaried,1
CUST002057,45,657853.87,Salaried,0
CUST002058,56,418877.01,Self-Employed,2
CUST002059,31,539016.02,Salaried,2
CUST002060,35,391757.09,Salaried,2
CUST002061,24,1520402.37,Business Owner,2
CUST002062,41,1539335.49,Business Owner,3
CUST002063,33,349716.31,Salaried,4
CUST002064,42,452893.96,Self-Employed,0
CUST002065,39,739168.9,Salaried,0
CUST002066,54,428293.01,Self-Employed,2
CUST002067,34,657545.63,Business Owner,1
CUST002068,24,499337.17,Salaried,0
CUST002069,47,562540.97,Self-Employed,0
CUST002070,49,992309.03,Salaried,3
CUST002071,48,665580.2,Self-Employed,1
CUST002072,55,278288.5,Self-Employed,1
CUST002073,28,648446.78,Business Owner,0
CUST002074,36,559836.87,Salaried,2
CUST002075,62,471124.95,Salaried,0
CUST002076,56,443147.36,Salaried,0
CUST002077,50,187496.49,Unemployed,0
CUST002078,38,399413.01,Self-Employed,2
CUST002079,22,574362.96,Self-Employed,0
CUST002080,33,867364.31,Salaried,0
CUST002081,24,690265.93,Business Owner,1
CUST002082,46,1009850.39,Business Owner,1
CUST002083,45,295275.45,Self-Employed,1
CUST002084,50,662326.52,Salaried,0
CUST002085,31,795006.66,Salaried,0
CUST002086,27,749689.43,Self-Employed,2
CUST002087,51,508461.2,Self-Employed,1
CUST002088,64,522155.34,Salaried,0
CUST002089,30,547360.79,Self-Employed,2
CUST002090,59,607666.73,Salaried,2
CUST002091,33,592227.68,Self-Employed,1
CUST002092,51,504828.03,Salaried,3
CUST002093,27,539974.85,Salaried,2
CUST002094,62,567254.39,Salaried,1
CUST002095,62,699969.64,Salaried,0
CUST002096,56,719876.92,Salaried,0
CUST002097,40,727375.02,Business Owner,2
CUST002098,24,427352.37,Salaried,1
CUST002099,27,654396.09,Salaried,3
CUST002100,21,709787.23,Salaried,2
CUST002101,64,579877.36,Salaried,0
CUST002102,62,492958.63,Salaried,4
CUST002103,33,528304.53,Salaried,1
CUST002104,42,827867.88,Self-Employed,1
CUST002105,41,633259.54,Salaried,3
CUST002106,42,702678.27,Self-Employed,2
CUST002107,48,479536.11,Salaried,1
CUST002108,29,781536.83,Salaried,4
CUST002109,46,734202.93,Salaried,1
CUST002110,29,859034.03,Business Owner,1
CUST002111,35,621787.98,Self-Employed,3
CUST002112,30,758786.86,Self-Employed,0
CUST002113,44,433796.8,Salaried,3
CUST002114,62,689706.54,Business Owner,2
CUST002115,28,678605.09,Salaried,2
CUST002116,44,603037.24,Salaried,0
CUST002117,36,582257.8,Self-Employed,1
CUST002118,46,703223.23,Salaried,1
CUST002119,47,174931.12,Unemployed,3
CUST002120,57,562074.65,Salaried,0
CUST002121,24,140802.34,Unemployed,1
CUST002122,44,811067.61,Self-Employed,1
CUST002123,39,517240.47,Self-Employed,2
CUST002124,56,803297.67,Salaried,3
CUST002125,59,813723.7,Salaried,0
CUST002126,30,587620.46,Business Owner,1
CUST002127,45,710326.49,Salaried,3
CUST002128,38,283957.64,Self-Employed,1
CUST002129,39,230858.34,Unemployed,3
CUST002130,56,628283.82,Salaried,4
CUST002131,30,528003.38,Self-Employed,5
CUST002132,53,326975.13,Self-Employed,3
CUST002133,25,508981.38,Salaried,2
CUST002134,55,633928.48,Salaried,1
CUST002135,64,613648.81,Salaried,1
CUST002136,54,542232.49,Salaried,0
CUST002137,53,675667.81,Self-Employed,1
CUST002138,41,599630.82,Salaried,1
CUST002139,37,100000.0,Unemployed,1
CUST002140,42,708057.2,Salaried,0
CUST002141,57,268144.76,Self-Employed,2
CUST002142,35,115312.55,Self-Employed,0
CUST002143,55,614423.52,Salaried,2
CUST002144,48,445397.0,Salaried,0
CUST002145,27,535622.41,Self-Employed,2
CUST002146,52,1226543.24,Business Owner,0
CUST002147,31,747675.57,Salaried,2
CUST002148,30,674647.23,Salaried,0
CUST002149,29,401090.51,Salaried,0
CUST002150,34,491977.19,Salaried,1
CUST002151,33,501083.09,Self-Employed,0
CUST002152,45,906031.87,Business Owner,1
CUST002153,22,458713.57,Salaried,1
CUST002154,55,126878.36,Unemployed,3
CUST002155,27,721553.72,Salaried,1
CUST002156,41,600748.75,Self-Employed,2
CUST002157,38,553731.96,Salaried,1
CUST002158,23,754447.86,Salaried,1
CUST002159,62,401023.58,Salaried,1
CUST002160,59,723330.36,Salaried,0
CUST002161,61,636918.75,Self-Employed,1
CUST002162,31,649338.47,Self-Employed,1
CUST002163,59,644469.25,Salaried,0
CUST002164,44,638700.59,Business Owner,1
CUST002165,39,688798.77,Salaried,3
CUST002166,24,416875.76,Self-Employed,1
CUST002167,46,630785.72,Salaried,0
CUST002168,58,490815.08,Salaried,2
CUST002169,62,548266.29,Salaried,2
CUST002170,52,471350.2,Self-Employed,0
CUST002171,59,579944.78,Self-Employed,1
CUST002172,56,685079.1,Salaried,0
CUST002173,60,854354.91,Salaried,1
CUST002174,57,622218.97,Salaried,1
CUST002175,53,310454.08,Self-Employed,0
CUST002176,56,659993.13,Self-Employed,0
CUST002177,23,650645.14,Salaried,1
CUST002178,29,571444.28,Salaried,2
CUST002179,28,419905.05,Self-Employed,0
CUST002180,53,507264.54,Salaried,1
CUST002181,26,502281.5,Salaried,0
CUST002182,61,416930.14,Salaried,0
CUST002183,59,744826.49,Salaried,1
CUST002184,24,665219.93,Salaried,3
CUST002185,33,518611.49,Self-Employed,0
CUST002186,22,506887.59,Salaried,0
CUST002187,25,717873.68,Self-Employed,1
CUST002188,64,386904.62,Salaried,0
CUST002189,47,847602.84,Business Owner,0
CUST002190,52,696429.27,Self-Employed,0
CUST002191,41,101474.32,Self-Employed,0
CUST002192,28,626407.49,Salaried,1
CUST002193,58,500976.44,Salaried,1
CUST002194,28,618174.16,Salaried,2
CUST002195,23,425109.87,Self-Employed,0
CUST002196,64,689053.69,Salaried,2
CUST002197,23,211627.19,Unemployed,2
CUST002198,42,275666.32,Unemployed,1
CUST002199,26,582990.02,Salaried,2
CUST002200,22,186898.64,Unemployed,2
CUST002201,43,651323.11,Salaried,2
CUST002202,64,662412.23,Salaried,3
CUST002203,22,821369.99,Salaried,0
CUST002204,58,363161.32,Self-Employed,2
CUST002205,37,546257.25,Salaried,0
CUST002206,55,141226.32,Unemployed,0
CUST002207,54,452272.7,Salaried,2
CUST002208,43,599778.76,Salaried,1
CUST002209,50,1163187.97,Business Owner,0
CUST002210,28,724254.29,Salaried,1
CUST002211,42,572426.14,Salaried,0
CUST002212,64,728407.19,Self-Employed,0
CUST002213,56,288932.62,Salaried,1
CUST002214,25,948807.31,Salaried,2
CUST002215,33,685088.49,Salaried,1
CUST002216,49,535434.66,Salaried,0
CUST002217,51,173105.08,Unemployed,3
CUST002218,36,838885.2,Business Owner,0
CUST002219,62,286617.31,Salaried,1
CUST002220,50,607035.86,Salaried,1
CUST002221,36,736726.04,Salaried,2
CUST002222,32,198189.61,Unemployed,1
CUST002223,37,637754.67,Salaried,1
CUST002224,36,743665.74,Salaried,0
CUST002225,32,587087.99,Self-Employed,0
CUST002226,28,161128.8,Unemployed,0
CUST002227,40,496651.06,Salaried,0
CUST002228,23,547918.4,Salaried,2
CUST002229,36,561545.75,Salaried,2
CUST002230,50,642821.77,Salaried,1
CUST002231,43,660630.64,Self-Employed,0
CUST002232,48,377114.57,Self-Employed,3
CUST002233,60,221647.84,Self-Employed,1
CUST002234,25,815964.13,Salaried,0
CUST002235,40,454706.87,Salaried,0
CUST002236,60,673514.25,Salaried,2
CUST002237,64,637977.53,Salaried,1
CUST002238,21,431132.93,Self-Employed,2
CUST002239,50,691118.67,Salaried,3
CUST002240,41,418855.53,Salaried,1
CUST002241,40,844609.45,Salaried,2
CUST002242,26,995231.67,Salaried,2
CUST002243,42,784637.27,Salaried,1
CUST002244,38,575963.63,Business Owner,0
CUST002245,28,251146.84,Salaried,2
CUST002246,59,595472.77,Self-Employed,1
CUST002247,52,405994.13,Salaried,1
CUST002248,53,538026.12,Salaried,0
CUST002249,36,1509128.78,Business Owner,0
CUST002250,32,843552.3,Salaried,5
CUST002251,58,846333.14,Self-Employed,1
CUST002252,54,614762.18,Salaried,1
CUST002253,34,734489.96,Salaried,1
CUST002254,56,101711.46,Self-Employed,1
CUST002255,53,300338.19,Business Owner,1
CUST002256,43,784721.76,Business Owner,1
CUST002257,22,668259.36,Self-Employed,2
CUST002258,61,536038.16,Salaried,0
CUST002259,41,660531.68,Self-Employed,0
CUST002260,22,269289.03,Self-Employed,0
CUST002261,47,615304.71,Salaried,0
CUST002262,29,682482.36,Salaried,1
CUST002263,21,1202961.82,Business Owner,1
CUST002264,31,532265.9,Salaried,0
CUST002265,23,604299.37,Salaried,0
CUST002266,43,283703.59,Business Owner,0
CUST002267,46,584237.32,Salaried,2
CUST002268,24,762251.88,Salaried,0
CUST002269,38,447421.85,Self-Employed,2
CUST002270,26,487810.12,Salaried,1
CUST002271,55,656285.49,Self-Employed,0
CUST002272,42,942781.29,Salaried,3
CUST002273,63,925990.56,Salaried,0
CUST002274,35,639213.39,Salaried,1
CUST002275,42,188525.15,Unemployed,2
CUST002276,57,845794.43,Salaried,0
CUST002277,62,636194.5,Salaried,0
CUST002278,32,669197.22,Salaried,2
CUST002279,62,551554.87,Salaried,2
CUST002280,58,955196.22,Salaried,2
CUST002281,38,707813.05,Salaried,1
CUST002282,55,559909.41,Salaried,2
CUST002283,50,513699.93,Salaried,1
CUST002284,44,128558.2,Self-Employed,1
CUST002285,62,183895.83,Self-Employed,3
CUST002286,50,491077.57,Salaried,2
CUST002287,34,739249.09,Salaried,1
CUST002288,26,565222.65,Self-Employed,0
CUST002289,23,249039.4,Self-Employed,2
CUST002290,36,461022.36,Salaried,1
CUST002291,27,1012641.21,Business Owner,0
CUST002292,34,851021.38,Salaried,0
CUST002293,29,434706.01,Salaried,1
CUST002294,35,668840.52,Salaried,2
CUST002295,41,721827.22,Business Owner,0
CUST002296,55,537537.22,Salaried,0
CUST002297,22,265314.31,Self-Employed,1
CUST002298,47,693974.36,Salaried,1
CUST002299,22,527056.51,Salaried,2
CUST002300,55,547270.59,Salaried,3
CUST002301,38,1293731.31,Business Owner,1
CUST002302,34,755475.68,Salaried,2
CUST002303,40,490527.22,Salaried,3
CUST002304,38,644540.93,Salaried,1
CUST002305,30,1262506.62,Business Owner,0
CUST002306,45,572482.22,Salaried,1
CUST002307,22,700560.73,Salaried,5
CUST002308,45,552215.58,Salaried,1
CUST002309,53,132691.8,Unemployed,0
CUST002310,56,527127.3,Business Owner,0
CUST002311,51,842398.88,Self-Employed,0
CUST002312,34,527346.04,Salaried,2
CUST002313,21,479820.34,Salaried,0
CUST002314,36,481848.49,Business Owner,0
CUST002315,23,612677.38,Salaried,1
CUST002316,55,447457.43,Salaried,1
CUST002317,61,493117.49,Salaried,1
CUST002318,26,1219582.74,Business Owner,1
CUST002319,45,667307.46,Salaried,1
CUST002320,33,230936.72,Self-Employed,1
CUST002321,54,1189929.6,Business Owner,1
CUST002322,28,604918.23,Salaried,1
CUST002323,41,770574.19,Salaried,1
CUST002324,54,220899.47,Unemployed,1
CUST002325,24,100000.0,Unemployed,1
CUST002326,45,1205852.14,Business Owner,2
CUST002327,35,826962.38,Self-Employed,0
CUST002328,24,631447.35,Salaried,1
CUST002329,32,1175286.82,Business Owner,0
CUST002330,52,633745.48,Salaried,0
CUST002331,52,1291769.9,Business Owner,1
CUST002332,48,1053396.03,Business Owner,0
CUST002333,33,100000.0,Self-Employed,1
CUST002334,51,851519.17,Business Owner,1
CUST002335,34,462837.56,Self-Employed,0
CUST002336,40,707067.65,Salaried,1
CUST002337,38,735369.27,Self-Employed,2
CUST002338,49,565849.48,Salaried,3
CUST002339,26,416268.57,Salaried,0
CUST002340,52,645932.35,Salaried,1
CUST002341,49,483607.77,Salaried,1
CUST002342,63,657575.59,Business Owner,0
CUST002343,22,269104.59,Unemployed,0
CUST002344,43,498341.17,Salaried,2
CUST002345,39,365268.78,Salaried,1
CUST002346,51,690535.96,Salaried,0
CUST002347,25,185352.51,Unemployed,1
CUST002348,39,731788.12,Salaried,0
CUST002349,54,667970.29,Self-Employed,0
CUST002350,30,958242.55,Business Owner,1
CUST002351,45,623416.58,Salaried,2
CUST002352,22,1275823.95,Business Owner,1
CUST002353,31,1543437.81,Business Owner,2
CUST002354,51,395709.41,Business Owner,1
CUST002355,35,508756.19,Salaried,3
CUST002356,29,694189.86,Salaried,1
CUST002357,43,1001954.56,Business Owner,2
CUST002358,39,331414.81,Salaried,3
CUST002359,29,385346.48,Self-Employed,0
CUST002360,55,645402.63,Salaried,1
CUST002361,41,601889.32,Salaried,2
CUST002362,29,546158.71,Salaried,1
CUST002363,48,968813.61,Self-Employed,1
CUST002364,27,596266.3,Salaried,2
CUST002365,36,546209.8,Self-Employed,1
CUST002366,36,619944.73,Salaried,1
CUST002367,53,542333.35,Self-Employed,2
CUST002368,24,507545.29,Self-Employed,3
CUST002369,24,287645.13,Salaried,4
CUST002370,59,451469.28,Salaried,1
CUST002371,60,552771.4,Salaried,1
CUST002372,37,721907.95,Salaried,1
CUST002373,57,440145.64,Self-Employed,0
CUST002374,59,475293.57,Salaried,0
CUST002375,49,741648.45,Salaried,1
CUST002376,56,770218.65,Self-Employed,3
CUST002377,58,370090.93,Salaried,2
CUST002378,59,938770.74,Business Owner,0
CUST002379,57,199474.72,Salaried,2
CUST002380,55,134429.0,Unemployed,3
CUST002381,27,882665.13,Salaried,0
CUST002382,47,613791.96,Salaried,0
CUST002383,48,392838.27,Salaried,0
CUST002384,42,396532.11,Salaried,4
CUST002385,34,460104.6,Salaried,0
CUST002386,27,499248.56,Salaried,3
CUST002387,57,121443.94,Self-Employed,4
CUST002388,42,649389.21,Salaried,1
CUST002389,25,608774.13,Self-Employed,0
CUST002390,22,547468.82,Salaried,1
CUST002391,47,1718288.26,Business Owner,3
CUST002392,41,535578.89,Salaried,3
CUST002393,58,780419.77,Salaried,1
CUST002394,35,391844.71,Salaried,1
CUST002395,41,644991.81,Salaried,1
CUST002396,30,667507.6,Salaried,0
CUST002397,43,493410.74,Salaried,1
CUST002398,59,533444.45,Self-Employed,1
CUST002399,25,611694.38,Business Owner,2
CUST002400,21,553212.71,Salaried,0
CUST002401,33,135854.6,Unemployed,0
CUST002402,41,337830.89,Business Owner,1
CUST002403,46,1109155.86,Business Owner,2
CUST002404,41,688797.47,Salaried,0
CUST002405,38,543996.65,Salaried,0
CUST002406,57,636305.41,Salaried,0
CUST002407,52,316047.01,Self-Employed,0
CUST002408,56,412151.88,Salaried,1
CUST002409,37,540009.71,Salaried,2
CUST002410,55,703653.07,Salaried,1
CUST002411,31,588685.67,Salaried,3
CUST002412,41,412301.66,Self-Employed,0
CUST002413,46,650348.26,Salaried,3
CUST002414,24,316826.9,Self-Employed,2
CUST002415,54,254748.05,Self-Employed,1
CUST002416,38,547091.67,Salaried,0
CUST002417,60,472492.37,Salaried,1
CUST002418,55,262090.33,Self-Employed,0
CUST002419,61,735591.76,Salaried,1
CUST002420,49,930450.97,Salaried,0
CUST002421,49,366808.14,Salaried,1
CUST002422,58,416821.25,Self-Employed,1
CUST002423,62,534892.28,Self-Employed,1
CUST002424,41,341909.23,Salaried,3
CUST002425,62,566586.09,Salaried,0
CUST002426,33,577483.99,Salaried,1
CUST002427,61,1091984.36,Business Owner,0
CUST002428,37,484090.29,Salaried,0
CUST002429,29,674193.41,Business Owner,1
CUST002430,61,745720.62,Salaried,2
CUST002431,21,583884.72,Self-Employed,1
CUST002432,22,709196.05,Salaried,0
CUST002433,49,149184.29,Self-Employed,3
CUST002434,53,499750.76,Salaried,4
CUST002435,30,803252.94,Self-Employed,1
CUST002436,60,587408.95,Salaried,1
CUST002437,41,581141.22,Salaried,2
CUST002438,48,587662.03,Salaried,1
CUST002439,31,1527997.74,Business Owner,0
CUST002440,54,350757.56,Self-Employed,1
CUST002441,28,700719.37,Salaried,1
CUST002442,42,552787.61,Self-Employed,4
CUST002443,28,226758.12,Self-Employed,2
CUST002444,35,780554.61,Business Owner,2
CUST002445,37,566483.57,Business Owner,0
CUST002446,43,245350.54,Self-Employed,0
CUST002447,44,779461.98,Salaried,0
CUST002448,39,256009.46,Self-Employed,0
CUST002449,25,649860.85,Self-Employed,0
CUST002450,52,106919.26,Unemployed,1
CUST002451,64,803612.04,Salaried,2
CUST002452,21,537028.07,Salaried,0
CUST002453,43,650348.64,Salaried,3
CUST002454,57,386743.85,Self-Employed,0
CUST002455,28,100000.0,Business Owner,2
CUST002456,33,349868.84,Salaried,1
CUST002457,28,120387.79,Self-Employed,2
CUST002458,43,550764.89,Self-Employed,1
CUST002459,63,494267.53,Self-Employed,3
CUST002460,21,689201.97,Salaried,1
CUST002461,44,628324.78,Business Owner,0
CUST002462,55,274305.41,Salaried,1
CUST002463,44,760383.89,Self-Employed,3
CUST002464,37,748494.16,Salaried,3
CUST002465,25,656086.2,Salaried,0
CUST002466,40,1344349.84,Business Owner,3
CUST002467,41,584761.33,Salaried,2
CUST002468,60,639776.54,Salaried,3
CUST002469,51,359273.13,Self-Employed,1
CUST002470,56,439395.26,Salaried,1
CUST002471,31,363497.81,Salaried,2
CUST002472,35,487085.83,Salaried,1
CUST002473,39,999295.69,Salaried,1
CUST002474,27,371958.99,Salaried,0
CUST002475,48,459350.91,Salaried,4
CUST002476,63,945224.81,Business Owner,1
CUST002477,25,959618.36,Salaried,2
CUST002478,25,442546.76,Salaried,2
CUST002479,50,505705.51,Salaried,2
CUST002480,52,700725.74,Salaried,1
CUST002481,28,622988.04,Self-Employed,1
CUST002482,30,361095.69,Self-Employed,0
CUST002483,58,474902.78,Salaried,1
CUST002484,52,667185.08,Salaried,1
CUST002485,48,554427.78,Salaried,1
CUST002486,37,557498.47,Self-Employed,2
CUST002487,51,466131.44,Self-Employed,3
CUST002488,28,652699.59,Salaried,2
CUST002489,60,668222.29,Salaried,1
CUST002490,45,110444.98,Self-Employed,4
CUST002491,29,714792.88,Business Owner,0
CUST002492,22,1033479.02,Business Owner,2
CUST002493,35,721586.8,Salaried,3
CUST002494,23,550202.94,Salaried,2
CUST002495,56,323317.49,Salaried,4
CUST002496,24,749823.17,Self-Employed,0
CUST002497,34,192782.57,Unemployed,0
CUST002498,61,615819.85,Salaried,1
CUST002499,61,530323.09,Salaried,1
CUST002500,45,690047.07,Salaried,1
CUST002501,30,531757.28,Salaried,3
CUST002502,41,731401.49,Salaried,2
CUST002503,56,859351.13,Self-Employed,2
CUST002504,32,526855.53,Salaried,2
CUST002505,47,717066.24,Salaried,0
CUST002506,60,368970.81,Self-Employed,2
CUST002507,22,754103.44,Salaried,0
CUST002508,33,563021.13,Salaried,1
CUST002509,52,817174.4,Salaried,0
CUST002510,51,788933.26,Business Owner,1
CUST002511,36,320456.76,Self-Employed,1
CUST002512,52,549847.79,Salaried,0
CUST002513,52,566540.78,Salaried,2
CUST002514,54,635452.01,Salaried,0
CUST002515,31,434225.8,Self-Employed,1
CUST002516,30,549097.31,Self-Employed,1
CUST002517,35,1005248.56,Business Owner,0
CUST002518,37,535884.3,Salaried,1
CUST002519,60,166420.21,Unemployed,1
CUST002520,38,120687.94,Unemployed,1
CUST002521,29,1699925.63,Business Owner,1
CUST002522,45,559824.68,Self-Employed,0
CUST002523,60,691848.73,Salaried,0
CUST002524,34,570698.43,Salaried,0
CUST002525,45,491910.57,Salaried,2
CUST002526,42,725400.06,Salaried,2
CUST002527,50,565977.26,Self-Employed,2
CUST002528,40,100000.0,Self-Employed,2
CUST002529,41,1670259.47,Business Owner,2
CUST002530,64,710673.77,Salaried,3
CUST002531,52,542840.61,Salaried,1
CUST002532,41,621126.49,Self-Employed,2
CUST002533,55,663246.59,Salaried,2
CUST002534,52,674292.57,Salaried,0
CUST002535,50,106473.46,Unemployed,2
CUST002536,59,514231.12,Self-Employed,1
CUST002537,32,645310.93,Salaried,0
CUST002538,61,1392763.81,Business Owner,1
CUST002539,38,520521.2,Self-Employed,2
CUST002540,41,586238.68,Self-Employed,2
CUST002541,33,535890.51,Business Owner,1
CUST002542,41,610092.3,Salaried,2
CUST002543,28,673414.32,Self-Employed,1
CUST002544,60,497372.74,Salaried,0
CUST002545,27,541786.07,Salaried,3
CUST002546,43,514433.33,Business Owner,1
CUST002547,64,396687.53,Salaried,2
CUST002548,52,327850.54,Self-Employed,1
CUST002549,31,1124928.85,Business Owner,2
CUST002550,42,801556.16,Business Owner,0
CUST002551,42,557028.19,Business Owner,2
CUST002552,63,926863.78,Salaried,0
CUST002553,45,494733.58,Salaried,1
CUST002554,42,693686.18,Salaried,1
CUST002555,48,649945.87,Salaried,1
CUST002556,49,637226.93,Salaried,1
CUST002557,33,133824.56,Self-Employed,1
CUST002558,38,754030.41,Self-Employed,1
CUST002559,22,165973.99,Unemployed,0
CUST002560,49,683792.97,Self-Employed,1
CUST002561,41,727735.69,Self-Employed,1
CUST002562,35,857050.53,Salaried,1
CUST002563,47,450247.3,Salaried,0
CUST002564,51,492184.75,Salaried,2
CUST002565,35,383595.49,Self-Employed,2
CUST002566,43,470057.07,Salaried,0
CUST002567,44,764335.71,Self-Employed,1
CUST002568,64,299360.31,Self-Employed,3
CUST002569,33,543112.03,Salaried,1
CUST002570,42,355275.46,Salaried,1
CUST002571,63,709805.4,Salaried,2
CUST002572,57,580854.39,Salaried,0
CUST002573,53,676662.18,Self-Employed,0
CUST002574,23,640200.25,Self-Employed,2
CUST002575,39,171711.67,Self-Employed,0
CUST002576,43,973970.11,Business Owner,1
CUST002577,49,281856.68,Self-Employed,1
CUST002578,50,157056.42,Unemployed,1
CUST002579,59,512088.09,Salaried,0
CUST002580,64,866721.73,Self-Employed,1
CUST002581,45,999514.11,Salaried,2
CUST002582,57,563282.86,Salaried,1
CUST002583,28,614843.79,Salaried,2
CUST002584,62,100000.0,Self-Employed,3
CUST002585,36,353356.31,Salaried,2
CUST002586,28,657930.19,Salaried,3
CUST002587,21,148381.71,Unemployed,0
CUST002588,64,1068515.61,Business Owner,1
CUST002589,25,340394.67,Self-Employed,2
CUST002590,23,560532.8,Self-Employed,1
CUST002591,21,100000.0,Unemployed,1
CUST002592,24,378156.28,Self-Employed,1
CUST002593,60,669984.15,Salaried,0
CUST002594,55,1578627.05,Business Owner,0
CUST002595,52,476604.75,Self-Employed,1
CUST002596,62,688474.18,Salaried,3
CUST002597,54,499595.1,Salaried,1
CUST002598,63,666537.97,Salaried,0
CUST002599,45,702435.41,Business Owner,5
CUST002600,30,893205.16,Salaried,0
CUST002601,41,133556.59,Unemployed,1
CUST002602,59,832060.55,Business Owner,2
CUST002603,47,654830.95,Self-Employed,1
CUST002604,47,600489.1,Self-Employed,0
CUST002605,22,545184.88,Salaried,2
CUST002606,61,661473.8,Salaried,2
CUST002607,33,441783.27,Salaried,0
CUST002608,29,545264.51,Self-Employed,2
CUST002609,56,682391.25,Salaried,0
CUST002610,42,536599.03,Salaried,1
CUST002611,62,544511.87,Salaried,1
CUST002612,46,648195.2,Business Owner,2
CUST002613,32,384618.16,Salaried,1
CUST002614,37,1066083.89,Business Owner,1
CUST002615,34,528720.38,Salaried,0
CUST002616,34,683465.73,Salaried,2
CUST002617,54,572636.98,Salaried,1
CUST002618,40,692219.36,Salaried,0
CUST002619,31,157283.73,Self-Employed,0
CUST002620,36,428094.1,Salaried,2
CUST002621,51,331619.32,Self-Employed,0
CUST002622,26,739410.82,Self-Employed,0
CUST002623,39,580622.98,Self-Employed,0
CUST002624,57,447297.72,Self-Employed,1
CUST002625,24,528360.83,Salaried,0
CUST002626,24,619220.37,Self-Employed,1
CUST002627,40,120542.99,Unemployed,2
CUST002628,30,1194240.37,Business Owner,0
CUST002629,44,139282.41,Unemployed,2
CUST002630,55,793953.62,Salaried,0
CUST002631,46,311073.85,Self-Employed,1
CUST002632,57,474405.12,Self-Employed,0
CUST002633,58,462159.14,Salaried,0
CUST002634,41,1551280.87,Business Owner,0
CUST002635,60,504171.58,Self-Employed,1
CUST002636,59,448897.89,Salaried,2
CUST002637,41,464684.07,Salaried,3
CUST002638,30,1105619.97,Business Owner,2
CUST002639,58,327224.05,Salaried,1
CUST002640,24,573266.94,Salaried,1
CUST002641,40,472135.64,Salaried,0
CUST002642,37,576053.32,Salaried,0
CUST002643,27,940498.44,Business Owner,1
CUST002644,24,585232.76,Salaried,2
CUST002645,49,446769.72,Self-Employed,2
CUST002646,34,966233.03,Business Owner,0
CUST002647,23,862485.6,Salaried,1
CUST002648,44,791082.9,Salaried,1
CUST002649,57,432456.62,Self-Employed,1
CUST002650,36,708752.43,Salaried,3
CUST002651,24,701401.74,Salaried,2
CUST002652,44,424186.06,Self-Employed,1
CUST002653,54,887292.63,Business Owner,2
CUST002654,50,607503.22,Self-Employed,1
CUST002655,38,113482.94,Unemployed,3
CUST002656,39,451880.71,Self-Employed,1
CUST002657,51,460463.9,Self-Employed,0
CUST002658,39,792128.02,Business Owner,4
CUST002659,39,553644.9,Salaried,2
CUST002660,42,666327.54,Salaried,1
CUST002661,44,505297.95,Self-Employed,3
CUST002662,32,627867.32,Self-Employed,1
CUST002663,50,978019.14,Salaried,0
CUST002664,58,519745.86,Salaried,0
CUST002665,51,632653.25,Salaried,1
CUST002666,56,601716.21,Self-Employed,1
CUST002667,39,1336774.59,Business Owner,0
CUST002668,56,1073782.04,Business Owner,1
CUST002669,50,281429.85,Self-Employed,0
CUST002670,53,635032.86,Business Owner,0
CUST002671,38,621968.39,Salaried,0
CUST002672,48,496371.18,Salaried,1
CUST002673,31,378535.67,Salaried,1
CUST002674,53,338723.07,Self-Employed,0
CUST002675,37,479855.56,Salaried,1
CUST002676,26,298125.9,Self-Employed,1
CUST002677,24,1005350.41,Self-Employed,2
CUST002678,40,647294.31,Salaried,0
CUST002679,47,155778.44,Unemployed,1
CUST002680,35,683901.18,Self-Employed,0
CUST002681,26,869743.38,Salaried,0
CUST002682,34,658000.67,Salaried,4
CUST002683,31,703510.35,Self-Employed,1
CUST002684,59,524697.08,Salaried,2
CUST002685,29,464053.78,Salaried,2
CUST002686,46,681836.62,Self-Employed,2
CUST002687,36,1256011.59,Business Owner,1
CUST002688,25,719430.66,Salaried,0
CUST002689,30,950233.91,Business Owner,1
CUST002690,23,588183.85,Business Owner,0
CUST002691,33,527916.34,Salaried,0
CUST002692,63,731014.33,Self-Employed,1
CUST002693,50,511370.58,Salaried,1
CUST002694,26,627937.9,Salaried,1
CUST002695,37,345820.97,Self-Employed,1
CUST002696,39,461764.0,Self-Employed,1
CUST002697,62,437918.58,Salaried,0
CUST002698,55,870159.33,Business Owner,0
CUST002699,46,404492.46,Self-Employed,1
CUST002700,25,217380.57,Business Owner,1
CUST002701,49,698224.38,Salaried,6
CUST002702,57,1143725.92,Business Owner,1
CUST002703,40,608419.64,Salaried,2
CUST002704,41,431375.49,Salaried,0
CUST002705,30,277932.41,Self-Employed,4
CUST002706,25,966114.86,Self-Employed,0
CUST002707,56,100000.0,Self-Employed,1
CUST002708,26,436405.95,Salaried,0
CUST002709,46,922438.46,Salaried,0
CUST002710,24,992524.23,Self-Employed,0
CUST002711,59,854870.57,Salaried,1
CUST002712,59,606369.66,Self-Employed,3
CUST002713,55,504537.61,Salaried,2
CUST002714,21,100000.0,Unemployed,0
CUST002715,44,581229.99,Self-Employed,2
CUST002716,56,347389.77,Self-Employed,0
CUST002717,26,1480648.9,Business Owner,0
CUST002718,61,129301.05,Self-Employed,0
CUST002719,64,630063.8,Salaried,1
CUST002720,51,739311.67,Salaried,0
CUST002721,40,702532.23,Self-Employed,2
CUST002722,44,725044.44,Salaried,0
CUST002723,45,568092.25,Self-Employed,1
CUST002724,56,619158.06,Salaried,2
CUST002725,41,736196.29,Salaried,4
CUST002726,50,651092.05,Salaried,4
CUST002727,44,168641.62,Unemployed,2
CUST002728,64,506875.3,Self-Employed,0
CUST002729,62,745958.39,Business Owner,0
CUST002730,50,100000.0,Unemployed,2
CUST002731,42,423387.38,Salaried,2
CUST002732,48,542519.51,Salaried,0
CUST002733,27,475899.41,Self-Employed,2
CUST002734,55,512924.24,Business Owner,2
CUST002735,48,443639.66,Salaried,2
CUST002736,34,131769.59,Unemployed,1
CUST002737,30,735308.74,Salaried,0
CUST002738,36,281981.67,Salaried,1
CUST002739,36,312334.16,Self-Employed,0
CUST002740,51,624239.3,Salaried,1
CUST002741,62,793003.78,Salaried,2
CUST002742,45,924124.65,Salaried,1
CUST002743,33,548672.65,Salaried,1
CUST002744,26,428645.79,Self-Employed,1
CUST002745,64,844921.52,Business Owner,2
CUST002746,29,990844.2,Business Owner,1
CUST002747,56,491019.97,Self-Employed,0
CUST002748,63,617483.29,Salaried,1
CUST002749,40,399546.46,Salaried,1
CUST002750,38,350701.24,Salaried,0
CUST002751,63,707296.53,Salaried,2
CUST002752,41,571082.77,Salaried,3
CUST002753,24,1233404.11,Business Owner,3
CUST002754,53,989510.39,Business Owner,1
CUST002755,47,385043.22,Salaried,2
CUST002756,27,810644.61,Self-Employed,0
CUST002757,26,604703.63,Salaried,2
CUST002758,35,350550.46,Self-Employed,0
CUST002759,38,393159.84,Self-Employed,2
CUST002760,52,418297.86,Salaried,2
CUST002761,31,649906.38,Salaried,0
CUST002762,40,855525.97,Business Owner,1
CUST002763,44,903723.81,Self-Employed,2
CUST002764,35,1107975.18,Business Owner,1
CUST002765,27,1683214.97,Business Owner,2
CUST002766,41,101937.07,Unemployed,2
CUST002767,62,550378.84,Salaried,1
CUST002768,46,733517.01,Salaried,2
CUST002769,64,688336.42,Salaried,2
CUST002770,34,597655.75,Salaried,1
CUST002771,57,438528.19,Salaried,0
CUST002772,41,100000.0,Self-Employed,0
CUST002773,38,456013.66,Self-Employed,2
CUST002774,25,573415.88,Salaried,0
CUST002775,23,951219.12,Business Owner,1
CUST002776,43,383157.94,Salaried,1
CUST002777,46,468107.13,Salaried,1
CUST002778,57,578371.21,Self-Employed,0
CUST002779,44,617007.99,Self-Employed,0
CUST002780,39,630143.99,Salaried,0
CUST002781,45,548016.77,Salaried,1
CUST002782,41,262587.12,Self-Employed,1
CUST002783,32,743083.72,Salaried,2
CUST002784,61,709046.22,Salaried,1
CUST002785,53,385171.39,Self-Employed,2
CUST002786,24,724982.7,Salaried,1
CUST002787,62,589638.28,Salaried,0
CUST002788,27,497651.61,Salaried,1
CUST002789,42,196336.33,Unemployed,0
CUST002790,53,155008.36,Unemployed,0
CUST002791,37,535784.08,Salaried,1
CUST002792,44,407653.27,Salaried,3
CUST002793,54,421542.83,Salaried,0
CUST002794,48,727051.16,Salaried,0
CUST002795,63,667937.04,Salaried,1
CUST002796,61,266071.36,Self-Employed,2
CUST002797,59,421707.74,Salaried,2
CUST002798,42,915380.11,Salaried,1
CUST002799,37,669693.78,Salaried,1
CUST002800,54,781431.35,Salaried,0
CUST002801,26,823838.23,Salaried,0
CUST002802,26,460774.42,Salaried,0
CUST002803,54,848551.79,Self-Employed,3
CUST002804,21,284436.33,Self-Employed,0
CUST002805,30,709380.07,Salaried,2
CUST002806,41,476803.96,Self-Employed,1
CUST002807,25,708523.75,Salaried,1
CUST002808,22,568393.82,Salaried,1
CUST002809,42,609804.53,Self-Employed,1
CUST002810,22,804285.12,Salaried,1
CUST002811,30,723930.34,Self-Employed,1
CUST002812,54,487619.11,Self-Employed,1
CUST002813,36,518571.53,Business Owner,0
CUST002814,59,135122.35,Unemployed,1
CUST002815,42,666625.58,Salaried,3
CUST002816,32,182600.06,Unemployed,0
CUST002817,44,714003.95,Self-Employed,1
CUST002818,60,353788.62,Self-Employed,1
CUST002819,58,460148.61,Salaried,1
CUST002820,30,492087.6,Business Owner,1
CUST002821,55,570441.01,Salaried,0
CUST002822,52,985687.72,Business Owner,1
CUST002823,27,655493.61,Salaried,0
CUST002824,41,217124.57,Self-Employed,0
CUST002825,40,456995.41,Salaried,3
CUST002826,46,494616.76,Salaried,0
CUST002827,24,863640.52,Salaried,1
CUST002828,42,542835.58,Salaried,1
CUST002829,35,378489.83,Salaried,0
CUST002830,60,657223.05,Salaried,3
CUST002831,41,478275.87,Self-Employed,1
CUST002832,35,430036.32,Business Owner,4
CUST002833,42,405270.43,Self-Employed,3
CUST002834,48,548792.81,Salaried,1
CUST002835,34,581530.35,Salaried,2
CUST002836,47,739495.65,Salaried,1
CUST002837,61,1124209.94,Business Owner,1
CUST002838,60,950013.15,Business Owner,1
CUST002839,48,747916.31,Salaried,1
CUST002840,46,538529.02,Salaried,0
CUST002841,22,609947.73,Business Owner,4
CUST002842,45,1023495.58,Business Owner,1
CUST002843,23,992616.1,Business Owner,1
CUST002844,28,309637.07,Business Owner,2
CUST002845,64,823985.15,Salaried,1
CUST002846,53,447187.83,Salaried,0
CUST002847,62,679420.8,Salaried,1
CUST002848,55,682914.25,Salaried,2
CUST002849,26,137010.09,Salaried,0
CUST002850,59,634082.84,Salaried,3
CUST002851,43,845612.18,Salaried,1
CUST002852,45,493480.77,Salaried,1
CUST002853,63,315319.18,Salaried,1
CUST002854,39,582422.22,Salaried,0
CUST002855,25,669907.69,Salaried,3
CUST002856,31,865106.54,Business Owner,5
CUST002857,32,519867.88,Business Owner,0
CUST002858,30,445457.04,Salaried,3
CUST002859,28,356675.16,Salaried,0
CUST002860,44,318757.14,Salaried,2
CUST002861,48,431389.29,Self-Employed,1
CUST002862,61,663604.71,Salaried,3
CUST002863,56,623874.12,Salaried,2
CUST002864,57,1000356.37,Business Owner,3
CUST002865,41,694774.22,Salaried,2
CUST002866,28,796233.9,Salaried,3
CUST002867,29,604146.18,Salaried,1
CUST002868,35,651711.24,Salaried,1
CUST002869,60,652709.8,Salaried,0
CUST002870,38,958923.76,Business Owner,2
CUST002871,62,602885.09,Salaried,0
CUST002872,40,520062.7,Self-Employed,2
CUST002873,26,834228.2,Salaried,1
CUST002874,32,814868.47,Salaried,1
CUST002875,22,343932.34,Salaried,1
CUST002876,27,632792.63,Salaried,1
CUST002877,36,601049.39,Salaried,2
CUST002878,23,789025.85,Salaried,2
CUST002879,23,885685.15,Business Owner,1
CUST002880,47,637723.61,Salaried,3
CUST002881,63,502511.84,Salaried,1
CUST002882,60,722015.61,Salaried,0
CUST002883,58,413412.45,Salaried,3
CUST002884,53,554197.59,Salaried,2
CUST002885,48,441866.21,Salaried,1
CUST002886,21,554863.28,Salaried,0
CUST002887,28,517656.63,Salaried,4
CUST002888,57,667381.49,Self-Employed,1
CUST002889,52,567162.7,Salaried,1
CUST002890,63,823772.81,Salaried,2
CUST002891,57,451815.94,Self-Employed,1
CUST002892,24,100000.0,Unemployed,0
CUST002893,50,451459.0,Self-Employed,2
CUST002894,26,671523.03,Salaried,1
CUST002895,39,837310.0,Self-Employed,2
CUST002896,52,371032.73,Self-Employed,1
CUST002897,29,848804.87,Salaried,0
CUST002898,32,824032.62,Business Owner,1
CUST002899,31,533219.32,Salaried,0
CUST002900,36,188783.06,Unemployed,0
CUST002901,21,784671.56,Self-Employed,1
CUST002902,41,611424.83,Self-Employed,1
CUST002903,50,217018.65,Self-Employed,0
CUST002904,33,649955.35,Salaried,0
CUST002905,54,926199.6,Salaried,0
CUST002906,24,100000.0,Business Owner,2
CUST002907,48,574683.78,Self-Employed,0
CUST002908,58,786174.08,Business Owner,3
CUST002909,51,525664.45,Business Owner,0
CUST002910,47,201669.31,Unemployed,1
CUST002911,25,152441.3,Self-Employed,1
CUST002912,45,547468.72,Salaried,0
CUST002913,23,750169.13,Salaried,0
CUST002914,53,677360.72,Self-Employed,2
CUST002915,24,689468.83,Salaried,0
CUST002916,45,625916.66,Salaried,1
CUST002917,40,581400.63,Salaried,2
CUST002918,54,711919.53,Business Owner,1
CUST002919,46,511472.52,Business Owner,1
CUST002920,25,662651.91,Self-Employed,1
CUST002921,55,631644.22,Salaried,2
CUST002922,48,668585.22,Self-Employed,1
CUST002923,49,343743.54,Self-Employed,0
CUST002924,29,479539.04,Salaried,2
CUST002925,58,674492.96,Salaried,1
CUST002926,26,258378.7,Salaried,2
CUST002927,39,100000.0,Self-Employed,0
CUST002928,64,702629.41,Self-Employed,0
CUST002929,31,493921.82,Salaried,2
CUST002930,22,159651.9,Unemployed,2
CUST002931,64,656947.3,Salaried,1
CUST002932,64,755269.63,Salaried,0
CUST002933,29,534005.2,Salaried,1
CUST002934,41,542203.98,Salaried,1
CUST002935,44,507689.32,Salaried,0
CUST002936,54,693165.21,Salaried,2
CUST002937,42,699824.17,Salaried,2
CUST002938,23,791735.54,Salaried,3
CUST002939,32,250699.69,Self-Employed,3
CUST002940,48,935064.37,Salaried,2
CUST002941,50,553133.04,Salaried,2
CUST002942,46,490328.54,Self-Employed,1
CUST002943,41,624514.11,Salaried,1
CUST002944,48,535684.89,Business Owner,0
CUST002945,46,735352.27,Business Owner,1
CUST002946,53,819090.22,Salaried,4
CUST002947,41,1490476.11,Business Owner,1
CUST002948,55,541022.01,Self-Employed,3
CUST002949,54,1317514.82,Business Owner,1
CUST002950,61,582169.17,Self-Employed,1
CUST002951,38,591427.41,Salaried,3
CUST002952,31,598496.38,Business Owner,0
CUST002953,43,470781.73,Salaried,1
CUST002954,42,486346.65,Salaried,0
CUST002955,37,842228.58,Salaried,0
CUST002956,25,730985.64,Salaried,2
CUST002957,64,816146.85,Salaried,1
CUST002958,31,579935.84,Self-Employed,1
CUST002959,50,547801.45,Business Owner,1
CUST002960,35,690498.19,Salaried,2
CUST002961,47,213487.07,Unemployed,1
CUST002962,55,1155900.58,Business Owner,0
CUST002963,53,402481.42,Salaried,1
CUST002964,40,378863.58,Salaried,0
CUST002965,36,1154558.07,Business Owner,0
CUST002966,54,437496.04,Self-Employed,2
CUST002967,22,562477.79,Self-Employed,1
CUST002968,55,355301.16,Self-Employed,0
CUST002969,60,619010.94,Salaried,2
CUST002970,48,434957.44,Salaried,1
CUST002971,59,549424.48,Self-Employed,2
CUST002972,26,709251.63,Salaried,2
CUST002973,29,656748.96,Self-Employed,2
CUST002974,40,377325.47,Business Owner,0
CUST002975,21,593790.4,Self-Employed,1
CUST002976,28,120620.62,Unemployed,2
CUST002977,43,829048.71,Salaried,2
CUST002978,23,691217.83,Self-Employed,3
CUST002979,24,505171.21,Self-Employed,1
CUST002980,45,259101.36,Unemployed,1
CUST002981,58,354460.98,Self-Employed,4
CUST002982,35,591451.92,Salaried,3
CUST002983,41,177066.33,Unemployed,0
CUST002984,55,906897.41,Self-Employed,0
CUST002985,34,819541.56,Salaried,0
CUST002986,56,660348.03,Self-Employed,2
CUST002987,32,549028.95,Business Owner,1
CUST002988,37,324222.33,Self-Employed,1
CUST002989,59,704307.9,Salaried,2
CUST002990,29,399011.4,Business Owner,2
CUST002991,55,564073.09,Self-Employed,3
CUST002992,33,720634.15,Salaried,1
CUST002993,35,378343.3,Salaried,0
CUST002994,38,697178.84,Salaried,1
CUST002995,53,679176.46,Self-Employed,1
CUST002996,26,754687.56,Business Owner,3
CUST002997,47,576500.53,Salaried,4
CUST002998,43,331854.7,Salaried,1
CUST002999,47,583551.54,Salaried,1
CUST003000,54,194874.22,Self-Employed,0
CUST003001,58,496506.75,Salaried,1
CUST003002,34,539662.97,Salaried,2
CUST003003,56,426622.86,Salaried,2
CUST003004,28,250602.66,Self-Employed,2
CUST003005,55,420318.12,Salaried,5
CUST003006,39,783106.82,Salaried,2
CUST003007,50,871981.03,Business Owner,2
CUST003008,34,789950.68,Salaried,2
CUST003009,40,539271.59,Salaried,2
CUST003010,45,746644.73,Business Owner,3
CUST003011,60,536467.54,Salaried,2
CUST003012,44,100000.0,Self-Employed,1
CUST003013,34,675982.42,Salaried,1
CUST003014,46,478614.48,Self-Employed,1
CUST003015,58,607710.61,Salaried,0
CUST003016,43,100000.0,Business Owner,2
CUST003017,42,595705.44,Salaried,3
CUST003018,39,534217.23,Salaried,2
CUST003019,23,525124.46,Self-Employed,2
CUST003020,62,146203.58,Unemployed,1
CUST003021,39,527190.84,Salaried,2
CUST003022,29,1125245.41,Business Owner,2
CUST003023,48,753704.46,Salaried,1
CUST003024,40,418440.62,Self-Employed,1
CUST003025,27,382746.61,Salaried,0
CUST003026,34,223492.31,Self-Employed,0
CUST003027,29,663423.77,Salaried,2
CUST003028,39,794371.98,Salaried,1
CUST003029,34,327960.22,Salaried,1
CUST003030,58,447320.56,Salaried,1
CUST003031,56,766999.2,Business Owner,1
CUST003032,60,100000.0,Unemployed,0
CUST003033,37,480667.44,Self-Employed,0
CUST003034,50,654468.12,Salaried,0
CUST003035,29,671969.75,Salaried,1
CUST003036,53,420042.9,Self-Employed,1
CUST003037,45,132176.7,Unemployed,3
CUST003038,34,446809.87,Salaried,3
CUST003039,31,191491.11,Business Owner,2
CUST003040,55,140624.57,Unemployed,2
CUST003041,61,1063337.85,Business Owner,0
CUST003042,34,602402.77,Salaried,0
CUST003043,50,766354.48,Salaried,0
CUST003044,61,651808.08,Salaried,0
CUST003045,24,698925.72,Salaried,1
CUST003046,24,625155.51,Salaried,2
CUST003047,48,878873.96,Salaried,1
CUST003048,28,402035.04,Self-Employed,2
CUST003049,22,701815.67,Salaried,0
CUST003050,61,637170.5,Salaried,1
CUST003051,42,647603.55,Self-Employed,1
CUST003052,61,566701.61,Self-Employed,2
CUST003053,36,491521.57,Self-Employed,1
CUST003054,49,656733.64,Salaried,1
CUST003055,50,600670.55,Self-Employed,0
CUST003056,32,626725.06,Self-Employed,2
CUST003057,55,819492.96,Salaried,0
CUST003058,31,538737.17,Self-Employed,2
CUST003059,41,435393.81,Salaried,0
CUST003060,41,624688.62,Salaried,2
CUST003061,25,533262.15,Salaried,2
CUST003062,40,529152.39,Salaried,1
CUST003063,57,551787.0,Salaried,3
CUST003064,23,538908.36,Business Owner,3
CUST003065,64,240088.84,Salaried,1
CUST003066,53,223760.14,Unemployed,0
CUST003067,29,402294.74,Self-Employed,3
CUST003068,29,342830.24,Salaried,0
CUST003069,24,626821.06,Salaried,2
CUST003070,55,623128.14,Self-Employed,0
CUST003071,37,464387.15,Self-Employed,2
CUST003072,54,406708.23,Salaried,4
CUST003073,44,387657.89,Salaried,0
CUST003074,52,956322.19,Self-Employed,3
CUST003075,21,388444.56,Salaried,1
CUST003076,28,248399.64,Business Owner,0
CUST003077,43,438247.58,Self-Employed,0
CUST003078,60,723277.22,Salaried,2
CUST003079,32,848774.6,Salaried,0
CUST003080,32,568005.24,Salaried,2
CUST003081,35,809158.31,Business Owner,2
CUST003082,61,407405.1,Salaried,0
CUST003083,39,763237.72,Salaried,1
CUST003084,46,486055.73,Self-Employed,0
CUST003085,49,594442.57,Salaried,3
CUST003086,42,665015.85,Salaried,1
CUST003087,60,1020734.4,Business Owner,1
CUST003088,41,578957.78,Salaried,3
CUST003089,58,1428391.83,Business Owner,1
CUST003090,40,258525.14,Business Owner,0
CUST003091,49,631694.08,Salaried,2
CUST003092,24,661075.39,Salaried,2
CUST003093,27,538141.01,Salaried,2
CUST003094,48,623289.94,Self-Employed,1
CUST003095,48,699463.3,Salaried,1
CUST003096,24,205490.72,Unemployed,1
CUST003097,42,477688.06,Self-Employed,2
CUST003098,32,567427.68,Salaried,2
CUST003099,23,607838.9,Self-Employed,0
CUST003100,42,570377.51,Salaried,1
CUST003101,64,291462.42,Business Owner,1
CUST003102,22,672484.67,Self-Employed,1
CUST003103,44,324857.22,Salaried,1
CUST003104,54,660251.54,Salaried,0
CUST003105,47,1915397.38,Business Owner,0
CUST003106,61,606642.95,Self-Employed,1
CUST003107,21,115294.7,Unemployed,0
CUST003108,28,532295.37,Salaried,0
CUST003109,43,655593.56,Salaried,3
CUST003110,58,596794.24,Salaried,0
CUST003111,26,651250.51,Self-Employed,1
CUST003112,42,817512.55,Salaried,1
CUST003113,45,797161.81,Salaried,1
CUST003114,38,268837.06,Self-Employed,0
CUST003115,37,602399.82,Salaried,0
CUST003116,32,673920.25,Salaried,0
CUST003117,26,827541.48,Salaried,0
CUST003118,46,571834.89,Self-Employed,0
CUST003119,47,497444.96,Salaried,0
CUST003120,28,665256.41,Salaried,0
CUST003121,39,872892.81,Salaried,0
CUST003122,62,449519.71,Self-Employed,0
CUST003123,21,619465.5,Business Owner,1
CUST003124,49,595129.26,Salaried,3
CUST003125,55,502368.7,Salaried,0
CUST003126,60,1230795.36,Business Owner,3
CUST003127,34,117820.36,Unemployed,1
CUST003128,55,758506.59,Self-Employed,1
CUST003129,40,174764.31,Unemployed,1
CUST003130,33,639399.55,Self-Employed,1
CUST003131,58,637867.53,Self-Employed,2
CUST003132,28,727780.45,Salaried,0
CUST003133,63,553594.07,Salaried,2
CUST003134,40,453290.05,Salaried,1
CUST003135,53,709536.5,Business Owner,0
CUST003136,46,1270541.51,Business Owner,2
CUST003137,59,146703.79,Self-Employed,3
CUST003138,41,300059.91,Salaried,2
CUST003139,62,633684.94,Salaried,2
CUST003140,63,726636.3,Salaried,1
CUST003141,61,746998.6,Salaried,1
CUST003142,29,309840.67,Self-Employed,1
CUST003143,44,428175.23,Business Owner,0
CUST003144,57,497081.91,Salaried,2
CUST003145,61,541080.2,Salaried,0
CUST003146,37,432939.83,Self-Employed,1
CUST003147,44,618176.7,Salaried,0
CUST003148,41,1462250.05,Business Owner,1
CUST003149,59,590891.11,Salaried,0
CUST003150,61,740647.47,Salaried,1
CUST003151,59,698199.1,Salaried,0
CUST003152,33,493462.92,Salaried,0
CUST003153,31,628618.93,Self-Employed,3
CUST003154,39,686158.55,Salaried,1
CUST003155,31,599917.48,Salaried,2
CUST003156,33,626074.83,Salaried,0
CUST003157,21,591328.45,Salaried,2
CUST003158,60,436195.76,Salaried,1
CUST003159,64,954851.36,Salaried,0
CUST003160,39,711100.38,Self-Employed,1
CUST003161,32,1110883.67,Business Owner,0
CUST003162,28,539212.7,Salaried,1
CUST003163,28,586230.9,Salaried,0
CUST003164,32,424269.85,Salaried,0
CUST003165,53,670490.83,Salaried,0
CUST003166,46,567236.81,Self-Employed,3
CUST003167,59,817377.23,Business Owner,2
CUST003168,48,505983.09,Self-Employed,3
CUST003169,25,555221.56,Salaried,1
CUST003170,28,525879.91,Salaried,0
CUST003171,45,589445.05,Business Owner,1
CUST003172,47,446877.38,Salaried,0
CUST003173,43,494714.43,Salaried,0
CUST003174,50,118743.56,Unemployed,2
CUST003175,43,717839.89,Self-Employed,0
CUST003176,40,376271.6,Self-Employed,1
CUST003177,38,294882.99,Salaried,2
CUST003178,38,643753.8,Salaried,0
CUST003179,22,693541.29,Salaried,1
CUST003180,24,693753.12,Self-Employed,1
CUST003181,50,624924.63,Salaried,1
CUST003182,53,443956.46,Business Owner,0
CUST003183,56,580428.15,Business Owner,1
CUST003184,38,690024.62,Salaried,1
CUST003185,57,818855.97,Salaried,1
CUST003186,39,428566.0,Salaried,2
CUST003187,48,542383.56,Self-Employed,2
CUST003188,60,389011.91,Self-Employed,1
CUST003189,40,335185.98,Self-Employed,2
CUST003190,53,605249.52,Salaried,2
CUST003191,32,579952.92,Salaried,2
CUST003192,35,100000.0,Self-Employed,0
CUST003193,61,630238.84,Salaried,1
CUST003194,59,565619.14,Self-Employed,2
CUST003195,22,649464.35,Self-Employed,0
CUST003196,49,514094.18,Salaried,1
CUST003197,61,361825.12,Salaried,1
CUST003198,30,536803.56,Salaried,1
CUST003199,22,705888.92,Salaried,3
CUST003200,31,484826.84,Self-Employed,3
CUST003201,33,669861.48,Self-Employed,1
CUST003202,30,379638.71,Business Owner,0
CUST003203,34,662419.46,Self-Employed,2
CUST003204,38,637356.79,Salaried,0
CUST003205,29,546764.73,Salaried,0
CUST003206,59,1328141.22,Business Owner,0
CUST003207,48,636003.63,Salaried,2
CUST003208,23,303158.65,Self-Employed,1
CUST003209,40,696374.81,Self-Employed,0
CUST003210,26,563742.88,Salaried,4
CUST003211,47,605541.97,Salaried,0
CUST003212,22,327341.29,Self-Employed,0
CUST003213,49,879328.94,Business Owner,0
CUST003214,58,458090.73,Salaried,2
CUST003215,23,831122.48,Business Owner,1
CUST003216,36,506135.93,Self-Employed,1
CUST003217,50,180288.71,Unemployed,2
CUST003218,60,389008.65,Salaried,2
CUST003219,22,750449.78,Salaried,0
CUST003220,37,1313720.9,Business Owner,0
CUST003221,61,824404.39,Business Owner,1
CUST003222,32,619358.26,Salaried,2
CUST003223,55,561304.81,Self-Employed,0
CUST003224,63,933347.74,Business Owner,2
CUST003225,21,690514.41,Salaried,2
CUST003226,35,422552.1,Self-Employed,0
CUST003227,46,595948.63,Business Owner,1
CUST003228,57,664225.21,Salaried,0
CUST003229,41,371123.81,Salaried,1
CUST003230,51,623808.9,Self-Employed,3
CUST003231,45,708387.46,Salaried,0
CUST003232,43,482656.11,Salaried,2
CUST003233,44,221104.34,Unemployed,1
CUST003234,58,429768.24,Self-Employed,4
CUST003235,48,725103.68,Business Owner,0
CUST003236,41,638591.5,Business Owner,0
CUST003237,63,667215.64,Salaried,0
CUST003238,38,541295.8,Salaried,2
CUST003239,56,384429.91,Salaried,3
CUST003240,55,651242.84,Salaried,0
CUST003241,29,441741.61,Self-Employed,1
CUST003242,58,717185.22,Self-Employed,3
CUST003243,50,646315.09,Salaried,1
CUST003244,64,639923.22,Salaried,1
CUST003245,54,752176.05,Salaried,1
CUST003246,52,624002.32,Salaried,2
CUST003247,23,717329.79,Salaried,0
CUST003248,23,502522.93,Salaried,1
CUST003249,48,829207.8,Self-Employed,1
CUST003250,64,641314.74,Salaried,2
CUST003251,35,419740.15,Salaried,2
CUST003252,61,527571.29,Self-Employed,1
CUST003253,43,627999.92,Salaried,2
CUST003254,60,524959.11,Self-Employed,1
CUST003255,31,255018.61,Salaried,1
CUST003256,52,517787.48,Salaried,0
CUST003257,56,392572.38,Salaried,1
CUST003258,53,352657.42,Business Owner,1
CUST003259,44,624962.85,Salaried,1
CUST003260,59,121957.99,Unemployed,1
CUST003261,54,545439.21,Salaried,4
CUST003262,48,465759.34,Salaried,1
CUST003263,57,806896.79,Salaried,1
CUST003264,27,605982.16,Salaried,2
CUST003265,24,371521.05,Salaried,2
CUST003266,57,696607.23,Salaried,2
CUST003267,21,548621.59,Salaried,1
CUST003268,21,779048.86,Salaried,4
CUST003269,40,598783.02,Salaried,1
CUST003270,39,495614.66,Salaried,2
CUST003271,49,518693.03,Salaried,2
CUST003272,30,419523.43,Self-Employed,1
CUST003273,38,1095902.49,Business Owner,1
CUST003274,48,482234.9,Salaried,0
CUST003275,55,786552.1,Salaried,0
CUST003276,63,655285.45,Salaried,0
CUST003277,51,989760.85,Business Owner,2
CUST003278,47,610956.87,Salaried,0
CUST003279,31,495979.67,Self-Employed,1
CUST003280,58,409571.34,Salaried,1
CUST003281,25,643880.01,Salaried,1
CUST003282,28,888860.24,Salaried,2
CUST003283,54,703773.21,Salaried,1
CUST003284,32,1075382.35,Business Owner,2
CUST003285,58,369755.06,Salaried,0
CUST003286,21,717226.96,Self-Employed,1
CUST003287,51,660500.42,Self-Employed,2
CUST003288,24,733485.55,Self-Employed,3
CUST003289,25,464421.49,Salaried,2
CUST003290,50,540019.87,Salaried,2
CUST003291,44,377134.59,Salaried,3
CUST003292,23,364491.14,Salaried,3
CUST003293,31,384616.35,Self-Employed,1
CUST003294,24,670164.81,Salaried,1
CUST003295,46,416716.14,Self-Employed,2
CUST003296,47,499627.92,Salaried,1
CUST003297,63,1035774.47,Business Owner,2
CUST003298,47,113676.62,Salaried,1
CUST003299,62,518637.96,Salaried,1
CUST003300,26,1035319.61,Business Owner,3
CUST003301,35,539485.88,Salaried,1
CUST003302,50,214960.23,Unemployed,2
CUST003303,62,500805.95,Salaried,0
CUST003304,57,511176.89,Salaried,1
CUST003305,57,302790.47,Self-Employed,0
CUST003306,62,596920.84,Business Owner,1
CUST003307,57,641551.68,Salaried,0
CUST003308,55,1223242.51,Business Owner,1
CUST003309,43,930983.57,Self-Employed,2
CUST003310,26,1130966.44,Business Owner,0
CUST003311,24,423323.95,Salaried,1
CUST003312,38,786247.67,Salaried,1
CUST003313,29,1094855.9,Business Owner,0
CUST003314,49,911477.34,Business Owner,0
CUST003315,33,760096.29,Salaried,1
CUST003316,37,955193.11,Salaried,2
CUST003317,52,571651.31,Salaried,0
CUST003318,42,333406.31,Self-Employed,3
CUST003319,24,799114.49,Salaried,2
CUST003320,25,998446.84,Salaried,4
CUST003321,57,621732.7,Salaried,0
CUST003322,61,506182.42,Self-Employed,0
CUST003323,33,625817.6,Salaried,1
CUST003324,54,667399.5,Salaried,0
CUST003325,42,218305.57,Self-Employed,3
CUST003326,43,561179.6,Self-Employed,1
CUST003327,23,641018.44,Salaried,1
CUST003328,62,632389.37,Salaried,1
CUST003329,54,533400.95,Self-Employed,0
CUST003330,52,938510.95,Business Owner,3
CUST003331,41,100000.0,Self-Employed,0
CUST003332,64,611582.4,Business Owner,3
CUST003333,41,671171.68,Self-Employed,2
CUST003334,64,718089.78,Self-Employed,0
CUST003335,31,536570.37,Salaried,1
CUST003336,59,456521.3,Salaried,2
CUST003337,24,707544.82,Salaried,2
CUST003338,21,640925.33,Salaried,0
CUST003339,48,581689.57,Salaried,1
CUST003340,44,729278.08,Salaried,1
CUST003341,55,264255.07,Self-Employed,0
CUST003342,33,774143.94,Salaried,2
CUST003343,54,374695.29,Salaried,1
CUST003344,31,108738.44,Unemployed,2
CUST003345,56,443865.58,Salaried,3
CUST003346,37,512631.52,Salaried,1
CUST003347,55,645911.95,Salaried,3
CUST003348,38,1171369.55,Business Owner,1
CUST003349,60,587768.38,Salaried,1
CUST003350,42,244477.6,Self-Employed,2
CUST003351,44,299926.37,Salaried,1
CUST003352,39,726955.82,Salaried,0
CUST003353,57,708387.72,Salaried,1
CUST003354,59,714174.75,Self-Employed,3
CUST003355,41,847020.33,Business Owner,2
CUST003356,28,633631.02,Self-Employed,0
CUST003357,48,372090.85,Self-Employed,1
CUST003358,25,672088.92,Salaried,2
CUST003359,37,404064.41,Self-Employed,0
CUST003360,57,477862.13,Salaried,2
CUST003361,56,546399.45,Self-Employed,0
CUST003362,39,626965.53,Salaried,0
CUST003363,47,736741.72,Salaried,0
CUST003364,54,407315.21,Salaried,0
CUST003365,31,739067.26,Salaried,0
CUST003366,32,619483.83,Salaried,1
CUST003367,41,713591.85,Self-Employed,0
CUST003368,31,758645.3,Salaried,0
CUST003369,59,234969.11,Salaried,2
CUST003370,48,709726.63,Self-Employed,2
CUST003371,25,763960.39,Salaried,1
CUST003372,37,248337.19,Self-Employed,2
CUST003373,40,187624.11,Self-Employed,0
CUST003374,61,188736.2,Unemployed,2
CUST003375,32,522722.25,Self-Employed,1
CUST003376,26,503637.16,Salaried,0
CUST003377,37,815817.45,Salaried,0
CUST003378,39,645381.07,Salaried,1
CUST003379,46,100000.0,Business Owner,1
CUST003380,64,447362.13,Salaried,1
CUST003381,64,756350.66,Salaried,0
CUST003382,52,605369.99,Salaried,2
CUST003383,26,612106.59,Business Owner,0
CUST003384,56,667872.78,Salaried,1
CUST003385,58,119614.9,Unemployed,2
CUST003386,31,412935.3,Salaried,0
CUST003387,53,752506.68,Salaried,1
CUST003388,44,775129.68,Salaried,1
CUST003389,43,1092454.02,Business Owner,1
CUST003390,35,286158.87,Business Owner,0
CUST003391,47,877526.35,Salaried,0
CUST003392,31,872405.68,Salaried,0
CUST003393,37,754609.2,Self-Employed,0
CUST003394,34,645562.85,Salaried,1
CUST003395,47,613661.16,Salaried,0
CUST003396,38,665592.82,Salaried,0
CUST003397,48,428760.55,Salaried,1
CUST003398,24,518252.06,Salaried,2
CUST003399,27,512061.73,Salaried,0
CUST003400,55,691075.35,Salaried,0
CUST003401,29,998826.42,Business Owner,0
CUST003402,28,456256.92,Salaried,2
CUST003403,37,181480.12,Self-Employed,0
CUST003404,37,653343.28,Salaried,2
CUST003405,53,287357.03,Self-Employed,2
CUST003406,52,411715.17,Salaried,0
CUST003407,28,919295.24,Self-Employed,0
CUST003408,39,946452.55,Salaried,1
CUST003409,58,720383.22,Business Owner,3
CUST003410,23,326487.09,Salaried,1
CUST003411,25,781628.72,Salaried,3
CUST003412,33,166805.08,Unemployed,2
CUST003413,51,654003.41,Self-Employed,2
CUST003414,36,504786.98,Salaried,1
CUST003415,52,484680.8,Business Owner,1
CUST003416,42,564085.46,Salaried,1
CUST003417,49,626143.29,Salaried,1
CUST003418,42,113427.55,Unemployed,0
CUST003419,63,794497.51,Salaried,1
CUST003420,23,205036.9,Business Owner,1
CUST003421,30,661388.75,Salaried,0
CUST003422,62,525252.55,Self-Employed,1
CUST003423,41,782823.13,Salaried,1
CUST003424,36,102036.32,Unemployed,1
CUST003425,32,641165.8,Self-Employed,1
CUST003426,22,671565.87,Salaried,1
CUST003427,61,548827.95,Self-Employed,0
CUST003428,44,467014.99,Salaried,2
CUST003429,55,345377.17,Self-Employed,0
CUST003430,50,781475.2,Business Owner,2
CUST003431,50,524601.15,Salaried,1
CUST003432,55,752022.51,Self-Employed,1
CUST003433,39,620333.67,Salaried,0
CUST003434,28,719214.01,Salaried,1
CUST003435,46,382324.98,Salaried,1
CUST003436,60,131605.71,Self-Employed,1
CUST003437,27,573328.08,Salaried,2
CUST003438,50,244351.54,Self-Employed,3
CUST003439,27,605981.89,Salaried,1
CUST003440,23,331378.98,Self-Employed,4
CUST003441,21,645927.84,Salaried,2
CUST003442,56,586864.91,Business Owner,2
CUST003443,45,684157.95,Salaried,1
CUST003444,57,467850.03,Salaried,0
CUST003445,21,320354.55,Salaried,1
CUST003446,35,670540.6,Self-Employed,1
CUST003447,57,484690.74,Salaried,1
CUST003448,33,774500.67,Self-Employed,1
CUST003449,60,503774.34,Salaried,1
CUST003450,28,335468.21,Self-Employed,5
CUST003451,25,557396.13,Salaried,1
CUST003452,29,515942.15,Salaried,1
CUST003453,21,618925.22,Salaried,3
CUST003454,56,660388.8,Salaried,3
CUST003455,55,683141.95,Salaried,0
CUST003456,22,865709.2,Business Owner,1
CUST003457,60,100000.0,Unemployed,2
CUST003458,43,844687.9,Self-Employed,1
CUST003459,29,544601.84,Salaried,0
CUST003460,54,536777.56,Salaried,4
CUST003461,34,482224.17,Self-Employed,2
CUST003462,24,560803.34,Salaried,1
CUST003463,50,200378.85,Business Owner,2
CUST003464,51,686244.78,Salaried,1
CUST003465,58,108978.93,Unemployed,1
CUST003466,31,551427.3,Salaried,2
CUST003467,55,851867.91,Self-Employed,2
CUST003468,28,741673.14,Salaried,0
CUST003469,23,1544879.33,Business Owner,2
CUST003470,34,498448.09,Salaried,0
CUST003471,33,646007.2,Self-Employed,1
CUST003472,52,1061305.0,Business Owner,2
CUST003473,54,591806.5,Salaried,3
CUST003474,39,487410.47,Salaried,2
CUST003475,58,762690.65,Salaried,0
CUST003476,36,522883.05,Salaried,1
CUST003477,22,620442.45,Salaried,3
CUST003478,60,736967.02,Salaried,1
CUST003479,37,453490.91,Salaried,0
CUST003480,54,282273.04,Self-Employed,0
CUST003481,62,1003221.09,Self-Employed,2
CUST003482,36,470990.81,Salaried,3
CUST003483,58,1546694.15,Business Owner,0
CUST003484,22,878798.66,Business Owner,1
CUST003485,22,536118.69,Salaried,0
CUST003486,46,551002.78,Salaried,1
CUST003487,33,590667.46,Salaried,3
CUST003488,51,767582.62,Self-Employed,0
CUST003489,54,651220.15,Self-Employed,1
CUST003490,59,568257.87,Salaried,0
CUST003491,23,126834.22,Self-Employed,0
CUST003492,28,603092.7,Salaried,2
CUST003493,43,619925.39,Salaried,0
CUST003494,34,751703.37,Self-Employed,3
CUST003495,47,205974.75,Self-Employed,0
CUST003496,49,525972.96,Salaried,0
CUST003497,59,521239.6,Salaried,3
CUST003498,59,877648.5,Business Owner,2
CUST003499,21,518208.79,Self-Employed,0
CUST003500,37,587681.88,Self-Employed,2
CUST003501,61,315771.11,Salaried,1
CUST003502,50,625946.67,Salaried,2
CUST003503,33,636847.52,Salaried,0
CUST003504,41,611272.68,Salaried,1
CUST003505,39,464476.76,Self-Employed,0
CUST003506,39,100000.0,Salaried,1
CUST003507,45,685221.69,Salaried,0
CUST003508,42,454019.23,Salaried,3
CUST003509,51,692056.57,Salaried,2
CUST003510,37,1400057.93,Business Owner,2
CUST003511,43,164779.37,Self-Employed,3
CUST003512,52,687488.89,Salaried,1
CUST003513,30,252886.0,Self-Employed,1
CUST003514,30,491520.52,Self-Employed,1
CUST003515,56,474810.97,Self-Employed,0
CUST003516,28,713462.71,Salaried,1
CUST003517,40,691188.17,Salaried,2
CUST003518,52,639317.44,Salaried,0
CUST003519,34,242656.87,Business Owner,1
CUST003520,48,100000.0,Self-Employed,0
CUST003521,44,736842.35,Salaried,1
CUST003522,35,711970.24,Salaried,1
CUST003523,42,450377.95,Salaried,1
CUST003524,50,652101.86,Salaried,1
CUST003525,24,139536.41,Unemployed,2
CUST003526,33,762973.75,Salaried,1
CUST003527,43,612537.74,Salaried,2
CUST003528,28,195019.51,Unemployed,1
CUST003529,38,507965.16,Salaried,4
CUST003530,32,557004.7,Self-Employed,1
CUST003531,51,538098.33,Salaried,2
CUST003532,34,376308.49,Self-Employed,2
CUST003533,54,250519.51,Salaried,0
CUST003534,38,684696.07,Self-Employed,0
CUST003535,54,862454.04,Salaried,1
CUST003536,31,391800.76,Salaried,0
CUST003537,61,638719.08,Self-Employed,1
CUST003538,32,697787.86,Salaried,0
CUST003539,35,397080.29,Self-Employed,2
CUST003540,51,489377.23,Salaried,0
CUST003541,49,777075.69,Salaried,4
CUST003542,46,715022.16,Self-Employed,0
CUST003543,38,590297.98,Self-Employed,0
CUST003544,52,124001.53,Unemployed,0
CUST003545,42,717891.08,Self-Employed,1
CUST003546,58,474512.25,Salaried,2
CUST003547,37,1468254.85,Business Owner,0
CUST003548,43,844831.08,Salaried,0
CUST003549,44,777222.01,Salaried,3
CUST003550,28,651421.23,Salaried,0
CUST003551,61,217891.15,Salaried,1
CUST003552,26,463043.85,Self-Employed,0
CUST003553,25,864732.0,Salaried,1
CUST003554,64,687411.29,Self-Employed,5
CUST003555,49,665297.11,Salaried,1
CUST003556,48,497873.26,Salaried,1
CUST003557,31,753660.88,Salaried,1
CUST003558,21,185406.48,Self-Employed,0
CUST003559,63,574374.61,Salaried,0
CUST003560,39,1595951.82,Business Owner,0
CUST003561,29,479344.46,Salaried,3
CUST003562,47,691378.4,Salaried,0
CUST003563,54,148575.2,Self-Employed,0
CUST003564,64,639119.0,Business Owner,1
CUST003565,24,626919.42,Salaried,2
CUST003566,56,570724.01,Self-Employed,3
CUST003567,38,253372.24,Unemployed,2
CUST003568,35,124797.46,Unemployed,1
CUST003569,33,618887.27,Self-Employed,3
CUST003570,39,613276.53,Self-Employed,1
CUST003571,26,511672.6,Salaried,0
CUST003572,32,1282378.75,Business Owner,1
CUST003573,57,700225.84,Salaried,1
CUST003574,37,136326.23,Unemployed,1
CUST003575,43,629205.36,Salaried,2
CUST003576,46,456064.17,Salaried,3
CUST003577,49,322882.55,Self-Employed,2
CUST003578,53,596766.44,Salaried,1
CUST003579,47,712121.13,Salaried,0
CUST003580,45,433298.03,Self-Employed,1
CUST003581,30,376708.51,Self-Employed,1
CUST003582,43,453855.69,Self-Employed,1
CUST003583,41,724292.53,Salaried,1
CUST003584,41,229632.97,Self-Employed,2
CUST003585,63,729202.35,Salaried,0
CUST003586,33,676796.28,Salaried,3
CUST003587,57,228684.96,Self-Employed,0
CUST003588,53,805891.53,Business Owner,1
CUST003589,44,695410.75,Salaried,1
CUST003590,64,313432.5,Salaried,1
CUST003591,31,444701.72,Salaried,2
CUST003592,37,371563.18,Salaried,3
CUST003593,24,513302.86,Salaried,0
CUST003594,45,201886.59,Unemployed,0
CUST003595,50,1219305.8,Business Owner,1
CUST003596,29,398918.52,Self-Employed,0
CUST003597,41,754341.14,Salaried,0
CUST003598,40,632680.29,Self-Employed,0
CUST003599,39,791269.38,Salaried,0
CUST003600,39,586718.11,Salaried,0
CUST003601,32,680861.56,Salaried,1
CUST003602,57,1174364.16,Self-Employed,0
CUST003603,62,776170.63,Business Owner,2
CUST003604,37,590252.69,Salaried,0
CUST003605,57,576164.68,Salaried,0
CUST003606,59,586424.47,Salaried,1
CUST003607,48,1123241.13,Business Owner,2
CUST003608,61,608716.3,Salaried,3
CUST003609,55,395272.57,Salaried,1
CUST003610,38,503609.77,Self-Employed,2
CUST003611,34,521053.57,Salaried,3
CUST003612,55,340722.18,Salaried,1
CUST003613,64,771754.83,Salaried,1
CUST003614,61,393627.06,Self-Employed,0
CUST003615,27,657504.97,Salaried,4
CUST003616,61,100000.0,Unemployed,0
CUST003617,33,599784.4,Self-Employed,1
CUST003618,38,552987.94,Salaried,1
CUST003619,57,366772.78,Salaried,1
CUST003620,33,517212.11,Salaried,4
CUST003621,56,497051.07,Salaried,3
CUST003622,51,1200270.16,Business Owner,0
CUST003623,22,936170.74,Business Owner,2
CUST003624,36,371626.61,Salaried,1
CUST003625,29,665775.58,Salaried,2
CUST003626,29,289388.65,Salaried,0
CUST003627,58,431238.97,Salaried,1
CUST003628,31,502930.41,Self-Employed,0
CUST003629,42,506355.29,Salaried,0
CUST003630,53,209585.58,Unemployed,0
CUST003631,56,625398.39,Salaried,1
CUST003632,43,625191.79,Self-Employed,3
CUST003633,54,1166695.77,Business Owner,1
CUST003634,29,533530.04,Salaried,0
CUST003635,44,440186.92,Salaried,0
CUST003636,28,592508.07,Salaried,1
CUST003637,27,730083.48,Salaried,0
CUST003638,56,138361.64,Unemployed,2
CUST003639,38,1136381.53,Business Owner,1
CUST003640,23,889102.38,Business Owner,2
CUST003641,48,278738.4,Business Owner,2
CUST003642,26,379787.19,Salaried,0
CUST003643,64,1524989.4,Business Owner,1
CUST003644,64,100000.0,Unemployed,1
CUST003645,41,504361.14,Salaried,1
CUST003646,48,737638.06,Salaried,2
CUST003647,60,421118.32,Salaried,2
CUST003648,21,497473.09,Salaried,3
CUST003649,56,568252.98,Salaried,2
CUST003650,41,763080.43,Business Owner,0
CUST003651,63,511790.52,Business Owner,2
CUST003652,55,570972.34,Salaried,1
CUST003653,33,701862.75,Salaried,1
CUST003654,30,850839.02,Business Owner,1
CUST003655,64,368306.38,Self-Employed,2
CUST003656,30,741914.65,Salaried,2
CUST003657,33,841291.72,Self-Employed,1
CUST003658,57,1282056.35,Business Owner,0
CUST003659,58,450692.66,Business Owner,2
CUST003660,44,435490.97,Salaried,1
CUST003661,22,665549.47,Salaried,2
CUST003662,42,968418.37,Business Owner,2
CUST003663,37,416283.55,Salaried,1
CUST003664,56,557286.79,Self-Employed,2
CUST003665,34,614830.34,Salaried,2
CUST003666,30,821687.77,Salaried,2
CUST003667,55,534675.5,Salaried,2
CUST003668,45,807990.37,Salaried,3
CUST003669,23,1472167.0,Business Owner,2
CUST003670,58,499049.71,Salaried,0
CUST003671,37,1041614.25,Business Owner,1
CUST003672,32,815417.32,Business Owner,1
CUST003673,44,562137.74,Salaried,0
CUST003674,49,549248.39,Self-Employed,3
CUST003675,63,481510.04,Salaried,3
CUST003676,45,180941.42,Self-Employed,0
CUST003677,56,393610.0,Self-Employed,1
CUST003678,46,777132.09,Salaried,2
CUST003679,58,569503.16,Salaried,0
CUST003680,21,495351.2,Self-Employed,0
CUST003681,40,1217059.79,Business Owner,0
CUST003682,48,360425.45,Salaried,1
CUST003683,36,587821.5,Self-Employed,4
CUST003684,37,850478.02,Salaried,2
CUST003685,60,936612.41,Business Owner,2
CUST003686,48,311553.16,Salaried,2
CUST003687,32,484721.77,Self-Employed,1
CUST003688,47,691532.57,Salaried,0
CUST003689,62,522414.91,Self-Employed,2
CUST003690,50,1008980.98,Business Owner,0
CUST003691,61,578521.93,Self-Employed,0
CUST003692,54,313551.39,Self-Employed,2
CUST003693,57,478911.96,Salaried,0
CUST003694,26,752142.54,Business Owner,0
CUST003695,27,578534.66,Self-Employed,1
CUST003696,52,424366.7,Business Owner,1
CUST003697,52,908450.6,Salaried,0
CUST003698,45,236488.56,Salaried,2
CUST003699,53,343991.28,Salaried,1
CUST003700,27,683050.85,Salaried,2
CUST003701,32,670132.29,Salaried,2
CUST003702,36,871051.23,Business Owner,3
CUST003703,36,635239.86,Self-Employed,2
CUST003704,63,178385.1,Unemployed,2
CUST003705,56,600012.03,Salaried,2
CUST003706,33,640235.5,Salaried,1
CUST003707,27,100000.0,Business Owner,0
CUST003708,56,580024.96,Salaried,1
CUST003709,29,592846.02,Salaried,0
CUST003710,52,1665131.83,Business Owner,0
CUST003711,31,476148.54,Salaried,1
CUST003712,28,594620.18,Salaried,1
CUST003713,53,1469453.74,Business Owner,0
CUST003714,43,684016.91,Salaried,1
CUST003715,45,910065.97,Business Owner,1
CUST003716,28,744348.13,Salaried,1
CUST003717,42,341455.42,Self-Employed,1
CUST003718,24,858796.29,Salaried,3
CUST003719,60,628499.09,Self-Employed,1
CUST003720,23,356105.44,Salaried,0
CUST003721,49,657915.93,Business Owner,0
CUST003722,61,276370.07,Salaried,0
CUST003723,49,719365.71,Salaried,1
CUST003724,54,612701.87,Self-Employed,1
CUST003725,54,530958.65,Salaried,2
CUST003726,48,780053.56,Salaried,1
CUST003727,33,587470.75,Salaried,0
CUST003728,35,993507.8,Salaried,2
CUST003729,43,420084.7,Salaried,5
CUST003730,64,696253.5,Salaried,3
CUST003731,46,540389.73,Salaried,1
CUST003732,24,364591.8,Self-Employed,2
CUST003733,46,574040.43,Salaried,2
CUST003734,60,655050.33,Salaried,3
CUST003735,29,152914.97,Unemployed,2
CUST003736,25,1171073.11,Business Owner,1
CUST003737,52,691046.41,Salaried,2
CUST003738,40,817713.65,Salaried,0
CUST003739,31,419513.74,Business Owner,2
CUST003740,35,366400.5,Salaried,1
CUST003741,52,589835.1,Salaried,2
CUST003742,48,480959.37,Salaried,0
CUST003743,42,674788.46,Self-Employed,1
CUST003744,61,439825.94,Salaried,1
CUST003745,37,390074.63,Self-Employed,2
CUST003746,46,433530.81,Self-Employed,0
CUST003747,64,864829.51,Salaried,2
CUST003748,27,1743052.53,Business Owner,0
CUST003749,62,428789.65,Salaried,1
CUST003750,46,100000.0,Self-Employed,4
CUST003751,45,513903.03,Salaried,1
CUST003752,30,594460.31,Salaried,2
CUST003753,39,593771.89,Salaried,1
CUST003754,31,587369.25,Salaried,0
CUST003755,33,722385.97,Salaried,1
CUST003756,28,539579.24,Salaried,1
CUST003757,60,632002.49,Salaried,1
CUST003758,24,628936.25,Self-Employed,1
CUST003759,51,632912.7,Salaried,1
CUST003760,48,635141.5,Self-Employed,0
CUST003761,31,343810.95,Salaried,1
CUST003762,63,617172.92,Salaried,1
CUST003763,21,634469.09,Salaried,0
CUST003764,58,575161.87,Salaried,0
CUST003765,44,380468.87,Self-Employed,3
CUST003766,51,669177.68,Salaried,1
CUST003767,61,156147.15,Unemployed,0
CUST003768,46,147370.36,Unemployed,0
CUST003769,25,550741.37,Salaried,3
CUST003770,40,442151.76,Self-Employed,1
CUST003771,61,485192.42,Salaried,1
CUST003772,31,528659.59,Salaried,2
CUST003773,53,312147.55,Self-Employed,1
CUST003774,58,541922.56,Salaried,0
CUST003775,47,654647.46,Salaried,2
CUST003776,54,722959.12,Salaried,1
CUST003777,35,592319.05,Salaried,1
CUST003778,52,588171.17,Salaried,0
CUST003779,41,621592.69,Salaried,1
CUST003780,25,747502.98,Salaried,1
CUST003781,26,566250.31,Salaried,0
CUST003782,58,592583.98,Self-Employed,0
CUST003783,42,655586.53,Salaried,0
CUST003784,38,375286.9,Self-Employed,0
CUST003785,34,641337.98,Self-Employed,1
CUST003786,30,100000.0,Self-Employed,1
CUST003787,33,712347.7,Self-Employed,0
CUST003788,51,420882.5,Salaried,2
CUST003789,50,579145.78,Salaried,3
CUST003790,23,724345.87,Salaried,1
CUST003791,50,128648.84,Unemployed,0
CUST003792,26,546834.41,Self-Employed,3
CUST003793,49,726774.12,Salaried,0
CUST003794,28,877232.97,Salaried,0
CUST003795,64,149247.68,Unemployed,0
CUST003796,63,626968.79,Salaried,2
CUST003797,64,606069.45,Salaried,2
CUST003798,53,566810.54,Salaried,3
CUST003799,37,100000.0,Unemployed,3
CUST003800,31,431878.05,Salaried,0
CUST003801,33,597857.84,Salaried,1
CUST003802,31,568218.39,Self-Employed,3
CUST003803,51,789213.97,Salaried,0
CUST003804,48,816111.01,Business Owner,2
CUST003805,64,829300.71,Salaried,2
CUST003806,26,419323.84,Salaried,0
CUST003807,61,984061.6,Business Owner,1
CUST003808,36,136639.34,Unemployed,2
CUST003809,24,403119.75,Salaried,3
CUST003810,55,346037.01,Salaried,2
CUST003811,46,726129.58,Business Owner,0
CUST003812,32,546029.67,Salaried,1
CUST003813,31,544739.48,Business Owner,1
CUST003814,57,1204655.75,Business Owner,0
CUST003815,45,539146.25,Salaried,2
CUST003816,38,100666.3,Unemployed,1
CUST003817,39,564594.69,Salaried,2
CUST003818,43,373745.92,Self-Employed,1
CUST003819,58,847046.16,Salaried,2
CUST003820,38,773899.85,Business Owner,1
CUST003821,46,316452.38,Self-Employed,2
CUST003822,26,829021.39,Self-Employed,2
CUST003823,24,1190014.93,Business Owner,1
CUST003824,64,615946.07,Salaried,0
CUST003825,49,480559.05,Salaried,1
CUST003826,54,1206615.07,Business Owner,4
CUST003827,37,207316.85,Self-Employed,2
CUST003828,63,1177308.95,Business Owner,1
CUST003829,63,1000049.23,Business Owner,0
CUST003830,36,748508.99,Salaried,0
CUST003831,22,245932.88,Salaried,0
CUST003832,54,461907.56,Salaried,1
CUST003833,28,300054.39,Self-Employed,2
CUST003834,33,432310.59,Salaried,0
CUST003835,62,585003.46,Self-Employed,1
CUST003836,28,555706.23,Salaried,2
CUST003837,50,469300.85,Salaried,0
CUST003838,52,434542.98,Salaried,1
CUST003839,56,455824.28,Salaried,0
CUST003840,50,673157.02,Self-Employed,1
CUST003841,21,589996.2,Salaried,1
CUST003842,63,724705.7,Salaried,1
CUST003843,59,999701.05,Salaried,2
CUST003844,37,496428.04,Self-Employed,2
CUST003845,40,333190.11,Business Owner,4
CUST003846,44,579445.59,Salaried,0
CUST003847,42,875818.15,Self-Employed,1
CUST003848,49,763011.39,Salaried,0
CUST003849,42,503095.02,Salaried,1
CUST003850,64,439192.72,Self-Employed,1
CUST003851,29,716252.12,Salaried,2
CUST003852,57,595913.14,Self-Employed,0
CUST003853,30,717851.31,Salaried,0
CUST003854,56,138047.86,Unemployed,2
CUST003855,57,658289.84,Salaried,1
CUST003856,48,438947.8,Self-Employed,1
CUST003857,48,1457372.61,Business Owner,0
CUST003858,62,371055.8,Salaried,2
CUST003859,63,371518.32,Salaried,1
CUST003860,41,492802.72,Salaried,2
CUST003861,44,364326.19,Self-Employed,0
CUST003862,62,371019.62,Salaried,2
CUST003863,60,344017.71,Salaried,1
CUST003864,22,713700.4,Self-Employed,0
CUST003865,28,574949.79,Salaried,2
CUST003866,47,451466.19,Self-Employed,4
CUST003867,42,608444.5,Salaried,1
CUST003868,57,839722.37,Salaried,0
CUST003869,47,523260.27,Self-Employed,0
CUST003870,49,477751.96,Self-Employed,1
CUST003871,23,504361.26,Salaried,2
CUST003872,64,689844.46,Salaried,1
CUST003873,33,590345.15,Salaried,0
CUST003874,30,847817.78,Salaried,2
CUST003875,56,575886.59,Salaried,1
CUST003876,29,751147.35,Salaried,1
CUST003877,47,357786.73,Self-Employed,1
CUST003878,54,355831.51,Self-Employed,0
CUST003879,21,325980.9,Salaried,0
CUST003880,52,719170.29,Salaried,0
CUST003881,45,594265.21,Salaried,1
CUST003882,49,695934.44,Salaried,0
CUST003883,27,1578470.76,Business Owner,0
CUST003884,23,330666.39,Self-Employed,2
CUST003885,40,300406.72,Self-Employed,3
CUST003886,40,585147.76,Business Owner,1
CUST003887,50,284476.3,Salaried,1
CUST003888,55,571018.5,Salaried,3
CUST003889,55,676839.92,Self-Employed,3
CUST003890,59,607355.57,Salaried,0
CUST003891,47,185817.28,Self-Employed,1
CUST003892,46,428623.07,Self-Employed,4
CUST003893,34,525034.19,Self-Employed,1
CUST003894,37,744376.66,Salaried,3
CUST003895,38,719470.28,Salaried,0
CUST003896,49,430903.93,Self-Employed,1
CUST003897,40,761100.86,Business Owner,2
CUST003898,47,618826.13,Self-Employed,0
CUST003899,38,120334.86,Unemployed,3
CUST003900,24,728304.66,Salaried,0
CUST003901,21,501150.64,Salaried,1
CUST003902,21,832670.64,Salaried,2
CUST003903,46,635290.88,Salaried,0
CUST003904,40,116141.71,Business Owner,0
CUST003905,43,182021.99,Unemployed,1
CUST003906,30,638226.14,Salaried,0
CUST003907,31,672923.05,Salaried,2
CUST003908,61,937783.49,Salaried,0
CUST003909,61,795489.4,Business Owner,3
CUST003910,25,367129.88,Salaried,0
CUST003911,21,790130.65,Salaried,0
CUST003912,37,333065.72,Salaried,1
CUST003913,42,488040.21,Salaried,2
CUST003914,54,916838.14,Business Owner,2
CUST003915,61,465187.52,Salaried,2
CUST003916,49,590433.83,Salaried,2
CUST003917,24,579630.09,Salaried,0
CUST003918,25,830373.18,Salaried,2
CUST003919,31,100000.0,Self-Employed,0
CUST003920,41,613103.11,Salaried,0
CUST003921,55,461889.01,Salaried,2
CUST003922,32,674992.99,Business Owner,2
CUST003923,46,702013.9,Salaried,1
CUST003924,39,603603.85,Self-Employed,1
CUST003925,27,651422.34,Salaried,1
CUST003926,27,411331.29,Salaried,2
CUST003927,46,737236.47,Self-Employed,0
CUST003928,60,549699.71,Business Owner,1
CUST003929,25,777278.02,Self-Employed,3
CUST003930,41,502588.35,Salaried,1
CUST003931,34,754624.77,Salaried,1
CUST003932,24,615260.0,Salaried,1
CUST003933,43,348894.75,Salaried,3
CUST003934,62,428900.47,Self-Employed,1
CUST003935,40,855351.48,Salaried,2
CUST003936,35,723517.94,Salaried,0
CUST003937,49,412981.18,Self-Employed,1
CUST003938,28,795548.57,Salaried,0
CUST003939,61,556376.01,Self-Employed,0
CUST003940,39,846422.37,Salaried,1
CUST003941,59,588117.07,Salaried,0
CUST003942,48,135407.53,Unemployed,0
CUST003943,47,748225.33,Salaried,1
CUST003944,24,637799.93,Salaried,2
CUST003945,35,611503.81,Self-Employed,1
CUST003946,55,106870.45,Unemployed,1
CUST003947,57,208560.21,Unemployed,1
CUST003948,21,696457.5,Self-Employed,1
CUST003949,23,802732.81,Salaried,3
CUST003950,44,356091.68,Business Owner,3
CUST003951,47,267455.67,Self-Employed,2
CUST003952,60,487969.56,Salaried,1
CUST003953,56,804262.59,Business Owner,0
CUST003954,54,400057.69,Salaried,2
CUST003955,49,695592.24,Salaried,2
CUST003956,44,724686.91,Business Owner,2
CUST003957,44,788395.61,Salaried,1
CUST003958,62,914837.32,Salaried,3
CUST003959,24,510892.27,Salaried,3
CUST003960,23,346541.08,Self-Employed,0
CUST003961,54,712092.08,Salaried,0
CUST003962,43,614546.28,Salaried,1
CUST003963,43,573934.61,Self-Employed,1
CUST003964,25,1431757.83,Business Owner,2
CUST003965,51,559247.95,Salaried,2
CUST003966,61,286851.23,Self-Employed,0
CUST003967,26,253905.55,Self-Employed,2
CUST003968,57,464535.01,Self-Employed,2
CUST003969,30,547220.56,Salaried,1
CUST003970,60,1245953.25,Business Owner,2
CUST003971,27,808872.22,Salaried,1
CUST003972,59,808282.03,Salaried,1
CUST003973,58,494837.77,Salaried,1
CUST003974,41,339351.55,Self-Employed,1
CUST003975,40,327985.27,Salaried,0
CUST003976,23,600454.02,Salaried,2
CUST003977,42,676944.58,Self-Employed,2
CUST003978,24,617329.93,Business Owner,0
CUST003979,48,203970.15,Self-Employed,2
CUST003980,32,882874.31,Salaried,4
CUST003981,58,494226.47,Salaried,3
CUST003982,56,477528.16,Self-Employed,1
CUST003983,61,530035.57,Salaried,2
CUST003984,25,233317.91,Self-Employed,2
CUST003985,33,735282.15,Salaried,1
CUST003986,43,200415.57,Business Owner,1
CUST003987,50,768653.03,Salaried,0
CUST003988,57,640207.42,Salaried,1
CUST003989,45,792525.27,Business Owner,1
CUST003990,47,562204.55,Salaried,2
CUST003991,34,668141.03,Salaried,1
CUST003992,56,642871.43,Business Owner,1
CUST003993,59,626513.01,Salaried,2
CUST003994,36,466775.6,Salaried,0
CUST003995,42,277347.0,Salaried,1
CUST003996,41,692548.5,Salaried,2
CUST003997,41,965574.94,Salaried,0
CUST003998,28,613211.2,Self-Employed,2
CUST003999,36,490515.56,Self-Employed,3
CUST004000,51,540509.2,Salaried,2
CUST004001,62,545210.72,Salaried,2
CUST004002,30,741325.68,Business Owner,4
CUST004003,52,159949.55,Unemployed,0
CUST004004,54,242043.13,Salaried,2
CUST004005,29,100000.0,Business Owner,0
CUST004006,37,590239.02,Self-Employed,0
CUST004007,31,570130.02,Salaried,0
CUST004008,52,452136.07,Salaried,0
CUST004009,30,448013.43,Salaried,0
CUST004010,42,676916.27,Business Owner,1
CUST004011,37,416330.67,Self-Employed,0
CUST004012,24,784669.01,Self-Employed,1
CUST004013,45,439491.85,Salaried,1
CUST004014,41,652789.98,Self-Employed,0
CUST004015,57,618053.05,Self-Employed,2
CUST004016,58,816227.59,Business Owner,0
CUST004017,21,714747.76,Salaried,4
CUST004018,45,588334.26,Self-Employed,1
CUST004019,56,411573.5,Salaried,0
CUST004020,37,381333.62,Self-Employed,2
CUST004021,61,577554.55,Self-Employed,1
CUST004022,44,510300.98,Salaried,1
CUST004023,22,622149.37,Self-Employed,1
CUST004024,60,774378.85,Salaried,3
CUST004025,35,889143.52,Business Owner,2
CUST004026,52,509119.14,Salaried,0
CUST004027,59,356075.49,Self-Employed,0
CUST004028,26,754270.25,Business Owner,1
CUST004029,21,534866.22,Salaried,0
CUST004030,43,729604.11,Salaried,0
CUST004031,59,512029.3,Salaried,0
CUST004032,37,573636.3,Salaried,0
CUST004033,54,655941.72,Self-Employed,0
CUST004034,61,434002.6,Self-Employed,2
CUST004035,49,722316.25,Business Owner,1
CUST004036,29,1248534.07,Business Owner,0
CUST004037,33,774000.83,Salaried,1
CUST004038,26,507673.86,Self-Employed,1
CUST004039,26,1564280.35,Business Owner,1
CUST004040,40,624862.89,Salaried,3
CUST004041,23,731450.03,Salaried,2
CUST004042,37,893251.16,Salaried,1
CUST004043,32,648532.7,Business Owner,0
CUST004044,21,395734.86,Self-Employed,1
CUST004045,37,659883.38,Self-Employed,1
CUST004046,23,575912.21,Salaried,1
CUST004047,46,102953.41,Unemployed,2
CUST004048,35,547623.7,Salaried,0
CUST004049,56,217047.2,Self-Employed,2
CUST004050,52,603692.73,Salaried,2
CUST004051,52,624463.8,Salaried,0
CUST004052,24,716987.61,Self-Employed,1
CUST004053,38,209024.93,Unemployed,0
CUST004054,39,552414.65,Salaried,1
CUST004055,63,916138.97,Salaried,2
CUST004056,55,438920.52,Salaried,1
CUST004057,60,389990.7,Salaried,1
CUST004058,34,413677.2,Salaried,2
CUST004059,53,265743.8,Self-Employed,3
CUST004060,34,1203230.69,Business Owner,1
CUST004061,54,852324.11,Salaried,1
CUST004062,24,844648.1,Self-Employed,2
CUST004063,44,317310.25,Salaried,0
CUST004064,49,728523.28,Salaried,4
CUST004065,39,829060.0,Salaried,0
CUST004066,26,699587.19,Self-Employed,1
CUST004067,53,504994.59,Salaried,0
CUST004068,60,625260.14,Salaried,0
CUST004069,39,457272.94,Salaried,2
CUST004070,21,712113.95,Salaried,2
CUST004071,25,380461.46,Salaried,2
CUST004072,47,1174152.58,Business Owner,0
CUST004073,36,357985.1,Self-Employed,0
CUST004074,26,1045281.89,Business Owner,2
CUST004075,60,561976.66,Salaried,1
CUST004076,33,545949.22,Salaried,0
CUST004077,55,742015.95,Salaried,0
CUST004078,39,828972.19,Salaried,0
CUST004079,32,327007.24,Self-Employed,0
CUST004080,36,627996.0,Salaried,0
CUST004081,63,437032.19,Salaried,1
CUST004082,30,407899.58,Self-Employed,1
CUST004083,45,490974.99,Salaried,2
CUST004084,40,100000.0,Unemployed,1
CUST004085,51,758887.37,Salaried,1
CUST004086,24,520690.39,Self-Employed,1
CUST004087,64,518001.35,Salaried,1
CUST004088,43,147090.17,Unemployed,3
CUST004089,22,779448.5,Salaried,2
CUST004090,42,705530.63,Self-Employed,2
CUST004091,57,683746.27,Salaried,1
CUST004092,28,366125.58,Self-Employed,1
CUST004093,27,617900.46,Salaried,0
CUST004094,34,436352.33,Salaried,1
CUST004095,23,865089.02,Business Owner,1
CUST004096,36,198897.59,Unemployed,1
CUST004097,39,774481.85,Salaried,1
CUST004098,38,642880.61,Business Owner,1
CUST004099,36,724893.03,Salaried,1
CUST004100,28,1150882.54,Business Owner,0
CUST004101,53,451879.12,Self-Employed,0
CUST004102,32,711917.58,Salaried,0
CUST004103,31,1390511.62,Business Owner,1
CUST004104,25,1240263.41,Business Owner,1
CUST004105,47,441947.36,Salaried,1
CUST004106,32,444370.01,Self-Employed,1
CUST004107,37,659942.8,Salaried,1
CUST004108,26,578601.75,Business Owner,2
CUST004109,53,811590.35,Self-Employed,0
CUST004110,25,647017.46,Salaried,2
CUST004111,48,409286.45,Self-Employed,2
CUST004112,34,396787.1,Self-Employed,2
CUST004113,25,360966.17,Self-Employed,2
CUST004114,53,705876.41,Salaried,4
CUST004115,61,723720.9,Salaried,2
CUST004116,39,367225.71,Self-Employed,1
CUST004117,42,820390.1,Salaried,2
CUST004118,25,541956.97,Salaried,0
CUST004119,22,340617.7,Self-Employed,1
CUST004120,50,671585.94,Salaried,0
CUST004121,59,260077.78,Self-Employed,2
CUST004122,24,226978.65,Self-Employed,2
CUST004123,53,309351.3,Self-Employed,3
CUST004124,33,482211.38,Salaried,0
CUST004125,40,712425.02,Salaried,0
CUST004126,27,405565.09,Salaried,0
CUST004127,35,1047514.52,Business Owner,1
CUST004128,43,726230.98,Salaried,1
CUST004129,34,222234.44,Unemployed,0
CUST004130,43,401627.24,Self-Employed,1
CUST004131,39,734938.03,Business Owner,0
CUST004132,49,905467.29,Salaried,1
CUST004133,40,802972.33,Salaried,1
CUST004134,49,790154.41,Business Owner,2
CUST004135,44,772000.36,Salaried,1
CUST004136,38,637120.84,Salaried,0
CUST004137,30,602446.85,Salaried,1
CUST004138,61,274162.65,Unemployed,0
CUST004139,28,714959.51,Self-Employed,2
CUST004140,46,877361.95,Self-Employed,3
CUST004141,49,287560.63,Self-Employed,3
CUST004142,30,869642.06,Salaried,3
CUST004143,37,468729.26,Self-Employed,1
CUST004144,22,574611.18,Salaried,1
CUST004145,26,1055932.53,Business Owner,2
CUST004146,25,676855.41,Salaried,0
CUST004147,48,758265.75,Salaried,0
CUST004148,61,732523.37,Salaried,1
CUST004149,25,502015.86,Salaried,0
CUST004150,38,300703.9,Self-Employed,3
CUST004151,46,571307.96,Salaried,0
CUST004152,40,597987.0,Salaried,0
CUST004153,61,613358.4,Salaried,1
CUST004154,47,773381.14,Self-Employed,1
CUST004155,32,627665.0,Salaried,1
CUST004156,27,1027422.67,Self-Employed,1
CUST004157,23,816872.5,Salaried,2
CUST004158,30,554788.02,Salaried,7
CUST004159,54,333674.69,Salaried,4
CUST004160,45,1855231.35,Business Owner,0
CUST004161,55,443510.3,Self-Employed,0
CUST004162,36,739322.55,Salaried,4
CUST004163,22,366557.48,Self-Employed,0
CUST004164,44,1539457.26,Business Owner,1
CUST004165,30,727165.76,Salaried,1
CUST004166,58,465158.01,Business Owner,0
CUST004167,42,306766.3,Salaried,1
CUST004168,46,975479.9,Business Owner,3
CUST004169,63,674569.15,Salaried,1
CUST004170,59,714408.3,Salaried,0
CUST004171,47,483332.82,Salaried,0
CUST004172,49,117811.56,Unemployed,4
CUST004173,58,122026.45,Self-Employed,2
CUST004174,40,389575.99,Self-Employed,0
CUST004175,47,355324.18,Salaried,0
CUST004176,61,493112.73,Salaried,1
CUST004177,40,649222.56,Salaried,0
CUST004178,64,647061.93,Salaried,1
CUST004179,39,498896.88,Salaried,0
CUST004180,40,1008833.43,Business Owner,1
CUST004181,55,795606.55,Self-Employed,2
CUST004182,22,558272.04,Salaried,1
CUST004183,50,244196.7,Self-Employed,0
CUST004184,54,1214242.5,Business Owner,0
CUST004185,42,718404.04,Self-Employed,0
CUST004186,23,360709.87,Self-Employed,1
CUST004187,26,115547.89,Unemployed,0
CUST004188,35,103346.88,Self-Employed,1
CUST004189,47,530873.6,Salaried,0
CUST004190,30,461591.35,Salaried,2
CUST004191,29,100000.0,Unemployed,0
CUST004192,53,545283.32,Salaried,1
CUST004193,52,599259.91,Salaried,0
CUST004194,26,571826.56,Salaried,0
CUST004195,61,435222.89,Self-Employed,0
CUST004196,56,226217.71,Unemployed,0
CUST004197,22,646112.98,Salaried,0
CUST004198,49,697609.25,Salaried,1
CUST004199,24,1624254.92,Business Owner,1
CUST004200,21,748035.1,Salaried,0
CUST004201,39,558960.42,Salaried,2
CUST004202,46,158798.07,Business Owner,0
CUST004203,45,544301.83,Salaried,1
CUST004204,30,818320.38,Salaried,1
CUST004205,35,695969.37,Self-Employed,1
CUST004206,42,544893.64,Salaried,1
CUST004207,41,868380.6,Business Owner,3
CUST004208,42,619172.78,Salaried,1
CUST004209,56,507604.43,Salaried,1
CUST004210,54,516581.58,Salaried,3
CUST004211,50,502666.83,Salaried,0
CUST004212,45,1096935.05,Business Owner,3
CUST004213,48,288824.94,Self-Employed,2
CUST004214,21,1476749.27,Business Owner,2
CUST004215,24,599066.83,Salaried,1
CUST004216,27,278840.95,Self-Employed,3
CUST004217,29,753900.94,Salaried,1
CUST004218,56,1500116.63,Business Owner,3
CUST004219,39,1128221.86,Self-Employed,0
CUST004220,21,805616.06,Salaried,1
CUST004221,30,468722.74,Salaried,1
CUST004222,56,631509.91,Salaried,2
CUST004223,29,1005744.46,Self-Employed,2
CUST004224,62,111092.06,Unemployed,1
CUST004225,52,409502.43,Salaried,3
CUST004226,52,541504.24,Salaried,0
CUST004227,26,447793.29,Salaried,3
CUST004228,58,378486.92,Self-Employed,1
CUST004229,37,500821.16,Salaried,2
CUST004230,30,707406.92,Salaried,0
CUST004231,47,405510.27,Salaried,2
CUST004232,55,526173.5,Self-Employed,2
CUST004233,41,485258.24,Salaried,2
CUST004234,45,609997.14,Self-Employed,1
CUST004235,48,698829.57,Salaried,1
CUST004236,35,733891.87,Salaried,2
CUST004237,24,733864.77,Salaried,2
CUST004238,49,506834.26,Salaried,0
CUST004239,29,599346.65,Salaried,1
CUST004240,47,820447.49,Salaried,1
CUST004241,46,588380.2,Self-Employed,2
CUST004242,39,733110.05,Salaried,1
CUST004243,48,417446.04,Salaried,3
CUST004244,37,1281442.77,Business Owner,0
CUST004245,63,122781.65,Self-Employed,1
CUST004246,61,194198.79,Self-Employed,1
CUST004247,62,540234.43,Business Owner,1
CUST004248,40,663839.52,Salaried,0
CUST004249,60,619348.49,Self-Employed,1
CUST004250,59,477890.0,Salaried,2
CUST004251,43,311294.47,Salaried,0
CUST004252,52,743024.02,Salaried,1
CUST004253,53,688139.06,Salaried,1
CUST004254,25,664169.99,Salaried,0
CUST004255,63,888998.77,Salaried,4
CUST004256,54,622502.81,Salaried,0
CUST004257,60,451214.38,Salaried,1
CUST004258,31,799315.01,Salaried,1
CUST004259,23,538879.14,Salaried,1
CUST004260,53,584223.09,Salaried,0
CUST004261,31,519532.94,Salaried,2
CUST004262,36,333525.39,Self-Employed,3
CUST004263,38,536765.89,Salaried,3
CUST004264,50,1508252.03,Business Owner,0
CUST004265,30,473393.96,Business Owner,1
CUST004266,38,760426.93,Salaried,2
CUST004267,58,130187.2,Self-Employed,2
CUST004268,39,840144.47,Salaried,2
CUST004269,56,855859.85,Salaried,2
CUST004270,33,490496.17,Business Owner,1
CUST004271,23,611840.45,Salaried,4
CUST004272,30,1157540.77,Business Owner,1
CUST004273,58,379178.55,Self-Employed,0
CUST004274,21,882411.23,Salaried,1
CUST004275,47,603241.71,Salaried,2
CUST004276,28,521981.47,Salaried,0
CUST004277,62,611823.3,Salaried,1
CUST004278,37,489565.75,Salaried,0
CUST004279,29,504185.84,Self-Employed,2
CUST004280,26,532533.87,Salaried,0
CUST004281,63,483145.42,Salaried,0
CUST004282,45,719620.01,Salaried,0
CUST004283,59,223029.23,Business Owner,0
CUST004284,48,864418.5,Salaried,1
CUST004285,53,634558.38,Salaried,0
CUST004286,57,242357.15,Unemployed,0
CUST004287,29,744301.15,Salaried,2
CUST004288,38,398483.31,Salaried,2
CUST004289,41,928288.9,Business Owner,2
CUST004290,22,140961.39,Self-Employed,3
CUST004291,63,464462.6,Salaried,3
CUST004292,58,579478.87,Salaried,2
CUST004293,60,358980.79,Self-Employed,0
CUST004294,56,528530.66,Salaried,2
CUST004295,63,633165.63,Business Owner,3
CUST004296,57,934359.94,Salaried,3
CUST004297,35,617828.25,Salaried,1
CUST004298,48,693519.59,Salaried,2
CUST004299,38,489642.05,Self-Employed,3
CUST004300,54,1034953.39,Business Owner,0
CUST004301,42,100000.0,Self-Employed,0
CUST004302,31,1568283.0,Business Owner,0
CUST004303,33,491729.74,Salaried,1
CUST004304,24,771870.32,Salaried,2
CUST004305,42,1373877.23,Business Owner,0
CUST004306,27,180670.05,Business Owner,0
CUST004307,63,922432.96,Business Owner,1
CUST004308,44,581066.6,Self-Employed,1
CUST004309,24,616470.08,Salaried,2
CUST004310,48,599858.97,Salaried,0
CUST004311,35,725677.06,Business Owner,0
CUST004312,21,492923.69,Salaried,2
CUST004313,23,758706.04,Salaried,0
CUST004314,34,579551.83,Self-Employed,0
CUST004315,58,627798.25,Salaried,2
CUST004316,21,259553.04,Business Owner,3
CUST004317,58,561497.11,Salaried,0
CUST004318,58,488835.68,Self-Employed,3
CUST004319,41,668156.09,Self-Employed,0
CUST004320,49,151289.36,Self-Employed,1
CUST004321,25,435629.3,Salaried,2
CUST004322,30,869809.69,Salaried,0
CUST004323,48,480392.56,Salaried,1
CUST004324,41,322266.56,Salaried,1
CUST004325,27,360365.73,Self-Employed,0
CUST004326,23,480927.68,Salaried,1
CUST004327,40,697669.06,Salaried,1
CUST004328,39,695826.23,Salaried,0
CUST004329,55,306127.64,Self-Employed,2
CUST004330,24,543161.57,Salaried,0
CUST004331,25,1114774.84,Business Owner,2
CUST004332,21,614089.55,Self-Employed,0
CUST004333,24,293081.64,Self-Employed,1
CUST004334,32,530366.77,Business Owner,1
CUST004335,47,917449.85,Salaried,1
CUST004336,62,796113.26,Business Owner,1
CUST004337,43,824017.27,Salaried,1
CUST004338,45,991444.4,Business Owner,1
CUST004339,41,1338009.97,Business Owner,2
CUST004340,44,693792.91,Salaried,1
CUST004341,45,625649.33,Salaried,0
CUST004342,52,623874.29,Salaried,0
CUST004343,52,251859.02,Self-Employed,3
CUST004344,25,574998.74,Salaried,2
CUST004345,56,521693.47,Salaried,1
CUST004346,62,550824.87,Salaried,1
CUST004347,62,544565.04,Salaried,1
CUST004348,59,158119.96,Unemployed,2
CUST004349,36,627590.72,Self-Employed,0
CUST004350,53,579371.27,Salaried,1
CUST004351,41,743232.15,Salaried,3
CUST004352,29,537682.67,Salaried,1
CUST004353,26,613004.49,Salaried,1
CUST004354,55,1909348.25,Business Owner,1
CUST004355,59,419791.21,Salaried,2
CUST004356,42,536791.29,Salaried,3
CUST004357,61,174243.81,Business Owner,0
CUST004358,25,991378.91,Business Owner,0
CUST004359,62,602480.6,Salaried,2
CUST004360,43,618857.93,Salaried,3
CUST004361,37,463266.68,Salaried,2
CUST004362,32,347659.35,Self-Employed,0
CUST004363,43,152702.87,Unemployed,1
CUST004364,36,389578.97,Salaried,0
CUST004365,23,732226.29,Salaried,1
CUST004366,50,343646.08,Business Owner,2
CUST004367,42,469808.9,Self-Employed,0
CUST004368,29,128210.4,Unemployed,1
CUST004369,49,524992.79,Salaried,0
CUST004370,57,359141.02,Salaried,2
CUST004371,43,593370.64,Salaried,0
CUST004372,33,418791.81,Salaried,2
CUST004373,52,528038.43,Self-Employed,2
CUST004374,43,486077.23,Salaried,1
CUST004375,37,592459.43,Salaried,0
CUST004376,60,175461.01,Business Owner,0
CUST004377,41,736841.73,Salaried,0
CUST004378,22,719268.2,Self-Employed,3
CUST004379,57,517187.5,Salaried,2
CUST004380,26,2020564.15,Business Owner,3
CUST004381,64,714107.35,Salaried,1
CUST004382,38,448356.19,Self-Employed,0
CUST004383,50,526357.39,Salaried,1
CUST004384,42,482799.6,Salaried,1
CUST004385,53,381852.29,Self-Employed,0
CUST004386,50,583519.59,Salaried,0
CUST004387,37,593436.13,Salaried,1
CUST004388,63,338387.42,Business Owner,0
CUST004389,52,1441897.69,Business Owner,1
CUST004390,62,718015.72,Salaried,0
CUST004391,34,877085.92,Salaried,1
CUST004392,30,655183.58,Salaried,1
CUST004393,56,757008.5,Salaried,0
CUST004394,54,100000.0,Unemployed,1
CUST004395,29,620448.94,Self-Employed,2
CUST004396,62,331250.86,Salaried,0
CUST004397,48,101419.35,Unemployed,2
CUST004398,31,1001309.98,Self-Employed,0
CUST004399,34,430022.12,Self-Employed,2
CUST004400,59,597129.53,Salaried,2
CUST004401,39,705291.15,Salaried,2
CUST004402,35,492242.46,Self-Employed,2
CUST004403,48,446785.21,Salaried,2
CUST004404,44,450488.84,Salaried,1
CUST004405,28,720220.99,Salaried,3
CUST004406,63,644740.53,Salaried,1
CUST004407,29,725457.08,Salaried,1
CUST004408,53,617476.37,Self-Employed,1
CUST004409,53,609069.15,Salaried,2
CUST004410,39,601979.58,Salaried,0
CUST004411,23,519352.32,Self-Employed,0
CUST004412,30,545449.6,Salaried,2
CUST004413,60,547190.2,Salaried,1
CUST004414,62,600398.69,Self-Employed,2
CUST004415,21,816105.4,Salaried,0
CUST004416,49,164836.64,Self-Employed,1
CUST004417,54,977499.26,Self-Employed,2
CUST004418,33,703894.13,Salaried,1
CUST004419,21,665325.77,Salaried,0
CUST004420,54,100000.0,Unemployed,3
CUST004421,49,493214.56,Salaried,2
CUST004422,33,1144514.72,Business Owner,1
CUST004423,49,550172.35,Self-Employed,2
CUST004424,59,406208.76,Salaried,1
CUST004425,44,470685.44,Salaried,2
CUST004426,46,489044.65,Salaried,1
CUST004427,37,476220.28,Salaried,2
CUST004428,27,554292.24,Self-Employed,1
CUST004429,33,490397.84,Business Owner,2
CUST004430,25,1211589.32,Business Owner,1
CUST004431,46,377200.07,Salaried,4
CUST004432,23,1290475.06,Business Owner,0
CUST004433,27,2123882.51,Business Owner,2
CUST004434,59,1211501.11,Business Owner,0
CUST004435,21,518410.04,Salaried,1
CUST004436,37,399953.44,Self-Employed,2
CUST004437,63,275297.06,Self-Employed,0
CUST004438,45,761758.02,Salaried,0
CUST004439,23,158151.05,Unemployed,0
CUST004440,35,328586.92,Salaried,0
CUST004441,49,381986.8,Salaried,2
CUST004442,63,197146.41,Business Owner,0
CUST004443,52,714365.32,Salaried,2
CUST004444,46,499269.19,Business Owner,0
CUST004445,36,666774.4,Self-Employed,1
CUST004446,45,516269.52,Salaried,2
CUST004447,48,718874.42,Salaried,3
CUST004448,29,448527.6,Self-Employed,1
CUST004449,21,689968.05,Self-Employed,1
CUST004450,49,583139.35,Business Owner,0
CUST004451,42,606156.21,Business Owner,1
CUST004452,36,531699.98,Salaried,0
CUST004453,61,725063.77,Salaried,3
CUST004454,64,467109.7,Business Owner,0
CUST004455,61,513511.26,Salaried,0
CUST004456,27,562508.9,Salaried,1
CUST004457,34,1059626.07,Business Owner,1
CUST004458,49,741513.94,Business Owner,1
CUST004459,39,615526.15,Self-Employed,0
CUST004460,39,487827.23,Salaried,1
CUST004461,22,697801.94,Self-Employed,1
CUST004462,61,651302.58,Self-Employed,1
CUST004463,35,670855.61,Business Owner,1
CUST004464,23,186029.69,Unemployed,2
CUST004465,31,436261.44,Salaried,2
CUST004466,50,532352.82,Self-Employed,1
CUST004467,60,110515.92,Unemployed,1
CUST004468,38,646997.15,Salaried,4
CUST004469,22,574527.37,Salaried,1
CUST004470,52,596360.51,Business Owner,0
CUST004471,28,364275.91,Salaried,1
CUST004472,42,567576.15,Salaried,3
CUST004473,26,778955.93,Salaried,3
CUST004474,32,642634.6,Salaried,0
CUST004475,60,365425.43,Salaried,1
CUST004476,56,564963.29,Salaried,2
CUST004477,35,209422.06,Unemployed,3
CUST004478,48,438031.61,Self-Employed,0
CUST004479,38,305416.91,Self-Employed,4
CUST004480,22,862095.41,Salaried,1
CUST004481,33,283860.97,Self-Employed,1
CUST004482,35,454748.71,Self-Employed,0
CUST004483,40,376988.51,Self-Employed,0
CUST004484,49,697928.0,Salaried,2
CUST004485,62,672215.54,Salaried,0
CUST004486,49,541866.57,Business Owner,1
CUST004487,23,360066.55,Self-Employed,1
CUST004488,39,527778.83,Self-Employed,2
CUST004489,23,543648.36,Self-Employed,1
CUST004490,34,565679.77,Salaried,2
CUST004491,60,438527.97,Self-Employed,2
CUST004492,24,415706.81,Salaried,2
CUST004493,31,870051.72,Self-Employed,4
CUST004494,51,181919.79,Unemployed,1
CUST004495,63,501180.35,Self-Employed,3
CUST004496,52,746430.18,Salaried,4
CUST004497,47,569398.78,Salaried,0
CUST004498,50,337114.67,Self-Employed,1
CUST004499,63,1038394.83,Business Owner,2
CUST004500,22,527801.26,Self-Employed,0
CUST004501,29,852272.93,Salaried,0
CUST004502,48,489439.72,Salaried,2
CUST004503,51,307439.76,Self-Employed,3
CUST004504,54,920248.22,Self-Employed,0
CUST004505,35,209226.3,Unemployed,0
CUST004506,45,695504.72,Salaried,0
CUST004507,56,363286.86,Self-Employed,4
CUST004508,28,662658.36,Salaried,3
CUST004509,29,241887.45,Self-Employed,3
CUST004510,57,694638.35,Business Owner,2
CUST004511,59,425480.51,Salaried,0
CUST004512,52,487043.87,Salaried,2
CUST004513,37,261725.53,Self-Employed,2
CUST004514,55,639180.64,Self-Employed,0
CUST004515,57,868113.16,Salaried,0
CUST004516,39,746444.96,Salaried,3
CUST004517,64,649829.5,Self-Employed,0
CUST004518,49,765525.04,Business Owner,0
CUST004519,27,628827.42,Salaried,0
CUST004520,48,471104.88,Business Owner,0
CUST004521,29,405123.24,Salaried,0
CUST004522,48,382066.8,Salaried,4
CUST004523,26,416979.37,Salaried,0
CUST004524,49,1174870.56,Business Owner,1
CUST004525,37,719514.94,Salaried,1
CUST004526,36,319694.37,Self-Employed,0
CUST004527,43,644038.52,Salaried,0
CUST004528,51,207097.82,Unemployed,2
CUST004529,23,839235.96,Business Owner,1
CUST004530,41,351328.0,Self-Employed,0
CUST004531,46,733368.14,Business Owner,1
CUST004532,56,786175.69,Self-Employed,1
CUST004533,62,872183.91,Business Owner,3
CUST004534,57,920358.41,Salaried,3
CUST004535,42,499864.87,Salaried,0
CUST004536,62,398772.35,Self-Employed,0
CUST004537,32,389199.52,Salaried,0
CUST004538,62,760858.32,Salaried,1
CUST004539,33,614135.26,Salaried,2
CUST004540,31,464966.92,Salaried,1
CUST004541,36,428274.67,Self-Employed,0
CUST004542,28,672818.72,Salaried,0
CUST004543,60,108659.08,Unemployed,2
CUST004544,60,1036906.82,Business Owner,2
CUST004545,22,1259788.5,Business Owner,3
CUST004546,50,534967.85,Salaried,0
CUST004547,50,320768.57,Salaried,1
CUST004548,32,136478.18,Unemployed,2
CUST004549,30,698460.93,Business Owner,2
CUST004550,64,250923.9,Self-Employed,0
CUST004551,31,688015.29,Salaried,0
CUST004552,35,625132.48,Self-Employed,0
CUST004553,36,543641.19,Self-Employed,1
CUST004554,37,534977.21,Salaried,0
CUST004555,46,527024.3,Self-Employed,1
CUST004556,22,639963.72,Business Owner,0
CUST004557,32,636950.53,Self-Employed,3
CUST004558,46,534362.07,Salaried,0
CUST004559,43,449580.49,Self-Employed,4
CUST004560,38,141559.83,Unemployed,4
CUST004561,52,1153444.04,Self-Employed,0
CUST004562,58,296067.23,Self-Employed,2
CUST004563,23,405912.5,Self-Employed,2
CUST004564,58,179568.15,Self-Employed,2
CUST004565,23,550837.72,Self-Employed,2
CUST004566,50,859672.59,Salaried,1
CUST004567,21,565639.4,Salaried,1
CUST004568,50,503664.98,Salaried,1
CUST004569,52,590881.03,Salaried,0
CUST004570,48,755207.51,Salaried,1
CUST004571,41,807218.46,Salaried,0
CUST004572,33,481162.73,Business Owner,1
CUST004573,47,698725.86,Salaried,1
CUST004574,56,584756.37,Salaried,1
CUST004575,27,816376.91,Salaried,2
CUST004576,42,959042.24,Self-Employed,2
CUST004577,30,873087.59,Salaried,1
CUST004578,59,452062.99,Salaried,2
CUST004579,35,473775.42,Salaried,1
CUST004580,35,1577772.37,Business Owner,0
CUST004581,24,144801.98,Unemployed,1
CUST004582,52,111528.53,Unemployed,0
CUST004583,43,395597.74,Salaried,2
CUST004584,26,527939.47,Self-Employed,3
CUST004585,44,417599.53,Self-Employed,3
CUST004586,40,658549.61,Salaried,0
CUST004587,57,628527.51,Salaried,0
CUST004588,40,417658.9,Salaried,1
CUST004589,32,336499.34,Self-Employed,1
CUST004590,53,741694.77,Salaried,1
CUST004591,48,754908.78,Salaried,1
CUST004592,28,544284.91,Salaried,2
CUST004593,21,535209.94,Self-Employed,0
CUST004594,57,483703.19,Business Owner,0
CUST004595,42,489263.67,Self-Employed,1
CUST004596,26,721066.94,Self-Employed,0
CUST004597,41,850245.85,Salaried,0
CUST004598,52,581157.01,Salaried,2
CUST004599,55,552870.41,Salaried,0
CUST004600,35,100000.0,Unemployed,1
CUST004601,25,120076.43,Unemployed,2
CUST004602,26,486302.94,Self-Employed,2
CUST004603,45,573842.61,Salaried,0
CUST004604,60,514876.15,Salaried,1
CUST004605,49,778062.73,Salaried,1
CUST004606,27,1065604.95,Business Owner,2
CUST004607,60,466892.32,Self-Employed,0
CUST004608,33,1173467.11,Business Owner,3
CUST004609,58,494798.95,Self-Employed,2
CUST004610,38,832856.78,Salaried,0
CUST004611,22,480764.37,Salaried,1
CUST004612,28,649232.48,Salaried,1
CUST004613,31,100000.0,Self-Employed,1
CUST004614,53,541243.09,Salaried,1
CUST004615,58,530379.7,Self-Employed,1
CUST004616,47,435784.33,Self-Employed,1
CUST004617,40,434216.76,Salaried,1
CUST004618,32,495860.37,Salaried,0
CUST004619,63,449031.62,Salaried,3
CUST004620,51,476123.86,Self-Employed,1
CUST004621,47,717764.85,Salaried,0
CUST004622,52,547986.15,Salaried,5
CUST004623,30,1623570.33,Business Owner,3
CUST004624,23,545731.22,Self-Employed,1
CUST004625,47,292714.71,Salaried,0
CUST004626,55,566632.98,Self-Employed,2
CUST004627,51,879841.53,Business Owner,0
CUST004628,35,775478.8,Self-Employed,0
CUST004629,36,597454.12,Salaried,0
CUST004630,33,562026.42,Salaried,0
CUST004631,55,914588.3,Self-Employed,0
CUST004632,31,284144.3,Salaried,0
CUST004633,41,431146.22,Self-Employed,2
CUST004634,31,1006282.12,Business Owner,1
CUST004635,50,740245.87,Business Owner,2
CUST004636,55,284879.26,Salaried,2
CUST004637,42,660613.06,Salaried,0
CUST004638,58,531301.38,Salaried,1
CUST004639,51,472751.92,Self-Employed,4
CUST004640,34,788828.57,Salaried,0
CUST004641,44,645669.38,Salaried,3
CUST004642,52,506994.86,Salaried,2
CUST004643,56,659038.48,Salaried,0
CUST004644,52,536330.66,Salaried,1
CUST004645,35,554465.54,Salaried,0
CUST004646,63,651465.34,Self-Employed,2
CUST004647,55,503740.95,Salaried,0
CUST004648,23,684235.01,Salaried,1
CUST004649,36,807958.79,Business Owner,2
CUST004650,25,696822.19,Business Owner,0
CUST004651,41,524329.66,Salaried,0
CUST004652,30,507902.07,Salaried,1
CUST004653,39,517852.79,Self-Employed,1
CUST004654,45,558789.0,Salaried,0
CUST004655,24,805426.52,Salaried,0
CUST004656,49,466930.77,Salaried,1
CUST004657,39,681467.56,Salaried,3
CUST004658,63,728655.68,Self-Employed,2
CUST004659,22,1592050.4,Business Owner,1
CUST004660,30,337645.17,Self-Employed,0
CUST004661,63,753657.84,Salaried,3
CUST004662,45,630885.11,Salaried,2
CUST004663,40,710448.28,Self-Employed,1
CUST004664,39,503299.65,Salaried,0
CUST004665,43,582561.04,Salaried,3
CUST004666,44,427263.75,Self-Employed,2
CUST004667,31,719675.88,Business Owner,1
CUST004668,54,606170.78,Salaried,2
CUST004669,48,1897959.23,Business Owner,2
CUST004670,25,700332.08,Salaried,3
CUST004671,25,547331.59,Salaried,2
CUST004672,41,556206.32,Salaried,0
CUST004673,32,612510.38,Self-Employed,0
CUST004674,24,825536.52,Business Owner,0
CUST004675,62,463474.97,Self-Employed,1
CUST004676,40,433622.69,Salaried,4
CUST004677,58,592940.82,Salaried,1
CUST004678,45,100000.0,Self-Employed,0
CUST004679,34,334738.68,Salaried,2
CUST004680,31,547453.74,Salaried,0
CUST004681,52,183013.72,Unemployed,1
CUST004682,31,822271.96,Self-Employed,0
CUST004683,38,660205.13,Salaried,4
CUST004684,47,680134.93,Salaried,4
CUST004685,38,616927.26,Salaried,0
CUST004686,43,667682.62,Self-Employed,3
CUST004687,31,985353.42,Business Owner,0
CUST004688,41,574522.54,Self-Employed,0
CUST004689,64,365454.6,Salaried,0
CUST004690,25,639444.21,Salaried,0
CUST004691,43,151163.32,Unemployed,0
CUST004692,61,129192.96,Unemployed,3
CUST004693,45,548621.99,Salaried,2
CUST004694,61,399922.36,Salaried,0
CUST004695,30,680863.01,Salaried,2
CUST004696,42,993996.08,Business Owner,0
CUST004697,39,513841.65,Self-Employed,1
CUST004698,21,546000.21,Self-Employed,5
CUST004699,27,413067.81,Salaried,0
CUST004700,24,864498.43,Salaried,1
CUST004701,21,741463.46,Salaried,1
CUST004702,35,1148246.01,Business Owner,1
CUST004703,60,822677.63,Salaried,3
CUST004704,32,542223.45,Self-Employed,1
CUST004705,42,557627.06,Salaried,0
CUST004706,42,1009529.17,Business Owner,0
CUST004707,37,1510773.62,Business Owner,1
CUST004708,49,465827.36,Salaried,0
CUST004709,34,1505996.9,Business Owner,1
CUST004710,40,397167.3,Salaried,3
CUST004711,53,679962.11,Salaried,1
CUST004712,63,751531.78,Salaried,0
CUST004713,35,1157773.8,Business Owner,6
CUST004714,32,1319021.51,Business Owner,0
CUST004715,60,580873.68,Salaried,0
CUST004716,40,245373.76,Self-Employed,1
CUST004717,50,710050.94,Self-Employed,0
CUST004718,58,1639446.08,Business Owner,1
CUST004719,23,575303.51,Salaried,2
CUST004720,48,702290.88,Salaried,1
CUST004721,46,334721.91,Self-Employed,0
CUST004722,50,464726.84,Salaried,1
CUST004723,33,616102.43,Salaried,1
CUST004724,33,354468.29,Self-Employed,1
CUST004725,22,614433.03,Salaried,0
CUST004726,57,301515.91,Unemployed,0
CUST004727,58,494117.69,Salaried,0
CUST004728,22,167077.77,Unemployed,2
CUST004729,56,336236.11,Salaried,1
CUST004730,46,678494.94,Salaried,1
CUST004731,31,494188.58,Salaried,4
CUST004732,28,558527.78,Self-Employed,2
CUST004733,64,553178.41,Self-Employed,1
CUST004734,60,620866.7,Salaried,1
CUST004735,63,457883.4,Salaried,1
CUST004736,42,443231.92,Self-Employed,1
CUST004737,40,635357.67,Salaried,1
CUST004738,28,451472.49,Self-Employed,2
CUST004739,49,810496.14,Salaried,1
CUST004740,60,508203.26,Self-Employed,3
CUST004741,46,301425.93,Self-Employed,1
CUST004742,50,171571.62,Unemployed,2
CUST004743,37,100000.0,Self-Employed,1
CUST004744,40,894232.31,Salaried,2
CUST004745,36,341882.44,Salaried,0
CUST004746,63,679292.18,Self-Employed,0
CUST004747,27,711118.2,Salaried,3
CUST004748,36,447784.14,Business Owner,2
CUST004749,47,611891.73,Self-Employed,1
CUST004750,43,496577.74,Salaried,2
CUST004751,44,575185.72,Salaried,1
CUST004752,29,670559.74,Salaried,2
CUST004753,55,592750.15,Salaried,1
CUST004754,40,449992.11,Salaried,1
CUST004755,57,582074.87,Self-Employed,1
CUST004756,62,568783.16,Salaried,4
CUST004757,37,583408.73,Salaried,1
CUST004758,51,592274.5,Salaried,1
CUST004759,28,398203.74,Salaried,3
CUST004760,35,431358.64,Salaried,0
CUST004761,51,382160.81,Self-Employed,2
CUST004762,50,661549.51,Salaried,3
CUST004763,40,314172.79,Self-Employed,2
CUST004764,59,737852.05,Self-Employed,2
CUST004765,32,160083.29,Unemployed,1
CUST004766,37,654656.75,Salaried,1
CUST004767,62,550249.74,Salaried,1
CUST004768,50,360592.27,Salaried,0
CUST004769,49,679787.8,Salaried,1
CUST004770,39,611118.69,Business Owner,2
CUST004771,31,201621.52,Self-Employed,1
CUST004772,54,333047.62,Self-Employed,3
CUST004773,27,588041.43,Salaried,4
CUST004774,64,100000.0,Self-Employed,0
CUST004775,54,549581.91,Salaried,0
CUST004776,40,701664.78,Self-Employed,1
CUST004777,58,506394.8,Self-Employed,0
CUST004778,44,779906.19,Salaried,0
CUST004779,30,539526.92,Salaried,1
CUST004780,52,1361260.35,Business Owner,1
CUST004781,35,398753.85,Salaried,1
CUST004782,57,689981.31,Salaried,2
CUST004783,40,583759.24,Salaried,2
CUST004784,23,803230.26,Salaried,2
CUST004785,57,417521.24,Self-Employed,1
CUST004786,60,289482.67,Self-Employed,2
CUST004787,28,601336.57,Self-Employed,1
CUST004788,60,847077.93,Salaried,1
CUST004789,64,547235.99,Self-Employed,2
CUST004790,43,883159.73,Business Owner,0
CUST004791,60,417756.19,Salaried,4
CUST004792,31,742035.7,Salaried,2
CUST004793,28,879357.29,Business Owner,0
CUST004794,49,705121.5,Salaried,1
CUST004795,50,629584.01,Salaried,2
CUST004796,30,906001.3,Salaried,1
CUST004797,59,516387.65,Salaried,3
CUST004798,48,521875.39,Salaried,0
CUST004799,56,752013.11,Salaried,1
CUST004800,33,707590.45,Self-Employed,1
CUST004801,52,760441.27,Salaried,2
CUST004802,56,894931.22,Business Owner,0
CUST004803,57,631148.58,Salaried,1
CUST004804,46,100000.0,Unemployed,1
CUST004805,42,141956.56,Unemployed,4
CUST004806,24,555359.29,Self-Employed,2
CUST004807,51,1010934.61,Business Owner,1
CUST004808,38,348452.02,Self-Employed,1
CUST004809,58,460262.23,Business Owner,1
CUST004810,44,756628.76,Salaried,3
CUST004811,43,733102.73,Salaried,0
CUST004812,42,453545.99,Self-Employed,1
CUST004813,22,754870.24,Salaried,0
CUST004814,51,1275791.33,Business Owner,0
CUST004815,31,228644.12,Business Owner,0
CUST004816,48,584413.06,Salaried,1
CUST004817,52,1435461.05,Business Owner,3
CUST004818,25,361462.21,Salaried,1
CUST004819,58,382393.58,Salaried,2
CUST004820,30,693992.37,Salaried,1
CUST004821,60,793851.68,Salaried,0
CUST004822,44,444017.9,Self-Employed,1
CUST004823,55,406120.37,Self-Employed,4
CUST004824,64,345133.3,Salaried,0
CUST004825,43,440341.44,Self-Employed,0
CUST004826,37,205607.52,Self-Employed,0
CUST004827,21,546803.19,Salaried,0
CUST004828,51,796616.51,Salaried,1
CUST004829,51,382221.43,Business Owner,1
CUST004830,62,799085.06,Business Owner,0
CUST004831,62,729148.89,Salaried,4
CUST004832,54,483564.93,Salaried,1
CUST004833,29,1063157.54,Business Owner,1
CUST004834,42,662038.92,Self-Employed,3
CUST004835,33,611763.16,Salaried,0
CUST004836,45,519790.55,Self-Employed,1
CUST004837,38,435307.26,Salaried,1
CUST004838,32,420147.52,Self-Employed,3
CUST004839,60,624328.73,Salaried,1
CUST004840,37,314764.78,Salaried,1
CUST004841,35,263039.5,Salaried,3
CUST004842,62,142340.28,Unemployed,3
CUST004843,35,575762.96,Self-Employed,0
CUST004844,35,517622.03,Self-Employed,1
CUST004845,59,175765.93,Self-Employed,0
CUST004846,33,765531.76,Salaried,2
CUST004847,37,941416.56,Business Owner,1
CUST004848,52,745604.1,Salaried,1
CUST004849,29,644539.47,Business Owner,1
CUST004850,60,639751.09,Salaried,0
CUST004851,40,678058.2,Salaried,4
CUST004852,46,750678.33,Salaried,2
CUST004853,47,683995.33,Self-Employed,1
CUST004854,41,579983.73,Business Owner,1
CUST004855,38,476844.08,Self-Employed,1
CUST004856,33,521518.42,Salaried,1
CUST004857,36,957184.66,Business Owner,2
CUST004858,29,384365.29,Salaried,1
CUST004859,32,264038.8,Business Owner,4
CUST004860,64,977128.97,Self-Employed,1
CUST004861,58,890301.8,Salaried,3
CUST004862,39,774886.89,Salaried,0
CUST004863,27,672633.17,Salaried,1
CUST004864,55,716319.84,Salaried,2
CUST004865,38,716727.73,Salaried,1
CUST004866,36,848203.19,Salaried,2
CUST004867,59,526123.22,Salaried,1
CUST004868,24,348475.02,Self-Employed,2
CUST004869,45,893922.69,Business Owner,2
CUST004870,52,689328.54,Salaried,1
CUST004871,60,561773.66,Salaried,2
CUST004872,33,517104.15,Salaried,2
CUST004873,37,815585.39,Salaried,2
CUST004874,57,565166.57,Business Owner,1
CUST004875,26,793731.28,Self-Employed,1
CUST004876,39,1285268.09,Business Owner,0
CUST004877,33,886792.79,Salaried,0
CUST004878,46,936620.97,Self-Employed,0
CUST004879,34,655534.98,Salaried,0
CUST004880,51,1731390.96,Business Owner,3
CUST004881,24,1102093.89,Business Owner,0
CUST004882,59,579233.04,Self-Employed,0
CUST004883,28,977520.47,Business Owner,3
CUST004884,45,534835.42,Salaried,2
CUST004885,33,1203868.83,Business Owner,0
CUST004886,52,772591.88,Salaried,0
CUST004887,58,390245.27,Salaried,1
CUST004888,58,983976.42,Salaried,1
CUST004889,48,231225.45,Unemployed,0
CUST004890,50,667123.66,Business Owner,0
CUST004891,23,1124937.25,Business Owner,0
CUST004892,48,882727.65,Business Owner,1
CUST004893,23,649926.09,Salaried,0
CUST004894,54,845626.55,Business Owner,1
CUST004895,36,176157.88,Unemployed,0
CUST004896,42,439632.87,Salaried,0
CUST004897,52,928511.16,Salaried,0
CUST004898,58,301335.44,Self-Employed,1
CUST004899,28,177619.16,Unemployed,2
CUST004900,28,628544.26,Business Owner,1
CUST004901,26,837502.84,Business Owner,4
CUST004902,34,1084504.08,Business Owner,0
CUST004903,52,939120.01,Business Owner,0
CUST004904,55,525875.19,Self-Employed,2
CUST004905,30,426393.83,Self-Employed,1
CUST004906,23,496270.8,Salaried,0
CUST004907,32,632620.1,Self-Employed,3
CUST004908,51,471857.4,Salaried,1
CUST004909,49,640151.86,Business Owner,0
CUST004910,25,504316.98,Salaried,0
CUST004911,45,550286.47,Salaried,1
CUST004912,61,386961.34,Salaried,0
CUST004913,51,219022.96,Self-Employed,2
CUST004914,41,681459.28,Salaried,0
CUST004915,40,683166.95,Salaried,3
CUST004916,59,646602.54,Salaried,0
CUST004917,42,806278.44,Salaried,4
CUST004918,24,467667.26,Salaried,0
CUST004919,33,341207.84,Salaried,1
CUST004920,62,717796.07,Salaried,3
CUST004921,40,337951.32,Salaried,1
CUST004922,33,579466.93,Salaried,0
CUST004923,37,641730.49,Salaried,1
CUST004924,56,1724316.43,Business Owner,2
CUST004925,53,517999.47,Salaried,2
CUST004926,21,529040.15,Salaried,1
CUST004927,35,699160.37,Salaried,3
CUST004928,33,690299.84,Salaried,2
CUST004929,37,548490.24,Salaried,5
CUST004930,44,627772.94,Salaried,1
CUST004931,28,352597.03,Self-Employed,0
CUST004932,47,589333.32,Self-Employed,1
CUST004933,43,360949.03,Salaried,1
CUST004934,28,1081563.17,Self-Employed,1
CUST004935,28,708159.82,Salaried,3
CUST004936,46,459358.18,Business Owner,1
CUST004937,33,559812.72,Salaried,0
CUST004938,59,289367.57,Self-Employed,2
CUST004939,57,477202.36,Salaried,1
CUST004940,48,984666.11,Business Owner,1
CUST004941,45,808738.74,Salaried,1
CUST004942,36,584824.34,Salaried,1
CUST004943,22,121910.31,Self-Employed,2
CUST004944,38,507914.93,Salaried,0
CUST004945,37,390375.45,Self-Employed,2
CUST004946,50,517785.07,Self-Employed,0
CUST004947,59,578850.64,Salaried,0
CUST004948,33,270063.85,Salaried,3
CUST004949,52,461258.76,Salaried,2
CUST004950,49,278502.16,Self-Employed,2
CUST004951,50,734614.52,Salaried,0
CUST004952,38,442997.27,Self-Employed,0
CUST004953,33,100000.0,Unemployed,2
CUST004954,63,469739.91,Salaried,0
CUST004955,41,208734.47,Unemployed,1
CUST004956,50,380174.72,Self-Employed,0
CUST004957,41,498094.42,Salaried,0
CUST004958,37,574455.41,Salaried,0
CUST004959,60,545120.89,Self-Employed,1
CUST004960,39,578591.82,Salaried,0
CUST004961,35,753472.56,Salaried,2
CUST004962,29,578601.46,Salaried,0
CUST004963,30,634852.97,Self-Employed,0
CUST004964,64,539337.51,Self-Employed,3
CUST004965,51,241399.8,Self-Employed,2
CUST004966,43,867795.11,Salaried,2
CUST004967,50,1362273.14,Business Owner,2
CUST004968,53,121661.06,Unemployed,2
CUST004969,29,583331.21,Salaried,1
CUST004970,21,692278.92,Salaried,0
CUST004971,64,972010.86,Business Owner,2
CUST004972,55,942823.18,Business Owner,4
CUST004973,31,601120.09,Self-Employed,1
CUST004974,54,1041385.97,Business Owner,2
CUST004975,36,571603.29,Self-Employed,0
CUST004976,29,613703.15,Salaried,0
CUST004977,52,627779.95,Self-Employed,2
CUST004978,35,541937.25,Self-Employed,2
CUST004979,32,161740.59,Unemployed,1
CUST004980,53,806229.78,Salaried,1
CUST004981,34,586689.19,Self-Employed,2
CUST004982,28,566110.27,Self-Employed,1
CUST004983,28,466681.64,Salaried,2
CUST004984,47,474237.41,Salaried,1
CUST004985,32,1356681.67,Business Owner,1
CUST004986,21,685596.44,Salaried,0
CUST004987,63,683512.24,Self-Employed,2
CUST004988,60,979067.69,Business Owner,2
CUST004989,62,659623.02,Salaried,0
CUST004990,31,142712.45,Unemployed,1
CUST004991,59,494654.62,Self-Employed,1
CUST004992,63,537482.69,Salaried,1
CUST004993,51,800058.66,Salaried,1
CUST004994,37,114409.57,Unemployed,1
CUST004995,53,646131.37,Salaried,0
CUST004996,52,576503.94,Salaried,2
CUST004997,49,742771.32,Salaried,2
CUST004998,41,634145.99,Salaried,0
CUST004999,41,669225.04,Salaried,1
CUST005000,60,160378.94,Unemployed,0
CUST005001,43,503132.56,Business Owner,2
CUST005002,26,682554.37,Salaried,1
CUST005003,42,585120.62,Salaried,0
CUST005004,58,347721.46,Self-Employed,1
CUST005005,57,388372.37,Salaried,3
CUST005006,28,573090.71,Business Owner,0
CUST005007,61,1205635.62,Business Owner,2
CUST005008,55,1604749.53,Business Owner,1
CUST005009,31,617759.5,Salaried,0
CUST005010,44,450490.6,Salaried,2
CUST005011,41,662456.92,Salaried,1
CUST005012,22,761607.51,Salaried,0
CUST005013,60,888184.96,Salaried,1
CUST005014,39,1405646.05,Business Owner,1
CUST005015,59,989707.9,Business Owner,1
CUST005016,48,178753.89,Unemployed,3
CUST005017,37,610955.59,Business Owner,3
CUST005018,26,719542.5,Salaried,0
CUST005019,39,686794.74,Self-Employed,0
CUST005020,58,225411.46,Salaried,0
CUST005021,48,621401.83,Salaried,0
CUST005022,22,798017.55,Self-Employed,2
CUST005023,58,365753.27,Self-Employed,1
CUST005024,57,100000.0,Self-Employed,1
CUST005025,24,595849.52,Salaried,0
CUST005026,42,761406.16,Salaried,0
CUST005027,46,660091.7,Salaried,1
CUST005028,63,604040.67,Salaried,2
CUST005029,56,461153.61,Salaried,2
CUST005030,33,280351.19,Self-Employed,0
CUST005031,52,973108.6,Business Owner,2
CUST005032,37,591220.56,Salaried,1
CUST005033,61,670501.46,Self-Employed,1
CUST005034,56,666090.18,Salaried,0
CUST005035,39,112846.81,Unemployed,4
CUST005036,55,638419.93,Salaried,1
CUST005037,60,936168.79,Business Owner,0
CUST005038,48,234352.9,Business Owner,3
CUST005039,21,732347.92,Business Owner,2
CUST005040,62,609009.66,Salaried,2
CUST005041,38,477326.26,Self-Employed,0
CUST005042,60,647361.07,Salaried,1
CUST005043,53,611752.58,Salaried,1
CUST005044,32,651102.98,Salaried,2
CUST005045,28,966748.09,Business Owner,1
CUST005046,44,890708.83,Business Owner,0
CUST005047,36,623931.54,Salaried,3
CUST005048,24,545769.61,Salaried,0
CUST005049,58,129215.64,Unemployed,0
CUST005050,64,614759.96,Salaried,0
CUST005051,47,298646.07,Salaried,2
CUST005052,29,544374.18,Salaried,3
CUST005053,36,358765.57,Self-Employed,2
CUST005054,32,475542.74,Salaried,2
CUST005055,51,436955.01,Self-Employed,0
CUST005056,44,398950.02,Salaried,2
CUST005057,34,553432.5,Salaried,0
CUST005058,45,634698.91,Salaried,0
CUST005059,54,757563.06,Salaried,3
CUST005060,23,929875.97,Salaried,1
CUST005061,44,325717.41,Salaried,0
CUST005062,62,526434.58,Business Owner,1
CUST005063,29,553394.04,Salaried,2
CUST005064,46,527654.0,Self-Employed,0
CUST005065,40,168226.91,Unemployed,0
CUST005066,60,655950.98,Business Owner,0
CUST005067,30,100000.0,Unemployed,1
CUST005068,39,706920.87,Self-Employed,3
CUST005069,23,675399.82,Salaried,2
CUST005070,44,1185293.33,Business Owner,0
CUST005071,25,814139.23,Business Owner,1
CUST005072,23,1040464.8,Business Owner,0
CUST005073,47,100068.75,Self-Employed,0
CUST005074,36,285925.37,Self-Employed,0
CUST005075,35,779138.61,Salaried,1
CUST005076,55,506182.78,Self-Employed,2
CUST005077,32,880392.19,Salaried,0
CUST005078,61,453794.13,Salaried,0
CUST005079,64,1010429.42,Self-Employed,1
CUST005080,46,1004306.72,Salaried,1
CUST005081,54,503261.94,Salaried,2
CUST005082,43,718226.61,Business Owner,1
CUST005083,51,1400800.77,Business Owner,2
CUST005084,40,387444.56,Self-Employed,1
CUST005085,32,560158.91,Salaried,1
CUST005086,43,113339.78,Unemployed,1
CUST005087,24,494058.16,Salaried,1
CUST005088,43,523593.21,Self-Employed,3
CUST005089,21,558957.46,Salaried,0
CUST005090,45,286605.52,Salaried,2
CUST005091,22,788217.69,Self-Employed,0
CUST005092,50,819868.98,Self-Employed,0
CUST005093,23,676859.4,Salaried,2
CUST005094,41,618864.39,Salaried,3
CUST005095,45,459621.45,Salaried,1
CUST005096,40,530720.37,Salaried,1
CUST005097,42,717831.83,Self-Employed,1
CUST005098,41,689687.98,Salaried,0
CUST005099,53,668292.21,Salaried,2
CUST005100,58,674667.18,Salaried,2
CUST005101,35,759373.85,Salaried,1
CUST005102,35,682498.19,Self-Employed,2
CUST005103,45,637881.13,Self-Employed,0
CUST005104,41,547762.77,Salaried,0
CUST005105,44,852656.62,Salaried,0
CUST005106,25,403016.26,Self-Employed,2
CUST005107,26,469685.86,Salaried,0
CUST005108,63,515431.93,Salaried,1
CUST005109,64,421316.87,Salaried,1
CUST005110,43,687536.39,Salaried,0
CUST005111,24,597965.53,Salaried,0
CUST005112,47,1351460.09,Business Owner,0
CUST005113,38,100000.0,Self-Employed,1
CUST005114,41,542179.01,Self-Employed,0
CUST005115,48,561468.93,Salaried,2
CUST005116,55,430879.13,Self-Employed,0
CUST005117,42,483731.01,Business Owner,0
CUST005118,60,508725.19,Self-Employed,3
CUST005119,43,485293.31,Salaried,0
CUST005120,23,803934.81,Self-Employed,2
CUST005121,60,694059.88,Salaried,1
CUST005122,30,696285.91,Self-Employed,2
CUST005123,45,338946.27,Salaried,1
CUST005124,28,1254255.73,Business Owner,0
CUST005125,31,658276.55,Self-Employed,1
CUST005126,25,539052.2,Salaried,1
CUST005127,57,572034.23,Salaried,0
CUST005128,58,452587.27,Salaried,1
CUST005129,49,553865.8,Salaried,0
CUST005130,25,684693.85,Salaried,2
CUST005131,29,499598.73,Salaried,0
CUST005132,22,605417.39,Salaried,1
CUST005133,21,277281.26,Unemployed,2
CUST005134,60,453180.31,Salaried,1
CUST005135,50,649820.45,Salaried,1
CUST005136,31,444927.78,Salaried,0
CUST005137,48,377177.19,Salaried,2
CUST005138,64,719894.18,Salaried,0
CUST005139,32,418625.53,Self-Employed,2
CUST005140,59,839906.78,Salaried,0
CUST005141,46,613572.68,Self-Employed,2
CUST005142,33,585679.15,Business Owner,2
CUST005143,28,468456.46,Salaried,1
CUST005144,48,708091.2,Salaried,3
CUST005145,50,442063.89,Salaried,0
CUST005146,29,283808.84,Self-Employed,2
CUST005147,59,342118.98,Salaried,0
CUST005148,51,624677.74,Self-Employed,2
CUST005149,41,338075.38,Self-Employed,1
CUST005150,54,571943.25,Self-Employed,3
CUST005151,51,404663.21,Salaried,1
CUST005152,45,354250.78,Salaried,0
CUST005153,32,643954.03,Self-Employed,5
CUST005154,21,836594.8,Business Owner,1
CUST005155,42,116089.86,Unemployed,2
CUST005156,60,705418.35,Business Owner,3
CUST005157,57,403422.13,Self-Employed,2
CUST005158,21,906853.71,Self-Employed,1
CUST005159,21,553086.33,Self-Employed,3
CUST005160,62,620848.88,Salaried,5
CUST005161,62,349302.68,Self-Employed,0
CUST005162,41,718021.72,Salaried,3
CUST005163,35,427154.91,Salaried,0
CUST005164,37,603736.98,Self-Employed,0
CUST005165,42,678614.23,Salaried,1
CUST005166,58,752630.81,Salaried,3
CUST005167,55,304723.32,Salaried,1
CUST005168,36,1350897.74,Business Owner,1
CUST005169,28,570761.76,Self-Employed,3
CUST005170,37,486852.53,Salaried,2
CUST005171,37,276118.59,Salaried,2
CUST005172,46,539063.78,Salaried,3
CUST005173,33,628024.32,Salaried,2
CUST005174,37,371977.54,Salaried,0
CUST005175,58,329799.68,Self-Employed,2
CUST005176,37,410480.96,Salaried,2
CUST005177,34,534785.46,Salaried,1
CUST005178,26,436759.49,Salaried,1
CUST005179,55,925538.51,Salaried,0
CUST005180,34,729552.91,Salaried,1
CUST005181,28,278886.36,Self-Employed,2
CUST005182,35,456009.21,Salaried,2
CUST005183,47,307640.01,Business Owner,0
CUST005184,33,469934.17,Self-Employed,3
CUST005185,51,866274.63,Salaried,1
CUST005186,55,779602.84,Salaried,2
CUST005187,26,539605.35,Self-Employed,0
CUST005188,25,555872.72,Salaried,1
CUST005189,42,610288.34,Self-Employed,1
CUST005190,43,1011926.5,Business Owner,1
CUST005191,45,664942.64,Salaried,2
CUST005192,54,539474.29,Self-Employed,0
CUST005193,46,1077924.38,Business Owner,2
CUST005194,25,386909.82,Salaried,0
CUST005195,46,475933.86,Self-Employed,0
CUST005196,40,635027.99,Salaried,2
CUST005197,26,534741.94,Salaried,2
CUST005198,26,250447.54,Self-Employed,4
CUST005199,38,501045.04,Self-Employed,1
CUST005200,24,2559158.02,Business Owner,2
CUST005201,37,476535.0,Salaried,1
CUST005202,34,578661.0,Salaried,0
CUST005203,34,789207.82,Salaried,0
CUST005204,33,865968.65,Salaried,1
CUST005205,27,512506.56,Salaried,1
CUST005206,64,744692.3,Salaried,1
CUST005207,35,718687.79,Salaried,0
CUST005208,39,524050.84,Salaried,1
CUST005209,63,693743.85,Salaried,0
CUST005210,64,141346.42,Unemployed,0
CUST005211,55,374644.67,Self-Employed,1
CUST005212,37,857859.83,Salaried,2
CUST005213,55,1159732.72,Business Owner,4
CUST005214,39,163640.04,Self-Employed,0
CUST005215,40,848911.42,Business Owner,1
CUST005216,56,522076.72,Salaried,0
CUST005217,55,568402.94,Salaried,0
CUST005218,52,1106382.73,Business Owner,1
CUST005219,64,644010.8,Salaried,1
CUST005220,60,1473630.16,Business Owner,1
CUST005221,44,1388740.15,Business Owner,2
CUST005222,37,100000.0,Unemployed,1
CUST005223,27,585252.93,Salaried,2
CUST005224,63,307981.79,Salaried,1
CUST005225,21,450496.93,Salaried,4
CUST005226,55,100000.0,Unemployed,3
CUST005227,52,364800.72,Salaried,2
CUST005228,56,780020.61,Self-Employed,0
CUST005229,33,712906.28,Salaried,2
CUST005230,26,692558.99,Salaried,4
CUST005231,34,776300.66,Salaried,0
CUST005232,57,691905.9,Salaried,4
CUST005233,35,866090.57,Business Owner,1
CUST005234,24,511599.11,Salaried,1
CUST005235,60,1578259.45,Business Owner,0
CUST005236,36,761277.11,Self-Employed,4
CUST005237,48,456107.55,Self-Employed,3
CUST005238,36,652772.63,Self-Employed,0
CUST005239,24,181359.74,Salaried,2
CUST005240,46,722134.89,Salaried,1
CUST005241,48,399842.14,Self-Employed,1
CUST005242,52,1006872.89,Salaried,2
CUST005243,22,772593.43,Salaried,1
CUST005244,51,304097.41,Salaried,1
CUST005245,23,357740.02,Self-Employed,1
CUST005246,28,609087.09,Salaried,1
CUST005247,44,593634.2,Salaried,1
CUST005248,35,586859.14,Salaried,2
CUST005249,63,199236.59,Unemployed,2
CUST005250,51,518883.34,Salaried,0
CUST005251,29,485533.74,Self-Employed,1
CUST005252,59,805214.42,Self-Employed,0
CUST005253,22,808443.88,Self-Employed,1
CUST005254,28,746660.74,Salaried,0
CUST005255,27,430054.58,Self-Employed,2
CUST005256,64,493901.26,Salaried,3
CUST005257,59,593805.92,Salaried,1
CUST005258,62,505690.35,Self-Employed,2
CUST005259,36,492934.3,Self-Employed,2
CUST005260,55,611259.11,Self-Employed,3
CUST005261,50,1044266.53,Business Owner,2
CUST005262,30,647836.09,Salaried,1
CUST005263,58,713302.4,Business Owner,1
CUST005264,38,420159.42,Salaried,2
CUST005265,25,638928.42,Self-Employed,4
CUST005266,49,609103.67,Salaried,2
CUST005267,59,661321.56,Salaried,0
CUST005268,54,665508.35,Salaried,2
CUST005269,63,295978.04,Salaried,0
CUST005270,43,858226.67,Salaried,1
CUST005271,25,515234.64,Salaried,0
CUST005272,50,806091.69,Salaried,0
CUST005273,26,584931.25,Self-Employed,1
CUST005274,64,438214.37,Salaried,1
CUST005275,24,493854.21,Salaried,1
CUST005276,49,496631.59,Salaried,1
CUST005277,43,505258.5,Salaried,2
CUST005278,26,192257.69,Business Owner,1
CUST005279,52,580615.23,Business Owner,1
CUST005280,62,745107.28,Salaried,2
CUST005281,38,713951.12,Self-Employed,2
CUST005282,35,364748.43,Self-Employed,2
CUST005283,60,319069.82,Salaried,3
CUST005284,52,626183.69,Self-Employed,2
CUST005285,29,438189.29,Salaried,1
CUST005286,57,449895.97,Salaried,2
CUST005287,30,557574.91,Salaried,0
CUST005288,40,543529.67,Salaried,2
CUST005289,26,342049.22,Self-Employed,2
CUST005290,23,495090.48,Salaried,1
CUST005291,62,524709.04,Salaried,2
CUST005292,31,492901.84,Salaried,1
CUST005293,63,369782.62,Self-Employed,1
CUST005294,37,777708.02,Business Owner,0
CUST005295,52,570671.46,Self-Employed,1
CUST005296,24,637357.91,Salaried,1
CUST005297,24,391565.89,Self-Employed,2
CUST005298,37,552496.0,Salaried,2
CUST005299,61,801652.36,Salaried,5
CUST005300,39,747995.07,Salaried,1
CUST005301,25,682232.71,Salaried,1
CUST005302,52,145733.63,Self-Employed,2
CUST005303,42,942820.21,Business Owner,1
CUST005304,26,364905.53,Self-Employed,2
CUST005305,55,456523.3,Salaried,1
CUST005306,42,546046.75,Salaried,4
CUST005307,21,757061.26,Salaried,1
CUST005308,40,677655.54,Self-Employed,1
CUST005309,42,376097.17,Self-Employed,1
CUST005310,31,154231.02,Unemployed,0
CUST005311,33,536765.99,Salaried,1
CUST005312,62,803973.39,Business Owner,2
CUST005313,23,699511.18,Self-Employed,3
CUST005314,29,874738.0,Business Owner,1
CUST005315,32,148562.71,Self-Employed,0
CUST005316,43,527737.92,Self-Employed,1
CUST005317,34,863273.76,Self-Employed,1
CUST005318,53,360000.25,Self-Employed,1
CUST005319,38,832281.39,Salaried,1
CUST005320,61,692619.72,Salaried,2
CUST005321,29,776439.05,Salaried,3
CUST005322,43,731316.31,Salaried,0
CUST005323,30,535558.95,Self-Employed,2
CUST005324,39,508013.33,Salaried,3
CUST005325,25,626351.15,Salaried,2
CUST005326,43,634977.29,Salaried,2
CUST005327,50,694311.92,Self-Employed,1
CUST005328,45,262348.46,Salaried,1
CUST005329,48,385519.46,Salaried,0
CUST005330,54,635445.5,Salaried,2
CUST005331,45,649909.57,Salaried,1
CUST005332,30,553109.76,Business Owner,0
CUST005333,34,653591.69,Salaried,0
CUST005334,62,635671.14,Self-Employed,1
CUST005335,50,461058.22,Self-Employed,3
CUST005336,61,221477.79,Unemployed,1
CUST005337,45,842466.66,Salaried,0
CUST005338,34,618267.72,Salaried,1
CUST005339,55,726130.86,Salaried,1
CUST005340,54,345545.73,Salaried,1
CUST005341,30,714674.26,Self-Employed,1
CUST005342,55,819897.93,Salaried,0
CUST005343,31,447689.51,Salaried,1
CUST005344,31,1146688.94,Business Owner,1
CUST005345,41,125290.1,Self-Employed,1
CUST005346,41,481984.07,Salaried,2
CUST005347,42,521951.85,Salaried,2
CUST005348,27,378787.05,Salaried,0
CUST005349,37,804803.88,Business Owner,1
CUST005350,22,778415.35,Business Owner,3
CUST005351,32,1146710.74,Business Owner,0
CUST005352,62,294440.89,Business Owner,0
CUST005353,38,693501.41,Salaried,2
CUST005354,31,481624.78,Salaried,0
CUST005355,36,408223.27,Salaried,0
CUST005356,38,460721.65,Self-Employed,1
CUST005357,55,1201097.24,Business Owner,1
CUST005358,46,527368.56,Salaried,0
CUST005359,36,677085.89,Salaried,1
CUST005360,26,1011562.56,Business Owner,1
CUST005361,64,1070199.8,Salaried,2
CUST005362,63,774965.76,Business Owner,0
CUST005363,62,575026.42,Salaried,0
CUST005364,32,766188.38,Salaried,1
CUST005365,33,592243.31,Salaried,1
CUST005366,24,550197.27,Self-Employed,1
CUST005367,59,148670.75,Self-Employed,0
CUST005368,22,581712.64,Salaried,2
CUST005369,46,617961.01,Business Owner,0
CUST005370,47,404098.47,Self-Employed,3
CUST005371,47,551307.74,Self-Employed,1
CUST005372,35,591763.63,Salaried,1
CUST005373,28,1208864.95,Business Owner,0
CUST005374,27,743097.57,Salaried,2
CUST005375,60,573419.89,Salaried,2
CUST005376,32,644922.07,Salaried,1
CUST005377,33,294949.28,Salaried,0
CUST005378,63,1025832.15,Business Owner,3
CUST005379,37,757951.86,Salaried,1
CUST005380,37,463537.25,Salaried,2
CUST005381,56,1202203.83,Business Owner,1
CUST005382,41,409605.27,Self-Employed,3
CUST005383,28,384662.84,Self-Employed,3
CUST005384,25,813628.17,Salaried,1
CUST005385,46,493421.13,Self-Employed,4
CUST005386,36,730022.36,Salaried,2
CUST005387,56,100000.0,Unemployed,2
CUST005388,48,378032.66,Self-Employed,0
CUST005389,49,642319.36,Self-Employed,0
CUST005390,32,618661.42,Salaried,2
CUST005391,57,572420.0,Salaried,1
CUST005392,50,690596.65,Salaried,1
CUST005393,43,475296.7,Salaried,1
CUST005394,36,782586.14,Salaried,2
CUST005395,34,457483.95,Self-Employed,0
CUST005396,30,477639.12,Salaried,4
CUST005397,27,349987.04,Self-Employed,1
CUST005398,57,587767.52,Salaried,0
CUST005399,49,536028.46,Salaried,2
CUST005400,23,605231.88,Self-Employed,0
CUST005401,35,490726.09,Self-Employed,0
CUST005402,56,546602.69,Salaried,2
CUST005403,39,653009.03,Salaried,0
CUST005404,33,394091.71,Self-Employed,1
CUST005405,62,673700.1,Salaried,1
CUST005406,41,648958.92,Salaried,1
CUST005407,57,557048.56,Self-Employed,1
CUST005408,47,546307.83,Salaried,2
CUST005409,49,505558.62,Salaried,0
CUST005410,40,1223482.99,Business Owner,2
CUST005411,45,622810.86,Self-Employed,1
CUST005412,26,448802.14,Salaried,1
CUST005413,56,535075.84,Salaried,1
CUST005414,22,800956.55,Salaried,1
CUST005415,42,1293603.01,Business Owner,1
CUST005416,52,265995.78,Self-Employed,0
CUST005417,36,601783.34,Salaried,1
CUST005418,38,662850.69,Salaried,0
CUST005419,25,749045.45,Salaried,2
CUST005420,56,619068.29,Salaried,0
CUST005421,50,596772.12,Self-Employed,0
CUST005422,39,739701.55,Salaried,2
CUST005423,43,759854.12,Salaried,5
CUST005424,54,572884.75,Salaried,0
CUST005425,33,606833.82,Salaried,1
CUST005426,63,486292.16,Salaried,1
CUST005427,49,445374.17,Self-Employed,2
CUST005428,56,418517.52,Self-Employed,3
CUST005429,42,140569.04,Unemployed,0
CUST005430,56,862301.52,Business Owner,0
CUST005431,29,662672.32,Self-Employed,3
CUST005432,59,569864.56,Self-Employed,1
CUST005433,39,100000.0,Unemployed,0
CUST005434,58,682558.88,Salaried,0
CUST005435,26,517682.82,Salaried,4
CUST005436,35,436589.79,Salaried,0
CUST005437,40,271547.58,Self-Employed,0
CUST005438,29,533955.61,Self-Employed,2
CUST005439,52,759138.08,Salaried,2
CUST005440,24,568378.49,Salaried,2
CUST005441,38,740590.06,Salaried,2
CUST005442,25,612851.01,Salaried,1
CUST005443,40,276658.37,Salaried,0
CUST005444,43,691822.31,Salaried,0
CUST005445,31,518673.76,Salaried,0
CUST005446,57,575784.98,Business Owner,0
CUST005447,42,1147156.4,Business Owner,1
CUST005448,24,953543.95,Business Owner,1
CUST005449,49,486546.43,Self-Employed,1
CUST005450,64,519410.47,Self-Employed,3
CUST005451,54,330581.74,Self-Employed,2
CUST005452,33,853992.17,Self-Employed,2
CUST005453,62,534514.99,Self-Employed,4
CUST005454,29,623795.98,Salaried,1
CUST005455,62,586942.88,Salaried,1
CUST005456,51,176692.39,Self-Employed,3
CUST005457,27,498815.17,Salaried,2
CUST005458,24,416434.08,Salaried,1
CUST005459,39,402051.29,Salaried,1
CUST005460,62,368765.63,Salaried,0
CUST005461,50,118239.57,Unemployed,1
CUST005462,51,603072.55,Salaried,3
CUST005463,55,386670.85,Salaried,0
CUST005464,41,704976.52,Salaried,2
CUST005465,51,1018983.66,Business Owner,1
CUST005466,39,453658.24,Self-Employed,2
CUST005467,51,932418.64,Self-Employed,3
CUST005468,52,803760.66,Business Owner,0
CUST005469,22,719731.56,Salaried,2
CUST005470,30,631419.87,Salaried,0
CUST005471,22,815810.61,Salaried,2
CUST005472,22,716916.96,Self-Employed,0
CUST005473,44,439999.74,Self-Employed,2
CUST005474,37,560447.86,Salaried,1
CUST005475,52,398787.72,Salaried,1
CUST005476,36,617393.21,Salaried,1
CUST005477,36,630928.15,Self-Employed,0
CUST005478,59,590719.2,Salaried,0
CUST005479,51,810090.91,Salaried,0
CUST005480,63,621766.74,Salaried,0
CUST005481,44,749482.18,Self-Employed,2
CUST005482,21,467371.61,Self-Employed,2
CUST005483,31,426069.39,Salaried,0
CUST005484,41,375001.96,Self-Employed,1
CUST005485,24,595170.22,Salaried,2
CUST005486,27,112522.69,Unemployed,1
CUST005487,46,351740.08,Salaried,1
CUST005488,32,100000.0,Self-Employed,1
CUST005489,51,752086.14,Salaried,0
CUST005490,37,657799.93,Salaried,3
CUST005491,53,555131.7,Self-Employed,0
CUST005492,31,625253.54,Salaried,2
CUST005493,48,517884.75,Salaried,1
CUST005494,52,719150.05,Salaried,1
CUST005495,21,339108.41,Salaried,3
CUST005496,48,287386.07,Salaried,2
CUST005497,62,569752.57,Salaried,1
CUST005498,27,525939.63,Self-Employed,1
CUST005499,22,323177.16,Self-Employed,0
CUST005500,62,361000.59,Salaried,2
CUST005501,44,618133.04,Self-Employed,0
CUST005502,24,735428.52,Business Owner,0
CUST005503,64,704113.27,Salaried,1
CUST005504,39,795855.74,Salaried,1
CUST005505,46,179282.97,Self-Employed,1
CUST005506,31,542663.62,Self-Employed,1
CUST005507,60,637438.96,Salaried,1
CUST005508,63,711663.85,Salaried,1
CUST005509,31,519988.11,Salaried,1
CUST005510,23,152791.53,Unemployed,1
CUST005511,32,710050.17,Salaried,0
CUST005512,23,171887.54,Unemployed,0
CUST005513,62,833842.13,Salaried,0
CUST005514,47,469732.05,Salaried,3
CUST005515,22,631053.67,Salaried,0
CUST005516,36,482743.37,Self-Employed,0
CUST005517,22,569022.62,Salaried,0
CUST005518,50,688220.81,Salaried,2
CUST005519,40,946257.83,Business Owner,1
CUST005520,58,100000.0,Unemployed,4
CUST005521,48,742906.14,Salaried,0
CUST005522,45,688538.93,Salaried,3
CUST005523,52,794938.19,Self-Employed,0
CUST005524,30,645423.92,Self-Employed,0
CUST005525,62,567971.66,Salaried,0
CUST005526,60,817653.29,Business Owner,4
CUST005527,53,755370.12,Salaried,0
CUST005528,33,346577.6,Self-Employed,0
CUST005529,61,464266.91,Salaried,1
CUST005530,62,544075.16,Self-Employed,2
CUST005531,57,375887.33,Salaried,1
CUST005532,36,569741.07,Self-Employed,4
CUST005533,42,173484.25,Unemployed,1
CUST005534,40,563040.92,Salaried,0
CUST005535,63,811206.24,Salaried,1
CUST005536,47,769195.85,Salaried,2
CUST005537,61,588715.26,Business Owner,3
CUST005538,36,182788.09,Unemployed,0
CUST005539,54,696908.3,Self-Employed,2
CUST005540,52,612415.3,Salaried,1
CUST005541,46,128409.43,Unemployed,3
CUST005542,45,433681.91,Salaried,0
CUST005543,22,516265.84,Salaried,0
CUST005544,32,437023.76,Salaried,1
CUST005545,60,736869.92,Salaried,1
CUST005546,29,797943.89,Business Owner,3
CUST005547,32,604330.36,Self-Employed,0
CUST005548,46,789045.28,Salaried,0
CUST005549,29,631826.83,Salaried,0
CUST005550,30,776561.23,Salaried,3
CUST005551,52,429888.18,Self-Employed,1
CUST005552,54,657968.38,Salaried,4
CUST005553,40,630811.04,Salaried,2
CUST005554,59,359696.86,Self-Employed,1
CUST005555,22,776264.84,Business Owner,0
CUST005556,21,1466075.67,Business Owner,1
CUST005557,56,132756.47,Unemployed,0
CUST005558,44,167472.53,Self-Employed,0
CUST005559,47,548064.55,Salaried,2
CUST005560,22,598828.22,Business Owner,1
CUST005561,51,668388.42,Salaried,1
CUST005562,34,622958.77,Self-Employed,1
CUST005563,22,653719.34,Salaried,3
CUST005564,49,736209.57,Business Owner,1
CUST005565,35,608877.57,Salaried,2
CUST005566,32,552709.27,Salaried,2
CUST005567,57,210633.99,Self-Employed,2
CUST005568,48,583184.71,Salaried,1
CUST005569,40,281833.11,Unemployed,3
CUST005570,59,445612.39,Salaried,0
CUST005571,44,129031.01,Self-Employed,1
CUST005572,41,1469577.35,Business Owner,5
CUST005573,30,589730.71,Self-Employed,2
CUST005574,34,644691.07,Salaried,2
CUST005575,57,546213.5,Salaried,2
CUST005576,38,633937.94,Salaried,1
CUST005577,44,920707.04,Business Owner,2
CUST005578,34,762153.33,Self-Employed,3
CUST005579,54,195847.6,Unemployed,2
CUST005580,32,690335.87,Salaried,0
CUST005581,42,497592.16,Salaried,1
CUST005582,26,634343.94,Salaried,0
CUST005583,56,376917.15,Self-Employed,1
CUST005584,56,784270.13,Salaried,2
CUST005585,42,492752.63,Salaried,3
CUST005586,34,473097.86,Self-Employed,3
CUST005587,36,436985.95,Salaried,2
CUST005588,56,400372.98,Self-Employed,2
CUST005589,45,523585.54,Salaried,0
CUST005590,52,577092.11,Salaried,0
CUST005591,53,465055.69,Salaried,0
CUST005592,56,1386251.48,Business Owner,2
CUST005593,40,571940.25,Salaried,0
CUST005594,38,519957.1,Salaried,1
CUST005595,58,715453.01,Salaried,3
CUST005596,23,924359.85,Salaried,1
CUST005597,43,738305.63,Business Owner,2
CUST005598,52,563226.87,Salaried,0
CUST005599,36,604682.58,Business Owner,1
CUST005600,25,699304.27,Salaried,0
CUST005601,24,1282148.64,Business Owner,1
CUST005602,41,490724.39,Self-Employed,0
CUST005603,60,412326.57,Self-Employed,0
CUST005604,34,606792.04,Self-Employed,1
CUST005605,59,710950.5,Salaried,5
CUST005606,51,810808.49,Self-Employed,1
CUST005607,34,512620.02,Salaried,2
CUST005608,26,727850.35,Salaried,2
CUST005609,32,521156.4,Self-Employed,1
CUST005610,36,339858.04,Salaried,2
CUST005611,37,1508881.85,Business Owner,1
CUST005612,43,644622.05,Salaried,1
CUST005613,34,691020.61,Salaried,0
CUST005614,27,1278527.01,Business Owner,0
CUST005615,52,619211.24,Self-Employed,1
CUST005616,35,306601.49,Self-Employed,5
CUST005617,64,634935.75,Self-Employed,1
CUST005618,37,1098652.22,Business Owner,0
CUST005619,61,349523.92,Salaried,2
CUST005620,64,833207.45,Self-Employed,1
CUST005621,54,543401.32,Salaried,2
CUST005622,25,749335.14,Salaried,1
CUST005623,47,549599.96,Salaried,2
CUST005624,43,520018.28,Salaried,1
CUST005625,60,484215.62,Self-Employed,0
CUST005626,34,1748689.82,Business Owner,1
CUST005627,35,902588.68,Self-Employed,2
CUST005628,63,393093.4,Self-Employed,1
CUST005629,53,787101.32,Salaried,1
CUST005630,51,603505.1,Salaried,1
CUST005631,55,902747.24,Salaried,2
CUST005632,37,730574.19,Self-Employed,1
CUST005633,48,641858.32,Salaried,1
CUST005634,39,612207.31,Salaried,1
CUST005635,43,1143355.84,Business Owner,0
CUST005636,52,596701.35,Self-Employed,1
CUST005637,60,279472.86,Self-Employed,2
CUST005638,33,541562.68,Self-Employed,1
CUST005639,40,502247.82,Salaried,1
CUST005640,55,520545.92,Salaried,1
CUST005641,25,1345820.88,Business Owner,0
CUST005642,29,540749.76,Self-Employed,1
CUST005643,49,409095.97,Self-Employed,0
CUST005644,26,418219.58,Salaried,0
CUST005645,45,344790.77,Self-Employed,1
CUST005646,51,591083.6,Salaried,0
CUST005647,42,852878.88,Salaried,5
CUST005648,22,442638.57,Salaried,1
CUST005649,25,644214.64,Salaried,1
CUST005650,47,661067.9,Salaried,4
CUST005651,45,783395.89,Salaried,3
CUST005652,28,524975.53,Self-Employed,0
CUST005653,21,581595.51,Self-Employed,1
CUST005654,40,777314.81,Salaried,2
CUST005655,64,483440.44,Salaried,0
CUST005656,43,189560.28,Unemployed,1
CUST005657,52,390904.64,Salaried,0
CUST005658,31,609629.08,Salaried,3
CUST005659,59,452530.3,Self-Employed,2
CUST005660,44,491684.93,Salaried,2
CUST005661,31,694478.64,Self-Employed,4
CUST005662,49,705702.38,Self-Employed,0
CUST005663,46,203451.37,Unemployed,0
CUST005664,36,1051896.26,Business Owner,1
CUST005665,55,406968.1,Business Owner,1
CUST005666,40,550653.71,Salaried,2
CUST005667,23,1302352.2,Business Owner,1
CUST005668,21,748903.28,Salaried,1
CUST005669,21,739338.96,Self-Employed,1
CUST005670,37,562818.21,Self-Employed,1
CUST005671,22,572710.91,Salaried,0
CUST005672,49,106905.05,Self-Employed,1
CUST005673,40,729397.09,Salaried,0
CUST005674,26,585128.19,Salaried,1
CUST005675,28,398488.83,Business Owner,2
CUST005676,49,714409.21,Salaried,3
CUST005677,53,812933.02,Salaried,2
CUST005678,23,730090.52,Salaried,1
CUST005679,55,1169969.01,Business Owner,2
CUST005680,25,740010.65,Salaried,1
CUST005681,47,190405.37,Salaried,2
CUST005682,64,1588464.5,Business Owner,0
CUST005683,32,481239.46,Salaried,1
CUST005684,40,494400.93,Salaried,1
CUST005685,40,405779.49,Self-Employed,0
CUST005686,29,546485.3,Salaried,0
CUST005687,59,1500163.09,Business Owner,0
CUST005688,24,681574.98,Salaried,1
CUST005689,39,628598.33,Business Owner,0
CUST005690,58,689139.02,Business Owner,1
CUST005691,47,974155.46,Salaried,0
CUST005692,63,652955.3,Salaried,1
CUST005693,33,128408.79,Unemployed,6
CUST005694,33,356720.06,Salaried,1
CUST005695,42,164861.17,Self-Employed,1
CUST005696,48,276622.55,Self-Employed,1
CUST005697,42,519167.58,Self-Employed,1
CUST005698,63,1343765.59,Business Owner,1
CUST005699,39,692411.17,Salaried,2
CUST005700,28,776109.16,Salaried,2
CUST005701,28,1126309.83,Business Owner,0
CUST005702,62,409662.22,Business Owner,0
CUST005703,46,584971.22,Self-Employed,1
CUST005704,46,173381.15,Unemployed,2
CUST005705,43,475980.31,Self-Employed,2
CUST005706,63,554103.66,Salaried,1
CUST005707,33,840692.99,Business Owner,3
CUST005708,48,368037.4,Salaried,0
CUST005709,29,400175.31,Salaried,2
CUST005710,40,981264.8,Salaried,0
CUST005711,39,249705.67,Self-Employed,1
CUST005712,59,100000.0,Unemployed,1
CUST005713,32,491949.97,Salaried,1
CUST005714,35,668869.27,Salaried,0
CUST005715,51,612237.05,Self-Employed,1
CUST005716,34,490418.82,Business Owner,3
CUST005717,31,519316.47,Self-Employed,0
CUST005718,46,391078.84,Self-Employed,0
CUST005719,62,538058.46,Self-Employed,0
CUST005720,47,556011.22,Salaried,1
CUST005721,31,495893.63,Salaried,0
CUST005722,58,502630.26,Salaried,1
CUST005723,54,100000.0,Business Owner,2
CUST005724,63,566770.0,Salaried,1
CUST005725,39,484712.88,Self-Employed,3
CUST005726,26,388725.39,Salaried,2
CUST005727,58,549494.2,Salaried,1
CUST005728,62,561711.43,Salaried,4
CUST005729,48,321978.54,Salaried,1
CUST005730,21,484269.99,Salaried,1
CUST005731,55,339396.91,Self-Employed,1
CUST005732,60,626960.82,Salaried,1
CUST005733,28,749044.86,Self-Employed,1
CUST005734,27,607082.11,Salaried,2
CUST005735,31,773938.14,Salaried,0
CUST005736,59,566629.1,Salaried,1
CUST005737,24,168562.11,Unemployed,0
CUST005738,45,610019.57,Salaried,2
CUST005739,32,961715.84,Salaried,3
CUST005740,46,839059.6,Business Owner,2
CUST005741,58,717371.79,Salaried,0
CUST005742,32,981089.6,Business Owner,1
CUST005743,63,768842.12,Salaried,3
CUST005744,57,626429.49,Self-Employed,0
CUST005745,44,651110.98,Salaried,0
CUST005746,36,443340.13,Business Owner,2
CUST005747,33,289289.96,Self-Employed,3
CUST005748,45,507579.94,Salaried,1
CUST005749,24,556122.85,Salaried,0
CUST005750,31,616671.94,Salaried,1
CUST005751,52,377253.73,Self-Employed,1
CUST005752,27,303419.73,Salaried,2
CUST005753,31,754106.29,Salaried,3
CUST005754,48,589460.95,Self-Employed,0
CUST005755,61,609037.65,Salaried,2
CUST005756,43,788078.75,Salaried,1
CUST005757,43,479450.83,Salaried,3
CUST005758,48,473820.02,Self-Employed,1
CUST005759,63,157977.14,Unemployed,1
CUST005760,46,537724.6,Salaried,0
CUST005761,45,340867.23,Self-Employed,1
CUST005762,49,731215.5,Salaried,1
CUST005763,39,642601.32,Salaried,1
CUST005764,53,693602.42,Salaried,2
CUST005765,56,476455.7,Salaried,3
CUST005766,34,724496.83,Salaried,2
CUST005767,34,650691.49,Business Owner,0
CUST005768,55,998887.81,Business Owner,1
CUST005769,50,896938.2,Salaried,1
CUST005770,48,727811.71,Salaried,1
CUST005771,37,166960.97,Unemployed,1
CUST005772,23,802574.36,Salaried,3
CUST005773,36,386067.75,Self-Employed,1
CUST005774,50,673596.83,Salaried,2
CUST005775,49,475222.27,Salaried,0
CUST005776,35,545737.99,Salaried,1
CUST005777,45,1536286.48,Business Owner,3
CUST005778,58,1009465.78,Business Owner,1
CUST005779,62,811074.95,Salaried,1
CUST005780,58,858956.93,Business Owner,1
CUST005781,43,783120.39,Salaried,3
CUST005782,45,607759.05,Salaried,1
CUST005783,62,526756.75,Self-Employed,2
CUST005784,27,504838.3,Self-Employed,1
CUST005785,42,654086.12,Salaried,2
CUST005786,37,561169.63,Salaried,0
CUST005787,38,100000.0,Unemployed,0
CUST005788,61,885716.01,Business Owner,3
CUST005789,30,952963.02,Business Owner,2
CUST005790,30,845229.97,Salaried,1
CUST005791,27,100000.0,Self-Employed,0
CUST005792,58,842603.01,Salaried,1
CUST005793,47,202413.3,Unemployed,3
CUST005794,53,702842.44,Salaried,0
CUST005795,21,623137.43,Salaried,2
CUST005796,64,446954.87,Salaried,1
CUST005797,54,1680326.6,Business Owner,2
CUST005798,24,746928.38,Self-Employed,1
CUST005799,37,637616.68,Salaried,3
CUST005800,24,557133.03,Self-Employed,0
CUST005801,63,856473.92,Business Owner,3
CUST005802,46,689159.8,Salaried,0
CUST005803,24,882258.18,Business Owner,0
CUST005804,21,1023160.63,Business Owner,0
CUST005805,27,665699.79,Salaried,0
CUST005806,50,964545.51,Salaried,0
CUST005807,29,463472.49,Salaried,2
CUST005808,55,623996.17,Salaried,0
CUST005809,28,784116.78,Salaried,4
CUST005810,44,665335.32,Self-Employed,2
CUST005811,39,635489.16,Self-Employed,4
CUST005812,56,1051698.09,Salaried,3
CUST005813,63,717581.7,Self-Employed,1
CUST005814,47,375046.56,Self-Employed,0
CUST005815,52,604172.45,Business Owner,0
CUST005816,34,594249.98,Salaried,0
CUST005817,38,412753.73,Self-Employed,0
CUST005818,48,931736.31,Business Owner,0
CUST005819,49,650699.72,Salaried,1
CUST005820,36,641007.52,Salaried,0
CUST005821,55,231409.92,Salaried,2
CUST005822,51,597754.08,Business Owner,2
CUST005823,24,707401.85,Salaried,3
CUST005824,57,1557452.54,Business Owner,0
CUST005825,37,738517.69,Business Owner,0
CUST005826,59,540173.38,Salaried,1
CUST005827,46,482170.18,Self-Employed,1
CUST005828,59,858698.2,Salaried,1
CUST005829,61,608057.43,Salaried,0
CUST005830,24,100000.0,Self-Employed,2
CUST005831,50,857527.78,Self-Employed,1
CUST005832,50,703745.81,Salaried,0
CUST005833,42,382784.93,Business Owner,1
CUST005834,31,523321.1,Salaried,0
CUST005835,22,480662.42,Salaried,0
CUST005836,64,568658.13,Salaried,1
CUST005837,32,823066.19,Salaried,1
CUST005838,50,100000.0,Unemployed,2
CUST005839,56,431318.31,Self-Employed,1
CUST005840,38,616672.54,Salaried,1
CUST005841,46,589588.33,Salaried,0
CUST005842,27,480495.41,Salaried,1
CUST005843,21,778489.66,Salaried,0
CUST005844,46,468242.34,Self-Employed,4
CUST005845,43,785116.85,Business Owner,0
CUST005846,46,1038459.72,Business Owner,2
CUST005847,26,557957.31,Salaried,4
CUST005848,26,516946.39,Salaried,1
CUST005849,64,461172.13,Salaried,3
CUST005850,28,928509.19,Salaried,0
CUST005851,44,718987.11,Salaried,1
CUST005852,42,542652.1,Salaried,0
CUST005853,39,790702.54,Salaried,2
CUST005854,57,604695.81,Self-Employed,1
CUST005855,38,507702.62,Self-Employed,0
CUST005856,51,445642.1,Salaried,2
CUST005857,57,334441.72,Self-Employed,0
CUST005858,50,745271.16,Salaried,0
CUST005859,62,712836.21,Salaried,1
CUST005860,53,350811.37,Business Owner,0
CUST005861,30,538851.45,Salaried,0
CUST005862,57,1171983.82,Business Owner,1
CUST005863,32,766859.85,Salaried,0
CUST005864,50,602885.49,Self-Employed,0
CUST005865,47,408734.39,Self-Employed,1
CUST005866,59,547200.61,Self-Employed,1
CUST005867,29,815689.68,Business Owner,2
CUST005868,41,576399.03,Self-Employed,0
CUST005869,32,795618.96,Self-Employed,4
CUST005870,49,482664.97,Salaried,0
CUST005871,53,642148.8,Salaried,0
CUST005872,63,480653.35,Self-Employed,3
CUST005873,35,447437.22,Self-Employed,2
CUST005874,22,143008.25,Unemployed,1
CUST005875,59,797038.78,Salaried,1
CUST005876,64,686928.08,Salaried,3
CUST005877,38,404170.16,Self-Employed,0
CUST005878,23,1159853.74,Business Owner,0
CUST005879,27,676486.13,Business Owner,2
CUST005880,63,331614.79,Salaried,0
CUST005881,38,254306.0,Salaried,1
CUST005882,64,675117.34,Salaried,0
CUST005883,58,557336.82,Salaried,0
CUST005884,57,199872.21,Unemployed,0
CUST005885,53,658068.36,Salaried,0
CUST005886,64,639079.74,Salaried,1
CUST005887,51,532365.74,Salaried,0
CUST005888,31,678246.63,Salaried,1
CUST005889,24,1520709.0,Business Owner,0
CUST005890,38,297110.01,Salaried,1
CUST005891,24,577531.21,Salaried,4
CUST005892,54,217259.12,Unemployed,3
CUST005893,49,428177.2,Salaried,1
CUST005894,44,526702.03,Self-Employed,4
CUST005895,42,497500.6,Salaried,4
CUST005896,22,446476.85,Self-Employed,1
CUST005897,64,334018.42,Salaried,1
CUST005898,26,747709.82,Salaried,3
CUST005899,62,622589.54,Salaried,0
CUST005900,45,383337.93,Salaried,0
CUST005901,41,662793.22,Salaried,0
CUST005902,36,631200.13,Salaried,2
CUST005903,51,362234.96,Self-Employed,2
CUST005904,34,1687279.65,Business Owner,3
CUST005905,59,677414.41,Salaried,0
CUST005906,48,793533.05,Salaried,1
CUST005907,52,835548.21,Business Owner,2
CUST005908,48,174996.64,Self-Employed,0
CUST005909,29,251459.84,Salaried,3
CUST005910,42,447918.33,Salaried,1
CUST005911,52,802180.81,Salaried,0
CUST005912,25,523523.4,Salaried,2
CUST005913,43,1316479.17,Business Owner,0
CUST005914,25,266711.09,Self-Employed,2
CUST005915,62,367483.34,Self-Employed,2
CUST005916,52,522226.38,Salaried,1
CUST005917,30,633773.56,Salaried,4
CUST005918,59,359125.25,Business Owner,2
CUST005919,35,480844.43,Salaried,0
CUST005920,27,565027.37,Salaried,1
CUST005921,49,398567.62,Salaried,0
CUST005922,23,148081.41,Self-Employed,4
CUST005923,39,604284.32,Salaried,2
CUST005924,30,400877.06,Salaried,4
CUST005925,48,1385841.91,Business Owner,1
CUST005926,49,748420.02,Self-Employed,1
CUST005927,35,512484.2,Salaried,3
CUST005928,55,620403.69,Self-Employed,0
CUST005929,26,610355.25,Salaried,1
CUST005930,32,760170.5,Salaried,0
CUST005931,58,408346.5,Self-Employed,3
CUST005932,33,676565.15,Salaried,1
CUST005933,49,646767.98,Salaried,0
CUST005934,39,552161.97,Self-Employed,1
CUST005935,23,653638.34,Business Owner,0
CUST005936,28,777856.09,Salaried,1
CUST005937,28,538805.74,Salaried,0
CUST005938,40,537881.75,Salaried,3
CUST005939,24,491976.04,Salaried,2
CUST005940,41,501033.67,Salaried,1
CUST005941,23,564041.08,Salaried,4
CUST005942,28,589949.87,Self-Employed,1
CUST005943,43,717503.0,Salaried,2
CUST005944,36,619295.9,Salaried,1
CUST005945,33,812440.79,Salaried,3
CUST005946,23,617650.71,Salaried,0
CUST005947,29,100000.0,Unemployed,2
CUST005948,34,426830.88,Salaried,2
CUST005949,33,1180008.45,Business Owner,1
CUST005950,27,769857.0,Business Owner,0
CUST005951,35,742503.79,Business Owner,0
CUST005952,27,455330.22,Salaried,3
CUST005953,58,739897.75,Business Owner,2
CUST005954,54,542188.35,Salaried,2
CUST005955,61,673589.68,Salaried,0
CUST005956,42,563304.97,Salaried,1
CUST005957,44,791475.15,Salaried,3
CUST005958,57,501757.54,Salaried,2
CUST005959,64,630664.82,Salaried,2
CUST005960,21,351634.49,Salaried,0
CUST005961,30,631797.2,Self-Employed,0
CUST005962,63,386882.17,Salaried,2
CUST005963,36,685503.82,Salaried,1
CUST005964,28,100000.0,Unemployed,1
CUST005965,45,444969.6,Salaried,1
CUST005966,32,667574.65,Self-Employed,5
CUST005967,45,228216.22,Unemployed,1
CUST005968,37,192553.56,Salaried,1
CUST005969,46,436525.56,Salaried,2
CUST005970,34,1631815.96,Business Owner,1
CUST005971,61,956807.86,Business Owner,2
CUST005972,56,293572.5,Self-Employed,2
CUST005973,43,821554.4,Salaried,2
CUST005974,63,1134168.18,Business Owner,0
CUST005975,26,616502.81,Salaried,1
CUST005976,25,312427.06,Salaried,1
CUST005977,63,914398.09,Salaried,2
CUST005978,45,639357.14,Salaried,0
CUST005979,38,438068.06,Self-Employed,1
CUST005980,33,1484696.85,Business Owner,1
CUST005981,63,316662.78,Self-Employed,1
CUST005982,34,435966.68,Salaried,4
CUST005983,48,305356.25,Self-Employed,0
CUST005984,38,424018.02,Self-Employed,0
CUST005985,48,604015.61,Salaried,3
CUST005986,47,1156056.47,Business Owner,1
CUST005987,52,399583.27,Business Owner,2
CUST005988,29,560657.07,Self-Employed,0
CUST005989,60,509615.97,Salaried,1
CUST005990,52,478394.21,Self-Employed,0
CUST005991,40,1383657.58,Business Owner,1
CUST005992,48,673928.64,Salaried,1
CUST005993,53,1130442.77,Business Owner,1
CUST005994,24,507583.18,Salaried,0
CUST005995,54,885094.02,Self-Employed,1
CUST005996,23,634416.17,Self-Employed,4
CUST005997,46,415037.83,Self-Employed,3
CUST005998,28,1356436.53,Business Owner,0
CUST005999,26,685341.75,Salaried,2
CUST006000,36,410548.43,Salaried,1
CUST006001,44,540004.91,Self-Employed,3
CUST006002,59,454774.56,Salaried,1
CUST006003,50,293994.55,Salaried,3
CUST006004,33,535096.21,Salaried,2
CUST006005,25,770105.74,Salaried,1
CUST006006,45,794871.65,Self-Employed,0
CUST006007,40,397855.08,Self-Employed,2
CUST006008,38,557188.21,Salaried,0
CUST006009,38,809420.3,Salaried,2
CUST006010,22,700597.48,Salaried,0
CUST006011,30,673420.87,Salaried,0
CUST006012,32,620921.46,Salaried,1
CUST006013,33,708717.6,Salaried,4
CUST006014,31,494029.63,Self-Employed,1
CUST006015,39,805902.75,Self-Employed,1
CUST006016,55,582067.99,Salaried,1
CUST006017,59,472919.01,Self-Employed,3
CUST006018,46,100000.0,Business Owner,3
CUST006019,34,758714.53,Salaried,2
CUST006020,64,455589.57,Salaried,2
CUST006021,44,100000.0,Self-Employed,0
CUST006022,61,573168.0,Salaried,2
CUST006023,21,432346.2,Self-Employed,2
CUST006024,63,1079939.66,Business Owner,0
CUST006025,42,697370.7,Salaried,1
CUST006026,43,334451.48,Self-Employed,0
CUST006027,39,1043982.43,Self-Employed,1
CUST006028,38,569799.62,Salaried,0
CUST006029,32,346770.07,Salaried,1
CUST006030,48,1533126.77,Business Owner,1
CUST006031,48,1191362.83,Business Owner,1
CUST006032,53,581772.4,Self-Employed,2
CUST006033,39,725878.38,Business Owner,1
CUST006034,48,606873.47,Salaried,1
CUST006035,57,274713.3,Salaried,3
CUST006036,46,559342.27,Salaried,0
CUST006037,55,968517.57,Salaried,2
CUST006038,54,518259.89,Business Owner,2
CUST006039,55,158838.64,Unemployed,0
CUST006040,60,226042.42,Business Owner,0
CUST006041,36,395859.75,Self-Employed,3
CUST006042,58,410221.23,Salaried,0
CUST006043,33,664098.03,Salaried,0
CUST006044,43,632374.92,Salaried,2
CUST006045,42,239404.59,Self-Employed,0
CUST006046,36,613242.85,Salaried,1
CUST006047,48,949505.1,Business Owner,0
CUST006048,55,969969.1,Business Owner,1
CUST006049,28,728089.53,Salaried,4
CUST006050,64,834756.63,Salaried,1
CUST006051,42,377230.99,Self-Employed,1
CUST006052,41,554046.7,Salaried,0
CUST006053,46,465347.51,Self-Employed,1
CUST006054,60,239578.82,Self-Employed,2
CUST006055,41,448830.94,Salaried,0
CUST006056,45,684486.29,Salaried,0
CUST006057,61,888743.37,Salaried,1
CUST006058,21,484144.51,Business Owner,1
CUST006059,26,943980.86,Salaried,1
CUST006060,43,673458.59,Business Owner,2
CUST006061,43,742380.15,Self-Employed,3
CUST006062,63,585874.08,Self-Employed,2
CUST006063,63,629216.26,Salaried,1
CUST006064,43,414598.38,Self-Employed,1
CUST006065,52,503168.93,Self-Employed,0
CUST006066,50,493362.29,Salaried,1
CUST006067,33,689134.97,Self-Employed,3
CUST006068,63,723572.76,Self-Employed,0
CUST006069,38,639800.19,Business Owner,2
CUST006070,43,353929.75,Salaried,2
CUST006071,35,768860.42,Business Owner,2
CUST006072,53,898268.47,Salaried,0
CUST006073,41,992782.31,Business Owner,2
CUST006074,59,1361382.48,Business Owner,0
CUST006075,43,460829.02,Salaried,3
CUST006076,47,527069.19,Salaried,3
CUST006077,64,437855.06,Self-Employed,0
CUST006078,38,424335.33,Salaried,2
CUST006079,44,625028.51,Salaried,1
CUST006080,60,477236.8,Salaried,0
CUST006081,62,1279576.82,Business Owner,1
CUST006082,27,935683.69,Business Owner,2
CUST006083,40,796176.72,Self-Employed,0
CUST006084,47,164521.48,Self-Employed,1
CUST006085,26,393783.64,Self-Employed,1
CUST006086,47,538887.58,Salaried,2
CUST006087,29,669482.15,Salaried,2
CUST006088,51,415595.12,Self-Employed,1
CUST006089,41,1588965.57,Business Owner,1
CUST006090,46,463180.91,Self-Employed,0
CUST006091,60,318916.59,Self-Employed,1
CUST006092,33,467813.01,Self-Employed,3
CUST006093,43,551155.02,Salaried,0
CUST006094,40,685649.56,Self-Employed,2
CUST006095,57,538228.85,Salaried,0
CUST006096,48,371939.42,Salaried,1
CUST006097,37,535504.01,Self-Employed,1
CUST006098,48,369829.94,Self-Employed,2
CUST006099,61,426785.27,Salaried,0
CUST006100,22,504516.37,Self-Employed,1
CUST006101,45,473576.59,Self-Employed,1
CUST006102,61,455932.79,Self-Employed,2
CUST006103,26,1004168.98,Business Owner,1
CUST006104,31,513166.96,Salaried,0
CUST006105,58,155796.92,Unemployed,2
CUST006106,26,382082.6,Self-Employed,1
CUST006107,31,664449.68,Self-Employed,1
CUST006108,34,495247.96,Self-Employed,0
CUST006109,22,862464.15,Salaried,0
CUST006110,60,525767.36,Salaried,1
CUST006111,23,571431.5,Self-Employed,0
CUST006112,55,769456.34,Salaried,0
CUST006113,53,607244.16,Self-Employed,0
CUST006114,44,621066.23,Salaried,1
CUST006115,39,650408.53,Salaried,1
CUST006116,38,676129.54,Salaried,1
CUST006117,44,559573.45,Self-Employed,1
CUST006118,55,597794.92,Salaried,1
CUST006119,21,647429.36,Self-Employed,1
CUST006120,56,587287.54,Salaried,0
CUST006121,45,303050.87,Self-Employed,0
CUST006122,63,908766.57,Salaried,1
CUST006123,54,731618.57,Salaried,1
CUST006124,45,317695.79,Self-Employed,2
CUST006125,36,451122.95,Self-Employed,3
CUST006126,54,514543.25,Salaried,1
CUST006127,49,700752.47,Business Owner,1
CUST006128,39,730066.56,Salaried,2
CUST006129,43,550256.41,Salaried,2
CUST006130,39,887414.46,Salaried,2
CUST006131,45,334996.36,Salaried,2
CUST006132,36,595547.94,Salaried,1
CUST006133,29,400276.06,Salaried,0
CUST006134,21,565494.57,Self-Employed,3
CUST006135,62,667113.0,Salaried,1
CUST006136,39,679805.05,Self-Employed,2
CUST006137,53,415949.63,Salaried,0
CUST006138,54,664708.26,Salaried,1
CUST006139,36,468979.77,Salaried,1
CUST006140,64,519159.52,Self-Employed,1
CUST006141,60,411612.45,Self-Employed,1
CUST006142,38,394182.71,Business Owner,0
CUST006143,54,708343.61,Salaried,1
CUST006144,45,448285.81,Self-Employed,2
CUST006145,26,671519.91,Self-Employed,1
CUST006146,41,739352.21,Salaried,2
CUST006147,26,796699.45,Salaried,0
CUST006148,52,523979.6,Salaried,3
CUST006149,61,314217.65,Self-Employed,1
CUST006150,63,780099.82,Salaried,2
CUST006151,59,520563.85,Self-Employed,0
CUST006152,51,802329.38,Salaried,1
CUST006153,62,422581.77,Salaried,1
CUST006154,30,703301.49,Salaried,2
CUST006155,50,508621.06,Self-Employed,2
CUST006156,38,593781.7,Salaried,0
CUST006157,44,551757.13,Salaried,0
CUST006158,29,277888.12,Self-Employed,2
CUST006159,51,699569.34,Salaried,1
CUST006160,35,541191.18,Salaried,2
CUST006161,24,631719.53,Salaried,0
CUST006162,60,889862.67,Salaried,1
CUST006163,29,519470.56,Salaried,0
CUST006164,29,555343.63,Salaried,2
CUST006165,46,575558.62,Salaried,2
CUST006166,24,540855.62,Salaried,1
CUST006167,37,131836.13,Unemployed,0
CUST006168,36,704656.22,Salaried,1
CUST006169,35,798504.61,Salaried,0
CUST006170,55,619481.93,Salaried,1
CUST006171,25,710979.4,Salaried,1
CUST006172,25,830887.28,Business Owner,0
CUST006173,40,460403.13,Self-Employed,2
CUST006174,35,540019.01,Salaried,2
CUST006175,38,347064.27,Self-Employed,2
CUST006176,22,785458.12,Salaried,0
CUST006177,49,124904.15,Unemployed,2
CUST006178,33,1144418.75,Business Owner,1
CUST006179,24,332575.42,Self-Employed,1
CUST006180,62,606881.47,Salaried,1
CUST006181,30,599879.2,Salaried,4
CUST006182,51,475637.93,Salaried,1
CUST006183,61,547989.11,Salaried,2
CUST006184,28,439713.87,Salaried,0
CUST006185,23,906706.51,Business Owner,2
CUST006186,29,335914.74,Salaried,2
CUST006187,50,488447.06,Self-Employed,0
CUST006188,31,630187.0,Self-Employed,1
CUST006189,55,894815.65,Business Owner,1
CUST006190,57,494969.22,Salaried,1
CUST006191,62,502605.16,Salaried,0
CUST006192,33,741630.72,Self-Employed,0
CUST006193,56,963279.89,Business Owner,1
CUST006194,33,1237832.93,Business Owner,0
CUST006195,32,688538.21,Self-Employed,1
CUST006196,57,533140.35,Salaried,0
CUST006197,30,449758.27,Salaried,3
CUST006198,29,696911.7,Salaried,1
CUST006199,27,328557.03,Self-Employed,1
CUST006200,22,381913.58,Self-Employed,1
CUST006201,43,520727.9,Self-Employed,3
CUST006202,59,799526.77,Business Owner,0
CUST006203,60,100000.0,Self-Employed,0
CUST006204,59,414809.88,Salaried,0
CUST006205,41,751310.8,Salaried,1
CUST006206,43,867489.97,Business Owner,1
CUST006207,49,709906.35,Salaried,0
CUST006208,34,478258.42,Salaried,2
CUST006209,46,433229.39,Salaried,1
CUST006210,25,708308.61,Salaried,2
CUST006211,51,794470.46,Salaried,0
CUST006212,45,550921.59,Business Owner,1
CUST006213,51,200888.39,Unemployed,2
CUST006214,40,101179.57,Unemployed,0
CUST006215,64,354456.27,Salaried,2
CUST006216,37,1134338.65,Business Owner,2
CUST006217,22,102252.83,Unemployed,2
CUST006218,45,415917.84,Business Owner,2
CUST006219,33,262295.52,Self-Employed,0
CUST006220,59,430433.51,Self-Employed,1
CUST006221,48,344905.82,Salaried,3
CUST006222,62,1137678.03,Business Owner,0
CUST006223,26,672230.03,Salaried,1
CUST006224,23,672099.04,Salaried,3
CUST006225,55,210384.73,Unemployed,1
CUST006226,38,745622.94,Salaried,0
CUST006227,31,463853.19,Salaried,1
CUST006228,40,183706.56,Unemployed,1
CUST006229,25,205561.45,Unemployed,2
CUST006230,39,722125.54,Salaried,2
CUST006231,42,1255629.76,Business Owner,1
CUST006232,39,577411.67,Salaried,3
CUST006233,36,502775.57,Salaried,1
CUST006234,44,564815.54,Salaried,2
CUST006235,61,495221.9,Salaried,1
CUST006236,24,750504.74,Salaried,2
CUST006237,35,627999.97,Salaried,1
CUST006238,45,1229491.35,Business Owner,0
CUST006239,64,210244.54,Self-Employed,1
CUST006240,55,721412.55,Business Owner,2
CUST006241,34,294951.59,Self-Employed,2
CUST006242,39,356142.36,Salaried,2
CUST006243,58,1019961.78,Business Owner,3
CUST006244,56,474195.05,Business Owner,2
CUST006245,27,544049.17,Salaried,0
CUST006246,50,454275.02,Salaried,1
CUST006247,39,418506.02,Self-Employed,2
CUST006248,45,617767.9,Self-Employed,0
CUST006249,36,517317.68,Business Owner,0
CUST006250,60,531943.02,Salaried,1
CUST006251,28,679259.85,Salaried,1
CUST006252,38,636326.17,Self-Employed,1
CUST006253,48,421205.74,Self-Employed,0
CUST006254,36,644295.05,Salaried,0
CUST006255,39,722610.28,Salaried,2
CUST006256,62,288645.51,Self-Employed,1
CUST006257,37,357261.31,Self-Employed,1
CUST006258,33,543922.83,Salaried,1
CUST006259,27,667024.09,Salaried,1
CUST006260,47,974744.52,Business Owner,1
CUST006261,30,153230.55,Unemployed,1
CUST006262,54,445796.62,Salaried,0
CUST006263,56,730634.54,Salaried,1
CUST006264,45,700428.98,Business Owner,2
CUST006265,26,560017.54,Salaried,1
CUST006266,44,539061.35,Self-Employed,1
CUST006267,38,894598.24,Self-Employed,0
CUST006268,43,503832.49,Salaried,0
CUST006269,26,361796.54,Self-Employed,5
CUST006270,49,425087.31,Self-Employed,2
CUST006271,45,732190.42,Self-Employed,2
CUST006272,37,622387.13,Salaried,0
CUST006273,44,168794.56,Unemployed,1
CUST006274,31,721028.77,Salaried,0
CUST006275,46,725494.28,Self-Employed,3
CUST006276,54,632090.09,Business Owner,1
CUST006277,48,678418.97,Salaried,0
CUST006278,23,730534.64,Self-Employed,4
CUST006279,31,160293.27,Unemployed,2
CUST006280,58,477162.57,Salaried,2
CUST006281,34,447788.52,Salaried,2
CUST006282,46,1080711.64,Business Owner,2
CUST006283,41,427056.25,Salaried,3
CUST006284,59,478038.4,Salaried,1
CUST006285,50,704061.6,Business Owner,2
CUST006286,28,1012172.84,Business Owner,2
CUST006287,40,179176.04,Unemployed,0
CUST006288,52,493497.45,Salaried,2
CUST006289,42,405493.71,Salaried,2
CUST006290,27,722439.42,Salaried,1
CUST006291,29,635123.75,Self-Employed,4
CUST006292,21,593877.97,Self-Employed,1
CUST006293,49,656291.34,Salaried,1
CUST006294,28,540407.89,Salaried,0
CUST006295,24,464477.98,Self-Employed,3
CUST006296,55,515169.08,Self-Employed,1
CUST006297,23,473562.22,Salaried,3
CUST006298,60,1053381.27,Business Owner,1
CUST006299,27,617881.9,Salaried,1
CUST006300,47,472922.92,Self-Employed,1
CUST006301,21,1265003.18,Business Owner,2
CUST006302,47,479790.66,Self-Employed,1
CUST006303,36,698943.99,Salaried,2
CUST006304,58,421697.41,Salaried,4
CUST006305,27,1236083.91,Business Owner,1
CUST006306,64,690626.62,Salaried,0
CUST006307,43,932363.59,Self-Employed,0
CUST006308,61,230045.18,Unemployed,1
CUST006309,31,196817.71,Unemployed,1
CUST006310,62,519184.01,Salaried,2
CUST006311,53,545897.08,Business Owner,2
CUST006312,56,113749.78,Unemployed,1
CUST006313,57,676422.49,Salaried,3
CUST006314,61,794135.61,Salaried,4
CUST006315,37,418363.93,Salaried,3
CUST006316,55,473487.71,Salaried,3
CUST006317,25,913363.13,Business Owner,2
CUST006318,52,272891.97,Self-Employed,1
CUST006319,23,730875.15,Business Owner,1
CUST006320,55,748952.5,Self-Employed,1
CUST006321,34,644291.59,Self-Employed,3
CUST006322,51,665906.38,Self-Employed,0
CUST006323,51,452325.37,Salaried,2
CUST006324,37,201633.38,Business Owner,0
CUST006325,44,535646.17,Salaried,2
CUST006326,43,100000.0,Self-Employed,1
CUST006327,38,667889.42,Salaried,3
CUST006328,34,1198948.43,Business Owner,0
CUST006329,35,585735.52,Business Owner,1
CUST006330,35,687314.76,Salaried,0
CUST006331,26,615338.84,Self-Employed,1
CUST006332,47,275766.04,Self-Employed,2
CUST006333,35,540023.0,Salaried,1
CUST006334,56,529821.03,Salaried,0
CUST006335,28,686562.45,Self-Employed,1
CUST006336,35,709854.8,Salaried,1
CUST006337,23,685844.32,Salaried,3
CUST006338,33,515816.73,Salaried,1
CUST006339,61,804856.54,Salaried,0
CUST006340,54,627181.08,Salaried,1
CUST006341,44,674335.58,Salaried,3
CUST006342,60,859594.06,Salaried,2
CUST006343,52,699355.13,Salaried,0
CUST006344,52,476045.44,Self-Employed,0
CUST006345,50,125097.36,Unemployed,3
CUST006346,33,339917.43,Salaried,0
CUST006347,21,273440.93,Business Owner,2
CUST006348,54,728369.12,Salaried,1
CUST006349,35,104824.28,Self-Employed,2
CUST006350,64,751693.82,Salaried,0
CUST006351,34,660678.71,Self-Employed,2
CUST006352,49,327003.76,Self-Employed,1
CUST006353,54,627236.71,Salaried,2
CUST006354,38,686429.25,Salaried,1
CUST006355,27,936784.58,Business Owner,2
CUST006356,49,784683.53,Salaried,2
CUST006357,51,391185.62,Salaried,1
CUST006358,45,675624.89,Salaried,0
CUST006359,58,508662.74,Salaried,2
CUST006360,34,339281.61,Salaried,1
CUST006361,28,425966.02,Salaried,1
CUST006362,47,521327.18,Salaried,4
CUST006363,22,603488.19,Salaried,0
CUST006364,37,319782.73,Self-Employed,1
CUST006365,57,398780.8,Self-Employed,0
CUST006366,34,130201.55,Unemployed,1
CUST006367,45,548179.92,Business Owner,1
CUST006368,50,673377.32,Business Owner,3
CUST006369,49,614590.99,Self-Employed,1
CUST006370,40,829792.19,Self-Employed,0
CUST006371,41,631250.02,Salaried,0
CUST006372,42,526326.35,Self-Employed,1
CUST006373,55,587943.39,Salaried,2
CUST006374,57,743639.53,Business Owner,0
CUST006375,36,686365.71,Salaried,1
CUST006376,63,696633.62,Self-Employed,0
CUST006377,37,425754.61,Salaried,0
CUST006378,36,755742.52,Salaried,1
CUST006379,22,843818.08,Salaried,1
CUST006380,24,448857.53,Salaried,1
CUST006381,41,738102.9,Salaried,0
CUST006382,59,845306.9,Salaried,3
CUST006383,54,707379.54,Salaried,0
CUST006384,50,573605.59,Salaried,0
CUST006385,26,1211530.36,Business Owner,3
CUST006386,37,478122.15,Salaried,2
CUST006387,59,553118.38,Salaried,0
CUST006388,45,113367.71,Unemployed,0
CUST006389,25,230559.9,Self-Employed,3
CUST006390,25,606226.67,Salaried,2
CUST006391,40,645606.87,Salaried,0
CUST006392,36,1164939.8,Business Owner,3
CUST006393,61,100000.0,Salaried,1
CUST006394,57,627404.45,Salaried,1
CUST006395,60,515770.94,Self-Employed,1
CUST006396,29,436389.86,Salaried,0
CUST006397,25,722229.39,Business Owner,0
CUST006398,62,713143.45,Salaried,1
CUST006399,22,519479.79,Self-Employed,1
CUST006400,29,496449.34,Self-Employed,0
CUST006401,63,733938.45,Salaried,3
CUST006402,56,1825935.58,Business Owner,2
CUST006403,42,137871.34,Unemployed,1
CUST006404,42,637015.74,Salaried,2
CUST006405,42,543364.59,Business Owner,1
CUST006406,54,921716.95,Salaried,1
CUST006407,49,684074.32,Business Owner,1
CUST006408,58,328816.29,Salaried,2
CUST006409,53,693267.38,Salaried,2
CUST006410,38,358474.24,Salaried,1
CUST006411,27,794254.35,Salaried,3
CUST006412,21,688394.04,Salaried,3
CUST006413,53,488834.31,Business Owner,2
CUST006414,21,1168231.45,Business Owner,3
CUST006415,44,549928.83,Salaried,2
CUST006416,24,664017.39,Salaried,2
CUST006417,24,387459.58,Business Owner,1
CUST006418,38,398573.69,Salaried,1
CUST006419,47,647680.45,Salaried,1
CUST006420,63,882582.42,Salaried,1
CUST006421,52,503229.8,Salaried,0
CUST006422,53,491882.49,Salaried,0
CUST006423,48,432256.36,Self-Employed,0
CUST006424,62,235324.42,Self-Employed,0
CUST006425,61,682920.87,Salaried,2
CUST006426,56,1260811.66,Business Owner,0
CUST006427,26,596442.76,Self-Employed,1
CUST006428,36,574535.79,Salaried,2
CUST006429,54,446276.34,Salaried,3
CUST006430,43,909494.73,Salaried,3
CUST006431,62,471383.79,Salaried,0
CUST006432,44,467827.05,Salaried,3
CUST006433,33,331222.33,Salaried,1
CUST006434,38,386735.27,Salaried,2
CUST006435,33,569923.27,Self-Employed,2
CUST006436,57,414644.15,Self-Employed,1
CUST006437,63,470417.23,Salaried,0
CUST006438,59,340439.73,Self-Employed,1
CUST006439,62,694497.22,Business Owner,2
CUST006440,37,367122.89,Self-Employed,0
CUST006441,35,810400.06,Salaried,0
CUST006442,38,544206.03,Salaried,4
CUST006443,43,958315.17,Business Owner,0
CUST006444,50,608881.03,Salaried,1
CUST006445,54,613973.91,Salaried,1
CUST006446,24,425876.08,Self-Employed,2
CUST006447,23,405147.5,Self-Employed,0
CUST006448,27,628622.26,Self-Employed,0
CUST006449,38,632950.84,Salaried,0
CUST006450,62,486219.62,Salaried,1
CUST006451,27,100000.0,Unemployed,1
CUST006452,60,508956.45,Salaried,2
CUST006453,26,395950.32,Salaried,1
CUST006454,42,461509.03,Salaried,1
CUST006455,21,371148.71,Business Owner,0
CUST006456,24,731912.11,Self-Employed,0
CUST006457,63,1360995.65,Business Owner,2
CUST006458,49,713704.77,Salaried,1
CUST006459,41,549920.95,Salaried,0
CUST006460,46,500114.8,Salaried,0
CUST006461,34,302213.02,Business Owner,2
CUST006462,29,737159.28,Salaried,1
CUST006463,32,730293.38,Salaried,0
CUST006464,62,598555.11,Self-Employed,1
CUST006465,26,433712.0,Salaried,0
CUST006466,40,549441.99,Salaried,1
CUST006467,44,852207.94,Business Owner,2
CUST006468,47,334961.72,Salaried,1
CUST006469,58,814323.99,Salaried,3
CUST006470,28,397242.3,Salaried,1
CUST006471,21,483057.57,Salaried,1
CUST006472,44,334221.22,Salaried,1
CUST006473,27,459287.71,Self-Employed,2
CUST006474,39,562719.68,Salaried,2
CUST006475,42,1292061.65,Business Owner,1
CUST006476,55,457865.04,Salaried,1
CUST006477,50,437201.82,Salaried,0
CUST006478,49,612025.5,Salaried,2
CUST006479,42,100000.0,Self-Employed,2
CUST006480,31,799722.98,Salaried,1
CUST006481,40,371344.17,Business Owner,1
CUST006482,49,863399.47,Self-Employed,0
CUST006483,61,583181.99,Business Owner,2
CUST006484,62,214623.87,Self-Employed,0
CUST006485,54,687462.15,Salaried,0
CUST006486,21,1110203.49,Business Owner,1
CUST006487,51,1119900.04,Business Owner,1
CUST006488,50,155029.44,Unemployed,0
CUST006489,38,935958.29,Salaried,1
CUST006490,37,230098.06,Self-Employed,1
CUST006491,58,804238.71,Salaried,0
CUST006492,34,358664.27,Salaried,1
CUST006493,43,830379.09,Self-Employed,2
CUST006494,45,167630.32,Unemployed,2
CUST006495,35,811873.09,Self-Employed,3
CUST006496,42,1256851.35,Business Owner,1
CUST006497,23,273807.81,Salaried,1
CUST006498,39,549300.19,Salaried,0
CUST006499,64,249356.69,Self-Employed,1
CUST006500,54,824064.87,Salaried,0
CUST006501,55,1220238.75,Business Owner,1
CUST006502,21,622712.39,Salaried,0
CUST006503,41,538127.46,Salaried,1
CUST006504,49,663529.18,Salaried,1
CUST006505,26,456278.35,Salaried,0
CUST006506,57,1012530.75,Business Owner,0
CUST006507,21,581509.96,Salaried,0
CUST006508,21,477483.8,Salaried,0
CUST006509,47,1178184.23,Business Owner,2
CUST006510,41,882871.63,Salaried,0
CUST006511,36,328663.7,Business Owner,0
CUST006512,64,741704.77,Salaried,2
CUST006513,60,478894.15,Salaried,0
CUST006514,46,179200.85,Unemployed,0
CUST006515,36,653133.19,Business Owner,0
CUST006516,48,555043.24,Salaried,2
CUST006517,21,459838.9,Self-Employed,3
CUST006518,56,1444537.33,Business Owner,0
CUST006519,30,586193.38,Salaried,0
CUST006520,63,549123.4,Salaried,2
CUST006521,37,587566.62,Salaried,0
CUST006522,43,884412.49,Salaried,2
CUST006523,27,684013.03,Salaried,3
CUST006524,64,655821.52,Business Owner,0
CUST006525,27,824722.78,Salaried,0
CUST006526,64,972225.55,Business Owner,3
CUST006527,35,470567.82,Salaried,2
CUST006528,54,578741.15,Self-Employed,1
CUST006529,24,469966.5,Self-Employed,2
CUST006530,34,100000.0,Salaried,3
CUST006531,34,649612.1,Salaried,1
CUST006532,36,438694.61,Salaried,1
CUST006533,27,245467.7,Self-Employed,0
CUST006534,52,308536.0,Salaried,0
CUST006535,39,619228.57,Salaried,2
CUST006536,22,142623.46,Unemployed,2
CUST006537,30,197454.13,Unemployed,2
CUST006538,37,480377.12,Salaried,1
CUST006539,57,527804.57,Salaried,1
CUST006540,32,895913.46,Self-Employed,2
CUST006541,26,110031.05,Business Owner,0
CUST006542,42,782384.59,Salaried,1
CUST006543,52,483031.46,Salaried,2
CUST006544,61,2145899.6,Business Owner,2
CUST006545,40,1188861.91,Business Owner,1
CUST006546,21,374404.25,Self-Employed,6
CUST006547,26,390936.61,Salaried,3
CUST006548,39,661387.42,Salaried,2
CUST006549,38,118038.26,Self-Employed,0
CUST006550,26,703277.47,Salaried,2
CUST006551,53,390940.53,Salaried,1
CUST006552,43,454521.32,Salaried,1
CUST006553,43,179608.38,Salaried,1
CUST006554,46,619520.54,Salaried,2
CUST006555,33,1011756.77,Business Owner,2
CUST006556,27,505673.7,Self-Employed,4
CUST006557,35,211079.96,Business Owner,1
CUST006558,64,1473857.5,Business Owner,2
CUST006559,47,575692.83,Salaried,3
CUST006560,46,521730.2,Salaried,1
CUST006561,53,720483.83,Salaried,1
CUST006562,35,533952.14,Salaried,1
CUST006563,56,1076486.4,Business Owner,0
CUST006564,47,482959.79,Salaried,0
CUST006565,25,722423.68,Salaried,2
CUST006566,22,658096.73,Self-Employed,1
CUST006567,53,532022.69,Salaried,0
CUST006568,36,530451.8,Self-Employed,1
CUST006569,43,596278.99,Salaried,0
CUST006570,58,581235.78,Salaried,1
CUST006571,36,421805.04,Salaried,2
CUST006572,34,481067.28,Business Owner,1
CUST006573,49,542208.42,Salaried,5
CUST006574,46,610323.97,Salaried,2
CUST006575,55,467463.42,Salaried,0
CUST006576,35,602166.87,Salaried,1
CUST006577,23,256596.73,Salaried,0
CUST006578,43,500580.12,Self-Employed,1
CUST006579,49,515422.72,Self-Employed,0
CUST006580,54,663745.77,Self-Employed,3
CUST006581,53,813400.62,Salaried,0
CUST006582,61,702659.03,Salaried,2
CUST006583,61,869612.69,Salaried,3
CUST006584,43,595607.66,Salaried,2
CUST006585,27,606944.38,Salaried,0
CUST006586,23,721002.14,Salaried,0
CUST006587,52,478627.17,Self-Employed,2
CUST006588,51,433815.65,Self-Employed,1
CUST006589,38,1449686.52,Business Owner,0
CUST006590,63,644740.41,Self-Employed,0
CUST006591,27,698961.28,Salaried,0
CUST006592,61,470359.25,Salaried,0
CUST006593,21,741557.66,Salaried,2
CUST006594,34,612343.55,Salaried,0
CUST006595,52,451551.87,Salaried,1
CUST006596,26,704539.12,Salaried,0
CUST006597,59,420140.82,Salaried,0
CUST006598,30,100000.0,Self-Employed,1
CUST006599,27,138980.67,Self-Employed,1
CUST006600,46,562730.07,Salaried,0
CUST006601,54,831164.26,Salaried,1
CUST006602,50,646920.7,Salaried,1
CUST006603,56,479503.37,Self-Employed,0
CUST006604,41,797870.53,Salaried,2
CUST006605,37,602050.39,Self-Employed,1
CUST006606,53,704801.65,Self-Employed,3
CUST006607,30,745845.23,Salaried,1
CUST006608,62,552940.62,Salaried,0
CUST006609,32,565252.13,Salaried,1
CUST006610,36,474981.21,Salaried,1
CUST006611,61,666150.16,Self-Employed,0
CUST006612,52,415856.91,Salaried,4
CUST006613,35,467104.01,Salaried,1
CUST006614,47,871994.22,Business Owner,2
CUST006615,48,616488.94,Salaried,0
CUST006616,37,687999.66,Salaried,1
CUST006617,22,593754.37,Salaried,1
CUST006618,56,427260.2,Self-Employed,1
CUST006619,27,644608.75,Self-Employed,3
CUST006620,33,737145.8,Salaried,1
CUST006621,35,100000.0,Unemployed,3
CUST006622,45,713908.72,Self-Employed,2
CUST006623,43,550977.25,Salaried,2
CUST006624,42,819614.65,Self-Employed,1
CUST006625,46,502472.83,Salaried,4
CUST006626,53,301098.33,Self-Employed,1
CUST006627,31,697204.16,Salaried,2
CUST006628,30,926162.48,Self-Employed,1
CUST006629,45,356587.12,Salaried,1
CUST006630,57,1235357.19,Business Owner,1
CUST006631,63,684048.58,Salaried,2
CUST006632,58,493476.32,Self-Employed,2
CUST006633,61,910999.59,Salaried,0
CUST006634,44,134688.4,Business Owner,1
CUST006635,60,722489.01,Self-Employed,1
CUST006636,53,745929.47,Salaried,1
CUST006637,37,1378969.46,Business Owner,5
CUST006638,44,760608.34,Salaried,3
CUST006639,57,547072.26,Self-Employed,3
CUST006640,22,438985.06,Self-Employed,1
CUST006641,52,508443.89,Salaried,4
CUST006642,44,179385.9,Unemployed,2
CUST006643,29,599063.92,Salaried,0
CUST006644,24,568386.9,Salaried,0
CUST006645,37,678519.43,Business Owner,1
CUST006646,37,418473.81,Self-Employed,0
CUST006647,50,716553.75,Salaried,1
CUST006648,60,602792.32,Salaried,3
CUST006649,31,741843.44,Self-Employed,1
CUST006650,41,397038.61,Salaried,0
CUST006651,41,1148216.43,Business Owner,0
CUST006652,38,298379.06,Self-Employed,1
CUST006653,49,781380.23,Salaried,1
CUST006654,44,785383.55,Salaried,2
CUST006655,30,388462.23,Salaried,2
CUST006656,37,485163.65,Salaried,1
CUST006657,38,355438.07,Self-Employed,1
CUST006658,62,213129.01,Unemployed,0
CUST006659,40,381183.83,Self-Employed,1
CUST006660,57,703501.31,Salaried,4
CUST006661,38,500821.63,Salaried,3
CUST006662,37,715090.08,Self-Employed,2
CUST006663,29,734938.47,Self-Employed,2
CUST006664,34,833980.11,Self-Employed,1
CUST006665,49,574283.69,Salaried,5
CUST006666,51,901115.48,Business Owner,0
CUST006667,24,579132.08,Salaried,1
CUST006668,38,505276.23,Self-Employed,1
CUST006669,40,414878.13,Self-Employed,1
CUST006670,63,711411.43,Self-Employed,0
CUST006671,64,485897.6,Salaried,0
CUST006672,29,471084.33,Self-Employed,0
CUST006673,33,628888.98,Salaried,0
CUST006674,35,598088.75,Self-Employed,1
CUST006675,47,421377.49,Salaried,0
CUST006676,35,563118.54,Salaried,2
CUST006677,48,603312.7,Salaried,3
CUST006678,57,1220908.99,Business Owner,2
CUST006679,39,457282.48,Self-Employed,0
CUST006680,46,479568.7,Self-Employed,0
CUST006681,46,527487.94,Self-Employed,1
CUST006682,45,1319682.22,Business Owner,0
CUST006683,46,292264.74,Salaried,1
CUST006684,46,521209.94,Self-Employed,3
CUST006685,48,733869.75,Self-Employed,1
CUST006686,38,475922.07,Salaried,2
CUST006687,52,487070.89,Salaried,3
CUST006688,23,783633.36,Salaried,0
CUST006689,22,547636.47,Salaried,0
CUST006690,53,552053.75,Salaried,0
CUST006691,62,641577.9,Salaried,2
CUST006692,39,100000.0,Self-Employed,1
CUST006693,37,327237.26,Salaried,2
CUST006694,64,686925.9,Salaried,1
CUST006695,53,802052.65,Business Owner,1
CUST006696,32,575955.0,Salaried,3
CUST006697,23,501399.67,Salaried,1
CUST006698,63,445000.97,Self-Employed,2
CUST006699,46,778804.89,Salaried,2
CUST006700,55,619794.83,Salaried,0
CUST006701,28,758927.55,Salaried,2
CUST006702,56,142280.65,Unemployed,0
CUST006703,27,503863.88,Self-Employed,0
CUST006704,56,565106.84,Self-Employed,0
CUST006705,36,176327.96,Unemployed,0
CUST006706,44,561037.08,Business Owner,1
CUST006707,21,494838.22,Self-Employed,0
CUST006708,45,364929.82,Self-Employed,1
CUST006709,30,826352.31,Salaried,1
CUST006710,36,341366.57,Salaried,2
CUST006711,36,617216.1,Self-Employed,2
CUST006712,28,345324.01,Self-Employed,3
CUST006713,49,100000.0,Unemployed,1
CUST006714,59,554665.49,Salaried,0
CUST006715,48,758060.79,Self-Employed,2
CUST006716,26,371542.56,Self-Employed,3
CUST006717,36,329363.75,Salaried,0
CUST006718,40,311128.97,Self-Employed,1
CUST006719,36,618554.35,Salaried,0
CUST006720,27,357497.04,Salaried,3
CUST006721,61,708184.23,Salaried,3
CUST006722,34,362820.72,Salaried,1
CUST006723,63,527670.98,Salaried,4
CUST006724,46,663797.46,Self-Employed,4
CUST006725,46,524666.69,Salaried,2
CUST006726,34,398523.58,Salaried,1
CUST006727,27,586375.99,Salaried,0
CUST006728,53,526003.64,Salaried,6
CUST006729,46,781767.86,Salaried,1
CUST006730,40,723296.96,Salaried,0
CUST006731,23,601265.81,Self-Employed,3
CUST006732,24,908621.9,Business Owner,1
CUST006733,46,567176.22,Salaried,2
CUST006734,31,566390.26,Salaried,2
CUST006735,22,343551.53,Salaried,1
CUST006736,34,600442.03,Salaried,3
CUST006737,64,341499.03,Self-Employed,2
CUST006738,50,865752.35,Business Owner,0
CUST006739,32,920864.67,Business Owner,0
CUST006740,46,527160.37,Salaried,1
CUST006741,64,1273239.25,Business Owner,2
CUST006742,53,438757.79,Salaried,2
CUST006743,33,401205.56,Self-Employed,1
CUST006744,34,434322.94,Self-Employed,2
CUST006745,44,731092.57,Self-Employed,1
CUST006746,54,604659.26,Salaried,2
CUST006747,64,597392.38,Salaried,2
CUST006748,46,730576.96,Salaried,1
CUST006749,41,521690.98,Salaried,1
CUST006750,48,731274.06,Salaried,1
CUST006751,56,579559.91,Self-Employed,0
CUST006752,60,785625.11,Salaried,1
CUST006753,22,424188.8,Self-Employed,0
CUST006754,62,555832.76,Salaried,1
CUST006755,29,956861.99,Business Owner,1
CUST006756,43,590879.55,Salaried,3
CUST006757,35,1207068.55,Business Owner,0
CUST006758,33,567531.93,Salaried,2
CUST006759,43,440949.03,Salaried,1
CUST006760,37,1441813.15,Business Owner,1
CUST006761,22,887283.68,Salaried,3
CUST006762,40,364869.76,Salaried,0
CUST006763,40,672027.34,Salaried,2
CUST006764,23,712070.73,Salaried,1
CUST006765,32,636503.48,Salaried,1
CUST006766,60,836082.3,Salaried,1
CUST006767,22,363241.81,Business Owner,2
CUST006768,56,387258.78,Self-Employed,0
CUST006769,34,616021.86,Salaried,2
CUST006770,36,1267948.67,Business Owner,1
CUST006771,39,781097.05,Salaried,2
CUST006772,54,419117.29,Salaried,1
CUST006773,64,333548.93,Salaried,0
CUST006774,26,655912.74,Self-Employed,4
CUST006775,33,617484.72,Salaried,0
CUST006776,56,532874.85,Self-Employed,0
CUST006777,42,720574.51,Salaried,1
CUST006778,38,109502.95,Unemployed,2
CUST006779,32,452033.14,Self-Employed,3
CUST006780,50,678553.74,Salaried,0
CUST006781,60,309836.6,Self-Employed,3
CUST006782,27,391528.36,Self-Employed,0
CUST006783,52,615727.7,Salaried,1
CUST006784,39,678531.07,Salaried,1
CUST006785,26,383055.78,Salaried,2
CUST006786,40,1166824.96,Business Owner,0
CUST006787,47,587362.2,Self-Employed,0
CUST006788,63,473660.81,Salaried,2
CUST006789,57,937383.67,Salaried,1
CUST006790,27,457418.43,Salaried,1
CUST006791,25,710177.51,Salaried,1
CUST006792,31,555508.84,Self-Employed,2
CUST006793,35,129319.9,Unemployed,1
CUST006794,23,613536.3,Salaried,0
CUST006795,25,680049.12,Salaried,1
CUST006796,43,1028202.47,Salaried,1
CUST006797,57,320582.91,Business Owner,3
CUST006798,29,193333.62,Salaried,1
CUST006799,35,448478.64,Salaried,1
CUST006800,23,493974.8,Self-Employed,1
CUST006801,49,699823.47,Salaried,1
CUST006802,26,614469.9,Salaried,2
CUST006803,37,469561.7,Self-Employed,0
CUST006804,46,830500.26,Salaried,1
CUST006805,41,481367.61,Salaried,2
CUST006806,28,849377.71,Salaried,0
CUST006807,41,693080.11,Salaried,3
CUST006808,31,824941.38,Salaried,1
CUST006809,58,522832.25,Business Owner,0
CUST006810,28,547170.44,Salaried,3
CUST006811,62,207749.99,Self-Employed,1
CUST006812,44,645029.29,Salaried,2
CUST006813,55,648139.87,Salaried,0
CUST006814,34,901275.86,Salaried,2
CUST006815,34,612121.98,Salaried,0
CUST006816,30,372409.59,Salaried,0
CUST006817,32,741629.02,Salaried,0
CUST006818,58,463000.24,Salaried,0
CUST006819,64,409574.94,Salaried,3
CUST006820,54,185099.0,Unemployed,0
CUST006821,61,484819.53,Salaried,2
CUST006822,30,510164.85,Salaried,1
CUST006823,37,810373.17,Salaried,2
CUST006824,37,677034.04,Salaried,4
CUST006825,23,619403.14,Self-Employed,1
CUST006826,51,393534.85,Salaried,1
CUST006827,21,705831.67,Salaried,3
CUST006828,32,558385.69,Salaried,3
CUST006829,59,411177.6,Self-Employed,0
CUST006830,24,661274.22,Salaried,1
CUST006831,62,601247.27,Salaried,1
CUST006832,33,380507.91,Salaried,2
CUST006833,54,742800.36,Salaried,0
CUST006834,62,757131.82,Salaried,1
CUST006835,41,665060.95,Business Owner,0
CUST006836,42,621782.31,Self-Employed,2
CUST006837,24,682700.14,Self-Employed,0
CUST006838,38,319699.61,Salaried,2
CUST006839,25,522714.81,Salaried,1
CUST006840,39,273390.73,Salaried,2
CUST006841,22,626808.75,Self-Employed,3
CUST006842,32,666975.91,Salaried,1
CUST006843,37,117235.92,Unemployed,3
CUST006844,30,577464.52,Salaried,0
CUST006845,54,752749.01,Business Owner,1
CUST006846,26,293948.78,Salaried,0
CUST006847,28,795048.84,Salaried,1
CUST006848,31,638276.24,Salaried,2
CUST006849,32,471145.92,Self-Employed,3
CUST006850,29,579331.83,Salaried,1
CUST006851,22,1183092.27,Business Owner,0
CUST006852,28,265268.02,Business Owner,3
CUST006853,31,324925.8,Self-Employed,4
CUST006854,56,542593.47,Self-Employed,2
CUST006855,30,723114.57,Self-Employed,4
CUST006856,41,100000.0,Self-Employed,0
CUST006857,40,749410.85,Salaried,1
CUST006858,28,358396.51,Self-Employed,3
CUST006859,56,785369.88,Business Owner,2
CUST006860,49,605071.75,Salaried,2
CUST006861,62,458064.6,Business Owner,1
CUST006862,32,413961.11,Salaried,2
CUST006863,34,631131.58,Salaried,1
CUST006864,41,884226.76,Salaried,2
CUST006865,42,458071.08,Salaried,4
CUST006866,41,518376.85,Business Owner,3
CUST006867,64,410505.05,Business Owner,2
CUST006868,50,454888.94,Self-Employed,0
CUST006869,59,100867.85,Unemployed,2
CUST006870,40,455832.63,Salaried,2
CUST006871,44,631526.18,Salaried,3
CUST006872,43,383318.49,Salaried,0
CUST006873,27,1548923.61,Business Owner,2
CUST006874,29,423635.27,Salaried,2
CUST006875,21,206571.89,Unemployed,1
CUST006876,46,894596.31,Self-Employed,2
CUST006877,58,209904.4,Unemployed,1
CUST006878,58,761068.27,Salaried,1
CUST006879,64,719424.06,Salaried,2
CUST006880,42,542754.31,Self-Employed,2
CUST006881,64,735760.74,Self-Employed,0
CUST006882,30,560912.29,Salaried,0
CUST006883,26,1246088.76,Business Owner,0
CUST006884,37,1343112.23,Business Owner,1
CUST006885,58,676276.85,Salaried,0
CUST006886,44,559605.47,Salaried,1
CUST006887,30,673219.36,Salaried,2
CUST006888,28,544598.59,Salaried,0
CUST006889,41,391235.74,Self-Employed,0
CUST006890,26,718150.52,Salaried,3
CUST006891,41,529240.45,Self-Employed,2
CUST006892,59,655154.53,Self-Employed,0
CUST006893,44,622888.15,Salaried,0
CUST006894,53,676423.11,Salaried,2
CUST006895,38,809748.78,Salaried,1
CUST006896,48,575684.12,Salaried,0
CUST006897,52,419285.16,Self-Employed,1
CUST006898,32,171488.79,Unemployed,0
CUST006899,62,213177.45,Salaried,2
CUST006900,47,706329.89,Salaried,2
CUST006901,30,470682.64,Salaried,1
CUST006902,62,851385.77,Salaried,0
CUST006903,52,718462.23,Salaried,1
CUST006904,62,683217.69,Self-Employed,1
CUST006905,46,740952.96,Salaried,3
CUST006906,45,127039.95,Unemployed,2
CUST006907,31,560986.31,Salaried,1
CUST006908,43,223238.69,Business Owner,0
CUST006909,54,1497807.26,Business Owner,0
CUST006910,60,406772.68,Salaried,1
CUST006911,43,597775.51,Salaried,2
CUST006912,49,745008.13,Self-Employed,1
CUST006913,51,806849.01,Self-Employed,3
CUST006914,27,799662.98,Business Owner,2
CUST006915,60,158782.95,Self-Employed,1
CUST006916,53,634660.91,Salaried,1
CUST006917,41,1033254.14,Business Owner,0
CUST006918,22,171197.54,Unemployed,0
CUST006919,38,438888.29,Self-Employed,4
CUST006920,53,844775.42,Business Owner,0
CUST006921,57,361191.11,Self-Employed,2
CUST006922,54,531743.12,Self-Employed,1
CUST006923,40,660358.33,Self-Employed,3
CUST006924,55,552649.97,Self-Employed,1
CUST006925,38,593405.66,Salaried,2
CUST006926,44,724761.28,Self-Employed,2
CUST006927,28,551304.31,Self-Employed,1
CUST006928,50,604650.34,Salaried,0
CUST006929,64,611649.93,Salaried,0
CUST006930,30,257925.05,Self-Employed,1
CUST006931,43,281986.11,Self-Employed,2
CUST006932,31,581364.86,Salaried,0
CUST006933,22,605033.49,Business Owner,0
CUST006934,46,881902.19,Business Owner,3
CUST006935,56,728506.25,Salaried,0
CUST006936,53,705859.59,Salaried,1
CUST006937,33,1057020.23,Business Owner,4
CUST006938,60,1237899.2,Business Owner,0
CUST006939,45,754549.26,Salaried,0
CUST006940,24,749125.44,Salaried,2
CUST006941,62,745425.64,Salaried,0
CUST006942,39,260237.09,Self-Employed,0
CUST006943,38,316328.86,Salaried,0
CUST006944,57,482965.86,Salaried,3
CUST006945,50,531481.37,Salaried,2
CUST006946,39,1271439.41,Business Owner,0
CUST006947,43,585527.14,Salaried,4
CUST006948,36,528027.36,Salaried,0
CUST006949,21,158176.69,Unemployed,0
CUST006950,32,680374.65,Salaried,0
CUST006951,44,716362.18,Salaried,0
CUST006952,54,417394.86,Self-Employed,0
CUST006953,28,456447.85,Salaried,3
CUST006954,38,588579.11,Business Owner,0
CUST006955,25,618018.63,Salaried,1
CUST006956,46,442159.95,Salaried,0
CUST006957,50,1279320.52,Business Owner,0
CUST006958,33,443600.68,Salaried,0
CUST006959,39,188493.94,Self-Employed,1
CUST006960,49,623303.04,Salaried,0
CUST006961,23,558599.16,Salaried,2
CUST006962,46,1088479.32,Business Owner,1
CUST006963,60,525139.98,Salaried,3
CUST006964,32,660469.43,Salaried,3
CUST006965,22,751080.54,Salaried,1
CUST006966,31,506498.01,Salaried,1
CUST006967,64,602517.48,Self-Employed,0
CUST006968,48,1618310.31,Business Owner,1
CUST006969,38,654264.61,Self-Employed,3
CUST006970,33,341355.77,Self-Employed,2
CUST006971,57,650228.59,Salaried,3
CUST006972,42,404757.01,Salaried,0
CUST006973,32,268459.05,Self-Employed,4
CUST006974,22,823763.23,Salaried,0
CUST006975,57,661186.18,Salaried,1
CUST006976,27,1515352.07,Business Owner,0
CUST006977,46,663922.56,Salaried,2
CUST006978,46,518188.41,Salaried,3
CUST006979,44,508636.23,Self-Employed,2
CUST006980,32,553626.32,Self-Employed,1
CUST006981,36,932041.68,Salaried,0
CUST006982,43,705453.49,Salaried,0
CUST006983,60,112827.58,Unemployed,1
CUST006984,29,461328.18,Self-Employed,0
CUST006985,52,1089118.0,Business Owner,1
CUST006986,35,436790.16,Salaried,1
CUST006987,57,597329.33,Salaried,1
CUST006988,33,569278.07,Salaried,0
CUST006989,25,672869.69,Salaried,2
CUST006990,31,585178.42,Salaried,0
CUST006991,30,390287.68,Salaried,3
CUST006992,33,593179.11,Salaried,0
CUST006993,61,653647.11,Self-Employed,0
CUST006994,35,789040.35,Self-Employed,1
CUST006995,62,744316.37,Salaried,3
CUST006996,27,360638.8,Salaried,1
CUST006997,60,399557.23,Salaried,2
CUST006998,48,441413.58,Salaried,2
CUST006999,52,825840.56,Salaried,1
CUST007000,55,674248.14,Salaried,3
CUST007001,35,1955728.5,Business Owner,1
CUST007002,56,1413768.88,Business Owner,0
CUST007003,41,519078.12,Self-Employed,1
CUST007004,26,717807.96,Business Owner,1
CUST007005,21,574834.14,Self-Employed,0
CUST007006,24,1236442.26,Business Owner,2
CUST007007,31,742188.49,Self-Employed,0
CUST007008,64,556649.15,Salaried,0
CUST007009,46,938397.48,Self-Employed,0
CUST007010,57,593347.07,Salaried,2
CUST007011,43,736642.18,Self-Employed,1
CUST007012,49,1034690.99,Business Owner,0
CUST007013,41,429137.22,Self-Employed,2
CUST007014,47,305459.84,Salaried,0
CUST007015,59,414171.21,Salaried,1
CUST007016,60,1370694.22,Business Owner,4
CUST007017,33,187616.86,Unemployed,1
CUST007018,43,688897.86,Salaried,1
CUST007019,36,1521661.3,Business Owner,1
CUST007020,50,508314.08,Business Owner,2
CUST007021,24,529195.88,Salaried,1
CUST007022,60,738253.49,Business Owner,2
CUST007023,36,399187.54,Salaried,0
CUST007024,51,340167.43,Self-Employed,0
CUST007025,62,439125.03,Salaried,1
CUST007026,45,186027.94,Self-Employed,0
CUST007027,64,320614.92,Self-Employed,1
CUST007028,32,590126.66,Salaried,2
CUST007029,46,1614840.36,Business Owner,2
CUST007030,57,492300.95,Business Owner,4
CUST007031,53,714692.55,Self-Employed,0
CUST007032,48,633177.34,Salaried,1
CUST007033,29,665545.56,Salaried,0
CUST007034,32,621717.97,Salaried,1
CUST007035,25,158597.91,Business Owner,0
CUST007036,48,442250.58,Salaried,0
CUST007037,55,178678.98,Unemployed,0
CUST007038,25,918475.96,Business Owner,1
CUST007039,54,170859.28,Self-Employed,1
CUST007040,54,456505.73,Self-Employed,2
CUST007041,33,618472.52,Self-Employed,0
CUST007042,59,249234.65,Self-Employed,2
CUST007043,62,540504.38,Salaried,1
CUST007044,34,1507345.92,Business Owner,0
CUST007045,31,617863.3,Self-Employed,1
CUST007046,62,817332.17,Self-Employed,1
CUST007047,58,424730.61,Self-Employed,1
CUST007048,24,762252.76,Salaried,1
CUST007049,53,445264.06,Salaried,1
CUST007050,27,1232129.87,Business Owner,0
CUST007051,61,492756.38,Salaried,0
CUST007052,28,591431.85,Self-Employed,2
CUST007053,57,676155.78,Salaried,2
CUST007054,30,703235.0,Salaried,0
CUST007055,63,448786.25,Salaried,1
CUST007056,35,1026571.92,Business Owner,0
CUST007057,58,505018.27,Self-Employed,0
CUST007058,35,788163.06,Salaried,1
CUST007059,25,643941.02,Business Owner,0
CUST007060,49,404071.08,Salaried,1
CUST007061,39,353201.18,Salaried,3
CUST007062,30,442863.96,Self-Employed,2
CUST007063,32,414625.22,Self-Employed,2
CUST007064,24,554906.52,Salaried,1
CUST007065,51,135201.88,Unemployed,0
CUST007066,38,1457766.27,Business Owner,3
CUST007067,36,577947.74,Salaried,3
CUST007068,60,769692.9,Salaried,0
CUST007069,56,1053712.32,Business Owner,2
CUST007070,45,463081.94,Salaried,3
CUST007071,43,601269.83,Salaried,1
CUST007072,32,809105.31,Self-Employed,1
CUST007073,54,752275.29,Salaried,2
CUST007074,56,780376.35,Salaried,0
CUST007075,57,675723.9,Salaried,1
CUST007076,23,404547.23,Self-Employed,1
CUST007077,29,828010.21,Self-Employed,1
CUST007078,38,683923.11,Salaried,1
CUST007079,63,739635.3,Salaried,1
CUST007080,55,521707.33,Self-Employed,1
CUST007081,54,486645.41,Business Owner,0
CUST007082,61,1057978.83,Business Owner,1
CUST007083,34,854092.21,Salaried,2
CUST007084,24,661650.73,Self-Employed,0
CUST007085,49,610767.07,Self-Employed,2
CUST007086,61,556044.82,Business Owner,1
CUST007087,35,804608.75,Self-Employed,0
CUST007088,48,802086.04,Salaried,2
CUST007089,62,143548.62,Self-Employed,0
CUST007090,36,739337.32,Salaried,0
CUST007091,32,562581.63,Salaried,3
CUST007092,25,558335.36,Self-Employed,1
CUST007093,54,109120.31,Unemployed,1
CUST007094,62,618115.16,Salaried,1
CUST007095,21,279943.65,Self-Employed,2
CUST007096,59,479514.02,Salaried,3
CUST007097,52,1107078.11,Business Owner,2
CUST007098,46,348635.72,Self-Employed,1
CUST007099,37,664336.73,Salaried,2
CUST007100,47,616457.98,Salaried,3
CUST007101,44,957295.22,Salaried,0
CUST007102,55,502980.27,Salaried,4
CUST007103,62,549567.13,Salaried,1
CUST007104,59,356702.62,Self-Employed,1
CUST007105,46,814459.07,Salaried,0
CUST007106,58,521294.58,Self-Employed,2
CUST007107,43,575792.72,Salaried,0
CUST007108,42,654059.85,Self-Employed,2
CUST007109,24,469476.06,Salaried,2
CUST007110,29,398675.22,Salaried,0
CUST007111,24,642772.35,Salaried,2
CUST007112,27,624318.91,Salaried,1
CUST007113,43,605409.5,Business Owner,1
CUST007114,22,571122.12,Self-Employed,3
CUST007115,44,869972.44,Self-Employed,0
CUST007116,60,667146.55,Salaried,1
CUST007117,51,302669.27,Salaried,1
CUST007118,51,812566.08,Salaried,0
CUST007119,60,897871.48,Self-Employed,1
CUST007120,63,679370.0,Salaried,4
CUST007121,54,625697.97,Salaried,2
CUST007122,44,367879.06,Salaried,3
CUST007123,46,470167.21,Salaried,1
CUST007124,36,553959.43,Salaried,1
CUST007125,33,489833.84,Salaried,2
CUST007126,35,523588.9,Salaried,2
CUST007127,47,618525.77,Salaried,1
CUST007128,24,497318.65,Salaried,1
CUST007129,36,803891.62,Self-Employed,1
CUST007130,50,611165.85,Salaried,3
CUST007131,64,675680.66,Salaried,0
CUST007132,50,676395.06,Salaried,2
CUST007133,56,657397.06,Salaried,0
CUST007134,23,607117.97,Salaried,1
CUST007135,42,1299788.08,Business Owner,2
CUST007136,42,1383670.24,Business Owner,1
CUST007137,32,290515.41,Salaried,1
CUST007138,41,325141.31,Business Owner,2
CUST007139,24,518580.41,Salaried,1
CUST007140,51,432663.32,Salaried,2
CUST007141,64,113246.82,Unemployed,2
CUST007142,51,718868.3,Business Owner,2
CUST007143,43,137154.6,Unemployed,2
CUST007144,40,376327.31,Salaried,0
CUST007145,35,537864.45,Salaried,3
CUST007146,43,813401.39,Salaried,0
CUST007147,48,449720.67,Self-Employed,1
CUST007148,36,688796.74,Salaried,0
CUST007149,57,873077.73,Business Owner,2
CUST007150,41,617232.56,Salaried,1
CUST007151,35,582674.05,Salaried,1
CUST007152,37,648598.47,Self-Employed,1
CUST007153,57,335823.18,Self-Employed,3
CUST007154,33,625657.33,Salaried,0
CUST007155,39,121151.2,Unemployed,2
CUST007156,50,700530.28,Salaried,1
CUST007157,38,433805.39,Salaried,0
CUST007158,34,1160220.73,Business Owner,1
CUST007159,56,160427.77,Unemployed,2
CUST007160,56,394117.18,Business Owner,1
CUST007161,40,1598447.95,Business Owner,0
CUST007162,39,611567.9,Self-Employed,2
CUST007163,64,465731.63,Business Owner,4
CUST007164,27,623511.93,Salaried,2
CUST007165,64,172134.42,Self-Employed,0
CUST007166,24,157111.5,Self-Employed,3
CUST007167,54,779437.27,Salaried,1
CUST007168,22,419986.07,Salaried,1
CUST007169,25,718100.75,Salaried,1
CUST007170,30,733451.23,Self-Employed,2
CUST007171,52,452395.94,Salaried,0
CUST007172,62,1731990.5,Business Owner,1
CUST007173,61,613908.15,Salaried,2
CUST007174,33,607253.67,Salaried,3
CUST007175,59,500713.5,Business Owner,2
CUST007176,25,303972.26,Self-Employed,1
CUST007177,30,270907.05,Salaried,0
CUST007178,30,483471.91,Salaried,0
CUST007179,58,733252.5,Self-Employed,1
CUST007180,47,100000.0,Unemployed,1
CUST007181,41,527503.04,Business Owner,0
CUST007182,28,242754.38,Self-Employed,0
CUST007183,21,395810.39,Salaried,1
CUST007184,48,733136.3,Salaried,0
CUST007185,59,417772.27,Salaried,0
CUST007186,34,580238.6,Salaried,3
CUST007187,41,546706.53,Salaried,0
CUST007188,50,743492.63,Salaried,1
CUST007189,41,332741.37,Self-Employed,1
CUST007190,29,535359.73,Salaried,1
CUST007191,37,281515.37,Self-Employed,1
CUST007192,25,643905.81,Business Owner,0
CUST007193,51,319727.39,Self-Employed,1
CUST007194,60,471058.09,Self-Employed,0
CUST007195,58,820172.16,Self-Employed,0
CUST007196,63,569471.37,Salaried,2
CUST007197,39,776210.98,Salaried,4
CUST007198,56,741751.34,Salaried,0
CUST007199,53,593609.37,Salaried,1
CUST007200,33,692308.04,Self-Employed,0
CUST007201,34,992268.75,Business Owner,0
CUST007202,53,100000.0,Unemployed,3
CUST007203,49,594167.75,Salaried,2
CUST007204,63,160297.71,Unemployed,1
CUST007205,56,864445.26,Salaried,1
CUST007206,64,527336.34,Business Owner,2
CUST007207,30,668673.76,Salaried,0
CUST007208,51,415380.99,Salaried,2
CUST007209,26,831437.39,Salaried,0
CUST007210,21,1389484.0,Business Owner,1
CUST007211,27,420161.5,Salaried,1
CUST007212,47,861172.37,Salaried,2
CUST007213,41,1330835.81,Business Owner,0
CUST007214,48,1406082.28,Business Owner,2
CUST007215,36,835484.01,Salaried,2
CUST007216,43,725233.78,Self-Employed,0
CUST007217,40,549557.34,Salaried,0
CUST007218,58,825347.86,Salaried,1
CUST007219,45,466012.06,Salaried,0
CUST007220,48,483693.17,Salaried,0
CUST007221,25,531698.38,Salaried,1
CUST007222,41,566716.95,Self-Employed,1
CUST007223,38,462321.99,Salaried,2
CUST007224,26,260447.0,Self-Employed,0
CUST007225,49,316786.92,Self-Employed,0
CUST007226,39,545523.59,Salaried,1
CUST007227,53,610572.93,Salaried,0
CUST007228,21,347757.7,Self-Employed,1
CUST007229,23,257701.27,Self-Employed,1
CUST007230,62,577962.52,Self-Employed,0
CUST007231,41,860997.34,Self-Employed,0
CUST007232,55,537802.0,Salaried,1
CUST007233,61,678389.78,Self-Employed,5
CUST007234,60,600315.79,Salaried,1
CUST007235,23,1154929.0,Business Owner,2
CUST007236,45,663061.56,Self-Employed,4
CUST007237,58,600728.95,Salaried,0
CUST007238,40,452507.08,Salaried,4
CUST007239,64,407854.62,Business Owner,2
CUST007240,54,772518.8,Salaried,1
CUST007241,41,694583.42,Salaried,2
CUST007242,43,695939.22,Self-Employed,0
CUST007243,26,635262.61,Self-Employed,0
CUST007244,33,760827.9,Salaried,2
CUST007245,43,544390.62,Self-Employed,0
CUST007246,29,292253.45,Business Owner,1
CUST007247,37,164063.89,Unemployed,0
CUST007248,22,858648.34,Self-Employed,2
CUST007249,39,167558.59,Unemployed,2
CUST007250,39,254094.35,Self-Employed,2
CUST007251,27,710216.46,Salaried,1
CUST007252,62,933557.82,Self-Employed,0
CUST007253,62,516259.28,Salaried,0
CUST007254,40,648903.17,Salaried,2
CUST007255,29,671303.85,Salaried,2
CUST007256,37,981444.88,Business Owner,0
CUST007257,47,659541.86,Self-Employed,1
CUST007258,22,418965.05,Self-Employed,2
CUST007259,56,694016.67,Salaried,0
CUST007260,39,775117.44,Salaried,4
CUST007261,37,564629.78,Salaried,2
CUST007262,25,661111.88,Self-Employed,0
CUST007263,59,543220.46,Salaried,1
CUST007264,38,393459.99,Salaried,3
CUST007265,27,393037.2,Salaried,1
CUST007266,37,592238.78,Self-Employed,2
CUST007267,59,149534.95,Business Owner,1
CUST007268,56,518543.16,Self-Employed,2
CUST007269,60,481395.52,Salaried,2
CUST007270,24,270910.43,Salaried,1
CUST007271,58,702367.75,Salaried,1
CUST007272,45,389520.47,Salaried,1
CUST007273,25,946294.83,Salaried,0
CUST007274,50,845578.38,Salaried,0
CUST007275,32,590031.14,Salaried,2
CUST007276,24,298566.01,Salaried,0
CUST007277,44,644375.76,Salaried,0
CUST007278,49,866906.75,Self-Employed,0
CUST007279,29,203083.39,Unemployed,1
CUST007280,24,1350018.77,Business Owner,1
CUST007281,44,831526.98,Salaried,2
CUST007282,34,411977.56,Salaried,3
CUST007283,25,1334584.35,Business Owner,0
CUST007284,38,891152.94,Salaried,2
CUST007285,62,652101.23,Business Owner,2
CUST007286,39,419586.92,Self-Employed,0
CUST007287,32,1521210.51,Business Owner,0
CUST007288,38,1457884.0,Business Owner,0
CUST007289,37,325996.56,Self-Employed,1
CUST007290,50,241188.62,Self-Employed,3
CUST007291,44,582864.47,Salaried,2
CUST007292,31,379009.28,Salaried,0
CUST007293,55,471155.27,Salaried,1
CUST007294,43,497515.18,Salaried,0
CUST007295,37,768544.28,Salaried,1
CUST007296,21,809190.1,Salaried,1
CUST007297,35,1351230.23,Business Owner,2
CUST007298,52,476410.23,Salaried,1
CUST007299,29,587153.21,Salaried,1
CUST007300,35,532171.16,Salaried,1
CUST007301,48,631990.36,Salaried,2
CUST007302,44,712736.03,Salaried,1
CUST007303,55,126177.96,Unemployed,1
CUST007304,42,297071.18,Self-Employed,0
CUST007305,47,836041.85,Salaried,2
CUST007306,39,761045.22,Salaried,1
CUST007307,32,650934.23,Salaried,1
CUST007308,40,474547.1,Business Owner,2
CUST007309,21,729985.02,Salaried,0
CUST007310,41,574583.1,Salaried,1
CUST007311,21,266896.64,Salaried,0
CUST007312,30,123685.43,Unemployed,0
CUST007313,52,668762.73,Salaried,1
CUST007314,59,813539.31,Business Owner,0
CUST007315,42,676408.98,Salaried,0
CUST007316,38,593303.57,Self-Employed,0
CUST007317,52,281336.37,Self-Employed,2
CUST007318,47,702608.09,Salaried,3
CUST007319,48,716288.11,Salaried,1
CUST007320,38,595423.58,Salaried,0
CUST007321,59,602226.84,Salaried,2
CUST007322,49,904028.75,Business Owner,1
CUST007323,38,826909.5,Salaried,2
CUST007324,64,576516.42,Self-Employed,1
CUST007325,28,618744.93,Salaried,2
CUST007326,51,670524.45,Salaried,1
CUST007327,54,589784.45,Self-Employed,0
CUST007328,27,480229.07,Self-Employed,2
CUST007329,56,399716.25,Salaried,0
CUST007330,38,616307.29,Salaried,1
CUST007331,58,688616.54,Salaried,4
CUST007332,29,1016267.2,Business Owner,0
CUST007333,29,525255.25,Salaried,3
CUST007334,28,570684.31,Salaried,1
CUST007335,55,698587.64,Self-Employed,3
CUST007336,38,347154.49,Salaried,2
CUST007337,25,488437.85,Salaried,0
CUST007338,34,619769.32,Salaried,3
CUST007339,48,1315855.85,Business Owner,2
CUST007340,50,240739.25,Unemployed,3
CUST007341,24,677901.28,Self-Employed,1
CUST007342,59,511084.7,Salaried,0
CUST007343,40,147640.73,Self-Employed,1
CUST007344,45,880193.85,Salaried,0
CUST007345,48,473758.84,Salaried,4
CUST007346,32,157297.5,Unemployed,0
CUST007347,22,582463.55,Salaried,3
CUST007348,63,589635.88,Salaried,2
CUST007349,34,433548.31,Business Owner,0
CUST007350,42,859217.02,Self-Employed,3
CUST007351,51,468770.64,Salaried,3
CUST007352,43,623798.49,Salaried,1
CUST007353,40,533228.71,Salaried,1
CUST007354,58,692053.25,Salaried,0
CUST007355,24,568616.57,Salaried,1
CUST007356,35,553027.15,Salaried,0
CUST007357,44,204359.04,Unemployed,2
CUST007358,45,551484.91,Salaried,0
CUST007359,21,811642.72,Salaried,0
CUST007360,27,414984.97,Salaried,1
CUST007361,51,562592.25,Salaried,1
CUST007362,32,471044.4,Salaried,0
CUST007363,62,912321.6,Business Owner,1
CUST007364,25,350684.67,Business Owner,1
CUST007365,64,692930.43,Salaried,0
CUST007366,62,1187662.49,Business Owner,1
CUST007367,58,825930.2,Salaried,2
CUST007368,32,669482.1,Self-Employed,2
CUST007369,59,725413.11,Salaried,0
CUST007370,38,1172288.97,Business Owner,2
CUST007371,22,567292.04,Salaried,1
CUST007372,30,823776.87,Self-Employed,1
CUST007373,35,610865.04,Self-Employed,1
CUST007374,50,971071.57,Salaried,0
CUST007375,64,863064.54,Salaried,3
CUST007376,37,651991.95,Salaried,3
CUST007377,24,579119.17,Self-Employed,0
CUST007378,27,724800.34,Salaried,0
CUST007379,61,816760.48,Self-Employed,2
CUST007380,51,286028.54,Business Owner,1
CUST007381,59,796861.82,Salaried,2
CUST007382,54,655983.47,Salaried,0
CUST007383,26,716061.67,Self-Employed,2
CUST007384,58,356143.97,Self-Employed,2
CUST007385,54,111780.58,Unemployed,2
CUST007386,64,650903.17,Salaried,0
CUST007387,35,746425.09,Salaried,1
CUST007388,34,407394.54,Business Owner,1
CUST007389,26,740527.26,Business Owner,1
CUST007390,57,260457.79,Self-Employed,1
CUST007391,52,662723.11,Salaried,1
CUST007392,23,899036.54,Salaried,0
CUST007393,23,549743.0,Salaried,0
CUST007394,42,1213744.03,Business Owner,0
CUST007395,42,618233.57,Salaried,1
CUST007396,30,573784.26,Self-Employed,2
CUST007397,23,380753.38,Self-Employed,1
CUST007398,32,698210.29,Salaried,0
CUST007399,49,569818.14,Salaried,1
CUST007400,37,858340.01,Self-Employed,1
CUST007401,27,523366.02,Salaried,1
CUST007402,33,746815.33,Salaried,0
CUST007403,22,896040.42,Salaried,4
CUST007404,24,1375472.58,Business Owner,0
CUST007405,30,104879.09,Unemployed,0
CUST007406,59,300530.2,Self-Employed,1
CUST007407,44,590657.84,Self-Employed,1
CUST007408,37,609275.51,Salaried,0
CUST007409,26,603094.53,Self-Employed,1
CUST007410,39,209762.08,Unemployed,1
CUST007411,25,613108.66,Salaried,0
CUST007412,52,505677.65,Salaried,3
CUST007413,30,160374.84,Unemployed,2
CUST007414,29,803867.48,Self-Employed,4
CUST007415,47,605351.89,Salaried,0
CUST007416,33,257579.5,Unemployed,4
CUST007417,39,732770.17,Salaried,2
CUST007418,41,718481.78,Salaried,1
CUST007419,44,390923.84,Self-Employed,2
CUST007420,58,581218.97,Salaried,1
CUST007421,24,604464.83,Self-Employed,1
CUST007422,44,595542.92,Salaried,2
CUST007423,55,789151.35,Salaried,1
CUST007424,23,631999.25,Salaried,0
CUST007425,24,382038.05,Self-Employed,1
CUST007426,57,652942.71,Salaried,0
CUST007427,60,133944.81,Unemployed,2
CUST007428,55,645067.71,Self-Employed,1
CUST007429,51,529289.59,Salaried,1
CUST007430,64,884834.61,Salaried,2
CUST007431,45,324744.93,Business Owner,1
CUST007432,60,558859.07,Salaried,1
CUST007433,33,636565.65,Salaried,0
CUST007434,24,536839.91,Salaried,1
CUST007435,34,271467.73,Salaried,3
CUST007436,33,900379.43,Salaried,0
CUST007437,47,666366.67,Self-Employed,1
CUST007438,26,439476.89,Business Owner,0
CUST007439,37,448813.69,Salaried,2
CUST007440,56,352816.34,Business Owner,0
CUST007441,60,883332.93,Business Owner,1
CUST007442,55,1529232.88,Business Owner,1
CUST007443,37,140538.35,Unemployed,2
CUST007444,61,757780.39,Business Owner,1
CUST007445,22,713874.11,Self-Employed,1
CUST007446,33,663435.85,Salaried,1
CUST007447,22,606721.19,Salaried,1
CUST007448,48,1235521.52,Business Owner,3
CUST007449,63,350771.4,Salaried,0
CUST007450,46,686539.49,Salaried,0
CUST007451,42,808365.6,Salaried,0
CUST007452,63,447674.76,Business Owner,1
CUST007453,23,446945.99,Self-Employed,0
CUST007454,55,323642.7,Salaried,0
CUST007455,32,551117.87,Salaried,2
CUST007456,44,392446.89,Self-Employed,1
CUST007457,25,872071.45,Salaried,2
CUST007458,40,429246.66,Self-Employed,1
CUST007459,59,660540.37,Salaried,2
CUST007460,59,222587.94,Unemployed,2
CUST007461,33,288416.87,Salaried,1
CUST007462,61,546984.67,Self-Employed,2
CUST007463,32,300118.72,Self-Employed,1
CUST007464,33,453644.58,Salaried,0
CUST007465,30,486861.39,Salaried,1
CUST007466,53,541674.42,Salaried,1
CUST007467,60,528989.57,Business Owner,3
CUST007468,36,553279.03,Salaried,2
CUST007469,55,713733.73,Self-Employed,1
CUST007470,23,179316.48,Unemployed,2
CUST007471,25,2027631.05,Business Owner,0
CUST007472,46,557322.97,Self-Employed,0
CUST007473,31,640004.5,Self-Employed,0
CUST007474,27,1443002.29,Business Owner,1
CUST007475,30,100000.0,Unemployed,5
CUST007476,62,216729.97,Unemployed,0
CUST007477,54,323942.94,Self-Employed,1
CUST007478,23,678920.03,Salaried,0
CUST007479,28,752072.89,Salaried,0
CUST007480,51,322621.37,Salaried,1
CUST007481,31,773773.06,Business Owner,0
CUST007482,27,892770.64,Business Owner,1
CUST007483,22,439600.17,Salaried,1
CUST007484,26,657547.99,Salaried,0
CUST007485,61,861953.53,Salaried,2
CUST007486,52,461985.45,Salaried,0
CUST007487,40,747341.23,Self-Employed,0
CUST007488,54,681246.12,Salaried,1
CUST007489,36,404176.66,Salaried,2
CUST007490,45,544996.87,Salaried,1
CUST007491,32,646377.16,Salaried,1
CUST007492,27,231850.23,Unemployed,1
CUST007493,59,727712.34,Salaried,1
CUST007494,37,645477.36,Business Owner,1
CUST007495,31,666784.43,Salaried,0
CUST007496,26,186993.61,Salaried,2
CUST007497,43,690575.08,Self-Employed,2
CUST007498,47,356782.22,Self-Employed,0
CUST007499,26,298817.61,Self-Employed,0
CUST007500,58,560304.47,Salaried,1
CUST007501,22,420658.2,Salaried,1
CUST007502,42,470664.34,Self-Employed,1
CUST007503,40,765539.65,Salaried,3
CUST007504,45,311357.5,Salaried,0
CUST007505,35,495581.35,Self-Employed,2
CUST007506,49,583898.86,Salaried,1
CUST007507,28,685379.83,Salaried,2
CUST007508,57,579611.59,Salaried,1
CUST007509,53,200285.23,Unemployed,1
CUST007510,42,812783.95,Salaried,0
CUST007511,25,1334543.6,Business Owner,1
CUST007512,59,498508.49,Salaried,1
CUST007513,38,898950.02,Self-Employed,1
CUST007514,58,435646.57,Salaried,0
CUST007515,57,716019.05,Salaried,4
CUST007516,50,1384597.12,Business Owner,0
CUST007517,51,1756421.46,Business Owner,2
CUST007518,30,713825.26,Self-Employed,1
CUST007519,35,621415.27,Business Owner,2
CUST007520,62,746973.01,Salaried,0
CUST007521,64,589175.98,Salaried,1
CUST007522,38,774833.62,Salaried,0
CUST007523,43,1002439.37,Business Owner,4
CUST007524,53,823801.09,Salaried,3
CUST007525,36,936733.02,Business Owner,3
CUST007526,58,750430.92,Salaried,1
CUST007527,55,389127.51,Self-Employed,0
CUST007528,54,786986.99,Salaried,0
CUST007529,48,287522.3,Salaried,3
CUST007530,22,653908.9,Self-Employed,4
CUST007531,50,664802.71,Salaried,0
CUST007532,33,986206.07,Business Owner,0
CUST007533,61,100000.0,Self-Employed,2
CUST007534,36,414140.62,Self-Employed,1
CUST007535,25,1407683.18,Business Owner,1
CUST007536,48,344614.63,Self-Employed,1
CUST007537,59,219546.95,Self-Employed,3
CUST007538,40,448527.46,Salaried,1
CUST007539,44,788304.88,Salaried,0
CUST007540,47,604851.07,Self-Employed,1
CUST007541,50,1495251.79,Business Owner,0
CUST007542,47,714317.95,Salaried,1
CUST007543,46,479691.15,Salaried,0
CUST007544,27,878347.97,Self-Employed,1
CUST007545,62,518387.16,Salaried,1
CUST007546,58,347744.85,Self-Employed,0
CUST007547,25,563449.56,Self-Employed,3
CUST007548,43,672083.28,Salaried,2
CUST007549,48,1260117.26,Business Owner,0
CUST007550,54,558887.62,Salaried,1
CUST007551,35,794458.31,Self-Employed,0
CUST007552,52,511636.46,Salaried,1
CUST007553,46,444950.97,Salaried,1
CUST007554,51,141500.39,Business Owner,1
CUST007555,39,574365.01,Salaried,2
CUST007556,29,734446.4,Salaried,1
CUST007557,49,716410.96,Salaried,0
CUST007558,59,655364.15,Salaried,1
CUST007559,24,536916.81,Salaried,1
CUST007560,23,794505.26,Salaried,1
CUST007561,49,952360.75,Business Owner,1
CUST007562,31,588495.07,Self-Employed,3
CUST007563,53,431447.55,Salaried,1
CUST007564,58,137350.41,Self-Employed,0
CUST007565,31,736609.13,Salaried,0
CUST007566,47,985001.65,Salaried,3
CUST007567,53,673868.48,Salaried,1
CUST007568,41,737475.99,Salaried,0
CUST007569,59,1257996.32,Business Owner,1
CUST007570,51,618456.7,Salaried,1
CUST007571,58,298407.78,Business Owner,1
CUST007572,22,717611.73,Salaried,2
CUST007573,47,836808.36,Salaried,1
CUST007574,56,619050.37,Self-Employed,2
CUST007575,31,468928.53,Self-Employed,2
CUST007576,38,674483.48,Salaried,1
CUST007577,21,602217.14,Salaried,1
CUST007578,55,809332.79,Salaried,0
CUST007579,55,1021536.28,Business Owner,1
CUST007580,51,722316.17,Salaried,0
CUST007581,48,784073.15,Salaried,2
CUST007582,59,1228213.93,Business Owner,0
CUST007583,21,624355.41,Salaried,2
CUST007584,45,388463.78,Salaried,1
CUST007585,63,681040.91,Salaried,1
CUST007586,58,706011.74,Self-Employed,3
CUST007587,40,374457.06,Salaried,0
CUST007588,23,677956.02,Salaried,0
CUST007589,22,944274.34,Business Owner,3
CUST007590,38,275344.8,Salaried,0
CUST007591,64,665127.06,Salaried,3
CUST007592,30,822447.35,Salaried,1
CUST007593,25,525897.57,Self-Employed,2
CUST007594,29,109243.87,Business Owner,2
CUST007595,22,668809.42,Salaried,1
CUST007596,54,779588.1,Salaried,0
CUST007597,58,487147.96,Salaried,0
CUST007598,51,578969.02,Salaried,0
CUST007599,30,446026.01,Self-Employed,0
CUST007600,32,628429.09,Salaried,1
CUST007601,56,554864.5,Salaried,4
CUST007602,41,812764.38,Salaried,2
CUST007603,26,808953.28,Salaried,2
CUST007604,23,392897.63,Self-Employed,2
CUST007605,30,812644.91,Salaried,1
CUST007606,25,268067.97,Business Owner,2
CUST007607,46,488679.9,Salaried,1
CUST007608,41,1176967.54,Business Owner,1
CUST007609,46,623621.38,Salaried,1
CUST007610,58,542918.41,Self-Employed,1
CUST007611,64,667242.16,Salaried,1
CUST007612,46,417319.73,Self-Employed,0
CUST007613,28,798548.11,Salaried,3
CUST007614,25,714992.71,Salaried,2
CUST007615,35,494036.02,Self-Employed,2
CUST007616,36,700009.08,Self-Employed,1
CUST007617,21,606029.93,Self-Employed,2
CUST007618,36,574769.67,Salaried,0
CUST007619,57,568358.0,Salaried,0
CUST007620,23,285105.48,Self-Employed,1
CUST007621,51,519408.42,Salaried,1
CUST007622,33,583413.8,Salaried,4
CUST007623,36,623813.09,Salaried,0
CUST007624,63,474617.47,Salaried,0
CUST007625,41,617295.64,Salaried,1
CUST007626,22,406560.1,Self-Employed,3
CUST007627,47,644716.84,Business Owner,0
CUST007628,58,688932.72,Salaried,0
CUST007629,46,998878.27,Business Owner,1
CUST007630,58,488088.84,Self-Employed,1
CUST007631,45,1134086.39,Business Owner,2
CUST007632,31,416631.67,Business Owner,1
CUST007633,28,274509.0,Self-Employed,0
CUST007634,28,550469.28,Salaried,1
CUST007635,53,584496.52,Salaried,1
CUST007636,27,714645.04,Salaried,1
CUST007637,58,118613.07,Unemployed,0
CUST007638,41,119673.09,Unemployed,3
CUST007639,28,717791.2,Self-Employed,2
CUST007640,41,466704.3,Business Owner,3
CUST007641,40,1306337.95,Business Owner,0
CUST007642,28,601303.22,Salaried,2
CUST007643,51,344367.45,Self-Employed,1
CUST007644,49,435589.12,Salaried,1
CUST007645,29,571977.93,Salaried,3
CUST007646,35,697894.16,Salaried,4
CUST007647,50,597942.09,Salaried,1
CUST007648,46,683461.1,Self-Employed,1
CUST007649,30,733287.66,Salaried,0
CUST007650,49,1222146.44,Business Owner,1
CUST007651,36,727183.57,Salaried,2
CUST007652,56,519979.24,Salaried,3
CUST007653,40,1212516.56,Business Owner,1
CUST007654,57,926216.26,Self-Employed,1
CUST007655,42,746602.04,Salaried,3
CUST007656,27,541843.41,Salaried,2
CUST007657,43,513001.48,Salaried,1
CUST007658,61,945568.3,Business Owner,1
CUST007659,60,654147.5,Self-Employed,2
CUST007660,49,626799.12,Salaried,4
CUST007661,36,433921.06,Salaried,0
CUST007662,58,1203202.73,Business Owner,2
CUST007663,48,687642.22,Self-Employed,3
CUST007664,58,548889.65,Business Owner,2
CUST007665,51,744123.63,Salaried,2
CUST007666,34,948582.84,Business Owner,1
CUST007667,53,597476.1,Self-Employed,1
CUST007668,29,600880.45,Self-Employed,1
CUST007669,47,643208.45,Salaried,0
CUST007670,44,740346.4,Business Owner,2
CUST007671,33,599998.06,Self-Employed,2
CUST007672,46,918427.39,Business Owner,2
CUST007673,49,649424.58,Salaried,0
CUST007674,63,559075.52,Salaried,4
CUST007675,48,659269.57,Salaried,1
CUST007676,48,599929.24,Salaried,1
CUST007677,28,449661.95,Salaried,1
CUST007678,43,680537.52,Salaried,1
CUST007679,49,762052.08,Salaried,1
CUST007680,25,1064270.05,Business Owner,0
CUST007681,62,574419.16,Salaried,1
CUST007682,27,661263.78,Salaried,1
CUST007683,62,636052.34,Business Owner,1
CUST007684,56,660558.0,Self-Employed,0
CUST007685,61,678816.73,Self-Employed,2
CUST007686,47,596233.04,Salaried,1
CUST007687,22,620300.46,Salaried,2
CUST007688,45,449989.75,Salaried,3
CUST007689,29,689216.04,Salaried,0
CUST007690,47,139383.3,Unemployed,2
CUST007691,21,100000.0,Self-Employed,4
CUST007692,43,619658.84,Salaried,0
CUST007693,30,481625.65,Self-Employed,2
CUST007694,62,451229.2,Salaried,0
CUST007695,45,748740.26,Salaried,2
CUST007696,23,734701.88,Business Owner,2
CUST007697,26,493331.47,Salaried,1
CUST007698,26,1349225.51,Business Owner,2
CUST007699,22,663472.78,Salaried,1
CUST007700,38,308436.57,Self-Employed,1
CUST007701,43,601145.12,Salaried,1
CUST007702,22,485350.14,Salaried,0
CUST007703,32,252535.69,Self-Employed,1
CUST007704,42,100000.0,Unemployed,3
CUST007705,57,640791.91,Self-Employed,2
CUST007706,40,345191.73,Self-Employed,2
CUST007707,59,101835.31,Unemployed,1
CUST007708,44,569091.21,Salaried,4
CUST007709,40,988069.29,Salaried,1
CUST007710,21,673083.18,Salaried,2
CUST007711,21,668191.11,Self-Employed,1
CUST007712,37,529041.64,Business Owner,1
CUST007713,21,589596.03,Self-Employed,1
CUST007714,50,906144.72,Business Owner,3
CUST007715,61,363334.44,Self-Employed,4
CUST007716,23,570357.89,Salaried,3
CUST007717,31,506624.13,Salaried,2
CUST007718,44,960740.57,Business Owner,2
CUST007719,42,570513.72,Salaried,0
CUST007720,64,506986.48,Salaried,0
CUST007721,46,566016.31,Salaried,2
CUST007722,33,732959.08,Salaried,1
CUST007723,21,272573.61,Self-Employed,5
CUST007724,44,520471.85,Salaried,0
CUST007725,30,1037038.52,Business Owner,0
CUST007726,55,511759.74,Salaried,1
CUST007727,44,753199.58,Self-Employed,0
CUST007728,48,731349.37,Self-Employed,0
CUST007729,56,741971.91,Self-Employed,2
CUST007730,36,1162465.28,Business Owner,0
CUST007731,60,746547.84,Salaried,0
CUST007732,36,603582.26,Salaried,1
CUST007733,37,515205.35,Salaried,1
CUST007734,35,696982.9,Business Owner,0
CUST007735,36,100000.0,Unemployed,2
CUST007736,35,547594.33,Salaried,1
CUST007737,54,442003.08,Self-Employed,0
CUST007738,31,574432.05,Salaried,1
CUST007739,21,978362.12,Salaried,0
CUST007740,35,354903.81,Self-Employed,1
CUST007741,46,567099.8,Salaried,3
CUST007742,24,923187.24,Salaried,1
CUST007743,63,362381.84,Self-Employed,0
CUST007744,25,294119.99,Self-Employed,3
CUST007745,55,571377.21,Salaried,3
CUST007746,33,361768.63,Self-Employed,1
CUST007747,30,763852.07,Salaried,1
CUST007748,31,622575.83,Salaried,0
CUST007749,38,281277.57,Self-Employed,1
CUST007750,54,647892.22,Salaried,0
CUST007751,59,629085.27,Salaried,0
CUST007752,61,394018.09,Salaried,1
CUST007753,62,1078422.78,Business Owner,0
CUST007754,43,674905.44,Salaried,4
CUST007755,27,398082.45,Salaried,2
CUST007756,59,418244.22,Salaried,0
CUST007757,23,547490.78,Salaried,3
CUST007758,32,375585.66,Self-Employed,0
CUST007759,27,689463.26,Salaried,1
CUST007760,46,726903.79,Business Owner,1
CUST007761,53,464802.36,Self-Employed,0
CUST007762,57,288300.84,Self-Employed,3
CUST007763,35,742276.77,Salaried,1
CUST007764,22,486072.31,Salaried,1
CUST007765,61,445231.97,Salaried,1
CUST007766,27,607756.18,Salaried,2
CUST007767,52,761046.22,Salaried,0
CUST007768,24,590594.93,Self-Employed,0
CUST007769,40,515311.29,Salaried,1
CUST007770,56,539234.46,Salaried,0
CUST007771,52,397586.65,Salaried,0
CUST007772,48,888719.19,Salaried,1
CUST007773,33,1520688.99,Business Owner,2
CUST007774,21,643259.24,Salaried,3
CUST007775,55,895150.18,Business Owner,0
CUST007776,50,274774.39,Self-Employed,0
CUST007777,56,841659.11,Business Owner,1
CUST007778,45,733676.42,Salaried,0
CUST007779,36,1191723.06,Business Owner,3
CUST007780,39,532410.02,Salaried,0
CUST007781,21,660147.81,Self-Employed,4
CUST007782,25,773562.86,Salaried,1
CUST007783,42,605186.89,Salaried,3
CUST007784,44,696373.35,Self-Employed,2
CUST007785,63,830065.65,Self-Employed,1
CUST007786,57,887292.42,Salaried,2
CUST007787,56,509937.27,Salaried,1
CUST007788,56,588675.41,Self-Employed,0
CUST007789,24,705507.39,Salaried,0
CUST007790,56,597163.14,Salaried,2
CUST007791,38,1397454.14,Business Owner,1
CUST007792,36,152793.08,Unemployed,1
CUST007793,61,838867.1,Business Owner,0
CUST007794,38,374214.54,Business Owner,2
CUST007795,42,346491.82,Salaried,2
CUST007796,22,132492.0,Unemployed,1
CUST007797,41,164882.24,Salaried,1
CUST007798,56,786674.96,Salaried,0
CUST007799,64,1255465.13,Business Owner,1
CUST007800,59,703474.84,Salaried,1
CUST007801,59,766929.94,Salaried,4
CUST007802,49,558677.2,Salaried,1
CUST007803,46,633189.34,Salaried,0
CUST007804,41,425762.83,Self-Employed,2
CUST007805,37,766369.24,Salaried,1
CUST007806,36,217250.85,Salaried,1
CUST007807,51,766326.62,Salaried,2
CUST007808,29,326854.72,Salaried,0
CUST007809,51,569088.6,Salaried,3
CUST007810,34,480167.16,Business Owner,1
CUST007811,57,579581.43,Salaried,2
CUST007812,22,678882.54,Business Owner,2
CUST007813,34,542286.49,Salaried,2
CUST007814,53,682096.9,Salaried,0
CUST007815,55,633714.89,Salaried,3
CUST007816,59,749876.35,Salaried,1
CUST007817,40,662753.17,Salaried,2
CUST007818,22,361629.36,Salaried,0
CUST007819,61,952731.55,Salaried,1
CUST007820,39,302140.99,Salaried,2
CUST007821,57,562910.3,Self-Employed,1
CUST007822,38,186794.29,Unemployed,0
CUST007823,36,643903.7,Salaried,0
CUST007824,24,459986.79,Self-Employed,2
CUST007825,32,797312.39,Self-Employed,2
CUST007826,49,768483.08,Salaried,0
CUST007827,27,891498.97,Business Owner,1
CUST007828,34,127546.94,Unemployed,2
CUST007829,32,477393.15,Salaried,2
CUST007830,55,352484.81,Self-Employed,0
CUST007831,25,488018.35,Self-Employed,2
CUST007832,37,351632.69,Salaried,0
CUST007833,62,598996.66,Salaried,1
CUST007834,52,1221292.84,Business Owner,2
CUST007835,30,387399.32,Self-Employed,2
CUST007836,63,596577.98,Salaried,1
CUST007837,37,646110.88,Salaried,0
CUST007838,25,1093775.28,Business Owner,0
CUST007839,62,569982.11,Salaried,0
CUST007840,29,852133.58,Self-Employed,2
CUST007841,53,600514.14,Salaried,0
CUST007842,56,400589.98,Salaried,1
CUST007843,56,542171.73,Salaried,0
CUST007844,38,794721.42,Salaried,3
CUST007845,29,782959.02,Salaried,1
CUST007846,49,156045.78,Self-Employed,1
CUST007847,34,440469.85,Self-Employed,1
CUST007848,45,520866.84,Salaried,1
CUST007849,35,655820.02,Self-Employed,1
CUST007850,26,429289.14,Salaried,1
CUST007851,62,833997.91,Salaried,1
CUST007852,49,379517.63,Salaried,1
CUST007853,35,578975.81,Salaried,1
CUST007854,49,100000.0,Unemployed,3
CUST007855,24,631367.7,Self-Employed,0
CUST007856,38,291278.64,Salaried,1
CUST007857,64,465719.46,Self-Employed,4
CUST007858,59,571336.9,Salaried,0
CUST007859,36,465599.59,Salaried,1
CUST007860,31,782792.9,Salaried,1
CUST007861,34,840740.13,Self-Employed,0
CUST007862,23,539569.73,Salaried,2
CUST007863,62,951739.79,Business Owner,1
CUST007864,58,507407.52,Salaried,1
CUST007865,62,410543.98,Salaried,3
CUST007866,38,100000.0,Unemployed,2
CUST007867,40,436311.62,Salaried,2
CUST007868,45,1399638.66,Business Owner,0
CUST007869,58,1072018.86,Business Owner,1
CUST007870,33,518755.83,Business Owner,1
CUST007871,24,470434.94,Salaried,1
CUST007872,34,450442.06,Salaried,2
CUST007873,53,124294.4,Self-Employed,3
CUST007874,48,603829.83,Self-Employed,0
CUST007875,57,474549.64,Self-Employed,1
CUST007876,28,856464.67,Salaried,2
CUST007877,64,287470.98,Salaried,0
CUST007878,54,727231.72,Salaried,1
CUST007879,64,740542.76,Salaried,1
CUST007880,25,760255.12,Salaried,1
CUST007881,25,636846.78,Salaried,0
CUST007882,51,738410.95,Salaried,2
CUST007883,29,561152.4,Self-Employed,1
CUST007884,62,350293.12,Self-Employed,2
CUST007885,52,539818.16,Salaried,2
CUST007886,53,535813.45,Salaried,1
CUST007887,23,732760.74,Self-Employed,2
CUST007888,50,791913.27,Salaried,1
CUST007889,32,1225818.41,Business Owner,2
CUST007890,49,512260.8,Self-Employed,3
CUST007891,23,100000.0,Business Owner,0
CUST007892,46,664720.88,Self-Employed,1
CUST007893,50,717248.2,Salaried,2
CUST007894,29,556971.92,Self-Employed,1
CUST007895,46,671901.42,Salaried,3
CUST007896,22,478244.51,Salaried,2
CUST007897,23,548495.59,Salaried,1
CUST007898,24,476906.47,Salaried,2
CUST007899,45,576698.39,Salaried,1
CUST007900,33,731556.95,Salaried,1
CUST007901,59,587745.85,Self-Employed,1
CUST007902,64,100000.0,Unemployed,1
CUST007903,55,874807.76,Salaried,2
CUST007904,43,625959.44,Salaried,1
CUST007905,29,498892.12,Salaried,1
CUST007906,22,779568.91,Business Owner,3
CUST007907,61,516771.05,Salaried,0
CUST007908,64,990464.54,Business Owner,1
CUST007909,51,401582.2,Salaried,2
CUST007910,64,1017737.49,Business Owner,2
CUST007911,22,726011.57,Salaried,1
CUST007912,52,698951.23,Salaried,1
CUST007913,38,639729.41,Salaried,2
CUST007914,33,686346.6,Salaried,2
CUST007915,25,1056937.13,Business Owner,0
CUST007916,62,709331.05,Self-Employed,1
CUST007917,64,564072.61,Salaried,1
CUST007918,30,104323.05,Unemployed,1
CUST007919,63,654851.63,Salaried,0
CUST007920,45,204189.88,Unemployed,1
CUST007921,54,541414.29,Salaried,0
CUST007922,57,1539037.03,Business Owner,1
CUST007923,50,657239.4,Salaried,2
CUST007924,27,739252.34,Salaried,2
CUST007925,26,425745.18,Salaried,0
CUST007926,23,718635.07,Salaried,0
CUST007927,33,593592.37,Self-Employed,0
CUST007928,23,916792.55,Salaried,1
CUST007929,46,175798.57,Unemployed,0
CUST007930,44,182692.26,Unemployed,2
CUST007931,26,108996.27,Unemployed,0
CUST007932,63,165868.63,Unemployed,1
CUST007933,62,729155.45,Self-Employed,1
CUST007934,32,132668.13,Unemployed,2
CUST007935,56,615251.24,Business Owner,1
CUST007936,22,901318.71,Salaried,0
CUST007937,31,444473.59,Self-Employed,0
CUST007938,59,1262009.98,Business Owner,1
CUST007939,54,404429.78,Self-Employed,0
CUST007940,46,534313.89,Salaried,3
CUST007941,38,581578.52,Salaried,0
CUST007942,41,1129217.64,Business Owner,2
CUST007943,56,208406.62,Unemployed,2
CUST007944,60,515879.28,Salaried,1
CUST007945,64,768094.54,Salaried,1
CUST007946,42,620751.44,Salaried,1
CUST007947,50,464800.89,Self-Employed,0
CUST007948,63,683921.53,Salaried,1
CUST007949,50,785823.54,Self-Employed,2
CUST007950,28,175777.4,Unemployed,3
CUST007951,54,354689.54,Self-Employed,1
CUST007952,29,621928.1,Salaried,1
CUST007953,40,1124871.01,Business Owner,0
CUST007954,60,381344.33,Self-Employed,1
CUST007955,45,642136.32,Salaried,0
CUST007956,39,492251.27,Salaried,1
CUST007957,25,626842.73,Self-Employed,0
CUST007958,31,1485825.74,Business Owner,1
CUST007959,35,867629.6,Business Owner,1
CUST007960,28,711810.34,Salaried,1
CUST007961,39,753747.58,Salaried,0
CUST007962,43,535647.94,Salaried,2
CUST007963,47,584663.41,Self-Employed,1
CUST007964,60,727697.23,Self-Employed,0
CUST007965,52,845524.44,Salaried,2
CUST007966,46,558256.12,Salaried,0
CUST007967,47,100000.0,Unemployed,0
CUST007968,39,1133453.66,Business Owner,3
CUST007969,62,634323.76,Salaried,1
CUST007970,49,506069.5,Self-Employed,1
CUST007971,59,396131.33,Self-Employed,2
CUST007972,61,732622.57,Salaried,0
CUST007973,53,511703.7,Salaried,2
CUST007974,39,498704.22,Salaried,0
CUST007975,57,580156.32,Salaried,1
CUST007976,39,685776.44,Self-Employed,3
CUST007977,53,396540.1,Salaried,1
CUST007978,36,447774.36,Salaried,0
CUST007979,43,477062.91,Salaried,1
CUST007980,27,897486.27,Salaried,0
CUST007981,46,556506.27,Self-Employed,2
CUST007982,52,443581.24,Salaried,2
CUST007983,32,580357.4,Salaried,2
CUST007984,28,188658.58,Unemployed,0
CUST007985,25,899992.62,Salaried,3
CUST007986,62,192326.46,Self-Employed,2
CUST007987,48,438800.84,Salaried,1
CUST007988,25,764670.61,Business Owner,0
CUST007989,46,778771.11,Business Owner,1
CUST007990,25,552131.47,Salaried,0
CUST007991,42,477550.07,Self-Employed,1
CUST007992,35,904307.08,Salaried,0
CUST007993,33,100000.0,Unemployed,0
CUST007994,48,623973.45,Salaried,1
CUST007995,53,1124390.21,Business Owner,3
CUST007996,63,382252.49,Salaried,2
CUST007997,43,786841.14,Self-Employed,0
CUST007998,53,142158.95,Unemployed,2
CUST007999,63,466520.78,Business Owner,0
CUST008000,38,832015.18,Salaried,1
CUST008001,50,702191.84,Salaried,2
CUST008002,46,518601.51,Salaried,2
CUST008003,36,708750.61,Salaried,0
CUST008004,33,658156.38,Salaried,2
CUST008005,59,369529.32,Salaried,2
CUST008006,53,384187.51,Salaried,1
CUST008007,46,650511.57,Salaried,0
CUST008008,21,334281.06,Salaried,2
CUST008009,58,750815.43,Salaried,0
CUST008010,22,392869.77,Salaried,2
CUST008011,26,684130.82,Self-Employed,0
CUST008012,58,813529.73,Salaried,2
CUST008013,62,673448.77,Salaried,1
CUST008014,44,100000.0,Salaried,1
CUST008015,38,768048.46,Salaried,0
CUST008016,47,412689.2,Self-Employed,3
CUST008017,61,591361.35,Salaried,1
CUST008018,28,488505.85,Salaried,2
CUST008019,48,1572847.5,Business Owner,0
CUST008020,30,158871.05,Unemployed,0
CUST008021,37,539082.0,Salaried,1
CUST008022,49,800913.76,Salaried,1
CUST008023,26,731927.53,Salaried,0
CUST008024,34,430136.74,Salaried,3
CUST008025,42,650103.78,Salaried,0
CUST008026,26,544059.41,Self-Employed,0
CUST008027,46,379188.02,Salaried,2
CUST008028,59,1230840.09,Business Owner,1
CUST008029,32,595644.13,Salaried,2
CUST008030,55,922670.74,Salaried,1
CUST008031,34,781953.43,Self-Employed,3
CUST008032,42,633315.94,Salaried,4
CUST008033,43,586890.28,Salaried,0
CUST008034,27,293294.76,Salaried,0
CUST008035,60,726350.85,Salaried,1
CUST008036,45,589742.57,Salaried,1
CUST008037,33,529885.86,Salaried,1
CUST008038,41,603226.57,Salaried,2
CUST008039,61,832930.59,Salaried,1
CUST008040,30,218232.34,Unemployed,1
CUST008041,29,804283.39,Salaried,1
CUST008042,35,444265.06,Salaried,0
CUST008043,22,228982.14,Unemployed,1
CUST008044,45,401978.03,Self-Employed,0
CUST008045,33,711935.14,Salaried,2
CUST008046,54,694124.7,Salaried,0
CUST008047,54,471812.3,Self-Employed,1
CUST008048,55,632132.09,Salaried,2
CUST008049,58,171359.45,Self-Employed,1
CUST008050,23,152949.14,Unemployed,4
CUST008051,62,564685.67,Salaried,0
CUST008052,26,929463.25,Salaried,1
CUST008053,39,505780.78,Self-Employed,0
CUST008054,23,492807.55,Salaried,0
CUST008055,38,617278.05,Salaried,3
CUST008056,59,499221.3,Salaried,1
CUST008057,29,216221.08,Self-Employed,0
CUST008058,32,582406.5,Self-Employed,0
CUST008059,25,150384.59,Unemployed,1
CUST008060,23,1297270.29,Business Owner,0
CUST008061,31,818401.77,Salaried,0
CUST008062,50,877866.26,Self-Employed,1
CUST008063,24,634458.53,Salaried,2
CUST008064,25,638307.96,Self-Employed,2
CUST008065,21,642233.86,Salaried,2
CUST008066,47,252127.17,Salaried,4
CUST008067,48,747199.08,Self-Employed,1
CUST008068,49,681872.4,Salaried,2
CUST008069,38,1123700.15,Business Owner,5
CUST008070,32,397484.88,Self-Employed,1
CUST008071,33,503555.1,Salaried,3
CUST008072,61,589801.54,Salaried,0
CUST008073,22,1123170.03,Business Owner,2
CUST008074,57,307154.4,Salaried,0
CUST008075,36,540437.93,Self-Employed,1
CUST008076,44,837698.56,Self-Employed,1
CUST008077,55,847465.67,Business Owner,1
CUST008078,42,104087.85,Self-Employed,1
CUST008079,56,462261.27,Self-Employed,1
CUST008080,31,1017935.15,Business Owner,3
CUST008081,49,1050435.13,Business Owner,1
CUST008082,55,530947.64,Self-Employed,0
CUST008083,35,890429.58,Salaried,0
CUST008084,51,621132.17,Salaried,1
CUST008085,62,538385.62,Self-Employed,5
CUST008086,61,514632.75,Salaried,1
CUST008087,63,741648.96,Salaried,2
CUST008088,36,854561.72,Salaried,0
CUST008089,30,374375.37,Self-Employed,1
CUST008090,52,583703.69,Salaried,3
CUST008091,22,251271.8,Salaried,0
CUST008092,44,474508.86,Salaried,1
CUST008093,43,893864.75,Self-Employed,2
CUST008094,22,555416.12,Salaried,0
CUST008095,58,634047.75,Salaried,1
CUST008096,51,490706.17,Salaried,2
CUST008097,60,667172.79,Salaried,0
CUST008098,46,465093.28,Self-Employed,1
CUST008099,49,582186.25,Self-Employed,0
CUST008100,23,615695.0,Salaried,1
CUST008101,34,816501.58,Salaried,0
CUST008102,45,967400.98,Business Owner,0
CUST008103,21,474853.87,Salaried,2
CUST008104,23,504567.69,Salaried,0
CUST008105,46,319712.06,Salaried,2
CUST008106,38,618810.5,Salaried,1
CUST008107,29,590465.16,Salaried,1
CUST008108,58,802663.38,Self-Employed,1
CUST008109,43,424074.56,Salaried,1
CUST008110,41,495357.5,Salaried,1
CUST008111,21,496929.53,Salaried,3
CUST008112,41,561962.74,Salaried,1
CUST008113,47,410857.03,Salaried,0
CUST008114,62,558222.26,Salaried,0
CUST008115,26,602805.8,Salaried,3
CUST008116,64,509756.25,Self-Employed,2
CUST008117,56,754673.89,Self-Employed,1
CUST008118,48,595542.71,Salaried,2
CUST008119,37,591966.59,Salaried,2
CUST008120,60,729027.76,Self-Employed,2
CUST008121,23,599662.48,Salaried,0
CUST008122,32,417628.43,Salaried,1
CUST008123,59,284499.69,Self-Employed,2
CUST008124,32,472811.83,Business Owner,2
CUST008125,22,417190.14,Salaried,3
CUST008126,42,899741.75,Salaried,0
CUST008127,43,471128.34,Business Owner,1
CUST008128,50,593749.75,Salaried,0
CUST008129,25,921986.76,Business Owner,1
CUST008130,29,573475.67,Salaried,0
CUST008131,41,483037.97,Salaried,2
CUST008132,31,668280.33,Salaried,1
CUST008133,25,100000.0,Unemployed,2
CUST008134,55,473678.7,Business Owner,1
CUST008135,47,768275.88,Salaried,0
CUST008136,22,280510.08,Self-Employed,4
CUST008137,44,759508.93,Self-Employed,2
CUST008138,51,776587.19,Self-Employed,4
CUST008139,53,1461103.74,Business Owner,1
CUST008140,59,726582.47,Salaried,3
CUST008141,50,393099.59,Salaried,2
CUST008142,57,100000.0,Unemployed,0
CUST008143,48,452132.82,Business Owner,3
CUST008144,51,457143.41,Salaried,2
CUST008145,31,404984.07,Salaried,0
CUST008146,43,115805.66,Unemployed,2
CUST008147,22,715434.51,Salaried,2
CUST008148,60,630188.63,Self-Employed,2
CUST008149,61,644354.98,Salaried,2
CUST008150,47,814084.74,Business Owner,3
CUST008151,55,589757.63,Salaried,0
CUST008152,22,645160.98,Salaried,1
CUST008153,59,529013.29,Salaried,0
CUST008154,57,1290934.93,Business Owner,3
CUST008155,41,237065.96,Self-Employed,3
CUST008156,25,344631.56,Self-Employed,2
CUST008157,41,461155.27,Salaried,2
CUST008158,49,1083040.48,Business Owner,0
CUST008159,40,259951.34,Self-Employed,1
CUST008160,58,316584.18,Self-Employed,1
CUST008161,40,171218.95,Unemployed,1
CUST008162,45,469674.45,Salaried,1
CUST008163,22,667643.73,Self-Employed,0
CUST008164,52,1225876.33,Business Owner,1
CUST008165,46,392429.1,Self-Employed,1
CUST008166,26,525523.84,Self-Employed,2
CUST008167,61,908901.29,Salaried,1
CUST008168,23,674414.73,Self-Employed,3
CUST008169,53,674120.31,Salaried,2
CUST008170,21,832776.24,Salaried,0
CUST008171,25,514532.17,Business Owner,3
CUST008172,33,788375.04,Salaried,4
CUST008173,39,653341.64,Salaried,0
CUST008174,32,791427.36,Self-Employed,3
CUST008175,45,521679.64,Salaried,2
CUST008176,55,808874.0,Salaried,1
CUST008177,32,338655.14,Salaried,0
CUST008178,50,543616.18,Salaried,2
CUST008179,25,640889.79,Salaried,2
CUST008180,54,698522.98,Salaried,1
CUST008181,42,286007.05,Salaried,1
CUST008182,59,413145.57,Salaried,1
CUST008183,33,437458.39,Salaried,2
CUST008184,23,525735.82,Business Owner,0
CUST008185,40,487427.18,Salaried,2
CUST008186,51,532946.04,Self-Employed,0
CUST008187,25,821437.78,Salaried,0
CUST008188,44,424944.55,Self-Employed,0
CUST008189,60,809161.58,Self-Employed,2
CUST008190,53,612728.26,Salaried,1
CUST008191,28,567874.3,Salaried,1
CUST008192,44,756779.53,Salaried,0
CUST008193,40,468775.44,Self-Employed,1
CUST008194,36,482693.77,Salaried,1
CUST008195,32,1430436.01,Business Owner,0
CUST008196,33,594255.34,Salaried,2
CUST008197,62,868663.52,Salaried,1
CUST008198,59,429021.79,Self-Employed,0
CUST008199,45,367433.49,Business Owner,1
CUST008200,52,484583.98,Salaried,2
CUST008201,44,365859.0,Self-Employed,1
CUST008202,64,585652.78,Salaried,0
CUST008203,29,341146.94,Self-Employed,1
CUST008204,60,249412.38,Self-Employed,0
CUST008205,43,770822.45,Business Owner,3
CUST008206,33,613721.36,Salaried,1
CUST008207,52,661755.01,Salaried,1
CUST008208,35,496636.35,Self-Employed,4
CUST008209,56,804928.91,Salaried,3
CUST008210,25,512283.65,Self-Employed,2
CUST008211,42,272455.51,Salaried,1
CUST008212,36,637577.8,Salaried,1
CUST008213,61,902960.82,Business Owner,3
CUST008214,30,710285.78,Salaried,3
CUST008215,44,100000.0,Unemployed,1
CUST008216,38,1324579.47,Business Owner,1
CUST008217,38,553384.91,Self-Employed,3
CUST008218,27,620340.48,Salaried,1
CUST008219,24,1275388.63,Business Owner,2
CUST008220,46,731913.78,Self-Employed,1
CUST008221,25,759306.53,Salaried,0
CUST008222,36,248183.16,Salaried,0
CUST008223,55,386630.79,Salaried,3
CUST008224,46,128011.13,Unemployed,4
CUST008225,38,424462.83,Business Owner,3
CUST008226,49,621875.5,Business Owner,1
CUST008227,43,489755.51,Self-Employed,7
CUST008228,34,529499.16,Salaried,0
CUST008229,35,596388.75,Salaried,2
CUST008230,53,803956.51,Salaried,0
CUST008231,45,867107.23,Salaried,1
CUST008232,41,655996.2,Salaried,2
CUST008233,37,1434000.84,Business Owner,2
CUST008234,43,130055.7,Unemployed,0
CUST008235,63,506282.69,Salaried,3
CUST008236,37,484983.18,Self-Employed,1
CUST008237,34,437518.57,Self-Employed,2
CUST008238,49,701348.9,Salaried,2
CUST008239,40,502889.7,Self-Employed,1
CUST008240,50,826385.56,Salaried,1
CUST008241,39,947834.14,Business Owner,1
CUST008242,59,358592.1,Self-Employed,1
CUST008243,33,405422.99,Self-Employed,2
CUST008244,38,510890.34,Salaried,2
CUST008245,43,709664.56,Salaried,1
CUST008246,53,584227.01,Salaried,1
CUST008247,59,523654.14,Self-Employed,2
CUST008248,60,1067370.67,Business Owner,2
CUST008249,38,680876.58,Salaried,1
CUST008250,29,711578.84,Self-Employed,1
CUST008251,53,650393.81,Salaried,0
CUST008252,52,456094.37,Salaried,1
CUST008253,37,402737.49,Self-Employed,1
CUST008254,39,402537.42,Self-Employed,1
CUST008255,47,490832.79,Salaried,0
CUST008256,26,755690.57,Salaried,3
CUST008257,55,577735.59,Salaried,1
CUST008258,57,626774.88,Salaried,1
CUST008259,54,1033694.19,Business Owner,1
CUST008260,40,541817.99,Self-Employed,0
CUST008261,45,646499.68,Salaried,1
CUST008262,24,961198.88,Salaried,2
CUST008263,30,183820.53,Unemployed,0
CUST008264,30,315870.32,Self-Employed,1
CUST008265,44,563279.3,Self-Employed,0
CUST008266,41,615861.03,Salaried,2
CUST008267,31,344445.24,Business Owner,1
CUST008268,47,242376.46,Salaried,3
CUST008269,36,528341.26,Self-Employed,1
CUST008270,46,135999.09,Unemployed,1
CUST008271,50,427663.51,Salaried,2
CUST008272,36,518869.56,Salaried,1
CUST008273,27,561100.93,Salaried,1
CUST008274,36,512563.19,Salaried,0
CUST008275,55,640751.23,Salaried,1
CUST008276,36,970176.73,Business Owner,0
CUST008277,60,719811.52,Salaried,1
CUST008278,32,731425.96,Self-Employed,5
CUST008279,55,1157674.01,Business Owner,2
CUST008280,41,115900.3,Unemployed,1
CUST008281,63,625251.06,Salaried,3
CUST008282,56,359233.27,Salaried,1
CUST008283,37,528754.82,Salaried,0
CUST008284,52,218986.3,Salaried,3
CUST008285,61,429469.48,Self-Employed,1
CUST008286,26,519698.09,Salaried,0
CUST008287,44,703660.72,Salaried,1
CUST008288,47,454921.03,Salaried,0
CUST008289,40,534192.16,Self-Employed,0
CUST008290,45,543235.89,Salaried,0
CUST008291,22,536237.03,Salaried,1
CUST008292,29,484675.94,Salaried,0
CUST008293,48,560057.16,Self-Employed,0
CUST008294,58,467796.13,Self-Employed,1
CUST008295,23,456381.68,Salaried,1
CUST008296,40,952745.98,Business Owner,0
CUST008297,26,645952.57,Salaried,1
CUST008298,59,829160.86,Salaried,2
CUST008299,53,512826.04,Salaried,0
CUST008300,21,541848.55,Salaried,0
CUST008301,57,241760.09,Self-Employed,0
CUST008302,26,532872.57,Salaried,0
CUST008303,54,287922.04,Self-Employed,1
CUST008304,35,765606.59,Salaried,0
CUST008305,46,175709.8,Unemployed,0
CUST008306,34,284650.43,Self-Employed,1
CUST008307,27,304584.41,Self-Employed,1
CUST008308,51,389568.4,Self-Employed,2
CUST008309,44,214914.44,Unemployed,0
CUST008310,51,119490.17,Unemployed,1
CUST008311,49,573713.68,Salaried,2
CUST008312,62,829986.68,Salaried,1
CUST008313,52,662305.82,Salaried,2
CUST008314,37,382814.8,Salaried,1
CUST008315,34,325334.49,Salaried,0
CUST008316,60,614120.95,Salaried,2
CUST008317,56,1820529.76,Business Owner,3
CUST008318,44,803361.36,Salaried,1
CUST008319,47,1050688.09,Business Owner,2
CUST008320,45,717769.7,Salaried,1
CUST008321,52,672101.54,Self-Employed,0
CUST008322,38,354666.94,Salaried,1
CUST008323,38,541537.17,Self-Employed,1
CUST008324,57,796999.63,Salaried,2
CUST008325,46,913705.36,Salaried,1
CUST008326,29,1102327.47,Business Owner,0
CUST008327,55,396179.81,Salaried,0
CUST008328,28,685676.59,Salaried,1
CUST008329,40,683209.98,Salaried,2
CUST008330,62,1247662.76,Business Owner,2
CUST008331,42,660950.33,Salaried,1
CUST008332,39,872045.4,Self-Employed,3
CUST008333,50,628527.98,Salaried,0
CUST008334,48,608903.7,Salaried,5
CUST008335,55,795118.98,Business Owner,1
CUST008336,63,614613.77,Salaried,4
CUST008337,31,555897.48,Self-Employed,2
CUST008338,51,618351.48,Salaried,2
CUST008339,59,717398.11,Salaried,2
CUST008340,56,289159.6,Salaried,1
CUST008341,50,472773.4,Self-Employed,1
CUST008342,43,603519.9,Self-Employed,0
CUST008343,39,556355.84,Self-Employed,3
CUST008344,32,408921.3,Salaried,1
CUST008345,35,679535.66,Salaried,1
CUST008346,51,607413.39,Salaried,0
CUST008347,63,652886.61,Self-Employed,1
CUST008348,57,1130550.68,Business Owner,1
CUST008349,57,648695.11,Salaried,0
CUST008350,35,600531.31,Salaried,0
CUST008351,49,642917.83,Salaried,3
CUST008352,63,164406.6,Unemployed,1
CUST008353,46,1430980.07,Business Owner,1
CUST008354,64,1048549.33,Salaried,1
CUST008355,22,438884.45,Salaried,2
CUST008356,40,202408.24,Salaried,0
CUST008357,35,394442.88,Self-Employed,1
CUST008358,24,311771.78,Self-Employed,2
CUST008359,42,726168.03,Salaried,0
CUST008360,58,1496847.64,Business Owner,1
CUST008361,43,722315.13,Salaried,2
CUST008362,46,552898.44,Salaried,0
CUST008363,31,646465.05,Self-Employed,3
CUST008364,48,782232.69,Salaried,3
CUST008365,22,1166184.72,Business Owner,1
CUST008366,28,682721.95,Salaried,3
CUST008367,49,582748.3,Salaried,2
CUST008368,31,256320.94,Self-Employed,1
CUST008369,57,764485.85,Salaried,1
CUST008370,38,854169.8,Salaried,1
CUST008371,34,100000.0,Unemployed,3
CUST008372,30,714900.48,Salaried,1
CUST008373,55,479691.75,Salaried,0
CUST008374,29,1086628.94,Business Owner,0
CUST008375,55,390087.51,Salaried,2
CUST008376,31,717103.67,Salaried,1
CUST008377,64,585505.01,Self-Employed,1
CUST008378,32,724064.68,Salaried,2
CUST008379,23,182369.86,Unemployed,1
CUST008380,59,627996.38,Salaried,0
CUST008381,34,657654.48,Self-Employed,0
CUST008382,48,533144.0,Salaried,0
CUST008383,31,686342.77,Salaried,1
CUST008384,59,389462.17,Self-Employed,0
CUST008385,45,693752.06,Salaried,0
CUST008386,41,461744.5,Self-Employed,0
CUST008387,30,673342.73,Salaried,1
CUST008388,63,442610.17,Self-Employed,0
CUST008389,35,559853.27,Salaried,0
CUST008390,39,455343.01,Self-Employed,2
CUST008391,42,233786.42,Self-Employed,0
CUST008392,41,729831.85,Salaried,1
CUST008393,64,606949.72,Salaried,0
CUST008394,52,406617.55,Salaried,3
CUST008395,43,518555.02,Salaried,2
CUST008396,33,380234.46,Self-Employed,1
CUST008397,25,659946.05,Salaried,0
CUST008398,24,816207.51,Business Owner,1
CUST008399,48,736052.43,Salaried,0
CUST008400,34,422000.72,Business Owner,0
CUST008401,28,665025.61,Salaried,2
CUST008402,29,1041702.41,Business Owner,0
CUST008403,55,536969.43,Salaried,1
CUST008404,57,638198.01,Salaried,1
CUST008405,41,885288.7,Business Owner,0
CUST008406,38,781222.13,Salaried,2
CUST008407,53,612739.15,Salaried,1
CUST008408,28,727536.14,Self-Employed,1
CUST008409,37,666804.14,Self-Employed,0
CUST008410,63,413156.66,Salaried,0
CUST008411,51,587482.97,Salaried,2
CUST008412,54,666408.24,Self-Employed,1
CUST008413,26,636645.02,Salaried,2
CUST008414,42,932792.67,Business Owner,0
CUST008415,34,528736.22,Self-Employed,0
CUST008416,23,621326.16,Self-Employed,0
CUST008417,32,541940.97,Salaried,0
CUST008418,56,785457.06,Business Owner,0
CUST008419,32,725803.17,Salaried,3
CUST008420,22,983292.46,Business Owner,0
CUST008421,22,573570.77,Salaried,0
CUST008422,35,507250.84,Self-Employed,1
CUST008423,43,602357.1,Self-Employed,1
CUST008424,49,597332.06,Salaried,0
CUST008425,37,623953.45,Salaried,0
CUST008426,52,342848.36,Salaried,1
CUST008427,27,636589.3,Salaried,1
CUST008428,50,580524.46,Salaried,0
CUST008429,48,738035.36,Salaried,0
CUST008430,34,489962.52,Self-Employed,1
CUST008431,64,796537.19,Self-Employed,0
CUST008432,50,691762.44,Salaried,2
CUST008433,37,351162.21,Self-Employed,3
CUST008434,52,406272.51,Business Owner,0
CUST008435,26,587595.67,Salaried,0
CUST008436,44,604268.43,Salaried,1
CUST008437,26,345372.05,Salaried,0
CUST008438,47,489604.52,Self-Employed,5
CUST008439,38,434186.12,Self-Employed,1
CUST008440,44,540230.03,Self-Employed,1
CUST008441,57,902601.38,Salaried,0
CUST008442,44,232065.81,Business Owner,3
CUST008443,58,741719.04,Salaried,0
CUST008444,54,672850.08,Salaried,1
CUST008445,60,525460.51,Salaried,2
CUST008446,35,603628.53,Salaried,1
CUST008447,31,682716.37,Self-Employed,2
CUST008448,42,522254.09,Self-Employed,1
CUST008449,44,100000.0,Unemployed,1
CUST008450,21,654688.46,Salaried,2
CUST008451,38,186094.48,Unemployed,0
CUST008452,64,417325.73,Self-Employed,2
CUST008453,32,729566.29,Salaried,1
CUST008454,63,1277072.16,Business Owner,1
CUST008455,48,761130.23,Self-Employed,4
CUST008456,60,750465.21,Salaried,2
CUST008457,27,1918089.11,Business Owner,3
CUST008458,43,733195.41,Self-Employed,2
CUST008459,41,533997.12,Self-Employed,2
CUST008460,54,1220485.41,Business Owner,4
CUST008461,31,619753.68,Salaried,1
CUST008462,42,450331.08,Self-Employed,3
CUST008463,62,291806.98,Self-Employed,2
CUST008464,55,582106.26,Salaried,1
CUST008465,49,734355.23,Salaried,1
CUST008466,62,339605.58,Self-Employed,2
CUST008467,48,662878.7,Salaried,1
CUST008468,38,432827.97,Self-Employed,0
CUST008469,34,920863.56,Business Owner,3
CUST008470,38,599411.34,Salaried,0
CUST008471,48,637120.13,Salaried,1
CUST008472,44,948105.79,Salaried,0
CUST008473,28,407399.59,Self-Employed,2
CUST008474,62,908737.05,Business Owner,1
CUST008475,28,576680.12,Salaried,0
CUST008476,24,383801.02,Salaried,1
CUST008477,47,683828.48,Self-Employed,1
CUST008478,56,345266.45,Self-Employed,0
CUST008479,25,814788.69,Salaried,2
CUST008480,53,355059.48,Self-Employed,0
CUST008481,54,666464.87,Salaried,1
CUST008482,50,858377.76,Self-Employed,1
CUST008483,28,677016.6,Salaried,1
CUST008484,59,520587.25,Salaried,2
CUST008485,46,565879.14,Business Owner,1
CUST008486,57,279389.63,Salaried,0
CUST008487,54,552525.54,Salaried,0
CUST008488,27,354697.61,Business Owner,1
CUST008489,60,505075.16,Self-Employed,3
CUST008490,48,544144.03,Salaried,2
CUST008491,59,530535.51,Self-Employed,1
CUST008492,59,460632.29,Business Owner,1
CUST008493,48,405169.91,Self-Employed,1
CUST008494,34,685895.42,Salaried,0
CUST008495,58,568639.1,Self-Employed,3
CUST008496,24,142520.76,Self-Employed,0
CUST008497,62,1228825.06,Business Owner,3
CUST008498,38,445165.63,Salaried,0
CUST008499,64,196332.88,Self-Employed,1
CUST008500,45,568401.87,Salaried,2
CUST008501,27,985852.39,Self-Employed,3
CUST008502,58,133799.84,Unemployed,0
CUST008503,48,616207.86,Salaried,2
CUST008504,25,704350.85,Salaried,0
CUST008505,23,327880.65,Self-Employed,2
CUST008506,64,563302.32,Self-Employed,2
CUST008507,51,477328.89,Salaried,0
CUST008508,62,612326.16,Self-Employed,1
CUST008509,40,1062108.29,Business Owner,2
CUST008510,39,563154.5,Self-Employed,1
CUST008511,31,534942.14,Self-Employed,3
CUST008512,60,902244.51,Salaried,0
CUST008513,23,995045.78,Business Owner,0
CUST008514,43,679822.42,Salaried,3
CUST008515,27,655398.84,Salaried,1
CUST008516,43,449846.11,Salaried,1
CUST008517,27,346261.69,Self-Employed,0
CUST008518,54,466509.83,Business Owner,3
CUST008519,62,482611.49,Salaried,2
CUST008520,39,697364.01,Business Owner,1
CUST008521,29,819245.6,Business Owner,1
CUST008522,38,457276.78,Self-Employed,2
CUST008523,61,615255.86,Self-Employed,1
CUST008524,62,802580.35,Salaried,0
CUST008525,45,771453.52,Salaried,0
CUST008526,34,1011321.62,Business Owner,2
CUST008527,64,475405.27,Salaried,1
CUST008528,45,757393.41,Salaried,1
CUST008529,39,389865.43,Self-Employed,0
CUST008530,59,1073777.52,Business Owner,2
CUST008531,35,556258.76,Self-Employed,0
CUST008532,36,440786.29,Salaried,0
CUST008533,47,521118.74,Salaried,1
CUST008534,60,602624.31,Self-Employed,2
CUST008535,30,577080.63,Salaried,1
CUST008536,24,1036842.17,Salaried,2
CUST008537,39,533224.12,Salaried,0
CUST008538,48,298377.89,Self-Employed,0
CUST008539,41,610927.71,Salaried,1
CUST008540,34,551666.35,Salaried,1
CUST008541,53,342720.28,Salaried,1
CUST008542,30,725315.73,Salaried,1
CUST008543,39,748692.5,Salaried,0
CUST008544,50,728066.56,Salaried,4
CUST008545,42,564085.44,Self-Employed,2
CUST008546,23,579751.36,Salaried,0
CUST008547,57,625891.56,Salaried,2
CUST008548,61,581634.82,Salaried,1
CUST008549,38,504965.02,Salaried,2
CUST008550,31,831082.86,Salaried,2
CUST008551,22,789745.63,Salaried,1
CUST008552,32,699031.98,Salaried,2
CUST008553,26,128674.73,Unemployed,1
CUST008554,63,687715.82,Salaried,2
CUST008555,60,804702.05,Business Owner,2
CUST008556,64,558369.99,Salaried,0
CUST008557,49,597585.35,Salaried,0
CUST008558,50,588202.48,Self-Employed,1
CUST008559,22,539891.65,Salaried,0
CUST008560,29,579140.04,Salaried,1
CUST008561,22,215863.66,Unemployed,1
CUST008562,49,348920.62,Salaried,1
CUST008563,53,752551.45,Salaried,0
CUST008564,30,580255.77,Salaried,1
CUST008565,54,715891.11,Business Owner,2
CUST008566,64,778890.81,Business Owner,1
CUST008567,28,601700.74,Salaried,1
CUST008568,57,739247.54,Salaried,1
CUST008569,53,970185.55,Business Owner,2
CUST008570,26,526239.91,Salaried,0
CUST008571,64,703625.92,Salaried,0
CUST008572,60,480797.18,Self-Employed,2
CUST008573,39,679062.49,Salaried,4
CUST008574,52,554296.79,Self-Employed,3
CUST008575,47,475232.83,Business Owner,3
CUST008576,21,614348.28,Self-Employed,1
CUST008577,63,353368.91,Salaried,1
CUST008578,53,584974.56,Salaried,1
CUST008579,60,448532.53,Salaried,0
CUST008580,52,304101.31,Salaried,2
CUST008581,25,636955.07,Salaried,0
CUST008582,37,724976.34,Salaried,0
CUST008583,28,595293.98,Salaried,0
CUST008584,62,792682.89,Salaried,0
CUST008585,54,600080.12,Salaried,1
CUST008586,29,535467.32,Self-Employed,1
CUST008587,43,331530.15,Self-Employed,2
CUST008588,55,687324.82,Salaried,1
CUST008589,27,607478.11,Self-Employed,0
CUST008590,35,416411.88,Self-Employed,0
CUST008591,40,407683.82,Salaried,1
CUST008592,45,375953.27,Salaried,2
CUST008593,23,751130.54,Salaried,1
CUST008594,44,425108.76,Salaried,3
CUST008595,54,828384.25,Salaried,1
CUST008596,42,110800.2,Unemployed,3
CUST008597,31,555252.35,Salaried,1
CUST008598,28,1066310.07,Self-Employed,0
CUST008599,59,529368.96,Salaried,1
CUST008600,63,455373.39,Salaried,1
CUST008601,55,549126.4,Salaried,1
CUST008602,58,196579.88,Self-Employed,2
CUST008603,28,557661.12,Salaried,2
CUST008604,57,610830.98,Salaried,1
CUST008605,47,199683.49,Unemployed,0
CUST008606,48,676449.6,Salaried,1
CUST008607,60,621859.24,Salaried,1
CUST008608,54,922491.32,Salaried,0
CUST008609,52,620015.07,Self-Employed,0
CUST008610,35,815271.34,Salaried,4
CUST008611,64,733669.3,Salaried,2
CUST008612,37,809453.99,Salaried,2
CUST008613,53,772128.56,Salaried,0
CUST008614,36,666867.24,Self-Employed,0
CUST008615,49,621949.15,Self-Employed,1
CUST008616,29,822861.46,Salaried,0
CUST008617,53,512114.22,Salaried,0
CUST008618,49,489894.96,Salaried,1
CUST008619,33,180722.93,Self-Employed,4
CUST008620,41,678636.66,Salaried,1
CUST008621,41,774285.89,Salaried,0
CUST008622,25,100000.0,Unemployed,0
CUST008623,30,491333.07,Salaried,2
CUST008624,26,222049.65,Unemployed,1
CUST008625,33,704133.3,Salaried,1
CUST008626,21,697608.32,Salaried,2
CUST008627,40,662240.39,Salaried,0
CUST008628,28,568200.95,Salaried,0
CUST008629,30,366796.04,Salaried,1
CUST008630,29,688818.17,Salaried,2
CUST008631,61,256582.01,Unemployed,1
CUST008632,23,644891.95,Salaried,1
CUST008633,31,271297.01,Self-Employed,3
CUST008634,32,459945.88,Self-Employed,1
CUST008635,30,690004.16,Self-Employed,1
CUST008636,45,713783.05,Self-Employed,2
CUST008637,45,833634.34,Salaried,1
CUST008638,31,759057.79,Salaried,0
CUST008639,56,300369.46,Salaried,1
CUST008640,59,634413.46,Salaried,4
CUST008641,46,383708.55,Salaried,1
CUST008642,34,695172.38,Salaried,1
CUST008643,59,1192880.94,Business Owner,2
CUST008644,60,571768.41,Business Owner,1
CUST008645,21,554928.43,Salaried,2
CUST008646,24,503555.8,Salaried,0
CUST008647,50,723117.17,Salaried,0
CUST008648,32,588186.07,Salaried,3
CUST008649,55,503656.35,Salaried,1
CUST008650,33,1214136.28,Business Owner,1
CUST008651,51,691444.09,Salaried,2
CUST008652,58,722776.11,Salaried,1
CUST008653,63,368773.86,Salaried,1
CUST008654,43,120970.4,Unemployed,0
CUST008655,24,1171901.74,Business Owner,1
CUST008656,36,167552.63,Self-Employed,4
CUST008657,27,354785.02,Salaried,0
CUST008658,42,489899.01,Salaried,1
CUST008659,49,715995.14,Salaried,3
CUST008660,31,601697.31,Salaried,2
CUST008661,53,601381.8,Self-Employed,3
CUST008662,49,452429.68,Salaried,1
CUST008663,59,450912.89,Salaried,2
CUST008664,32,778363.03,Self-Employed,1
CUST008665,27,663693.61,Salaried,2
CUST008666,59,285018.92,Self-Employed,0
CUST008667,62,303315.4,Salaried,1
CUST008668,46,388870.71,Salaried,1
CUST008669,60,441523.46,Salaried,1
CUST008670,29,392057.96,Business Owner,1
CUST008671,61,594946.65,Salaried,0
CUST008672,54,700726.7,Salaried,1
CUST008673,33,586478.06,Salaried,2
CUST008674,56,408989.07,Self-Employed,1
CUST008675,45,1037379.75,Business Owner,1
CUST008676,44,549238.15,Salaried,1
CUST008677,64,342915.67,Salaried,1
CUST008678,37,160137.41,Unemployed,2
CUST008679,22,578508.0,Self-Employed,0
CUST008680,33,740700.59,Self-Employed,0
CUST008681,51,738210.89,Salaried,4
CUST008682,49,516044.16,Salaried,1
CUST008683,48,456604.19,Self-Employed,1
CUST008684,47,605283.98,Salaried,1
CUST008685,35,632040.07,Salaried,1
CUST008686,51,824147.64,Salaried,1
CUST008687,60,590063.86,Salaried,0
CUST008688,35,691804.82,Business Owner,0
CUST008689,53,1396758.13,Business Owner,1
CUST008690,40,782636.59,Salaried,0
CUST008691,62,680000.57,Self-Employed,0
CUST008692,32,179310.14,Self-Employed,1
CUST008693,57,932315.03,Business Owner,0
CUST008694,29,453165.79,Self-Employed,2
CUST008695,43,171824.84,Unemployed,1
CUST008696,28,106453.79,Unemployed,2
CUST008697,52,722995.74,Salaried,5
CUST008698,34,571527.12,Self-Employed,0
CUST008699,47,731293.39,Salaried,1
CUST008700,45,487807.48,Salaried,1
CUST008701,33,639761.58,Salaried,1
CUST008702,41,718279.71,Salaried,1
CUST008703,51,100000.0,Self-Employed,4
CUST008704,57,700030.61,Salaried,0
CUST008705,63,755789.69,Business Owner,0
CUST008706,25,495267.49,Self-Employed,2
CUST008707,33,750510.13,Self-Employed,0
CUST008708,48,763734.19,Salaried,0
CUST008709,63,513138.67,Salaried,0
CUST008710,45,346836.2,Salaried,1
CUST008711,55,588503.69,Salaried,2
CUST008712,59,1325014.62,Business Owner,1
CUST008713,27,762887.07,Self-Employed,1
CUST008714,58,286121.49,Salaried,1
CUST008715,52,1139004.65,Business Owner,3
CUST008716,23,669292.11,Salaried,2
CUST008717,59,715801.31,Salaried,0
CUST008718,57,502616.25,Self-Employed,1
CUST008719,42,334518.45,Salaried,1
CUST008720,28,408373.89,Self-Employed,2
CUST008721,37,316062.09,Self-Employed,0
CUST008722,47,293217.29,Self-Employed,1
CUST008723,53,717570.02,Salaried,2
CUST008724,37,574406.74,Salaried,1
CUST008725,62,659058.62,Salaried,1
CUST008726,32,202810.32,Unemployed,1
CUST008727,47,341218.25,Salaried,2
CUST008728,28,840500.8,Salaried,1
CUST008729,43,1614615.37,Business Owner,2
CUST008730,62,144829.78,Self-Employed,2
CUST008731,49,1177061.35,Business Owner,2
CUST008732,40,249470.62,Unemployed,1
CUST008733,36,390516.47,Salaried,3
CUST008734,37,424095.62,Salaried,1
CUST008735,36,722036.07,Salaried,1
CUST008736,39,668780.86,Salaried,2
CUST008737,28,543651.96,Self-Employed,2
CUST008738,58,562459.24,Salaried,1
CUST008739,58,531052.0,Self-Employed,3
CUST008740,49,222667.93,Salaried,2
CUST008741,61,420043.91,Salaried,1
CUST008742,56,477594.01,Self-Employed,1
CUST008743,46,283465.1,Salaried,0
CUST008744,51,471920.29,Self-Employed,1
CUST008745,64,149141.88,Unemployed,0
CUST008746,32,352545.88,Self-Employed,2
CUST008747,37,498208.63,Salaried,1
CUST008748,35,481720.84,Business Owner,1
CUST008749,29,527369.57,Salaried,1
CUST008750,59,572010.56,Self-Employed,0
CUST008751,62,664398.51,Salaried,1
CUST008752,32,753684.0,Salaried,1
CUST008753,52,142148.81,Unemployed,2
CUST008754,45,668572.44,Salaried,0
CUST008755,59,319484.37,Business Owner,0
CUST008756,38,631193.74,Salaried,2
CUST008757,35,810909.93,Business Owner,1
CUST008758,52,174969.76,Unemployed,2
CUST008759,26,557671.13,Salaried,0
CUST008760,64,424759.59,Self-Employed,1
CUST008761,63,335351.99,Self-Employed,2
CUST008762,55,1303022.87,Business Owner,1
CUST008763,54,508018.56,Salaried,1
CUST008764,58,872889.92,Self-Employed,2
CUST008765,25,403286.09,Salaried,0
CUST008766,38,775684.21,Salaried,0
CUST008767,36,273545.08,Salaried,0
CUST008768,28,466146.87,Self-Employed,1
CUST008769,45,664822.0,Business Owner,1
CUST008770,52,665920.56,Salaried,3
CUST008771,46,663354.27,Self-Employed,1
CUST008772,42,886841.98,Self-Employed,0
CUST008773,51,520192.18,Salaried,1
CUST008774,63,605433.64,Business Owner,0
CUST008775,30,732331.39,Salaried,0
CUST008776,32,579611.05,Salaried,1
CUST008777,48,504721.08,Salaried,0
CUST008778,26,721815.92,Business Owner,2
CUST008779,40,114471.91,Unemployed,1
CUST008780,25,349625.03,Salaried,0
CUST008781,43,834452.68,Salaried,1
CUST008782,29,673256.97,Salaried,1
CUST008783,49,177864.36,Self-Employed,0
CUST008784,36,799937.56,Self-Employed,0
CUST008785,42,158855.67,Unemployed,1
CUST008786,28,815322.54,Business Owner,1
CUST008787,40,1111873.57,Business Owner,2
CUST008788,34,534692.11,Salaried,1
CUST008789,59,402664.19,Salaried,1
CUST008790,57,392198.45,Self-Employed,1
CUST008791,54,589025.14,Salaried,0
CUST008792,31,465024.78,Salaried,0
CUST008793,60,676295.48,Salaried,2
CUST008794,53,791928.63,Salaried,3
CUST008795,51,426939.29,Self-Employed,3
CUST008796,64,100000.0,Self-Employed,2
CUST008797,54,575077.59,Salaried,0
CUST008798,27,329966.65,Self-Employed,0
CUST008799,43,567863.04,Salaried,2
CUST008800,27,454529.45,Self-Employed,0
CUST008801,45,470807.84,Salaried,0
CUST008802,23,353117.86,Business Owner,1
CUST008803,58,502481.57,Self-Employed,0
CUST008804,40,346419.44,Self-Employed,1
CUST008805,54,848753.54,Self-Employed,1
CUST008806,64,549271.42,Self-Employed,2
CUST008807,64,489955.02,Salaried,0
CUST008808,50,405189.08,Self-Employed,1
CUST008809,37,577277.46,Salaried,2
CUST008810,30,614694.31,Salaried,1
CUST008811,55,692458.71,Salaried,1
CUST008812,40,1357975.55,Business Owner,2
CUST008813,38,589345.8,Salaried,2
CUST008814,64,668283.53,Salaried,1
CUST008815,47,171321.9,Unemployed,1
CUST008816,56,939507.46,Business Owner,0
CUST008817,43,568851.91,Salaried,2
CUST008818,52,956600.05,Business Owner,6
CUST008819,30,502020.73,Salaried,0
CUST008820,31,273130.48,Self-Employed,2
CUST008821,58,788809.15,Self-Employed,2
CUST008822,26,632343.59,Salaried,0
CUST008823,61,554644.72,Self-Employed,2
CUST008824,54,567524.53,Salaried,2
CUST008825,56,674729.66,Salaried,2
CUST008826,57,464025.02,Self-Employed,1
CUST008827,37,372426.57,Salaried,1
CUST008828,60,123270.16,Unemployed,0
CUST008829,60,689640.67,Salaried,1
CUST008830,32,510961.33,Salaried,2
CUST008831,41,133456.12,Self-Employed,1
CUST008832,60,555994.18,Salaried,0
CUST008833,39,340398.05,Salaried,1
CUST008834,23,553740.99,Salaried,1
CUST008835,38,209269.29,Unemployed,1
CUST008836,39,409240.47,Salaried,1
CUST008837,26,697196.59,Salaried,0
CUST008838,36,857224.53,Salaried,0
CUST008839,28,790951.95,Salaried,2
CUST008840,38,565856.73,Salaried,0
CUST008841,63,533914.73,Business Owner,2
CUST008842,59,158744.27,Unemployed,1
CUST008843,32,628308.76,Salaried,1
CUST008844,30,738244.98,Salaried,1
CUST008845,27,152558.38,Unemployed,2
CUST008846,21,660403.98,Salaried,0
CUST008847,56,463656.96,Salaried,2
CUST008848,41,1195867.52,Business Owner,1
CUST008849,57,244790.89,Self-Employed,0
CUST008850,44,505872.29,Salaried,0
CUST008851,45,690128.15,Salaried,1
CUST008852,27,793642.12,Salaried,4
CUST008853,62,702577.55,Salaried,0
CUST008854,37,493521.55,Self-Employed,0
CUST008855,49,495371.32,Self-Employed,2
CUST008856,50,318429.85,Self-Employed,3
CUST008857,27,544586.09,Salaried,1
CUST008858,53,312628.88,Salaried,3
CUST008859,27,848845.28,Salaried,0
CUST008860,44,1786484.25,Business Owner,1
CUST008861,31,111438.05,Self-Employed,2
CUST008862,29,384873.53,Salaried,1
CUST008863,32,804357.25,Salaried,2
CUST008864,55,586110.16,Business Owner,2
CUST008865,24,807766.8,Salaried,1
CUST008866,56,713085.24,Salaried,1
CUST008867,48,551867.03,Salaried,1
CUST008868,33,741705.21,Salaried,2
CUST008869,43,885350.04,Business Owner,0
CUST008870,39,489191.64,Self-Employed,2
CUST008871,62,605724.04,Self-Employed,3
CUST008872,57,1216838.13,Business Owner,1
CUST008873,59,200116.95,Unemployed,0
CUST008874,44,953260.22,Salaried,0
CUST008875,36,654694.64,Salaried,0
CUST008876,53,793930.97,Salaried,5
CUST008877,32,789759.39,Salaried,2
CUST008878,54,637006.33,Self-Employed,1
CUST008879,27,688992.56,Business Owner,1
CUST008880,31,719383.77,Self-Employed,1
CUST008881,51,666876.15,Salaried,0
CUST008882,49,406693.97,Salaried,1
CUST008883,33,752052.16,Salaried,0
CUST008884,51,249521.05,Business Owner,2
CUST008885,22,697137.49,Salaried,0
CUST008886,59,517183.87,Salaried,3
CUST008887,35,624489.52,Salaried,0
CUST008888,31,100000.0,Unemployed,2
CUST008889,54,355215.45,Self-Employed,1
CUST008890,59,690609.79,Business Owner,3
CUST008891,24,469542.56,Self-Employed,0
CUST008892,31,510789.54,Salaried,1
CUST008893,49,652176.33,Salaried,3
CUST008894,22,671545.67,Salaried,2
CUST008895,36,410694.07,Self-Employed,2
CUST008896,59,915619.74,Business Owner,1
CUST008897,33,679733.15,Salaried,2
CUST008898,57,263319.32,Salaried,0
CUST008899,37,588432.61,Self-Employed,1
CUST008900,41,503742.27,Salaried,1
CUST008901,64,100000.0,Self-Employed,2
CUST008902,39,541226.68,Salaried,2
CUST008903,27,448831.34,Salaried,1
CUST008904,58,529610.68,Salaried,0
CUST008905,28,593411.11,Self-Employed,3
CUST008906,33,727573.57,Salaried,1
CUST008907,57,793441.89,Salaried,0
CUST008908,22,1440283.44,Business Owner,1
CUST008909,61,444519.86,Salaried,2
CUST008910,31,781498.18,Salaried,0
CUST008911,44,255335.11,Self-Employed,1
CUST008912,26,758704.34,Salaried,0
CUST008913,46,685658.23,Salaried,3
CUST008914,27,158533.66,Unemployed,3
CUST008915,59,322745.77,Self-Employed,1
CUST008916,39,739509.58,Self-Employed,2
CUST008917,26,298474.57,Self-Employed,1
CUST008918,63,596613.08,Salaried,2
CUST008919,49,610191.73,Salaried,3
CUST008920,63,345325.61,Salaried,0
CUST008921,59,157449.79,Unemployed,1
CUST008922,22,435693.56,Salaried,2
CUST008923,39,816124.59,Salaried,0
CUST008924,24,1981541.41,Business Owner,3
CUST008925,26,353239.52,Self-Employed,0
CUST008926,57,130350.4,Unemployed,1
CUST008927,48,533272.89,Self-Employed,2
CUST008928,50,290913.38,Salaried,4
CUST008929,27,1557377.64,Business Owner,0
CUST008930,29,552194.21,Salaried,0
CUST008931,45,540033.06,Salaried,0
CUST008932,53,637935.81,Self-Employed,0
CUST008933,21,516994.32,Self-Employed,1
CUST008934,26,965798.97,Business Owner,3
CUST008935,38,192178.4,Unemployed,2
CUST008936,30,849982.76,Business Owner,1
CUST008937,48,431481.07,Salaried,1
CUST008938,31,744801.12,Self-Employed,4
CUST008939,53,382901.11,Self-Employed,0
CUST008940,21,123462.63,Unemployed,0
CUST008941,33,634612.04,Salaried,1
CUST008942,57,404079.68,Salaried,2
CUST008943,40,995706.46,Business Owner,1
CUST008944,21,742133.57,Salaried,1
CUST008945,23,815980.72,Self-Employed,1
CUST008946,38,711022.22,Salaried,1
CUST008947,61,760953.43,Salaried,2
CUST008948,34,372093.96,Self-Employed,2
CUST008949,51,723805.39,Salaried,0
CUST008950,47,461776.74,Self-Employed,1
CUST008951,37,773916.3,Salaried,1
CUST008952,49,615383.29,Salaried,1
CUST008953,56,761634.96,Salaried,1
CUST008954,57,532259.8,Self-Employed,0
CUST008955,46,484889.36,Salaried,1
CUST008956,37,507915.66,Self-Employed,2
CUST008957,42,433849.88,Self-Employed,0
CUST008958,45,759444.71,Self-Employed,0
CUST008959,22,228782.17,Self-Employed,0
CUST008960,42,348407.63,Salaried,0
CUST008961,25,643828.9,Salaried,1
CUST008962,24,435334.8,Self-Employed,6
CUST008963,56,428146.92,Salaried,2
CUST008964,26,885932.95,Business Owner,1
CUST008965,41,1006503.98,Business Owner,1
CUST008966,33,784280.97,Salaried,1
CUST008967,57,129450.69,Self-Employed,2
CUST008968,45,974180.76,Business Owner,1
CUST008969,46,846188.53,Salaried,1
CUST008970,59,818798.04,Self-Employed,1
CUST008971,40,613857.7,Salaried,1
CUST008972,53,511361.33,Salaried,0
CUST008973,34,792197.67,Business Owner,2
CUST008974,56,303039.22,Self-Employed,0
CUST008975,37,411715.46,Self-Employed,1
CUST008976,41,931313.09,Business Owner,3
CUST008977,36,594115.99,Self-Employed,0
CUST008978,36,670680.23,Self-Employed,3
CUST008979,40,477880.82,Self-Employed,0
CUST008980,49,463090.45,Self-Employed,2
CUST008981,48,1250573.74,Business Owner,1
CUST008982,28,132844.29,Unemployed,3
CUST008983,44,639740.48,Self-Employed,0
CUST008984,23,169624.15,Self-Employed,0
CUST008985,45,670062.19,Salaried,2
CUST008986,39,1745282.63,Business Owner,1
CUST008987,53,314701.8,Self-Employed,1
CUST008988,22,786620.56,Self-Employed,1
CUST008989,35,704091.15,Salaried,1
CUST008990,42,1249848.38,Business Owner,0
CUST008991,30,700434.88,Salaried,0
CUST008992,38,504713.85,Salaried,1
CUST008993,42,239305.03,Self-Employed,0
CUST008994,47,594897.73,Self-Employed,0
CUST008995,33,581581.04,Salaried,0
CUST008996,53,221579.04,Self-Employed,3
CUST008997,25,531912.93,Salaried,1
CUST008998,46,441901.8,Salaried,0
CUST008999,33,887673.97,Salaried,2
CUST009000,47,1236721.24,Business Owner,3
CUST009001,34,453313.33,Salaried,3
CUST009002,44,675220.37,Salaried,0
CUST009003,23,268301.05,Self-Employed,1
CUST009004,50,327302.55,Salaried,2
CUST009005,55,360319.63,Self-Employed,2
CUST009006,34,839742.71,Business Owner,3
CUST009007,32,1053045.74,Business Owner,1
CUST009008,48,730480.02,Salaried,0
CUST009009,64,546316.29,Salaried,1
CUST009010,49,634743.59,Self-Employed,1
CUST009011,63,360366.36,Salaried,1
CUST009012,37,819924.52,Salaried,0
CUST009013,60,365599.43,Salaried,3
CUST009014,41,525920.53,Salaried,4
CUST009015,43,114779.45,Unemployed,0
CUST009016,40,212549.54,Self-Employed,3
CUST009017,31,649666.49,Salaried,0
CUST009018,54,856062.77,Salaried,0
CUST009019,30,100000.0,Unemployed,0
CUST009020,30,256170.8,Salaried,2
CUST009021,63,325046.36,Self-Employed,0
CUST009022,26,564719.04,Salaried,1
CUST009023,56,1206684.51,Business Owner,2
CUST009024,44,404009.53,Self-Employed,2
CUST009025,32,323502.3,Salaried,3
CUST009026,63,792466.46,Salaried,2
CUST009027,43,317060.28,Self-Employed,1
CUST009028,47,1152228.6,Business Owner,1
CUST009029,57,429270.27,Salaried,1
CUST009030,26,463324.74,Self-Employed,1
CUST009031,21,653364.98,Salaried,3
CUST009032,26,557553.67,Business Owner,0
CUST009033,42,584973.25,Self-Employed,1
CUST009034,61,546216.06,Salaried,3
CUST009035,44,531504.68,Salaried,1
CUST009036,45,826286.83,Salaried,0
CUST009037,35,571003.63,Self-Employed,2
CUST009038,46,673299.5,Salaried,1
CUST009039,28,710476.06,Salaried,0
CUST009040,44,178793.39,Unemployed,0
CUST009041,58,653508.64,Salaried,2
CUST009042,26,748094.22,Self-Employed,1
CUST009043,55,459403.11,Salaried,0
CUST009044,62,622223.92,Salaried,0
CUST009045,21,553540.54,Salaried,1
CUST009046,56,528209.57,Self-Employed,1
CUST009047,32,495243.08,Salaried,1
CUST009048,58,250929.46,Business Owner,0
CUST009049,31,720017.17,Salaried,1
CUST009050,32,961908.23,Salaried,0
CUST009051,62,1330493.41,Business Owner,2
CUST009052,59,730084.93,Salaried,1
CUST009053,27,638262.53,Salaried,3
CUST009054,31,576766.53,Salaried,1
CUST009055,56,480892.56,Self-Employed,2
CUST009056,51,856759.05,Business Owner,2
CUST009057,53,502820.06,Salaried,1
CUST009058,33,351776.89,Salaried,2
CUST009059,38,539767.5,Self-Employed,2
CUST009060,61,788541.14,Business Owner,1
CUST009061,44,770891.17,Salaried,1
CUST009062,29,1195781.04,Business Owner,2
CUST009063,51,295268.13,Salaried,0
CUST009064,61,857065.06,Salaried,1
CUST009065,30,522596.88,Salaried,1
CUST009066,22,545844.96,Salaried,1
CUST009067,58,348415.2,Salaried,1
CUST009068,35,1006600.24,Business Owner,1
CUST009069,23,661675.05,Salaried,2
CUST009070,63,857091.8,Salaried,1
CUST009071,51,727646.8,Salaried,2
CUST009072,26,399260.64,Self-Employed,2
CUST009073,23,190866.45,Business Owner,0
CUST009074,31,513580.53,Salaried,0
CUST009075,35,756590.95,Salaried,1
CUST009076,48,540380.62,Salaried,2
CUST009077,30,435911.05,Salaried,3
CUST009078,58,625378.88,Salaried,0
CUST009079,27,549816.75,Salaried,1
CUST009080,35,408705.91,Self-Employed,2
CUST009081,38,350336.94,Self-Employed,3
CUST009082,38,616350.11,Salaried,2
CUST009083,61,753853.73,Salaried,1
CUST009084,44,602841.25,Self-Employed,0
CUST009085,22,114537.92,Self-Employed,0
CUST009086,60,832664.55,Salaried,1
CUST009087,40,1200569.18,Business Owner,0
CUST009088,54,645581.09,Salaried,1
CUST009089,63,663670.2,Salaried,2
CUST009090,46,687690.38,Salaried,2
CUST009091,27,169459.2,Unemployed,1
CUST009092,58,455804.32,Salaried,3
CUST009093,50,1103011.92,Business Owner,2
CUST009094,62,624448.02,Salaried,1
CUST009095,25,662690.3,Salaried,1
CUST009096,31,372840.39,Self-Employed,2
CUST009097,21,763753.68,Salaried,2
CUST009098,54,515873.34,Salaried,1
CUST009099,21,592765.23,Salaried,0
CUST009100,39,696867.77,Business Owner,2
CUST009101,22,450364.89,Salaried,1
CUST009102,41,707349.55,Salaried,3
CUST009103,40,524850.42,Salaried,2
CUST009104,43,529261.0,Self-Employed,2
CUST009105,41,391527.77,Salaried,2
CUST009106,44,327320.54,Salaried,2
CUST009107,24,859563.12,Salaried,0
CUST009108,32,817288.74,Self-Employed,0
CUST009109,42,509339.3,Salaried,0
CUST009110,40,668334.49,Salaried,1
CUST009111,38,410822.9,Self-Employed,2
CUST009112,21,183374.79,Unemployed,1
CUST009113,50,283646.46,Self-Employed,2
CUST009114,53,423381.69,Salaried,1
CUST009115,44,504328.14,Self-Employed,1
CUST009116,34,1052922.94,Business Owner,0
CUST009117,56,495266.94,Salaried,1
CUST009118,25,404322.04,Salaried,2
CUST009119,31,788760.99,Salaried,0
CUST009120,44,714263.85,Business Owner,0
CUST009121,51,531876.48,Salaried,0
CUST009122,33,784894.42,Salaried,2
CUST009123,36,936236.33,Salaried,1
CUST009124,44,1031030.26,Business Owner,0
CUST009125,33,731940.49,Salaried,0
CUST009126,44,272365.08,Self-Employed,0
CUST009127,46,1192341.53,Business Owner,2
CUST009128,22,728163.16,Salaried,3
CUST009129,36,308520.34,Self-Employed,1
CUST009130,58,519797.17,Salaried,2
CUST009131,21,1389283.69,Business Owner,0
CUST009132,31,444768.42,Self-Employed,2
CUST009133,55,1469595.86,Business Owner,0
CUST009134,63,602904.9,Salaried,2
CUST009135,49,595621.86,Salaried,0
CUST009136,57,746444.37,Salaried,1
CUST009137,37,907898.15,Salaried,0
CUST009138,59,1163901.58,Business Owner,1
CUST009139,62,626220.23,Salaried,2
CUST009140,48,789975.6,Salaried,0
CUST009141,49,800359.5,Salaried,0
CUST009142,63,680194.94,Salaried,3
CUST009143,23,656756.89,Salaried,0
CUST009144,30,705189.08,Salaried,3
CUST009145,62,327963.95,Business Owner,0
CUST009146,34,442954.4,Salaried,2
CUST009147,32,548155.11,Self-Employed,0
CUST009148,62,484457.15,Salaried,3
CUST009149,50,507271.41,Self-Employed,5
CUST009150,52,630528.42,Salaried,1
CUST009151,52,507215.77,Business Owner,2
CUST009152,62,619268.8,Self-Employed,0
CUST009153,52,314536.34,Salaried,0
CUST009154,46,551747.64,Salaried,1
CUST009155,21,370082.25,Salaried,3
CUST009156,62,435553.4,Self-Employed,3
CUST009157,22,691249.11,Self-Employed,1
CUST009158,37,488716.47,Salaried,0
CUST009159,50,296461.52,Salaried,1
CUST009160,59,806331.71,Business Owner,1
CUST009161,27,567819.23,Business Owner,0
CUST009162,47,500324.57,Self-Employed,2
CUST009163,29,564665.88,Salaried,0
CUST009164,42,970202.08,Business Owner,2
CUST009165,54,734537.45,Self-Employed,0
CUST009166,21,543441.47,Salaried,0
CUST009167,29,612978.91,Salaried,1
CUST009168,40,435383.85,Self-Employed,1
CUST009169,39,751507.78,Salaried,2
CUST009170,56,623534.47,Salaried,2
CUST009171,60,1107809.86,Business Owner,1
CUST009172,24,652004.61,Self-Employed,3
CUST009173,29,122254.26,Business Owner,0
CUST009174,61,718037.36,Salaried,0
CUST009175,42,1052195.69,Business Owner,0
CUST009176,38,498829.73,Salaried,2
CUST009177,32,757679.47,Self-Employed,0
CUST009178,62,748060.32,Salaried,1
CUST009179,63,571513.4,Salaried,1
CUST009180,59,289522.77,Salaried,1
CUST009181,29,488523.96,Self-Employed,1
CUST009182,26,450205.53,Salaried,0
CUST009183,39,270710.46,Salaried,1
CUST009184,27,687239.72,Salaried,2
CUST009185,36,829044.63,Salaried,1
CUST009186,25,481200.43,Self-Employed,3
CUST009187,36,162961.34,Unemployed,1
CUST009188,21,801413.74,Salaried,0
CUST009189,57,535572.85,Self-Employed,1
CUST009190,59,119544.1,Unemployed,2
CUST009191,39,100000.0,Self-Employed,1
CUST009192,57,663003.64,Self-Employed,3
CUST009193,37,662686.09,Salaried,1
CUST009194,46,739126.6,Salaried,2
CUST009195,42,232839.53,Salaried,1
CUST009196,28,911499.42,Salaried,2
CUST009197,53,583747.51,Business Owner,2
CUST009198,22,763885.78,Salaried,2
CUST009199,50,315034.82,Salaried,2
CUST009200,40,590089.13,Business Owner,2
CUST009201,38,518381.89,Salaried,1
CUST009202,63,491263.39,Business Owner,0
CUST009203,30,335461.4,Self-Employed,0
CUST009204,44,843023.29,Salaried,0
CUST009205,24,432097.23,Self-Employed,1
CUST009206,57,925805.33,Self-Employed,0
CUST009207,24,758332.21,Salaried,1
CUST009208,33,299302.4,Salaried,0
CUST009209,45,548665.02,Salaried,0
CUST009210,33,422760.68,Self-Employed,0
CUST009211,38,458002.43,Salaried,0
CUST009212,44,743959.0,Self-Employed,1
CUST009213,22,729295.06,Salaried,1
CUST009214,53,923562.27,Salaried,1
CUST009215,39,531228.43,Salaried,1
CUST009216,29,665745.64,Salaried,1
CUST009217,48,547146.79,Salaried,1
CUST009218,55,540257.6,Salaried,0
CUST009219,59,721676.8,Salaried,3
CUST009220,30,260061.52,Unemployed,0
CUST009221,21,747698.72,Salaried,1
CUST009222,62,675526.6,Self-Employed,1
CUST009223,41,876459.42,Business Owner,0
CUST009224,29,1239064.59,Business Owner,0
CUST009225,35,1371157.02,Business Owner,1
CUST009226,55,471188.51,Salaried,1
CUST009227,25,508312.57,Self-Employed,0
CUST009228,61,770338.27,Business Owner,0
CUST009229,42,647000.98,Business Owner,0
CUST009230,61,696639.27,Self-Employed,2
CUST009231,43,564682.4,Salaried,1
CUST009232,27,173705.91,Unemployed,0
CUST009233,43,672371.26,Salaried,1
CUST009234,64,559548.22,Salaried,1
CUST009235,45,381690.72,Salaried,4
CUST009236,47,547401.09,Salaried,2
CUST009237,61,679241.16,Salaried,0
CUST009238,26,645367.07,Salaried,1
CUST009239,54,100000.0,Unemployed,0
CUST009240,29,721703.47,Salaried,2
CUST009241,53,516973.94,Salaried,1
CUST009242,26,1129072.02,Business Owner,0
CUST009243,57,722236.58,Salaried,0
CUST009244,51,670542.86,Salaried,1
CUST009245,54,882326.78,Salaried,0
CUST009246,61,749906.32,Salaried,0
CUST009247,49,531979.15,Salaried,0
CUST009248,34,429702.64,Self-Employed,2
CUST009249,56,869889.3,Business Owner,0
CUST009250,56,429702.4,Self-Employed,1
CUST009251,35,655428.8,Salaried,2
CUST009252,28,429922.8,Salaried,1
CUST009253,46,807333.52,Salaried,2
CUST009254,56,606220.82,Salaried,2
CUST009255,41,802973.75,Salaried,1
CUST009256,48,426567.05,Business Owner,0
CUST009257,24,422998.15,Salaried,2
CUST009258,36,761902.94,Salaried,4
CUST009259,42,502900.18,Salaried,1
CUST009260,32,450474.66,Salaried,3
CUST009261,36,732814.13,Self-Employed,2
CUST009262,60,575155.0,Business Owner,2
CUST009263,58,597185.73,Salaried,2
CUST009264,62,518777.41,Salaried,2
CUST009265,57,187885.02,Unemployed,1
CUST009266,49,545325.12,Self-Employed,0
CUST009267,38,195563.74,Unemployed,0
CUST009268,30,420164.24,Salaried,1
CUST009269,62,636161.19,Salaried,1
CUST009270,59,613731.91,Salaried,3
CUST009271,38,487657.05,Salaried,0
CUST009272,21,292858.12,Self-Employed,0
CUST009273,59,586923.82,Salaried,2
CUST009274,41,556353.6,Salaried,0
CUST009275,21,776984.26,Salaried,2
CUST009276,35,1230312.79,Business Owner,2
CUST009277,24,497071.39,Salaried,0
CUST009278,40,561457.29,Salaried,1
CUST009279,30,609398.99,Self-Employed,1
CUST009280,43,698543.7,Salaried,0
CUST009281,61,778292.58,Salaried,0
CUST009282,54,590424.5,Salaried,0
CUST009283,53,963678.95,Business Owner,1
CUST009284,54,143977.36,Self-Employed,2
CUST009285,59,277960.38,Self-Employed,1
CUST009286,30,195556.39,Unemployed,0
CUST009287,40,100000.0,Unemployed,0
CUST009288,21,164878.88,Self-Employed,0
CUST009289,33,715311.02,Salaried,1
CUST009290,21,421059.96,Self-Employed,1
CUST009291,25,480766.87,Salaried,1
CUST009292,36,100000.0,Unemployed,2
CUST009293,35,205634.09,Self-Employed,2
CUST009294,48,533011.61,Salaried,0
CUST009295,51,578811.37,Salaried,1
CUST009296,43,786570.56,Salaried,3
CUST009297,63,580041.04,Salaried,0
CUST009298,37,551880.27,Salaried,2
CUST009299,54,556593.75,Salaried,3
CUST009300,33,262107.43,Salaried,0
CUST009301,34,401993.4,Self-Employed,2
CUST009302,31,695192.51,Salaried,2
CUST009303,48,613048.07,Salaried,2
CUST009304,62,716365.83,Salaried,2
CUST009305,52,1332781.58,Business Owner,0
CUST009306,55,353223.88,Salaried,1
CUST009307,51,502441.98,Salaried,0
CUST009308,37,700812.97,Self-Employed,0
CUST009309,29,615732.95,Salaried,0
CUST009310,30,577576.74,Salaried,2
CUST009311,28,755047.95,Salaried,0
CUST009312,41,341659.34,Self-Employed,0
CUST009313,33,353694.43,Self-Employed,0
CUST009314,25,340566.9,Self-Employed,2
CUST009315,26,400572.48,Salaried,1
CUST009316,50,455667.02,Self-Employed,0
CUST009317,51,627057.91,Salaried,0
CUST009318,37,443393.85,Salaried,1
CUST009319,31,583924.68,Salaried,0
CUST009320,40,380418.57,Self-Employed,2
CUST009321,29,588483.49,Salaried,0
CUST009322,22,788888.81,Self-Employed,1
CUST009323,57,934432.67,Business Owner,1
CUST009324,21,615898.53,Salaried,0
CUST009325,24,905688.19,Salaried,1
CUST009326,56,523894.12,Salaried,2
CUST009327,45,691915.38,Salaried,3
CUST009328,23,520318.21,Salaried,1
CUST009329,29,189287.62,Unemployed,2
CUST009330,42,464282.31,Salaried,0
CUST009331,43,433029.95,Self-Employed,2
CUST009332,32,515828.53,Salaried,2
CUST009333,30,482573.3,Business Owner,2
CUST009334,54,100000.0,Business Owner,1
CUST009335,63,581489.49,Self-Employed,3
CUST009336,30,645262.57,Business Owner,2
CUST009337,50,559255.74,Salaried,3
CUST009338,42,580573.92,Salaried,2
CUST009339,26,206826.37,Self-Employed,0
CUST009340,22,421397.11,Self-Employed,6
CUST009341,50,185329.89,Business Owner,2
CUST009342,22,531060.45,Salaried,1
CUST009343,52,824729.73,Salaried,0
CUST009344,62,519313.13,Salaried,2
CUST009345,36,440981.09,Business Owner,0
CUST009346,32,703934.9,Business Owner,0
CUST009347,21,813678.34,Self-Employed,1
CUST009348,28,532622.57,Salaried,0
CUST009349,33,190023.83,Self-Employed,0
CUST009350,35,134869.84,Self-Employed,0
CUST009351,64,539220.55,Salaried,1
CUST009352,28,662640.04,Self-Employed,1
CUST009353,30,666153.42,Salaried,0
CUST009354,25,764672.32,Salaried,1
CUST009355,39,694180.37,Salaried,4
CUST009356,58,502244.55,Self-Employed,1
CUST009357,31,100000.0,Business Owner,2
CUST009358,63,776969.76,Self-Employed,2
CUST009359,40,208643.46,Self-Employed,2
CUST009360,40,946590.93,Salaried,1
CUST009361,41,346633.98,Self-Employed,0
CUST009362,38,491187.78,Salaried,2
CUST009363,30,393436.06,Self-Employed,0
CUST009364,54,602056.14,Salaried,1
CUST009365,46,225842.95,Self-Employed,1
CUST009366,50,323035.45,Self-Employed,1
CUST009367,29,686898.96,Self-Employed,5
CUST009368,51,768207.28,Self-Employed,2
CUST009369,62,434216.47,Salaried,2
CUST009370,24,1033416.12,Business Owner,1
CUST009371,26,521486.87,Salaried,1
CUST009372,34,175105.56,Unemployed,0
CUST009373,24,320511.14,Self-Employed,4
CUST009374,46,709668.62,Salaried,0
CUST009375,59,846691.61,Business Owner,1
CUST009376,37,401540.92,Self-Employed,4
CUST009377,39,148135.15,Unemployed,0
CUST009378,26,788880.93,Self-Employed,0
CUST009379,49,585826.47,Salaried,1
CUST009380,31,642747.31,Salaried,1
CUST009381,36,613483.28,Salaried,1
CUST009382,50,937684.32,Business Owner,2
CUST009383,45,743600.37,Self-Employed,0
CUST009384,60,724850.17,Salaried,1
CUST009385,31,227979.35,Self-Employed,3
CUST009386,27,609730.58,Self-Employed,1
CUST009387,46,841829.32,Salaried,1
CUST009388,42,565084.7,Salaried,1
CUST009389,45,728205.07,Salaried,3
CUST009390,39,185229.21,Salaried,1
CUST009391,51,455079.72,Salaried,3
CUST009392,46,959238.39,Salaried,1
CUST009393,62,1205304.06,Business Owner,1
CUST009394,61,632736.4,Salaried,1
CUST009395,56,876094.32,Salaried,0
CUST009396,43,433389.56,Salaried,1
CUST009397,33,790381.36,Salaried,2
CUST009398,45,471375.05,Salaried,2
CUST009399,22,614196.81,Salaried,1
CUST009400,22,175029.81,Self-Employed,1
CUST009401,36,423277.01,Self-Employed,1
CUST009402,29,798548.12,Salaried,3
CUST009403,48,397881.61,Self-Employed,0
CUST009404,33,673961.4,Salaried,1
CUST009405,55,526987.67,Salaried,1
CUST009406,61,586132.16,Self-Employed,1
CUST009407,33,1197917.81,Business Owner,0
CUST009408,51,364382.89,Self-Employed,2
CUST009409,41,470191.16,Salaried,1
CUST009410,52,739108.73,Business Owner,1
CUST009411,54,536394.65,Salaried,0
CUST009412,28,296397.32,Salaried,1
CUST009413,61,650239.97,Salaried,0
CUST009414,22,576327.01,Self-Employed,0
CUST009415,58,181329.35,Business Owner,1
CUST009416,52,725844.04,Salaried,3
CUST009417,60,540034.08,Salaried,2
CUST009418,48,565656.17,Self-Employed,2
CUST009419,57,800720.18,Business Owner,0
CUST009420,61,648907.86,Salaried,1
CUST009421,21,946867.55,Business Owner,0
CUST009422,61,731679.98,Salaried,2
CUST009423,30,500380.88,Self-Employed,3
CUST009424,24,713098.76,Salaried,1
CUST009425,55,813717.8,Salaried,3
CUST009426,30,483597.27,Self-Employed,1
CUST009427,31,794635.19,Business Owner,1
CUST009428,34,684392.64,Salaried,3
CUST009429,58,290895.3,Salaried,0
CUST009430,32,468884.48,Salaried,2
CUST009431,37,463631.88,Salaried,3
CUST009432,36,610432.08,Self-Employed,1
CUST009433,55,622516.67,Salaried,1
CUST009434,22,753623.04,Self-Employed,3
CUST009435,31,781221.74,Salaried,2
CUST009436,61,100000.0,Unemployed,1
CUST009437,23,347014.77,Salaried,1
CUST009438,49,605797.33,Salaried,2
CUST009439,38,367959.09,Salaried,1
CUST009440,40,111103.73,Business Owner,0
CUST009441,34,489307.61,Salaried,0
CUST009442,54,287245.11,Salaried,1
CUST009443,51,488936.52,Business Owner,0
CUST009444,60,1184559.86,Business Owner,1
CUST009445,62,705593.57,Business Owner,1
CUST009446,38,824659.32,Salaried,1
CUST009447,50,514776.26,Salaried,0
CUST009448,45,610622.23,Self-Employed,1
CUST009449,39,520583.51,Salaried,3
CUST009450,28,567588.71,Salaried,2
CUST009451,48,541159.69,Salaried,1
CUST009452,28,177808.22,Unemployed,1
CUST009453,51,708669.99,Salaried,1
CUST009454,23,912297.7,Self-Employed,3
CUST009455,23,602231.14,Salaried,1
CUST009456,64,609569.03,Self-Employed,2
CUST009457,42,294643.51,Self-Employed,1
CUST009458,37,703151.75,Salaried,2
CUST009459,56,603785.03,Salaried,0
CUST009460,37,100000.0,Self-Employed,1
CUST009461,34,469682.41,Salaried,2
CUST009462,29,100000.0,Self-Employed,1
CUST009463,50,352322.59,Self-Employed,0
CUST009464,41,561316.46,Self-Employed,2
CUST009465,32,555187.37,Salaried,1
CUST009466,57,692410.67,Salaried,2
CUST009467,52,100000.0,Self-Employed,1
CUST009468,31,743746.56,Salaried,1
CUST009469,40,162279.11,Unemployed,2
CUST009470,55,100000.0,Unemployed,0
CUST009471,31,596259.58,Salaried,4
CUST009472,28,928653.89,Salaried,1
CUST009473,24,819784.45,Salaried,2
CUST009474,47,233878.29,Unemployed,2
CUST009475,64,568065.14,Salaried,0
CUST009476,60,770469.96,Salaried,0
CUST009477,58,762045.21,Self-Employed,2
CUST009478,50,443416.73,Salaried,0
CUST009479,64,793599.08,Salaried,0
CUST009480,47,759624.1,Salaried,4
CUST009481,41,365431.22,Self-Employed,3
CUST009482,40,614020.24,Salaried,0
CUST009483,24,803729.22,Salaried,2
CUST009484,31,876813.52,Business Owner,1
CUST009485,33,732510.93,Salaried,1
CUST009486,29,405712.36,Self-Employed,3
CUST009487,24,435756.75,Salaried,0
CUST009488,32,420138.12,Salaried,0
CUST009489,29,557810.76,Salaried,3
CUST009490,33,587661.92,Self-Employed,0
CUST009491,46,336415.5,Salaried,1
CUST009492,58,888936.73,Salaried,2
CUST009493,62,760166.49,Salaried,2
CUST009494,33,677070.29,Salaried,1
CUST009495,59,722367.66,Salaried,1
CUST009496,48,370463.23,Self-Employed,1
CUST009497,39,378621.5,Salaried,1
CUST009498,44,581968.74,Self-Employed,1
CUST009499,39,756622.7,Salaried,1
CUST009500,33,525930.3,Salaried,1
CUST009501,33,522329.52,Business Owner,1
CUST009502,48,518700.24,Salaried,2
CUST009503,22,672171.99,Salaried,2
CUST009504,30,620388.89,Self-Employed,1
CUST009505,42,1624004.69,Business Owner,2
CUST009506,33,666951.51,Salaried,2
CUST009507,29,566776.47,Business Owner,1
CUST009508,53,440523.32,Self-Employed,0
CUST009509,34,442918.2,Salaried,1
CUST009510,40,721371.53,Self-Employed,0
CUST009511,35,432721.73,Salaried,0
CUST009512,52,515171.86,Salaried,0
CUST009513,53,672214.26,Salaried,2
CUST009514,37,819059.08,Self-Employed,3
CUST009515,44,1028428.53,Salaried,2
CUST009516,50,398944.12,Salaried,1
CUST009517,33,627519.93,Self-Employed,4
CUST009518,36,495398.3,Self-Employed,2
CUST009519,22,137535.17,Unemployed,0
CUST009520,37,557568.32,Salaried,3
CUST009521,52,414799.58,Salaried,2
CUST009522,63,850019.84,Salaried,2
CUST009523,28,100000.0,Self-Employed,1
CUST009524,23,577858.48,Salaried,0
CUST009525,32,1498949.68,Business Owner,1
CUST009526,40,634062.75,Salaried,2
CUST009527,36,631882.83,Business Owner,0
CUST009528,34,374051.37,Self-Employed,3
CUST009529,36,1251723.92,Business Owner,1
CUST009530,63,554134.95,Salaried,2
CUST009531,53,493591.64,Self-Employed,4
CUST009532,50,693330.42,Salaried,0
CUST009533,32,739528.92,Salaried,0
CUST009534,35,516285.34,Salaried,1
CUST009535,38,226870.93,Self-Employed,0
CUST009536,48,449570.52,Salaried,1
CUST009537,43,1452397.2,Business Owner,2
CUST009538,34,610271.58,Salaried,1
CUST009539,50,412621.81,Salaried,1
CUST009540,53,459995.84,Salaried,2
CUST009541,35,732902.16,Self-Employed,3
CUST009542,27,613023.01,Salaried,1
CUST009543,35,230102.55,Business Owner,1
CUST009544,62,434678.18,Salaried,1
CUST009545,58,1361146.85,Business Owner,1
CUST009546,64,514825.35,Salaried,0
CUST009547,31,914219.67,Salaried,0
CUST009548,49,883090.92,Self-Employed,1
CUST009549,51,1495822.56,Business Owner,0
CUST009550,45,674729.97,Salaried,0
CUST009551,44,1313217.3,Business Owner,0
CUST009552,39,591628.77,Salaried,4
CUST009553,22,494026.45,Self-Employed,0
CUST009554,42,419986.0,Salaried,1
CUST009555,40,593310.86,Salaried,1
CUST009556,53,409716.57,Salaried,1
CUST009557,28,902499.47,Business Owner,2
CUST009558,45,100000.0,Unemployed,2
CUST009559,29,469720.22,Salaried,0
CUST009560,54,100000.0,Business Owner,1
CUST009561,43,482600.28,Salaried,2
CUST009562,25,356056.46,Self-Employed,1
CUST009563,45,553652.28,Salaried,2
CUST009564,28,738127.78,Self-Employed,2
CUST009565,36,592088.84,Salaried,3
CUST009566,35,739214.52,Salaried,0
CUST009567,21,693738.77,Self-Employed,1
CUST009568,42,1464029.5,Business Owner,1
CUST009569,23,318806.87,Self-Employed,0
CUST009570,58,427229.04,Business Owner,1
CUST009571,34,853404.06,Business Owner,0
CUST009572,56,443648.96,Salaried,0
CUST009573,38,565537.74,Salaried,0
CUST009574,61,310093.94,Self-Employed,2
CUST009575,38,412346.11,Business Owner,1
CUST009576,23,167770.26,Unemployed,2
CUST009577,30,873023.17,Self-Employed,0
CUST009578,59,449950.86,Self-Employed,2
CUST009579,21,555451.22,Self-Employed,2
CUST009580,47,609747.59,Salaried,1
CUST009581,47,594827.75,Salaried,2
CUST009582,31,785791.91,Self-Employed,3
CUST009583,25,789352.27,Business Owner,0
CUST009584,27,100000.0,Unemployed,2
CUST009585,39,468400.92,Salaried,4
CUST009586,49,521344.23,Self-Employed,1
CUST009587,35,857228.39,Business Owner,2
CUST009588,55,454084.93,Self-Employed,0
CUST009589,57,523474.39,Salaried,0
CUST009590,32,517196.51,Self-Employed,2
CUST009591,50,911026.39,Self-Employed,2
CUST009592,40,434740.87,Self-Employed,2
CUST009593,57,932678.45,Self-Employed,4
CUST009594,23,1088675.23,Business Owner,2
CUST009595,29,499451.77,Salaried,0
CUST009596,61,730038.36,Salaried,1
CUST009597,59,100000.0,Self-Employed,1
CUST009598,46,597707.93,Salaried,2
CUST009599,22,175926.22,Unemployed,1
CUST009600,43,679661.93,Salaried,0
CUST009601,43,695558.8,Salaried,0
CUST009602,41,1189895.13,Business Owner,0
CUST009603,36,644588.26,Salaried,1
CUST009604,29,1189155.9,Business Owner,2
CUST009605,33,388041.94,Self-Employed,0
CUST009606,48,776453.83,Salaried,2
CUST009607,47,715974.44,Business Owner,0
CUST009608,37,773543.18,Salaried,0
CUST009609,58,596986.57,Salaried,0
CUST009610,56,632722.58,Salaried,1
CUST009611,21,732320.61,Salaried,1
CUST009612,38,1502606.7,Business Owner,0
CUST009613,29,508112.21,Self-Employed,4
CUST009614,33,632419.91,Salaried,3
CUST009615,60,100000.0,Self-Employed,1
CUST009616,35,326135.48,Self-Employed,1
CUST009617,63,295586.63,Business Owner,1
CUST009618,64,539196.11,Salaried,2
CUST009619,24,632848.65,Business Owner,1
CUST009620,53,481296.51,Salaried,0
CUST009621,44,293302.85,Self-Employed,1
CUST009622,56,176268.11,Unemployed,0
CUST009623,61,331459.37,Salaried,1
CUST009624,30,436347.83,Salaried,1
CUST009625,56,604973.0,Salaried,0
CUST009626,40,745453.97,Salaried,2
CUST009627,61,460474.0,Salaried,0
CUST009628,64,710074.09,Self-Employed,1
CUST009629,31,190223.83,Salaried,0
CUST009630,32,600319.91,Salaried,1
CUST009631,38,645913.62,Salaried,1
CUST009632,50,451754.02,Salaried,2
CUST009633,64,403517.43,Salaried,2
CUST009634,57,525339.16,Self-Employed,3
CUST009635,40,594645.25,Salaried,1
CUST009636,45,109423.41,Unemployed,0
CUST009637,32,556683.53,Salaried,4
CUST009638,41,659246.92,Business Owner,1
CUST009639,45,787612.51,Salaried,2
CUST009640,31,635996.37,Self-Employed,1
CUST009641,29,538756.78,Self-Employed,2
CUST009642,45,1654879.6,Business Owner,2
CUST009643,55,706962.76,Self-Employed,1
CUST009644,52,212197.57,Unemployed,3
CUST009645,34,816219.53,Self-Employed,0
CUST009646,21,468799.12,Self-Employed,0
CUST009647,37,412878.52,Business Owner,1
CUST009648,45,143229.42,Self-Employed,2
CUST009649,28,710876.0,Salaried,2
CUST009650,25,455023.54,Salaried,2
CUST009651,25,2230712.22,Business Owner,2
CUST009652,61,473665.21,Salaried,0
CUST009653,55,297025.14,Self-Employed,2
CUST009654,39,716659.78,Salaried,0
CUST009655,43,719765.75,Salaried,2
CUST009656,29,859383.83,Self-Employed,3
CUST009657,50,450071.91,Self-Employed,1
CUST009658,36,774013.69,Salaried,1
CUST009659,53,575634.94,Salaried,2
CUST009660,22,681886.07,Salaried,1
CUST009661,34,457278.9,Self-Employed,2
CUST009662,21,887084.29,Salaried,1
CUST009663,46,953523.84,Self-Employed,1
CUST009664,45,262039.84,Self-Employed,0
CUST009665,36,213851.09,Unemployed,0
CUST009666,35,460469.3,Salaried,1
CUST009667,46,774305.33,Salaried,2
CUST009668,64,846003.11,Salaried,1
CUST009669,36,455722.55,Salaried,1
CUST009670,34,416667.35,Salaried,0
CUST009671,49,701934.87,Business Owner,1
CUST009672,44,775189.68,Salaried,1
CUST009673,35,671354.39,Salaried,2
CUST009674,39,562761.59,Salaried,1
CUST009675,28,1188422.56,Business Owner,1
CUST009676,54,556205.88,Salaried,1
CUST009677,22,619765.02,Salaried,3
CUST009678,47,681751.25,Salaried,0
CUST009679,30,595506.62,Self-Employed,3
CUST009680,55,1576192.92,Business Owner,1
CUST009681,43,419659.79,Salaried,4
CUST009682,28,742015.97,Salaried,1
CUST009683,48,458952.58,Salaried,0
CUST009684,43,419019.61,Self-Employed,0
CUST009685,24,576066.22,Salaried,1
CUST009686,34,730650.93,Business Owner,1
CUST009687,62,398256.0,Salaried,2
CUST009688,49,532386.34,Salaried,2
CUST009689,21,640847.73,Salaried,2
CUST009690,24,846332.79,Business Owner,0
CUST009691,52,794515.11,Self-Employed,0
CUST009692,53,144608.46,Unemployed,1
CUST009693,46,602232.44,Salaried,1
CUST009694,37,627360.86,Salaried,1
CUST009695,59,473417.69,Self-Employed,1
CUST009696,43,671661.38,Salaried,1
CUST009697,52,396388.27,Self-Employed,3
CUST009698,35,425104.03,Salaried,0
CUST009699,33,589247.34,Salaried,2
CUST009700,22,657706.48,Salaried,0
CUST009701,39,532614.66,Self-Employed,2
CUST009702,44,466702.08,Salaried,1
CUST009703,44,964175.64,Business Owner,3
CUST009704,31,701810.96,Salaried,1
CUST009705,42,980990.41,Business Owner,3
CUST009706,35,493498.94,Salaried,0
CUST009707,30,611499.4,Salaried,3
CUST009708,61,235131.64,Unemployed,0
CUST009709,47,444307.99,Salaried,3
CUST009710,29,719176.13,Self-Employed,0
CUST009711,48,100000.0,Self-Employed,1
CUST009712,21,518223.43,Salaried,1
CUST009713,37,413925.59,Self-Employed,1
CUST009714,51,1332399.85,Business Owner,2
CUST009715,64,865890.47,Salaried,0
CUST009716,30,722519.69,Self-Employed,2
CUST009717,57,602319.77,Self-Employed,2
CUST009718,49,759417.13,Salaried,0
CUST009719,38,397121.63,Salaried,2
CUST009720,58,734073.97,Salaried,2
CUST009721,59,279578.96,Self-Employed,3
CUST009722,26,604344.37,Business Owner,3
CUST009723,60,579134.88,Self-Employed,1
CUST009724,32,414628.32,Salaried,3
CUST009725,34,783875.82,Salaried,0
CUST009726,64,900574.34,Business Owner,1
CUST009727,30,404790.38,Salaried,1
CUST009728,40,1503832.7,Business Owner,0
CUST009729,35,447412.43,Self-Employed,0
CUST009730,51,575443.96,Salaried,0
CUST009731,27,566934.35,Salaried,2
CUST009732,61,162429.9,Salaried,2
CUST009733,30,751621.26,Self-Employed,0
CUST009734,30,911211.34,Business Owner,0
CUST009735,59,530627.79,Self-Employed,2
CUST009736,48,702144.62,Salaried,0
CUST009737,50,555950.08,Salaried,0
CUST009738,57,275721.3,Self-Employed,1
CUST009739,23,460372.52,Salaried,3
CUST009740,63,674635.28,Self-Employed,0
CUST009741,35,598215.86,Salaried,2
CUST009742,41,750888.2,Salaried,0
CUST009743,57,777269.39,Salaried,0
CUST009744,32,733083.21,Salaried,3
CUST009745,24,751290.18,Self-Employed,2
CUST009746,29,493219.75,Salaried,0
CUST009747,59,1140778.57,Business Owner,2
CUST009748,62,406528.46,Self-Employed,1
CUST009749,48,435853.72,Salaried,3
CUST009750,43,669127.61,Salaried,3
CUST009751,60,650838.79,Self-Employed,1
CUST009752,64,548361.82,Salaried,1
CUST009753,42,152380.98,Unemployed,0
CUST009754,44,640602.32,Self-Employed,2
CUST009755,46,508208.14,Salaried,0
CUST009756,50,662129.98,Self-Employed,0
CUST009757,53,464028.21,Salaried,0
CUST009758,36,661167.34,Salaried,1
CUST009759,42,416391.79,Business Owner,2
CUST009760,63,801897.02,Salaried,0
CUST009761,38,636978.64,Self-Employed,2
CUST009762,27,250531.67,Unemployed,4
CUST009763,46,459840.46,Salaried,3
CUST009764,28,699848.86,Salaried,3
CUST009765,26,597091.57,Salaried,1
CUST009766,50,380065.05,Salaried,1
CUST009767,59,616571.29,Salaried,2
CUST009768,43,1127499.92,Business Owner,2
CUST009769,52,1688067.82,Business Owner,2
CUST009770,42,399102.5,Self-Employed,2
CUST009771,62,671162.34,Salaried,3
CUST009772,63,1022738.5,Business Owner,1
CUST009773,29,573903.09,Salaried,0
CUST009774,51,584964.19,Salaried,2
CUST009775,27,711974.84,Salaried,4
CUST009776,29,584907.04,Salaried,1
CUST009777,33,805905.7,Business Owner,1
CUST009778,23,398675.77,Self-Employed,5
CUST009779,55,199699.27,Self-Employed,1
CUST009780,53,686747.79,Self-Employed,3
CUST009781,41,396577.13,Self-Employed,1
CUST009782,51,784953.33,Salaried,0
CUST009783,54,789148.81,Salaried,0
CUST009784,52,1859281.53,Business Owner,1
CUST009785,55,666681.05,Salaried,3
CUST009786,35,178014.84,Unemployed,3
CUST009787,52,691821.41,Salaried,1
CUST009788,26,639025.4,Salaried,2
CUST009789,41,777004.04,Salaried,0
CUST009790,53,866968.5,Business Owner,0
CUST009791,52,682827.07,Salaried,2
CUST009792,39,478287.52,Self-Employed,1
CUST009793,53,403323.91,Salaried,0
CUST009794,48,648874.87,Self-Employed,1
CUST009795,51,187526.27,Salaried,3
CUST009796,41,682401.69,Salaried,1
CUST009797,54,763097.59,Salaried,2
CUST009798,35,688198.75,Salaried,0
CUST009799,34,481616.14,Salaried,5
CUST009800,39,809268.5,Self-Employed,3
CUST009801,63,872190.71,Salaried,1
CUST009802,35,699836.21,Salaried,1
CUST009803,26,878220.34,Salaried,1
CUST009804,29,917988.67,Salaried,1
CUST009805,57,503760.34,Salaried,0
CUST009806,40,463355.87,Salaried,1
CUST009807,54,711478.14,Salaried,4
CUST009808,58,128865.93,Salaried,0
CUST009809,46,455694.41,Self-Employed,2
CUST009810,38,368187.16,Self-Employed,0
CUST009811,48,571631.96,Salaried,2
CUST009812,29,415914.14,Salaried,2
CUST009813,52,577105.64,Salaried,1
CUST009814,26,690888.42,Salaried,1
CUST009815,34,858861.58,Salaried,0
CUST009816,48,593725.11,Self-Employed,0
CUST009817,44,333821.07,Salaried,1
CUST009818,33,153268.75,Unemployed,3
CUST009819,63,812869.97,Salaried,1
CUST009820,32,458551.33,Self-Employed,0
CUST009821,39,637085.89,Self-Employed,0
CUST009822,41,781924.6,Salaried,2
CUST009823,47,625861.0,Salaried,2
CUST009824,39,571773.24,Self-Employed,3
CUST009825,44,1135860.37,Business Owner,0
CUST009826,46,537644.37,Salaried,1
CUST009827,48,569340.81,Salaried,1
CUST009828,38,468305.39,Salaried,1
CUST009829,64,527220.2,Salaried,2
CUST009830,56,1224495.0,Business Owner,3
CUST009831,62,607817.67,Self-Employed,2
CUST009832,49,430000.92,Salaried,1
CUST009833,37,457277.6,Salaried,0
CUST009834,24,512586.73,Salaried,0
CUST009835,64,336040.11,Business Owner,1
CUST009836,49,1002467.7,Business Owner,5
CUST009837,24,506220.94,Salaried,2
CUST009838,30,677406.01,Salaried,2
CUST009839,45,1306352.34,Business Owner,1
CUST009840,51,349047.07,Salaried,1
CUST009841,23,506295.59,Salaried,0
CUST009842,22,368182.75,Salaried,0
CUST009843,45,324379.62,Salaried,1
CUST009844,26,681679.53,Salaried,2
CUST009845,46,160559.65,Unemployed,0
CUST009846,28,386829.84,Self-Employed,3
CUST009847,55,457452.65,Salaried,0
CUST009848,47,437794.89,Salaried,0
CUST009849,45,535303.26,Self-Employed,1
CUST009850,38,565206.12,Salaried,0
CUST009851,21,465568.5,Salaried,0
CUST009852,59,662624.66,Salaried,2
CUST009853,23,556514.37,Self-Employed,0
CUST009854,24,454406.82,Salaried,3
CUST009855,61,528862.48,Salaried,1
CUST009856,57,729093.66,Salaried,2
CUST009857,35,712257.69,Salaried,1
CUST009858,28,117190.82,Unemployed,2
CUST009859,58,832300.26,Self-Employed,3
CUST009860,39,573708.87,Salaried,1
CUST009861,46,718272.56,Salaried,0
CUST009862,59,289736.93,Self-Employed,1
CUST009863,30,577165.53,Salaried,3
CUST009864,58,316867.77,Self-Employed,2
CUST009865,34,351973.56,Salaried,1
CUST009866,61,593634.59,Salaried,0
CUST009867,39,133600.43,Unemployed,1
CUST009868,50,760807.42,Salaried,1
CUST009869,25,513371.46,Salaried,2
CUST009870,51,553755.62,Self-Employed,1
CUST009871,27,737671.0,Business Owner,0
CUST009872,39,305377.56,Self-Employed,3
CUST009873,51,661303.63,Self-Employed,1
CUST009874,59,507880.34,Salaried,0
CUST009875,44,534876.35,Salaried,1
CUST009876,54,421904.23,Salaried,0
CUST009877,43,162285.44,Self-Employed,2
CUST009878,60,667978.23,Salaried,1
CUST009879,26,585132.75,Salaried,2
CUST009880,58,1267288.66,Business Owner,1
CUST009881,61,676341.66,Salaried,0
CUST009882,56,413257.82,Salaried,3
CUST009883,47,600481.53,Salaried,1
CUST009884,31,594679.4,Salaried,1
CUST009885,25,751655.78,Salaried,0
CUST009886,37,784957.56,Salaried,2
CUST009887,27,340646.07,Salaried,1
CUST009888,47,764793.69,Salaried,1
CUST009889,35,744625.5,Salaried,0
CUST009890,33,478236.95,Salaried,1
CUST009891,31,593166.91,Salaried,1
CUST009892,46,284520.99,Salaried,1
CUST009893,42,592458.35,Salaried,1
CUST009894,48,480073.98,Business Owner,1
CUST009895,44,1108368.29,Business Owner,2
CUST009896,49,661994.05,Salaried,4
CUST009897,29,585890.29,Salaried,2
CUST009898,62,629490.68,Salaried,4
CUST009899,24,342026.27,Self-Employed,2
CUST009900,38,100000.0,Unemployed,0
CUST009901,63,917150.89,Salaried,1
CUST009902,36,704904.51,Self-Employed,2
CUST009903,53,952321.09,Business Owner,0
CUST009904,49,567890.59,Salaried,1
CUST009905,59,960426.55,Salaried,1
CUST009906,30,851038.64,Salaried,3
CUST009907,29,557286.83,Salaried,1
CUST009908,51,454407.06,Salaried,0
CUST009909,48,510488.3,Self-Employed,1
CUST009910,23,543294.28,Salaried,0
CUST009911,34,457931.02,Salaried,1
CUST009912,45,1448793.96,Business Owner,1
CUST009913,35,678654.42,Salaried,1
CUST009914,22,538907.68,Salaried,2
CUST009915,44,536836.72,Salaried,0
CUST009916,34,601926.49,Salaried,0
CUST009917,27,527096.4,Salaried,1
CUST009918,56,671008.39,Business Owner,0
CUST009919,44,908066.63,Salaried,2
CUST009920,47,317610.88,Self-Employed,0
CUST009921,57,268272.97,Salaried,1
CUST009922,58,1161728.4,Business Owner,1
CUST009923,50,723284.94,Self-Employed,0
CUST009924,47,961659.56,Business Owner,3
CUST009925,59,358331.14,Salaried,0
CUST009926,35,845637.19,Business Owner,2
CUST009927,46,696515.63,Business Owner,3
CUST009928,21,767425.69,Self-Employed,1
CUST009929,24,473233.61,Salaried,3
CUST009930,49,634570.55,Salaried,1
CUST009931,21,689699.51,Salaried,2
CUST009932,63,471361.02,Salaried,3
CUST009933,42,381006.79,Self-Employed,2
CUST009934,31,586656.72,Self-Employed,0
CUST009935,30,119409.1,Salaried,1
CUST009936,37,804293.99,Salaried,1
CUST009937,56,448292.33,Salaried,0
CUST009938,46,606636.09,Salaried,0
CUST009939,41,397103.05,Salaried,1
CUST009940,33,763673.69,Self-Employed,3
CUST009941,29,600077.54,Salaried,4
CUST009942,31,542779.66,Self-Employed,1
CUST009943,31,683907.1,Salaried,1
CUST009944,26,1335947.51,Business Owner,3
CUST009945,21,432193.75,Salaried,0
CUST009946,26,559575.9,Salaried,3
CUST009947,33,789380.12,Salaried,1
CUST009948,42,534132.64,Salaried,0
CUST009949,51,805036.81,Salaried,0
CUST009950,42,541216.0,Self-Employed,0
CUST009951,57,536404.11,Salaried,1
CUST009952,47,704005.72,Salaried,1
CUST009953,34,469260.98,Self-Employed,1
CUST009954,25,727527.35,Salaried,3
CUST009955,56,528149.21,Salaried,1
CUST009956,52,1242688.45,Business Owner,0
CUST009957,54,665627.29,Salaried,0
CUST009958,27,432279.4,Self-Employed,1
CUST009959,62,135389.18,Self-Employed,1
CUST009960,30,1091399.23,Business Owner,2
CUST009961,37,715015.83,Self-Employed,1
CUST009962,50,628832.09,Salaried,1
CUST009963,41,263315.24,Salaried,0
CUST009964,33,206983.58,Unemployed,0
CUST009965,21,659704.34,Salaried,1
CUST009966,21,623552.99,Self-Employed,1
CUST009967,53,868171.97,Business Owner,2
CUST009968,58,113609.72,Self-Employed,0
CUST009969,45,687076.53,Salaried,0
CUST009970,46,567076.45,Salaried,1
CUST009971,33,490352.62,Salaried,0
CUST009972,48,861457.64,Salaried,1
CUST009973,53,179432.05,Unemployed,2
CUST009974,57,543797.36,Self-Employed,2
CUST009975,61,327446.85,Self-Employed,0
CUST009976,50,451801.69,Salaried,0
CUST009977,28,675283.87,Salaried,3
CUST009978,21,300739.66,Salaried,0
CUST009979,32,682622.6,Salaried,0
CUST009980,25,691868.89,Salaried,2
CUST009981,44,806257.98,Salaried,3
CUST009982,26,747282.75,Salaried,1
CUST009983,45,771006.19,Salaried,0
CUST009984,21,120126.76,Unemployed,1
CUST009985,45,380153.94,Salaried,1
CUST009986,21,535122.74,Self-Employed,1
CUST009987,52,666528.54,Salaried,3
CUST009988,62,751702.54,Salaried,1
CUST009989,62,823009.73,Salaried,0
CUST009990,23,267137.67,Self-Employed,1
CUST009991,39,728533.9,Salaried,2
CUST009992,63,263411.47,Salaried,3
CUST009993,49,1010093.8,Business Owner,3
CUST009994,22,704984.73,Salaried,1
CUST009995,29,371011.9,Salaried,1
CUST009996,37,693591.02,Salaried,1
CUST009997,56,440264.85,Salaried,2
CUST009998,37,421217.95,Self-Employed,1
CUST009999,32,671935.64,Self-Employed,1
