customer_id,loan_amount,tenure_months,interest_rate,loan_type,application_date,default_flag
CUST000000,606308.93,36,8.5,Business,2023-06-04,0
CUST000001,402686.4,24,11.35,Auto,2024-05-21,0
CUST000002,169841.76,60,7.81,Education,2023-07-10,0
CUST000003,1086964.37,60,13.61,Personal,2024-01-26,0
CUST000004,739753.94,120,8.81,Auto,2024-09-11,0
CUST000005,675353.65,48,9.86,Personal,2024-05-12,0
CUST000006,202448.42,120,6.0,Home,2025-01-10,0
CUST000007,108136.47,12,8.13,Personal,2025-10-23,0
CUST000008,21154.75,12,10.04,Personal,2025-08-23,0
CUST000009,77035.54,120,13.14,Auto,2024-10-21,0
CUST000010,920106.27,84,13.75,Education,2024-06-28,0
CUST000011,215085.95,12,12.38,Business,2023-12-29,0
CUST000012,645763.16,12,9.61,Business,2025-09-26,1
CUST000013,76317.27,48,13.95,Business,2024-12-11,0
CUST000014,191440.93,36,8.77,Education,2023-03-09,0
CUST000015,676090.3,48,12.4,Education,2024-06-20,0
CUST000016,86823.15,60,11.38,Home,2025-11-23,0
CUST000017,150475.38,120,10.07,Home,2024-08-30,0
CUST000018,82568.69,24,9.5,Home,2024-05-26,0
CUST000019,237421.37,48,7.77,Auto,2023-12-24,0
CUST000020,267836.61,36,14.69,Home,2025-05-03,0
CUST000021,488436.83,60,8.3,Education,2023-11-25,1
CUST000022,589654.81,12,8.94,Personal,2024-12-07,0
CUST000023,230028.04,48,10.71,Personal,2023-05-03,0
CUST000024,826863.61,60,9.42,Auto,2025-08-04,0
CUST000025,291516.71,12,8.27,Education,2023-05-14,0
CUST000026,110186.64,60,13.87,Auto,2024-01-16,0
CUST000027,1017818.36,120,7.5,Education,2025-09-23,0
CUST000028,446386.85,120,13.23,Home,2023-10-15,1
CUST000029,295110.16,48,8.56,Auto,2023-06-29,0
CUST000030,511624.43,120,6.69,Home,2024-10-12,1
CUST000031,129846.28,24,15.73,Home,2024-02-16,0
CUST000032,724524.45,84,9.75,Home,2024-02-26,0
CUST000033,494528.33,84,7.39,Business,2023-05-14,0
CUST000034,43475.61,24,10.3,Auto,2023-05-17,0
CUST000035,680147.31,48,11.28,Home,2025-11-30,1
CUST000036,271427.92,60,9.37,Home,2024-02-01,0
CUST000037,294466.5,24,11.3,Home,2023-11-29,1
CUST000038,127784.69,36,8.63,Home,2024-08-05,0
CUST000039,293293.28,36,13.72,Education,2024-11-09,0
CUST000040,306526.06,48,11.53,Personal,2025-07-20,0
CUST000041,1145176.86,36,12.88,Business,2024-12-23,0
CUST000042,550552.25,84,8.58,Education,2024-01-02,1
CUST000043,460339.4,120,12.15,Business,2024-04-20,0
CUST000044,385440.7,84,8.59,Auto,2025-08-21,0
CUST000045,79303.25,36,13.83,Auto,2025-01-24,0
CUST000046,577478.87,36,6.0,Personal,2023-05-13,0
CUST000047,430013.38,12,13.47,Home,2025-06-17,0
CUST000048,340030.72,48,12.84,Home,2024-05-28,0
CUST000049,317921.04,60,11.3,Education,2024-07-30,0
CUST000050,452625.14,60,7.51,Education,2024-12-23,0
CUST000051,475984.92,60,8.43,Education,2023-08-18,0
CUST000052,686817.7,12,12.4,Personal,2025-02-13,1
CUST000053,683042.52,60,13.26,Education,2024-05-05,1
CUST000054,504885.71,36,10.88,Personal,2025-09-16,0
CUST000055,524635.92,48,9.19,Education,2025-06-20,0
CUST000056,106837.12,120,10.68,Education,2024-03-18,0
CUST000057,783052.01,60,10.63,Education,2023-11-01,0
CUST000058,523999.38,84,8.79,Auto,2025-12-27,1
CUST000059,79487.52,48,8.69,Personal,2025-12-18,0
CUST000060,582853.49,48,14.15,Business,2024-11-12,0
CUST000061,980628.19,24,7.72,Home,2023-07-16,0
CUST000062,162239.85,120,12.7,Education,2023-11-08,0
CUST000063,472028.27,84,8.38,Home,2025-05-08,0
CUST000064,745183.19,12,7.14,Home,2023-04-29,0
CUST000065,1374939.84,60,9.32,Education,2024-08-16,0
CUST000066,672152.09,48,10.91,Education,2024-07-20,1
CUST000067,369428.61,48,13.63,Home,2024-01-18,0
CUST000068,118375.61,36,11.71,Personal,2025-02-08,0
CUST000069,1293202.42,84,11.98,Personal,2023-02-03,0
CUST000070,279661.19,48,9.0,Home,2025-07-09,0
CUST000071,897456.76,12,8.67,Auto,2023-04-21,1
CUST000072,302322.32,120,12.65,Home,2025-06-12,0
CUST000073,592565.96,12,12.08,Home,2023-11-15,0
CUST000074,296868.73,24,11.92,Auto,2023-09-03,0
CUST000075,149257.08,24,9.7,Personal,2024-04-26,0
CUST000076,977496.54,36,12.55,Personal,2023-02-04,0
CUST000077,419339.3,12,11.4,Education,2025-11-24,0
CUST000078,624761.94,12,14.44,Business,2024-02-08,0
CUST000079,713470.28,12,11.91,Home,2023-02-28,1
CUST000080,269859.79,36,12.12,Home,2025-12-03,0
CUST000081,238320.39,120,6.0,Auto,2025-03-11,0
CUST000082,110554.16,60,9.54,Business,2023-01-10,0
CUST000083,166933.01,60,10.61,Business,2023-06-17,0
CUST000084,102816.27,24,14.13,Business,2024-10-15,0
CUST000085,645471.61,36,9.31,Home,2024-12-31,0
CUST000086,577300.52,12,9.55,Business,2025-06-15,0
CUST000087,346540.66,24,10.61,Education,2023-12-11,0
CUST000088,44155.98,36,14.51,Education,2024-04-17,0
CUST000089,878676.32,60,13.46,Home,2023-11-01,1
CUST000090,401321.52,36,12.67,Personal,2025-11-16,0
CUST000091,690819.17,24,7.17,Personal,2025-04-25,0
CUST000092,422128.18,24,10.03,Business,2024-09-09,0
CUST000093,701014.63,120,14.01,Home,2025-05-01,0
CUST000094,500618.65,48,12.78,Education,2024-05-21,0
CUST000095,970323.12,60,12.55,Education,2023-08-13,0
CUST000096,152310.74,60,9.31,Education,2023-01-20,0
CUST000097,295569.32,120,15.15,Education,2025-12-24,0
CUST000098,232930.99,48,14.3,Business,2025-01-22,1
CUST000099,377167.73,60,11.88,Business,2025-04-28,0
CUST000100,938537.89,120,8.27,Education,2023-12-24,0
CUST000101,1204548.74,24,14.7,Home,2024-10-09,0
CUST000102,323941.98,84,12.83,Personal,2025-06-21,0
CUST000103,122987.39,60,10.58,Home,2025-09-03,0
CUST000104,321623.37,36,11.88,Home,2025-02-22,0
CUST000105,93883.8,60,9.76,Personal,2024-12-10,0
CUST000106,401434.53,24,11.8,Home,2024-07-13,0
CUST000107,812969.41,36,13.92,Education,2025-11-19,0
CUST000108,414749.32,48,10.56,Personal,2025-09-09,0
CUST000109,729483.16,36,10.3,Auto,2025-09-26,0
CUST000110,90604.28,36,6.35,Auto,2024-02-28,0
CUST000111,506963.45,12,10.18,Home,2024-07-03,0
CUST000112,260919.27,120,10.55,Education,2023-02-06,0
CUST000113,321062.32,48,9.61,Home,2023-03-11,1
CUST000114,191801.06,84,10.32,Auto,2024-10-28,0
CUST000115,179921.3,84,13.06,Auto,2023-07-15,0
CUST000116,132339.1,60,6.17,Education,2024-03-12,0
CUST000117,501547.95,120,6.0,Personal,2023-04-20,0
CUST000118,1293852.04,24,6.0,Business,2024-05-20,0
CUST000119,376169.21,12,17.02,Education,2023-05-03,0
CUST000120,333969.35,120,12.17,Home,2023-12-08,0
CUST000121,173812.87,60,11.69,Personal,2025-11-28,0
CUST000122,674524.1,36,10.77,Home,2023-12-14,0
CUST000123,912625.39,12,8.58,Auto,2023-10-05,0
CUST000124,158756.97,36,6.19,Home,2025-12-20,0
CUST000125,816565.16,12,22.28,Personal,2023-10-20,1
CUST000126,530808.95,48,8.49,Auto,2024-07-05,0
CUST000127,149032.07,48,12.52,Business,2023-04-23,0
CUST000128,817454.11,48,9.03,Personal,2024-06-15,1
CUST000129,452787.78,120,11.71,Auto,2025-06-03,0
CUST000130,296541.33,120,9.72,Personal,2023-05-25,0
CUST000131,208795.18,120,9.61,Personal,2025-11-11,0
CUST000132,96434.23,12,10.38,Education,2024-05-27,0
CUST000133,119316.96,60,12.98,Home,2023-12-14,0
CUST000134,292790.97,12,15.33,Auto,2025-10-20,1
CUST000135,570719.91,12,10.6,Home,2025-09-08,0
CUST000136,70338.17,84,9.9,Home,2024-11-08,0
CUST000137,79279.93,84,7.48,Auto,2025-02-22,0
CUST000138,79162.9,84,11.27,Education,2023-04-03,0
CUST000139,388928.25,36,11.34,Home,2024-08-20,1
CUST000140,785723.67,84,13.46,Home,2025-01-03,0
CUST000141,600030.32,60,12.69,Education,2024-07-04,1
CUST000142,330258.28,12,18.78,Auto,2024-12-20,0
CUST000143,504965.42,36,9.18,Home,2025-06-20,0
CUST000144,803220.05,120,12.24,Business,2024-07-20,0
CUST000145,215115.17,24,12.7,Auto,2023-06-13,0
CUST000146,396508.01,120,11.5,Auto,2024-10-29,0
CUST000147,139365.32,12,12.77,Business,2023-08-20,0
CUST000148,869523.41,12,13.32,Business,2025-05-14,0
CUST000149,239277.09,84,6.83,Personal,2025-01-26,0
CUST000150,457929.41,120,11.22,Business,2023-08-04,0
CUST000151,631231.31,60,9.68,Home,2025-05-12,0
CUST000152,1253898.57,84,12.12,Personal,2025-01-14,1
CUST000153,184534.78,48,7.2,Auto,2024-01-21,0
CUST000154,191809.81,48,6.31,Auto,2025-12-08,0
CUST000155,731243.27,12,15.81,Personal,2024-12-04,1
CUST000156,424577.76,60,7.52,Education,2023-09-07,0
CUST000157,908238.3,24,11.38,Auto,2024-11-18,1
CUST000158,937541.3,60,9.22,Education,2024-07-02,0
CUST000159,462193.25,60,12.12,Business,2024-10-18,0
CUST000160,485895.73,24,13.54,Auto,2024-08-03,0
CUST000161,996719.87,84,7.49,Personal,2024-05-19,0
CUST000162,790839.81,36,9.54,Business,2025-12-26,0
CUST000163,133611.72,120,11.48,Education,2025-12-09,0
CUST000164,56390.62,120,13.01,Home,2025-05-28,0
CUST000165,579026.25,120,10.85,Personal,2025-03-02,0
CUST000166,525069.77,120,13.95,Home,2023-10-31,0
CUST000167,1684090.17,24,8.44,Personal,2024-10-06,0
CUST000168,168843.0,36,15.91,Business,2024-01-29,0
CUST000169,274181.46,12,13.09,Business,2023-12-29,0
CUST000170,186163.42,60,14.81,Education,2023-02-10,0
CUST000171,296530.97,48,14.5,Business,2024-02-09,1
CUST000172,75387.68,24,10.95,Auto,2023-03-23,0
CUST000173,406955.49,48,14.49,Auto,2023-03-17,0
CUST000174,139799.87,120,12.19,Home,2025-08-17,0
CUST000175,107577.03,48,15.09,Education,2025-03-26,0
CUST000176,584108.24,60,13.43,Business,2023-05-16,0
CUST000177,380484.8,60,15.31,Personal,2023-03-28,0
CUST000178,215868.49,12,11.69,Education,2025-11-26,0
CUST000179,598397.34,120,12.47,Education,2025-04-04,0
CUST000180,182528.48,36,6.0,Auto,2024-11-18,0
CUST000181,551682.98,48,9.55,Auto,2023-05-22,0
CUST000182,748434.0,12,10.21,Auto,2025-09-18,0
CUST000183,138039.69,24,13.07,Auto,2024-01-11,0
CUST000184,357498.71,84,13.35,Home,2023-06-25,0
CUST000185,421584.37,120,9.42,Business,2024-04-28,0
CUST000186,852163.86,120,13.9,Education,2024-10-15,0
CUST000187,1830077.5,84,10.71,Auto,2024-05-26,1
CUST000188,420250.07,120,13.06,Education,2025-11-27,0
CUST000189,365876.17,60,7.23,Education,2024-01-15,0
CUST000190,446808.44,48,6.04,Personal,2024-07-23,0
CUST000191,456516.23,12,10.3,Auto,2025-02-17,1
CUST000192,1763303.27,12,10.49,Business,2025-06-07,0
CUST000193,433698.14,60,10.99,Auto,2025-08-02,0
CUST000194,499107.11,36,12.34,Business,2025-07-29,0
CUST000195,1003057.45,120,14.72,Education,2023-11-07,1
CUST000196,42597.61,48,7.55,Home,2023-02-13,0
CUST000197,739680.45,36,13.22,Home,2024-07-22,1
CUST000198,2550332.18,12,6.0,Auto,2025-01-06,1
CUST000199,427878.47,12,10.09,Personal,2025-10-21,1
CUST000200,646438.22,36,8.66,Education,2023-02-26,0
CUST000201,599809.65,24,12.83,Education,2024-05-04,0
CUST000202,723587.4,84,6.0,Education,2024-01-03,1
CUST000203,403222.43,12,13.67,Education,2023-01-03,1
CUST000204,610337.96,84,16.13,Education,2024-03-07,0
CUST000205,282714.16,84,9.12,Personal,2025-11-22,0
CUST000206,289578.34,120,6.0,Education,2025-11-27,0
CUST000207,230431.84,120,11.89,Home,2023-03-08,0
CUST000208,683229.63,36,6.35,Education,2023-01-17,1
CUST000209,1808879.32,120,14.9,Personal,2023-09-06,0
CUST000210,252460.78,24,11.24,Business,2023-11-06,0
CUST000211,309232.77,12,9.94,Auto,2023-01-17,0
CUST000212,220864.93,84,11.85,Auto,2025-08-07,0
CUST000213,948036.98,36,7.0,Personal,2025-02-25,0
CUST000214,250178.21,36,17.85,Home,2025-12-24,0
CUST000215,52374.54,24,13.47,Auto,2025-05-12,0
CUST000216,304249.19,12,15.24,Education,2024-03-22,0
CUST000217,471242.29,84,14.2,Personal,2024-04-30,0
CUST000218,431315.1,36,17.22,Business,2023-09-23,0
CUST000219,579372.7,24,9.53,Home,2024-09-24,0
CUST000220,1138548.55,84,14.91,Education,2023-09-27,0
CUST000221,674455.82,120,8.7,Auto,2025-03-10,0
CUST000222,76497.98,84,14.7,Business,2024-10-23,0
CUST000223,1043315.93,36,6.0,Home,2024-09-02,0
CUST000224,425872.52,24,7.05,Auto,2025-10-20,1
CUST000225,314570.69,24,15.49,Education,2023-08-22,0
CUST000226,838504.49,84,7.4,Auto,2024-05-23,0
CUST000227,246903.25,24,8.56,Personal,2025-05-23,0
CUST000228,466715.09,24,11.02,Auto,2025-02-27,0
CUST000229,366882.15,48,10.3,Business,2023-03-24,0
CUST000230,1185626.38,60,12.5,Business,2023-07-25,0
CUST000231,366332.48,48,9.67,Home,2025-10-27,0
CUST000232,249336.15,60,8.3,Business,2024-06-18,0
CUST000233,510276.37,120,12.64,Personal,2023-06-20,0
CUST000234,183621.07,120,10.35,Auto,2025-05-20,0
CUST000235,789696.69,120,14.5,Auto,2025-08-15,0
CUST000236,790058.18,84,11.43,Education,2023-03-31,0
CUST000237,337308.34,84,13.86,Business,2025-07-18,0
CUST000238,438696.34,84,9.09,Business,2023-07-20,0
CUST000239,843899.47,84,12.08,Education,2025-03-05,1
CUST000240,581436.51,24,11.7,Home,2025-10-22,1
CUST000241,102802.88,24,9.02,Education,2024-10-27,0
CUST000242,203918.02,60,10.61,Business,2023-04-30,0
CUST000243,957997.19,120,11.7,Education,2025-08-23,0
CUST000244,1582843.63,36,11.82,Education,2024-04-03,0
CUST000245,330138.57,60,11.41,Auto,2025-12-01,0
CUST000246,69781.07,84,13.67,Education,2024-06-05,0
CUST000247,360036.08,36,16.27,Business,2023-04-16,0
CUST000248,449774.49,120,11.11,Personal,2025-09-21,0
CUST000249,411669.87,60,17.74,Auto,2024-12-04,0
CUST000250,641848.76,120,6.0,Business,2024-03-19,0
CUST000251,268496.85,120,7.7,Personal,2024-08-12,0
CUST000252,829691.02,12,10.81,Personal,2024-12-09,0
CUST000253,324585.97,36,13.55,Education,2023-07-23,0
CUST000254,338171.78,12,14.37,Home,2025-02-14,1
CUST000255,168390.42,60,6.0,Business,2023-06-19,0
CUST000256,373751.64,48,9.74,Business,2023-06-25,0
CUST000257,485112.36,120,8.58,Business,2024-09-05,0
CUST000258,659145.14,60,7.19,Business,2023-09-20,0
CUST000259,589035.97,84,13.71,Business,2024-10-19,0
CUST000260,639406.08,36,6.0,Home,2024-07-19,0
CUST000261,205325.98,120,9.95,Auto,2023-10-26,0
CUST000262,56472.38,48,12.45,Personal,2025-07-15,0
CUST000263,1244287.71,48,13.32,Personal,2023-05-08,0
CUST000264,935247.47,60,15.25,Personal,2024-08-27,0
CUST000265,190057.86,12,10.23,Auto,2025-10-23,0
CUST000266,144395.49,36,10.37,Education,2024-05-27,0
CUST000267,647297.47,60,9.32,Home,2025-04-01,0
CUST000268,727188.6,84,14.37,Personal,2025-12-28,0
CUST000269,414485.43,24,13.23,Home,2025-10-24,0
CUST000270,652099.91,120,10.14,Home,2024-09-17,0
CUST000271,112801.48,60,7.89,Home,2024-03-01,0
CUST000272,152206.0,36,6.0,Education,2023-12-04,0
CUST000273,137015.78,120,11.19,Personal,2025-11-19,0
CUST000274,555868.7,24,15.42,Business,2024-03-03,0
CUST000275,274757.56,120,13.72,Auto,2023-11-16,0
CUST000276,845567.32,84,10.14,Business,2025-04-02,1
CUST000277,400544.88,36,11.08,Personal,2024-01-14,0
CUST000278,196306.86,36,10.77,Auto,2024-09-06,0
CUST000279,666131.27,24,9.88,Education,2024-05-10,0
CUST000280,172473.77,84,15.11,Business,2024-08-12,0
CUST000281,261634.24,24,11.51,Auto,2025-11-22,0
CUST000282,396064.36,48,17.6,Education,2025-09-25,0
CUST000283,549505.83,24,10.12,Auto,2024-10-15,0
CUST000284,368208.81,12,12.44,Personal,2025-07-14,0
CUST000285,1413866.46,24,12.1,Personal,2024-12-20,0
CUST000286,394930.4,84,10.06,Auto,2024-05-05,0
CUST000287,488917.48,60,7.31,Personal,2023-06-30,0
CUST000288,390404.89,60,8.07,Business,2024-11-30,0
CUST000289,490248.77,60,11.56,Personal,2023-03-12,1
CUST000290,786800.3,12,8.91,Education,2024-07-16,1
CUST000291,441378.07,24,10.25,Education,2023-10-13,0
CUST000292,56880.71,36,12.52,Home,2025-01-20,0
CUST000293,600670.39,24,10.96,Personal,2025-07-29,0
CUST000294,288693.35,12,13.07,Business,2023-05-14,0
CUST000295,1182689.32,36,12.06,Home,2025-10-06,0
CUST000296,350494.18,120,10.33,Auto,2024-06-01,0
CUST000297,677297.63,120,10.82,Auto,2024-12-30,0
CUST000298,82419.31,24,11.28,Personal,2025-07-18,0
CUST000299,501616.4,120,12.4,Auto,2025-05-27,0
CUST000300,778711.01,12,12.93,Education,2024-12-13,0
CUST000301,270991.75,120,7.93,Business,2025-05-31,0
CUST000302,217707.12,48,12.74,Education,2024-03-29,0
CUST000303,116895.02,84,13.06,Personal,2023-01-23,0
CUST000304,127723.73,84,7.97,Home,2025-02-27,0
CUST000305,214269.92,36,17.77,Business,2023-04-09,0
CUST000306,280322.05,84,8.43,Home,2025-05-23,0
CUST000307,372846.51,36,17.28,Business,2023-02-11,0
CUST000308,340862.32,60,11.56,Home,2024-05-09,0
CUST000309,640667.65,84,11.62,Auto,2024-03-05,0
CUST000310,600555.37,24,12.49,Personal,2025-07-14,0
CUST000311,1343530.3,120,11.2,Education,2025-11-10,0
CUST000312,220724.09,36,13.54,Education,2024-04-01,0
CUST000313,153404.86,12,11.08,Business,2025-04-16,0
CUST000314,219138.42,84,13.37,Personal,2023-02-16,0
CUST000315,64603.39,24,15.89,Home,2025-06-19,0
CUST000316,597064.88,60,10.62,Personal,2024-04-10,0
CUST000317,1285891.58,120,11.9,Personal,2024-09-26,1
CUST000318,676088.08,48,6.97,Business,2023-07-08,0
CUST000319,687406.87,120,8.49,Personal,2024-10-05,0
CUST000320,32208.42,12,10.6,Business,2024-12-31,0
CUST000321,580614.62,84,14.51,Personal,2024-10-24,0
CUST000322,171035.48,12,13.14,Auto,2025-12-22,0
CUST000323,199715.61,24,11.87,Business,2024-02-06,0
CUST000324,580652.3,12,9.3,Personal,2024-08-16,0
CUST000325,309786.43,84,10.98,Personal,2023-08-23,0
CUST000326,445264.21,84,10.11,Personal,2024-09-14,0
CUST000327,590089.53,48,10.41,Auto,2024-06-28,0
CUST000328,1539564.81,36,14.08,Home,2025-11-09,1
CUST000329,294864.18,120,9.77,Business,2024-08-30,0
CUST000330,371457.92,120,7.13,Education,2023-07-30,0
CUST000331,495173.61,48,10.3,Auto,2025-12-17,1
CUST000332,189059.63,24,14.82,Auto,2025-12-17,0
CUST000333,1801672.44,12,15.61,Personal,2023-06-06,0
CUST000334,447059.79,48,6.1,Business,2023-09-20,0
CUST000335,261630.0,36,6.61,Auto,2024-07-30,0
CUST000336,498559.97,120,9.57,Personal,2025-09-26,1
CUST000337,744956.43,24,14.63,Business,2024-01-17,0
CUST000338,882052.3,84,11.72,Business,2023-05-27,0
CUST000339,869893.53,12,6.0,Education,2025-11-14,0
CUST000340,628806.49,60,8.79,Auto,2024-06-22,0
CUST000341,409551.97,24,13.43,Personal,2024-12-02,0
CUST000342,718499.18,12,11.07,Auto,2023-11-10,0
CUST000343,342898.04,60,9.07,Auto,2023-02-06,0
CUST000344,1128504.4,24,10.99,Education,2023-01-11,0
CUST000345,321516.24,36,14.0,Auto,2024-07-28,0
CUST000346,672885.1,84,16.44,Business,2023-06-02,0
CUST000347,198545.58,36,10.15,Personal,2025-02-19,0
CUST000348,905095.43,36,17.08,Personal,2025-03-24,0
CUST000349,525915.29,84,12.65,Business,2023-05-27,1
CUST000350,250415.55,120,9.43,Auto,2023-02-08,0
CUST000351,1081454.52,48,12.31,Business,2025-11-09,1
CUST000352,341220.39,24,9.55,Personal,2024-01-23,0
CUST000353,689726.39,24,8.28,Home,2023-06-25,0
CUST000354,246860.15,60,9.63,Business,2025-06-17,0
CUST000355,557687.8,36,6.21,Auto,2025-06-08,1
CUST000356,175375.62,60,11.22,Personal,2025-05-18,0
CUST000357,370130.15,24,14.43,Auto,2025-10-05,0
CUST000358,336336.35,12,8.46,Business,2025-08-09,0
CUST000359,667450.07,84,11.88,Education,2025-12-25,0
CUST000360,976923.86,12,11.87,Education,2024-11-20,0
CUST000361,80432.68,24,12.63,Business,2024-03-31,0
CUST000362,178690.68,84,14.66,Auto,2024-04-26,0
CUST000363,150011.95,36,13.97,Home,2024-07-18,0
CUST000364,166583.37,60,14.77,Auto,2025-08-16,0
CUST000365,628016.81,84,10.44,Business,2025-05-18,0
CUST000366,222279.75,84,9.04,Education,2025-07-28,0
CUST000367,359534.98,48,12.84,Business,2024-01-13,1
CUST000368,128893.49,84,6.0,Personal,2024-09-25,0
CUST000369,461136.11,60,15.16,Home,2024-04-30,0
CUST000370,159384.32,24,9.44,Personal,2023-04-25,0
CUST000371,300661.61,48,12.23,Auto,2023-05-26,0
CUST000372,1226364.19,60,9.04,Home,2025-10-30,1
CUST000373,689870.17,120,11.72,Education,2024-03-23,0
CUST000374,694608.17,12,6.0,Personal,2024-11-23,0
CUST000375,582427.7,48,6.76,Business,2023-02-13,0
CUST000376,204930.5,120,10.98,Home,2025-03-13,0
CUST000377,728317.43,24,12.59,Education,2025-09-09,1
CUST000378,362032.25,12,10.33,Personal,2025-01-26,0
CUST000379,250850.78,24,6.0,Personal,2023-08-07,1
CUST000380,347513.91,120,12.49,Personal,2024-11-03,0
CUST000381,44585.7,84,13.63,Education,2024-07-21,0
CUST000382,219452.54,12,9.0,Business,2025-10-19,0
CUST000383,534297.51,24,10.55,Auto,2024-11-16,0
CUST000384,627093.24,24,8.19,Home,2024-02-02,0
CUST000385,176681.57,12,12.54,Education,2024-07-26,0
CUST000386,830546.27,12,7.83,Business,2024-08-16,1
CUST000387,239166.77,36,6.0,Personal,2024-04-05,0
CUST000388,444528.37,24,12.4,Home,2023-05-05,0
CUST000389,292239.95,84,12.39,Business,2023-01-16,0
CUST000390,828783.41,24,12.97,Auto,2024-03-10,0
CUST000391,207378.24,120,18.26,Auto,2023-10-11,0
CUST000392,372649.41,36,11.85,Home,2023-12-25,0
CUST000393,637672.25,12,11.05,Business,2023-01-15,0
CUST000394,240063.6,120,9.58,Business,2025-12-15,0
CUST000395,654256.72,36,9.27,Personal,2025-02-04,0
CUST000396,996886.06,24,6.49,Education,2023-01-16,0
CUST000397,615956.9,60,14.69,Personal,2023-11-17,0
CUST000398,1524749.91,24,8.61,Auto,2025-07-21,0
CUST000399,1151446.52,60,10.49,Home,2024-08-28,1
CUST000400,188808.38,84,7.85,Home,2024-06-10,0
CUST000401,385321.58,36,10.26,Business,2025-03-15,0
CUST000402,560962.53,24,12.94,Personal,2025-08-26,0
CUST000403,205087.97,12,8.69,Auto,2025-08-10,0
CUST000404,296555.12,84,12.2,Personal,2024-06-04,0
CUST000405,696102.39,36,12.95,Personal,2025-05-15,0
CUST000406,1092857.39,36,13.46,Home,2023-09-30,0
CUST000407,349391.1,12,8.19,Business,2025-03-21,0
CUST000408,1637541.68,24,10.5,Education,2024-03-22,0
CUST000409,1046251.29,84,8.65,Auto,2023-07-15,0
CUST000410,401334.69,60,14.18,Personal,2024-10-28,0
CUST000411,224441.24,48,12.64,Personal,2023-09-17,0
CUST000412,635075.06,48,11.88,Personal,2023-05-26,0
CUST000413,772003.4,24,6.99,Home,2025-10-18,0
CUST000414,397067.72,60,10.79,Home,2023-09-27,0
CUST000415,1187122.42,48,8.02,Education,2023-08-05,0
CUST000416,850887.88,120,13.47,Auto,2024-10-13,1
CUST000417,86352.85,60,12.67,Home,2024-02-28,0
CUST000418,878468.53,60,12.53,Education,2025-06-30,0
CUST000419,368881.81,24,10.06,Business,2025-11-16,0
CUST000420,37010.59,12,11.32,Personal,2024-02-09,0
CUST000421,299880.91,24,9.09,Home,2025-09-21,0
CUST000422,657171.37,36,12.76,Auto,2025-06-19,0
CUST000423,1221204.1,36,9.6,Auto,2023-05-30,0
CUST000424,226404.61,24,16.81,Business,2025-09-18,0
CUST000425,237973.7,48,18.37,Home,2024-03-20,0
CUST000426,949623.27,60,11.75,Business,2025-01-16,0
CUST000427,523260.56,60,6.0,Business,2023-06-20,0
CUST000428,480827.02,60,6.0,Auto,2025-08-11,0
CUST000429,542627.7,84,12.86,Business,2024-11-15,0
CUST000430,477963.2,36,9.64,Auto,2024-04-01,0
CUST000431,270188.59,36,12.01,Business,2023-11-28,1
CUST000432,331471.89,12,9.46,Education,2024-05-30,0
CUST000433,426986.27,48,11.04,Personal,2024-11-05,0
CUST000434,640265.48,36,10.23,Business,2024-07-29,0
CUST000435,318161.3,36,10.74,Auto,2025-07-02,0
CUST000436,346846.48,84,10.18,Personal,2025-05-13,0
CUST000437,1041623.03,120,15.34,Education,2023-12-30,1
CUST000438,92267.42,24,12.97,Personal,2024-05-09,0
CUST000439,330838.06,36,9.02,Home,2025-09-23,1
CUST000440,516580.65,84,11.15,Auto,2024-11-28,0
CUST000441,101390.49,60,11.95,Personal,2024-06-11,0
CUST000442,462840.63,24,7.7,Home,2023-02-25,0
CUST000443,216366.99,36,11.31,Business,2025-12-06,0
CUST000444,768783.57,24,6.0,Business,2025-07-31,0
CUST000445,2484841.43,12,13.7,Personal,2024-06-04,0
CUST000446,294095.78,36,15.7,Home,2025-08-21,0
CUST000447,436414.76,24,7.6,Personal,2024-02-20,0
CUST000448,355611.85,24,8.81,Personal,2023-07-24,0
CUST000449,607878.12,60,8.64,Education,2024-04-17,0
CUST000450,275808.55,84,13.56,Auto,2024-04-21,0
CUST000451,114965.6,48,13.32,Business,2025-12-04,0
CUST000452,299264.84,120,8.92,Personal,2023-09-24,1
CUST000453,97040.16,60,10.26,Business,2023-03-07,0
CUST000454,565495.05,12,7.89,Business,2025-10-31,0
CUST000455,715443.73,36,10.95,Business,2024-10-20,1
CUST000456,384878.17,60,10.65,Personal,2024-06-15,0
CUST000457,599939.01,60,11.57,Personal,2023-03-02,0
CUST000458,166409.73,120,11.92,Education,2025-04-26,0
CUST000459,450931.63,84,9.14,Business,2023-08-10,0
CUST000460,93704.52,36,8.5,Personal,2023-02-18,0
CUST000461,341253.93,84,13.34,Business,2024-12-30,0
CUST000462,682456.87,48,13.26,Home,2025-09-23,0
CUST000463,292488.97,84,11.14,Personal,2023-03-20,0
CUST000464,152354.82,120,15.74,Education,2025-03-04,0
CUST000465,753670.19,36,9.99,Education,2024-07-16,0
CUST000466,235886.05,84,10.61,Home,2023-08-09,0
CUST000467,493510.53,48,10.88,Home,2025-10-22,0
CUST000468,186385.76,60,9.69,Education,2023-03-06,0
CUST000469,467776.78,48,13.45,Home,2023-01-13,0
CUST000470,1009074.94,120,9.99,Business,2024-11-11,0
CUST000471,317502.39,60,9.18,Auto,2025-10-12,0
CUST000472,1237709.48,48,8.16,Education,2024-09-30,0
CUST000473,303354.48,12,10.41,Auto,2024-02-29,0
CUST000474,872384.31,12,12.65,Auto,2024-02-28,0
CUST000475,463928.13,24,6.76,Home,2025-09-22,0
CUST000476,991105.6,84,7.83,Auto,2024-02-24,0
CUST000477,67056.65,12,11.96,Business,2025-08-07,0
CUST000478,555606.46,36,7.81,Home,2024-08-22,0
CUST000479,60444.27,120,8.31,Education,2023-12-11,0
CUST000480,543426.57,48,12.49,Home,2025-11-13,0
CUST000481,412063.77,48,7.58,Personal,2024-06-21,0
CUST000482,461410.87,84,15.95,Business,2024-10-19,0
CUST000483,401391.37,36,8.53,Education,2024-05-28,0
CUST000484,397176.38,36,12.19,Business,2023-05-11,0
CUST000485,454627.11,24,6.0,Business,2025-02-20,0
CUST000486,752161.27,36,7.63,Business,2024-05-09,0
CUST000487,247060.66,36,6.73,Personal,2024-05-11,1
CUST000488,324145.39,60,12.93,Home,2025-08-27,0
CUST000489,643882.02,36,13.11,Personal,2023-08-29,0
CUST000490,170381.41,60,7.08,Auto,2025-09-16,0
CUST000491,151262.61,60,10.15,Auto,2024-06-10,0
CUST000492,28700.21,36,12.36,Business,2024-12-20,0
CUST000493,126669.07,84,11.32,Personal,2025-07-16,1
CUST000494,355870.8,12,10.06,Business,2023-02-01,0
CUST000495,169167.94,36,12.08,Home,2023-04-23,0
CUST000496,375820.85,60,9.43,Education,2025-05-27,0
CUST000497,928927.37,36,14.77,Auto,2024-04-23,1
CUST000498,535926.96,84,7.17,Personal,2024-12-17,0
CUST000499,1070405.14,24,6.0,Personal,2025-09-21,0
CUST000500,425910.19,84,14.28,Personal,2024-08-03,0
CUST000501,245166.38,84,10.6,Auto,2023-05-13,1
CUST000502,71306.77,36,16.53,Home,2024-01-21,0
CUST000503,302816.87,60,9.38,Auto,2025-03-25,0
CUST000504,876820.92,48,6.0,Auto,2024-10-15,0
CUST000505,193049.89,84,11.69,Education,2025-05-26,0
CUST000506,90390.34,48,10.22,Education,2023-03-16,0
CUST000507,978347.78,24,18.13,Business,2024-07-06,0
CUST000508,376012.44,48,17.57,Education,2023-07-27,0
CUST000509,535104.62,36,14.63,Home,2025-03-06,0
CUST000510,313779.04,60,7.24,Auto,2023-08-19,0
CUST000511,174164.93,36,10.67,Auto,2023-07-22,0
CUST000512,233493.53,48,14.25,Home,2024-11-04,0
CUST000513,667002.95,84,8.94,Education,2023-07-04,1
CUST000514,227694.14,60,8.08,Education,2023-05-09,0
CUST000515,453187.17,120,13.55,Auto,2025-10-20,0
CUST000516,463409.62,120,9.96,Business,2024-10-13,0
CUST000517,1110929.33,12,9.4,Auto,2025-11-22,0
CUST000518,291933.4,36,16.62,Business,2025-02-24,0
CUST000519,899432.24,12,14.01,Business,2023-09-01,0
CUST000520,592318.32,120,11.67,Auto,2024-06-04,1
CUST000521,367736.89,24,12.23,Personal,2025-11-10,0
CUST000522,732558.86,84,12.1,Personal,2024-06-01,0
CUST000523,431607.73,60,13.14,Business,2024-05-04,0
CUST000524,345669.45,60,14.54,Business,2024-05-28,0
CUST000525,242327.64,36,13.21,Business,2025-06-30,1
CUST000526,1164813.99,84,12.08,Auto,2024-03-02,0
CUST000527,191533.2,24,13.95,Business,2025-07-21,0
CUST000528,419551.72,12,13.79,Business,2025-06-01,1
CUST000529,419902.92,48,13.09,Auto,2024-01-23,0
CUST000530,95380.35,48,13.63,Auto,2024-11-17,0
CUST000531,745104.42,120,11.72,Education,2025-06-02,1
CUST000532,1059194.54,24,8.45,Home,2025-12-05,0
CUST000533,1246069.99,60,11.12,Education,2024-03-01,0
CUST000534,537184.32,24,15.09,Personal,2025-08-11,0
CUST000535,205154.76,84,12.53,Education,2024-09-24,0
CUST000536,160709.05,36,9.08,Home,2025-07-19,0
CUST000537,697702.75,36,10.68,Personal,2024-03-26,0
CUST000538,382053.11,84,13.73,Home,2024-10-09,1
CUST000539,1505122.69,120,11.94,Personal,2025-08-19,0
CUST000540,108120.5,24,13.93,Education,2023-04-29,0
CUST000541,533292.7,60,12.62,Education,2024-07-06,0
CUST000542,805620.34,120,12.91,Auto,2024-08-13,1
CUST000543,285728.51,12,7.8,Business,2023-09-13,0
CUST000544,841463.53,120,10.43,Home,2024-05-13,0
CUST000545,40964.14,24,8.01,Business,2024-04-20,0
CUST000546,919454.82,12,11.38,Business,2025-06-30,0
CUST000547,346499.86,24,11.44,Personal,2023-05-05,0
CUST000548,98368.89,120,6.97,Education,2025-06-03,0
CUST000549,156814.15,12,9.92,Business,2023-01-10,0
CUST000550,622906.48,12,13.56,Auto,2025-10-15,1
CUST000551,1229878.88,84,11.6,Home,2024-01-20,1
CUST000552,486677.62,36,13.61,Personal,2024-10-05,0
CUST000553,540483.13,84,14.59,Home,2025-11-21,0
CUST000554,429967.11,48,11.5,Education,2023-01-04,0
CUST000555,95858.16,60,16.12,Business,2025-01-27,0
CUST000556,424976.89,60,13.47,Home,2025-12-30,0
CUST000557,123107.15,84,9.9,Home,2025-12-17,0
CUST000558,648680.5,12,17.54,Home,2023-12-10,0
CUST000559,174087.67,84,10.23,Business,2023-04-04,0
CUST000560,273233.29,60,13.45,Education,2025-06-12,0
CUST000561,63552.07,84,13.23,Business,2025-11-16,0
CUST000562,521384.06,120,8.84,Business,2025-06-23,1
CUST000563,100394.34,84,10.21,Education,2024-06-10,0
CUST000564,63701.21,24,6.75,Home,2025-10-14,0
CUST000565,2037691.47,84,6.86,Personal,2023-12-28,0
CUST000566,225227.85,84,10.99,Education,2023-01-28,0
CUST000567,84136.4,84,13.34,Personal,2023-03-23,0
CUST000568,657027.94,48,10.37,Business,2025-03-17,0
CUST000569,1316582.89,24,9.88,Business,2024-01-27,0
CUST000570,981980.72,120,12.27,Business,2024-08-06,0
CUST000571,317094.56,60,11.51,Business,2025-01-07,0
CUST000572,361774.65,36,10.9,Auto,2023-03-24,0
CUST000573,440129.46,84,8.11,Auto,2025-06-24,0
CUST000574,265924.96,60,10.05,Business,2024-01-14,1
CUST000575,217019.01,48,9.53,Business,2025-02-05,0
CUST000576,476371.95,36,11.91,Personal,2023-05-25,0
CUST000577,269204.78,24,6.0,Auto,2023-12-16,0
CUST000578,84435.63,84,6.97,Education,2023-03-06,0
CUST000579,352036.55,60,11.33,Business,2025-05-13,0
CUST000580,653563.39,12,8.49,Home,2024-10-25,0
CUST000581,705450.88,60,10.93,Home,2024-06-10,0
CUST000582,520913.53,84,10.45,Auto,2023-08-03,0
CUST000583,207300.93,60,16.04,Business,2023-02-20,0
CUST000584,420839.33,84,9.99,Personal,2025-02-12,0
CUST000585,328715.76,60,15.48,Auto,2023-11-09,0
CUST000586,161329.14,60,9.89,Business,2025-01-17,0
CUST000587,373285.37,60,12.19,Business,2025-01-18,0
CUST000588,417214.39,48,8.41,Business,2025-11-17,1
CUST000589,730612.85,48,8.16,Education,2025-07-05,0
CUST000590,666238.76,24,8.71,Business,2025-12-02,1
CUST000591,1122005.04,60,12.03,Home,2024-10-15,0
CUST000592,289284.86,84,12.41,Auto,2025-11-28,1
CUST000593,456578.79,36,9.89,Business,2024-12-15,0
CUST000594,805847.89,36,11.59,Education,2024-05-17,0
CUST000595,743239.51,60,8.84,Business,2024-06-10,0
CUST000596,543254.55,36,7.17,Home,2024-11-30,0
CUST000597,936400.9,24,10.13,Auto,2023-07-17,0
CUST000598,826672.22,120,6.65,Auto,2024-02-08,0
CUST000599,345124.8,48,14.98,Personal,2024-06-24,1
CUST000600,45126.75,84,9.04,Auto,2023-01-17,0
CUST000601,694932.19,84,12.67,Personal,2023-12-12,0
CUST000602,201635.03,120,11.78,Education,2024-04-18,0
CUST000603,54184.59,84,14.41,Education,2023-06-25,0
CUST000604,553896.91,120,7.87,Business,2024-12-18,1
CUST000605,575226.49,24,17.07,Personal,2023-06-16,0
CUST000606,486359.86,12,6.0,Personal,2024-11-11,1
CUST000607,370015.57,36,8.26,Business,2025-06-11,0
CUST000608,154682.46,12,7.91,Auto,2025-02-20,0
CUST000609,405859.3,24,11.0,Business,2024-06-08,0
CUST000610,300724.78,24,11.13,Personal,2023-08-05,0
CUST000611,297488.58,12,8.36,Home,2025-11-29,0
CUST000612,290992.66,36,9.34,Business,2024-11-07,0
CUST000613,128737.0,84,13.68,Education,2025-07-09,0
CUST000614,475633.76,24,14.06,Education,2024-01-25,0
CUST000615,443599.48,24,8.75,Home,2023-03-03,0
CUST000616,430672.13,60,8.97,Home,2023-09-19,0
CUST000617,758451.51,12,10.68,Personal,2025-04-07,1
CUST000618,123563.08,36,9.31,Personal,2023-10-14,0
CUST000619,183125.65,84,10.66,Auto,2023-01-09,0
CUST000620,505698.57,24,13.62,Auto,2025-06-25,0
CUST000621,913522.29,36,16.9,Home,2023-05-22,0
CUST000622,263811.79,12,14.1,Education,2025-10-09,0
CUST000623,573692.73,24,8.07,Personal,2025-09-02,0
CUST000624,187375.36,48,7.42,Education,2024-04-22,0
CUST000625,248882.08,36,9.44,Education,2024-05-03,0
CUST000626,555755.5,24,10.45,Home,2024-01-25,1
CUST000627,491033.57,36,8.03,Home,2025-06-23,0
CUST000628,423645.82,84,12.66,Business,2024-07-25,1
CUST000629,778335.06,60,9.45,Home,2025-05-03,0
CUST000630,534302.81,48,9.05,Business,2025-07-24,0
CUST000631,708559.64,24,11.01,Education,2025-02-12,0
CUST000632,676306.61,12,15.56,Business,2025-03-19,0
CUST000633,560597.47,84,11.39,Auto,2023-12-15,1
CUST000634,884418.27,36,16.17,Business,2024-12-11,0
CUST000635,364101.89,36,9.12,Education,2025-09-22,0
CUST000636,251726.0,12,9.23,Personal,2023-01-26,0
CUST000637,628003.83,84,16.54,Personal,2023-11-12,1
CUST000638,726546.59,24,6.58,Auto,2025-08-17,1
CUST000639,100998.53,24,13.44,Education,2024-08-10,0
CUST000640,111272.27,24,11.37,Business,2023-02-08,0
CUST000641,349538.35,36,11.46,Auto,2025-09-15,1
CUST000642,796850.56,48,13.53,Education,2024-12-09,1
CUST000643,612269.39,60,15.31,Education,2023-03-01,0
CUST000644,682763.08,48,7.89,Education,2023-12-12,0
CUST000645,293595.47,120,8.86,Business,2025-08-20,0
CUST000646,189042.01,12,14.19,Home,2023-02-26,0
CUST000647,73809.21,12,6.0,Auto,2025-11-27,0
CUST000648,441706.62,36,15.73,Auto,2025-05-28,0
CUST000649,1383052.94,36,9.38,Home,2025-04-01,0
CUST000650,285106.78,48,13.15,Personal,2024-01-08,0
CUST000651,789021.51,12,11.68,Auto,2025-12-22,0
CUST000652,284773.89,84,11.3,Home,2023-01-08,0
CUST000653,633820.19,60,14.85,Personal,2024-09-28,1
CUST000654,304904.6,48,12.27,Auto,2024-11-24,0
CUST000655,786819.18,12,9.54,Education,2025-02-21,0
CUST000656,201644.1,48,16.09,Personal,2024-08-28,0
CUST000657,277276.53,36,12.04,Education,2025-04-28,0
CUST000658,369820.21,120,16.69,Home,2024-03-11,0
CUST000659,587720.47,36,9.16,Business,2023-10-15,0
CUST000660,533227.51,48,11.81,Auto,2025-11-05,0
CUST000661,279438.0,36,9.97,Home,2023-12-10,0
CUST000662,598163.93,24,10.76,Auto,2024-06-26,0
CUST000663,334582.38,48,11.27,Auto,2025-12-19,0
CUST000664,361857.41,60,11.1,Education,2023-10-24,0
CUST000665,190833.09,60,6.0,Auto,2023-04-22,0
CUST000666,1412301.54,36,11.92,Auto,2025-10-03,0
CUST000667,786702.38,120,16.37,Business,2025-08-05,0
CUST000668,390307.98,36,10.98,Home,2024-01-13,0
CUST000669,155767.38,120,14.32,Personal,2023-01-17,0
CUST000670,1019783.01,48,10.93,Business,2025-12-20,0
CUST000671,164025.34,36,11.59,Business,2024-11-12,0
CUST000672,608793.87,24,8.79,Auto,2024-08-07,0
CUST000673,1659700.35,36,13.93,Business,2025-12-28,1
CUST000674,967350.31,60,11.45,Home,2024-01-05,0
CUST000675,141723.66,120,7.26,Home,2024-10-14,0
CUST000676,397974.3,12,8.49,Personal,2023-02-07,0
CUST000677,585029.54,120,14.09,Education,2023-07-17,0
CUST000678,741061.6,84,11.45,Personal,2025-01-20,0
CUST000679,480818.72,48,8.7,Business,2024-04-04,0
CUST000680,414587.17,24,9.38,Personal,2023-08-25,0
CUST000681,456810.36,60,6.0,Business,2023-03-25,0
CUST000682,219426.89,48,9.94,Education,2025-02-05,0
CUST000683,766420.07,36,14.52,Home,2024-11-05,0
CUST000684,358768.68,120,13.44,Home,2024-12-18,0
CUST000685,121967.87,12,12.32,Education,2023-11-28,1
CUST000686,722011.33,12,9.1,Personal,2024-07-07,0
CUST000687,369975.57,120,7.41,Auto,2025-04-13,0
CUST000688,399987.2,60,13.4,Home,2025-04-19,0
CUST000689,1044964.55,48,7.59,Business,2025-10-13,0
CUST000690,1175136.45,36,12.09,Home,2024-04-28,1
CUST000691,439107.89,12,16.95,Business,2024-11-14,0
CUST000692,321444.49,36,11.68,Auto,2024-04-05,0
CUST000693,376918.51,36,16.05,Personal,2024-10-25,0
CUST000694,791729.82,84,17.73,Personal,2023-02-21,0
CUST000695,789686.25,48,10.21,Home,2025-11-23,0
CUST000696,433871.14,60,12.17,Auto,2025-08-24,0
CUST000697,176014.27,84,13.68,Business,2025-07-28,0
CUST000698,29924.53,36,10.02,Personal,2024-03-31,0
CUST000699,598153.98,60,9.78,Personal,2025-07-30,0
CUST000700,49048.48,84,8.85,Business,2023-01-06,0
CUST000701,764783.36,12,11.94,Business,2025-02-21,0
CUST000702,1169512.64,84,15.94,Home,2024-07-18,0
CUST000703,1484854.81,12,12.39,Personal,2024-11-29,0
CUST000704,111201.91,120,8.37,Business,2024-06-21,0
CUST000705,462843.93,120,8.32,Business,2025-03-31,0
CUST000706,763495.76,12,6.0,Personal,2025-10-26,1
CUST000707,192143.08,84,12.34,Personal,2023-11-08,0
CUST000708,469585.87,84,8.55,Business,2025-02-08,1
CUST000709,225657.53,48,9.82,Personal,2025-09-26,0
CUST000710,1503693.6,48,14.86,Home,2023-12-05,0
CUST000711,1282454.75,60,9.84,Auto,2023-11-18,0
CUST000712,186563.84,84,18.5,Business,2025-09-09,0
CUST000713,210401.78,60,12.37,Home,2025-08-31,0
CUST000714,131738.17,36,6.0,Personal,2023-03-04,0
CUST000715,1150486.76,36,13.84,Personal,2024-05-01,0
CUST000716,346262.12,24,8.82,Home,2024-05-22,0
CUST000717,437042.88,36,13.14,Auto,2023-10-23,0
CUST000718,233719.99,36,10.33,Auto,2025-11-08,0
CUST000719,437607.7,60,11.14,Home,2024-01-14,0
CUST000720,266407.26,84,11.5,Home,2023-09-15,0
CUST000721,419766.41,36,13.87,Business,2023-12-16,0
CUST000722,944264.28,24,9.65,Auto,2025-06-23,1
CUST000723,1521818.69,12,10.31,Auto,2024-01-25,1
CUST000724,585682.29,60,8.83,Personal,2024-01-10,0
CUST000725,460133.5,36,9.43,Auto,2023-02-06,0
CUST000726,243256.59,12,11.79,Business,2025-01-24,0
CUST000727,412159.58,120,14.5,Personal,2025-09-21,0
CUST000728,360225.9,120,16.14,Education,2024-09-05,0
CUST000729,165574.87,84,9.99,Auto,2025-07-17,0
CUST000730,139640.24,84,10.17,Auto,2023-12-27,0
CUST000731,276682.76,48,12.95,Home,2024-08-21,0
CUST000732,857845.16,84,9.46,Education,2024-04-15,0
CUST000733,51383.66,60,12.88,Auto,2024-06-05,0
CUST000734,252441.62,48,14.94,Auto,2023-08-28,0
CUST000735,154719.17,12,11.29,Education,2024-09-07,0
CUST000736,765828.5,24,11.64,Auto,2025-12-14,1
CUST000737,192455.19,12,9.74,Auto,2024-06-10,0
CUST000738,287722.67,24,12.7,Home,2025-03-12,0
CUST000739,1721909.76,48,11.09,Business,2025-12-27,1
CUST000740,505329.95,120,12.13,Auto,2024-11-20,0
CUST000741,602129.48,12,12.04,Business,2024-10-18,0
CUST000742,254330.38,12,12.85,Business,2024-07-25,0
CUST000743,333679.91,36,9.72,Education,2024-06-24,0
CUST000744,327128.87,48,8.02,Business,2023-09-11,0
CUST000745,153919.05,12,7.54,Auto,2023-01-18,1
CUST000746,517750.6,84,9.07,Business,2024-04-11,0
CUST000747,97699.58,48,12.35,Auto,2023-02-24,0
CUST000748,353166.86,60,11.12,Personal,2023-07-03,0
CUST000749,140655.53,24,7.88,Personal,2025-05-19,0
CUST000750,269430.09,24,11.09,Personal,2024-11-22,0
CUST000751,351613.79,12,6.0,Home,2024-10-10,0
CUST000752,240559.47,36,16.12,Business,2024-03-16,0
CUST000753,1357693.41,60,9.99,Auto,2025-09-25,1
CUST000754,700177.89,48,11.67,Auto,2023-01-14,0
CUST000755,408780.64,120,11.01,Business,2023-03-10,0
CUST000756,643746.02,36,16.09,Home,2023-09-13,0
CUST000757,558843.77,12,14.32,Home,2025-06-03,1
CUST000758,188115.47,60,8.77,Education,2024-09-10,0
CUST000759,379034.99,60,9.95,Home,2023-11-13,0
CUST000760,324116.53,12,6.0,Education,2025-06-19,0
CUST000761,778943.26,36,14.56,Personal,2023-12-14,1
CUST000762,924093.43,120,8.26,Business,2025-01-01,0
CUST000763,487309.36,48,6.96,Business,2023-12-09,0
CUST000764,254696.76,36,11.59,Home,2025-12-05,0
CUST000765,234046.06,120,7.59,Personal,2025-06-28,0
CUST000766,553000.06,12,8.69,Auto,2025-10-04,0
CUST000767,571543.23,120,8.53,Education,2025-04-07,1
CUST000768,580626.49,84,11.94,Education,2025-08-07,1
CUST000769,293658.18,24,16.29,Education,2025-04-24,0
CUST000770,197830.41,84,12.0,Auto,2025-04-25,0
CUST000771,200237.48,24,11.72,Auto,2024-11-08,0
CUST000772,957267.3,60,9.35,Business,2023-12-28,0
CUST000773,760501.16,120,11.28,Business,2023-09-16,0
CUST000774,172990.59,120,11.35,Education,2025-04-30,0
CUST000775,403370.7,36,13.35,Home,2024-06-04,0
CUST000776,92752.2,24,12.78,Home,2023-10-15,0
CUST000777,97258.79,48,11.48,Personal,2024-11-27,0
CUST000778,832365.55,60,9.8,Business,2025-06-02,0
CUST000779,310255.08,60,10.53,Auto,2024-10-22,0
CUST000780,1080239.13,84,13.17,Education,2024-09-04,0
CUST000781,121604.25,48,10.66,Education,2024-09-06,0
CUST000782,563216.84,84,10.8,Education,2025-01-27,0
CUST000783,738776.21,12,13.0,Home,2023-12-15,0
CUST000784,406267.69,48,6.0,Personal,2025-10-21,0
CUST000785,1277748.22,12,13.05,Business,2024-11-11,0
CUST000786,659235.05,120,8.81,Personal,2024-03-20,0
CUST000787,191691.22,60,7.75,Home,2024-03-04,0
CUST000788,448365.75,36,10.96,Education,2023-07-20,0
CUST000789,222607.15,12,6.0,Auto,2025-08-21,0
CUST000790,506234.94,24,9.75,Business,2023-03-13,0
CUST000791,656503.81,120,14.08,Home,2023-09-07,0
CUST000792,95759.01,120,7.26,Education,2025-09-29,0
CUST000793,423220.03,48,11.27,Home,2024-06-27,0
CUST000794,675901.53,48,8.88,Home,2025-05-25,0
CUST000795,1655293.9,84,13.11,Auto,2024-03-14,1
CUST000796,100473.73,36,10.5,Personal,2025-05-02,0
CUST000797,348559.53,48,7.6,Home,2023-11-04,0
CUST000798,362745.03,120,13.26,Education,2025-12-26,0
CUST000799,197139.98,60,13.67,Education,2025-11-13,0
CUST000800,731165.21,120,10.47,Education,2025-10-31,0
CUST000801,167213.62,24,17.17,Business,2023-01-29,1
CUST000802,607536.34,60,11.03,Home,2025-06-18,0
CUST000803,599824.37,36,7.8,Personal,2024-06-29,0
CUST000804,389081.62,120,13.41,Personal,2023-06-22,0
CUST000805,571522.48,60,12.91,Education,2024-12-14,0
CUST000806,81957.45,12,11.12,Home,2025-12-05,0
CUST000807,509999.18,84,11.39,Auto,2025-08-13,0
CUST000808,639616.99,120,10.09,Auto,2024-03-05,0
CUST000809,251365.04,84,12.55,Auto,2024-07-15,0
CUST000810,840724.7,36,8.92,Business,2024-09-04,0
CUST000811,227772.3,24,7.8,Home,2025-03-25,0
CUST000812,1026877.71,48,10.65,Home,2025-11-19,0
CUST000813,233570.06,36,14.67,Auto,2024-10-29,1
CUST000814,107109.06,60,9.75,Business,2024-08-03,0
CUST000815,274313.52,24,12.18,Auto,2025-05-06,0
CUST000816,601259.93,24,8.41,Personal,2023-02-22,1
CUST000817,567737.32,24,16.89,Auto,2024-12-06,0
CUST000818,482457.67,84,9.03,Personal,2023-09-16,1
CUST000819,534400.69,48,11.85,Home,2025-04-24,1
CUST000820,555586.05,120,11.34,Auto,2023-03-24,0
CUST000821,327546.69,84,8.77,Personal,2023-03-01,0
CUST000822,123297.52,60,11.82,Education,2024-08-03,0
CUST000823,1160955.07,24,14.09,Personal,2023-01-06,1
CUST000824,318201.2,48,13.96,Auto,2023-05-17,0
CUST000825,680475.73,12,7.52,Auto,2025-07-27,0
CUST000826,221430.61,12,8.35,Home,2025-01-24,0
CUST000827,1270319.05,12,14.12,Personal,2023-10-10,1
CUST000828,629745.95,48,14.66,Personal,2024-12-01,0
CUST000829,196895.12,60,6.53,Business,2024-07-29,0
CUST000830,409575.75,12,10.59,Home,2023-05-02,0
CUST000831,686226.74,24,10.54,Business,2024-09-30,0
CUST000832,176818.66,24,6.99,Business,2024-04-12,0
CUST000833,817647.53,48,9.81,Auto,2024-12-04,0
CUST000834,248141.52,84,10.77,Education,2023-07-27,0
CUST000835,99698.45,48,7.62,Auto,2024-11-28,0
CUST000836,100354.36,60,6.0,Business,2024-12-19,0
CUST000837,707204.21,48,10.62,Auto,2023-04-30,0
CUST000838,368673.36,24,10.9,Education,2023-03-01,0
CUST000839,447013.6,120,12.14,Education,2023-12-13,0
CUST000840,793744.3,12,12.25,Business,2025-06-24,1
CUST000841,714055.14,120,8.57,Business,2024-10-27,0
CUST000842,549675.06,120,10.56,Business,2023-11-17,0
CUST000843,328807.47,12,7.94,Business,2024-02-11,0
CUST000844,561199.15,84,7.69,Home,2024-08-28,0
CUST000845,109384.13,84,8.9,Education,2025-05-26,0
CUST000846,46884.81,24,6.0,Auto,2023-06-19,0
CUST000847,911372.21,24,9.5,Business,2025-09-30,0
CUST000848,1145085.25,120,11.04,Business,2025-07-15,1
CUST000849,308011.46,12,10.01,Education,2024-09-03,0
CUST000850,403016.37,12,9.4,Business,2025-09-16,0
CUST000851,553595.2,12,8.95,Personal,2025-05-12,0
CUST000852,238816.97,12,10.54,Home,2024-06-14,0
CUST000853,422798.71,36,14.05,Education,2023-11-17,0
CUST000854,376835.86,48,10.84,Education,2024-05-03,0
CUST000855,110831.03,36,10.49,Home,2025-10-26,0
CUST000856,516312.5,84,16.16,Auto,2024-04-12,1
CUST000857,394203.76,12,11.06,Business,2024-06-26,0
CUST000858,89948.29,24,11.01,Education,2025-09-24,0
CUST000859,540156.34,24,14.77,Home,2025-10-03,0
CUST000860,446728.17,36,10.45,Home,2025-07-19,0
CUST000861,261527.33,84,6.0,Auto,2023-05-14,0
CUST000862,871729.63,24,13.81,Business,2023-05-20,0
CUST000863,182461.69,84,9.07,Home,2025-07-13,0
CUST000864,527811.47,48,12.48,Auto,2025-05-13,1
CUST000865,132357.03,120,6.08,Education,2024-02-18,0
CUST000866,115750.04,84,12.13,Education,2023-07-04,0
CUST000867,231701.02,36,7.51,Auto,2024-09-26,0
CUST000868,382425.18,60,12.71,Auto,2025-07-19,0
CUST000869,605952.19,84,13.02,Home,2024-09-13,0
CUST000870,325969.5,48,11.3,Personal,2024-03-02,0
CUST000871,352488.59,12,11.7,Home,2025-07-10,1
CUST000872,853309.76,12,13.45,Home,2024-01-26,0
CUST000873,504901.41,60,9.53,Business,2025-07-03,0
CUST000874,247501.5,60,6.0,Personal,2025-02-01,1
CUST000875,855955.42,48,13.4,Auto,2024-06-28,0
CUST000876,882044.27,48,6.56,Personal,2023-11-21,1
CUST000877,339553.42,36,12.22,Personal,2024-05-28,0
CUST000878,850628.57,60,12.66,Personal,2023-03-21,0
CUST000879,1471116.36,24,6.43,Home,2024-11-22,1
CUST000880,307912.5,24,6.0,Home,2024-07-02,0
CUST000881,428028.0,48,11.46,Business,2024-09-20,0
CUST000882,414825.12,36,13.46,Home,2023-04-19,0
CUST000883,384574.9,84,11.66,Education,2024-08-04,0
CUST000884,655647.57,48,12.87,Business,2025-06-21,0
CUST000885,250576.48,120,10.21,Business,2024-05-08,0
CUST000886,370477.22,36,10.24,Education,2025-11-26,0
CUST000887,1247901.53,120,12.99,Education,2024-11-03,1
CUST000888,266214.34,24,9.36,Personal,2024-12-11,0
CUST000889,269811.17,24,10.1,Education,2025-12-24,0
CUST000890,393396.91,12,11.23,Education,2025-02-09,0
CUST000891,866243.2,120,13.49,Education,2024-06-17,1
CUST000892,197515.34,48,6.41,Education,2025-08-28,1
CUST000893,434648.95,60,10.65,Auto,2023-05-06,0
CUST000894,1092755.43,24,11.36,Education,2023-01-27,0
CUST000895,374752.91,48,10.45,Personal,2024-12-29,0
CUST000896,1285666.96,24,7.79,Home,2024-07-21,0
CUST000897,280551.52,60,8.99,Personal,2024-12-17,0
CUST000898,1592277.9,24,9.88,Business,2023-05-31,0
CUST000899,188982.65,60,8.91,Business,2023-10-05,0
CUST000900,256090.31,60,16.39,Auto,2023-12-28,0
CUST000901,469248.2,120,15.99,Education,2025-01-29,0
CUST000902,226514.0,84,10.09,Personal,2025-10-07,0
CUST000903,238762.77,24,16.66,Business,2024-03-12,0
CUST000904,582584.4,12,7.77,Auto,2024-06-20,1
CUST000905,402225.63,60,7.54,Home,2023-12-03,0
CUST000906,642585.93,84,19.68,Home,2025-07-24,1
CUST000907,586384.16,60,9.0,Education,2023-05-20,0
CUST000908,464184.87,36,9.46,Business,2024-05-22,0
CUST000909,853802.12,36,10.36,Auto,2023-11-17,0
CUST000910,436748.74,120,11.56,Education,2024-10-12,0
CUST000911,389961.89,84,10.84,Education,2023-08-11,0
CUST000912,283205.08,60,8.02,Home,2024-10-01,0
CUST000913,152359.17,60,10.05,Business,2025-03-22,1
CUST000914,337272.88,84,9.05,Personal,2025-06-16,0
CUST000915,416764.07,12,11.05,Personal,2023-06-14,0
CUST000916,855125.71,36,12.63,Personal,2023-02-13,0
CUST000917,377986.51,120,9.37,Education,2025-07-14,0
CUST000918,738291.35,12,9.39,Home,2023-11-06,0
CUST000919,391886.37,120,12.74,Personal,2023-04-13,0
CUST000920,472773.78,48,7.88,Home,2023-12-08,0
CUST000921,774043.64,84,7.21,Home,2025-11-28,0
CUST000922,305471.69,60,17.01,Home,2025-08-22,1
CUST000923,458666.22,60,16.9,Business,2024-07-22,0
CUST000924,745675.89,48,12.24,Education,2023-08-11,0
CUST000925,474730.62,84,10.14,Personal,2024-01-04,0
CUST000926,606194.34,12,10.75,Personal,2025-07-26,1
CUST000927,220935.95,60,13.35,Personal,2023-09-13,0
CUST000928,898949.33,84,7.74,Personal,2024-06-17,0
CUST000929,199460.05,60,9.21,Education,2024-01-20,0
CUST000930,108361.36,84,10.71,Home,2023-03-28,0
CUST000931,1239486.42,24,15.82,Business,2023-08-14,0
CUST000932,679353.6,120,9.97,Auto,2023-07-10,0
CUST000933,475186.96,24,12.2,Auto,2024-04-09,0
CUST000934,774717.22,60,8.65,Auto,2024-03-06,0
CUST000935,256651.92,12,9.95,Business,2024-10-01,0
CUST000936,257212.53,120,9.37,Education,2023-04-26,0
CUST000937,334338.05,12,9.25,Business,2025-04-12,0
CUST000938,814459.73,84,6.0,Home,2023-06-19,0
CUST000939,162461.06,120,11.44,Auto,2025-05-03,0
CUST000940,154794.54,84,9.18,Home,2025-11-21,0
CUST000941,142420.9,12,7.23,Personal,2023-05-03,0
CUST000942,651107.19,12,12.13,Personal,2023-02-27,0
CUST000943,608602.8,84,14.31,Home,2025-11-02,0
CUST000944,749921.86,48,9.73,Business,2025-12-13,0
CUST000945,881098.6,12,8.85,Auto,2023-09-27,0
CUST000946,333563.31,84,7.97,Education,2024-09-10,0
CUST000947,29864.3,24,12.17,Education,2024-01-21,0
CUST000948,258416.3,120,9.71,Auto,2023-08-13,0
CUST000949,1125666.96,60,11.89,Home,2025-07-04,1
CUST000950,994604.17,60,6.12,Personal,2024-04-10,0
CUST000951,259863.62,36,9.1,Education,2025-06-08,0
CUST000952,1062993.69,36,11.83,Auto,2023-03-15,0
CUST000953,287576.22,84,10.19,Home,2024-03-01,0
CUST000954,782729.11,36,15.92,Home,2024-11-10,0
CUST000955,365543.51,12,10.52,Business,2023-04-03,1
CUST000956,392539.47,24,10.66,Home,2025-06-21,0
CUST000957,231817.31,12,12.53,Education,2023-06-22,0
CUST000958,73862.01,36,11.08,Home,2023-05-03,0
CUST000959,439918.38,12,10.82,Personal,2023-06-25,1
CUST000960,348996.9,12,12.76,Personal,2024-01-05,0
CUST000961,251341.44,12,10.49,Business,2023-06-28,0
CUST000962,1662830.88,84,17.1,Education,2024-10-17,0
CUST000963,379752.57,120,12.39,Education,2024-12-22,0
CUST000964,42597.53,36,10.46,Business,2024-06-08,0
CUST000965,972157.68,24,13.29,Personal,2023-02-19,0
CUST000966,468460.79,84,9.63,Home,2025-01-04,0
CUST000967,851031.8,48,16.79,Personal,2025-10-17,0
CUST000968,902059.36,24,7.66,Auto,2023-12-29,0
CUST000969,614002.21,60,13.56,Education,2023-07-07,0
CUST000970,17182.48,12,11.51,Auto,2024-08-25,0
CUST000971,469758.01,84,13.45,Home,2025-01-08,0
CUST000972,659129.35,84,10.49,Auto,2025-12-26,0
CUST000973,483378.48,60,11.87,Personal,2023-01-18,0
CUST000974,108509.42,48,8.56,Business,2025-10-18,0
CUST000975,1084279.77,60,11.9,Business,2024-09-30,0
CUST000976,412554.45,48,9.01,Personal,2025-08-02,0
CUST000977,773265.05,24,12.48,Personal,2025-02-09,0
CUST000978,243723.06,48,6.0,Business,2025-01-20,0
CUST000979,670842.26,48,12.0,Personal,2025-02-26,0
CUST000980,428244.29,24,8.69,Business,2025-07-16,0
CUST000981,250219.6,84,10.64,Education,2025-07-29,0
CUST000982,190971.42,120,14.07,Home,2024-05-13,0
CUST000983,247924.16,84,9.99,Business,2025-08-13,1
CUST000984,140635.32,84,6.0,Auto,2024-04-25,0
CUST000985,164038.35,84,15.92,Auto,2025-12-26,0
CUST000986,891207.38,24,13.27,Personal,2023-07-12,0
CUST000987,980748.58,24,8.89,Personal,2025-12-21,0
CUST000988,101896.57,60,14.5,Home,2025-09-21,0
CUST000989,1136789.95,12,8.06,Business,2023-10-20,0
CUST000990,236414.78,24,10.33,Personal,2024-04-05,0
CUST000991,508986.63,84,15.58,Education,2023-04-15,0
CUST000992,685220.66,48,14.38,Home,2025-03-17,1
CUST000993,806639.37,12,14.04,Business,2024-06-18,0
CUST000994,315474.92,48,11.24,Personal,2023-04-14,0
CUST000995,157130.38,84,9.6,Home,2024-01-06,0
CUST000996,353170.36,36,8.26,Personal,2024-07-02,0
CUST000997,547760.62,60,14.87,Business,2023-12-11,0
CUST000998,779084.18,120,12.66,Personal,2024-08-30,0
CUST000999,238881.95,84,11.52,Education,2023-10-11,0
CUST001000,44097.45,12,12.34,Business,2024-11-04,0
CUST001001,309994.24,36,10.36,Personal,2023-03-04,0
CUST001002,779733.77,120,7.92,Home,2024-06-02,1
CUST001003,140219.21,24,10.84,Home,2025-03-23,0
CUST001004,422966.49,12,12.2,Business,2024-04-13,0
CUST001005,671956.42,36,8.83,Home,2023-01-01,0
CUST001006,421526.98,84,12.36,Home,2025-06-22,0
CUST001007,171693.8,84,6.0,Education,2025-11-19,0
CUST001008,823497.44,60,9.76,Auto,2023-11-01,0
CUST001009,727496.27,12,9.49,Home,2025-01-22,0
CUST001010,472090.34,60,11.32,Business,2024-10-17,0
CUST001011,953861.36,24,11.27,Education,2023-12-12,0
CUST001012,475616.76,120,10.01,Home,2025-06-09,0
CUST001013,244158.65,24,12.0,Personal,2025-11-20,0
CUST001014,161570.98,12,6.0,Business,2023-08-08,0
CUST001015,254480.05,120,10.53,Education,2023-01-22,0
CUST001016,555463.38,24,9.91,Home,2024-12-18,0
CUST001017,421487.16,24,7.16,Home,2024-11-09,0
CUST001018,398450.88,12,8.0,Personal,2025-04-01,0
CUST001019,145616.71,84,7.49,Personal,2025-04-18,1
CUST001020,265939.02,60,11.78,Education,2025-11-29,1
CUST001021,546741.48,36,12.9,Auto,2023-01-26,0
CUST001022,549257.78,120,9.92,Home,2025-02-15,1
CUST001023,400143.76,120,9.98,Personal,2024-08-26,0
CUST001024,416619.23,60,11.77,Home,2024-07-03,0
CUST001025,180275.63,84,8.03,Personal,2023-04-10,0
CUST001026,1490284.76,48,12.96,Business,2023-05-13,0
CUST001027,1145031.79,120,12.86,Auto,2025-04-11,1
CUST001028,508633.72,12,13.44,Home,2024-01-18,0
CUST001029,463164.04,60,11.27,Home,2024-09-30,0
CUST001030,257051.57,36,13.17,Home,2024-12-26,1
CUST001031,465362.56,36,8.1,Education,2024-03-16,1
CUST001032,1701109.04,24,12.66,Education,2024-01-13,1
CUST001033,282353.81,48,12.48,Personal,2023-06-27,0
CUST001034,501411.12,84,15.2,Personal,2025-02-19,1
CUST001035,774418.85,48,7.42,Education,2023-06-14,0
CUST001036,1158155.82,36,10.48,Personal,2023-12-02,0
CUST001037,262037.97,48,13.42,Auto,2023-12-26,0
CUST001038,490360.24,60,18.59,Business,2025-02-23,0
CUST001039,224219.17,120,12.0,Education,2023-08-08,0
CUST001040,221340.94,84,13.56,Home,2023-02-27,1
CUST001041,883241.7,84,14.95,Personal,2024-07-23,0
CUST001042,383046.33,24,18.34,Personal,2025-02-13,0
CUST001043,989131.28,36,7.11,Personal,2023-09-21,0
CUST001044,385726.77,60,14.26,Business,2023-07-05,1
CUST001045,674291.34,24,10.85,Business,2023-11-19,0
CUST001046,271246.27,36,9.86,Auto,2024-05-21,0
CUST001047,326731.03,60,10.44,Auto,2023-05-31,0
CUST001048,416881.26,60,8.23,Business,2023-06-18,0
CUST001049,815599.58,48,15.23,Personal,2025-07-29,0
CUST001050,444347.87,24,13.82,Business,2024-02-10,0
CUST001051,1356698.45,24,12.35,Education,2023-07-31,0
CUST001052,985032.65,84,8.54,Auto,2024-03-11,0
CUST001053,1146065.81,84,9.85,Personal,2025-07-21,0
CUST001054,228343.51,120,14.01,Home,2025-08-29,0
CUST001055,884463.62,120,6.17,Home,2023-10-18,1
CUST001056,881848.78,12,11.73,Personal,2025-11-09,0
CUST001057,849868.99,36,11.91,Education,2024-03-15,1
CUST001058,673545.87,60,11.18,Home,2024-04-06,0
CUST001059,201246.45,36,12.27,Personal,2023-12-19,0
CUST001060,462878.12,60,14.78,Personal,2023-07-15,1
CUST001061,703288.96,36,13.19,Home,2024-02-11,0
CUST001062,941898.95,120,13.83,Education,2025-01-01,1
CUST001063,571127.98,60,14.82,Home,2024-08-15,0
CUST001064,843733.57,12,14.65,Business,2025-05-06,0
CUST001065,366302.69,36,11.81,Auto,2023-06-18,0
CUST001066,712227.29,48,12.18,Education,2025-08-02,0
CUST001067,138115.41,48,11.83,Home,2024-07-29,1
CUST001068,191234.92,48,7.4,Business,2023-09-02,0
CUST001069,172576.84,36,10.58,Business,2024-11-05,0
CUST001070,319492.49,84,7.93,Home,2023-01-18,0
CUST001071,383948.15,12,14.0,Home,2024-09-29,0
CUST001072,354546.89,36,6.91,Home,2025-06-07,0
CUST001073,287187.33,60,9.04,Home,2025-03-05,0
CUST001074,126169.43,84,7.87,Personal,2023-12-06,0
CUST001075,452587.63,120,11.57,Home,2025-08-15,0
CUST001076,353328.11,36,17.75,Business,2025-01-22,1
CUST001077,134589.45,36,14.73,Home,2025-07-25,0
CUST001078,194789.75,120,11.53,Auto,2023-07-09,0
CUST001079,246133.65,48,11.48,Personal,2025-04-28,0
CUST001080,788662.31,84,11.15,Education,2024-03-11,0
CUST001081,562939.87,60,15.54,Business,2024-08-22,0
CUST001082,698551.58,84,18.98,Personal,2024-12-13,0
CUST001083,118575.85,24,15.96,Personal,2023-05-18,0
CUST001084,164051.05,60,15.35,Business,2024-10-24,1
CUST001085,288579.51,36,10.38,Education,2024-07-06,1
CUST001086,286607.51,24,11.21,Business,2023-03-08,0
CUST001087,670958.77,84,12.14,Personal,2025-03-10,1
CUST001088,187721.04,24,11.78,Business,2023-02-07,0
CUST001089,278906.74,12,13.88,Education,2024-08-31,0
CUST001090,277239.46,120,11.1,Auto,2024-12-14,0
CUST001091,230292.89,60,12.11,Home,2024-06-23,0
CUST001092,221642.1,36,6.16,Education,2025-07-30,0
CUST001093,776047.06,24,9.51,Education,2025-07-15,1
CUST001094,993687.9,36,9.39,Personal,2024-02-02,0
CUST001095,464969.51,36,15.54,Auto,2025-06-15,0
CUST001096,516451.95,12,11.96,Business,2024-11-06,0
CUST001097,376295.72,120,13.67,Education,2024-03-15,0
CUST001098,1103053.53,24,12.54,Business,2023-10-10,0
CUST001099,313163.0,36,8.39,Home,2025-11-07,0
CUST001100,276359.87,12,9.71,Auto,2023-10-28,0
CUST001101,279814.54,12,12.99,Education,2023-09-01,0
CUST001102,1382632.31,60,9.1,Personal,2023-03-29,0
CUST001103,586642.68,60,8.51,Education,2025-05-13,0
CUST001104,485970.91,48,14.99,Auto,2024-05-08,0
CUST001105,147883.12,84,10.73,Personal,2023-07-02,0
CUST001106,883616.04,12,14.62,Education,2025-01-16,0
CUST001107,340386.52,60,9.81,Personal,2023-01-30,0
CUST001108,99603.56,120,13.27,Business,2024-07-30,0
CUST001109,509241.64,48,11.14,Personal,2024-10-28,0
CUST001110,731787.15,24,11.72,Auto,2024-09-13,1
CUST001111,745608.95,36,19.65,Business,2025-11-30,0
CUST001112,893831.38,84,9.49,Education,2023-01-08,0
CUST001113,81529.02,12,14.72,Auto,2025-12-10,0
CUST001114,846383.39,12,12.95,Personal,2024-06-20,0
CUST001115,616077.32,12,9.45,Personal,2024-01-08,0
CUST001116,685148.98,24,11.39,Education,2025-04-23,0
CUST001117,428930.3,48,11.55,Auto,2024-12-20,0
CUST001118,83687.0,60,11.03,Business,2024-06-28,0
CUST001119,910783.52,48,12.16,Personal,2025-06-27,0
CUST001120,345025.88,24,6.0,Personal,2025-03-26,0
CUST001121,437617.99,24,9.86,Auto,2023-05-02,0
CUST001122,210933.01,12,11.8,Home,2023-10-25,0
CUST001123,511915.88,48,12.15,Business,2023-11-09,0
CUST001124,1179330.95,120,13.39,Education,2024-06-24,0
CUST001125,59293.31,60,14.3,Business,2025-02-14,0
CUST001126,175357.04,36,8.48,Business,2025-05-31,0
CUST001127,288847.41,84,8.96,Personal,2025-02-14,0
CUST001128,500005.31,24,6.18,Personal,2023-09-21,0
CUST001129,948926.25,12,9.87,Home,2023-11-24,0
CUST001130,338537.76,48,7.86,Business,2024-10-29,0
CUST001131,915502.37,12,7.71,Personal,2025-10-22,0
CUST001132,40265.36,48,13.09,Education,2023-12-27,0
CUST001133,331127.17,48,12.21,Home,2024-09-29,0
CUST001134,407487.79,120,13.82,Business,2023-02-12,0
CUST001135,861943.76,48,13.36,Business,2024-10-26,0
CUST001136,1222842.14,24,16.65,Education,2023-04-20,0
CUST001137,239228.03,84,8.48,Auto,2025-05-14,0
CUST001138,1177685.12,120,6.0,Business,2025-05-30,1
CUST001139,494223.88,48,9.03,Personal,2024-04-22,0
CUST001140,815271.1,12,10.94,Auto,2023-07-08,0
CUST001141,573020.6,36,13.33,Home,2025-09-08,0
CUST001142,161738.36,120,7.38,Personal,2023-10-21,1
CUST001143,469772.97,12,11.43,Personal,2024-09-16,0
CUST001144,160559.04,84,14.43,Education,2024-01-29,0
CUST001145,384669.91,24,9.44,Auto,2023-08-18,0
CUST001146,343325.22,84,6.48,Business,2025-12-26,0
CUST001147,359821.79,84,10.57,Education,2024-12-28,0
CUST001148,434687.36,60,6.0,Auto,2025-02-17,0
CUST001149,1024880.43,120,13.32,Home,2024-10-29,0
CUST001150,345727.9,12,14.05,Personal,2023-04-04,0
CUST001151,148644.13,36,13.42,Personal,2023-02-17,0
CUST001152,230621.47,12,15.94,Home,2025-08-31,0
CUST001153,472437.14,120,13.58,Auto,2024-07-13,1
CUST001154,887999.18,12,13.43,Auto,2023-12-05,0
CUST001155,1273762.29,36,10.4,Home,2023-01-03,1
CUST001156,429831.24,36,13.14,Auto,2024-07-28,0
CUST001157,201056.3,84,7.82,Auto,2025-12-17,0
CUST001158,517548.42,120,9.16,Home,2025-04-03,0
CUST001159,330748.47,24,14.85,Business,2025-10-26,0
CUST001160,267950.02,120,11.73,Auto,2024-03-15,0
CUST001161,220607.84,24,12.34,Auto,2023-01-26,1
CUST001162,161593.51,84,12.52,Auto,2023-01-12,0
CUST001163,428230.09,120,11.01,Auto,2025-07-05,0
CUST001164,164422.19,48,11.62,Business,2023-06-28,0
CUST001165,1171655.36,84,6.0,Education,2023-06-14,1
CUST001166,126861.33,120,11.53,Personal,2025-08-18,0
CUST001167,678291.71,48,6.64,Auto,2024-05-27,0
CUST001168,617440.9,24,15.53,Personal,2023-04-06,0
CUST001169,703710.74,12,7.61,Education,2023-08-21,0
CUST001170,1295951.93,36,15.07,Home,2024-05-14,0
CUST001171,365755.52,12,9.26,Auto,2025-05-05,0
CUST001172,1328806.14,48,14.74,Business,2025-06-01,0
CUST001173,511103.04,60,10.99,Home,2023-02-03,0
CUST001174,546773.03,60,7.78,Business,2025-02-21,0
CUST001175,294285.38,120,9.13,Auto,2025-08-10,1
CUST001176,155080.37,84,11.27,Home,2024-10-14,0
CUST001177,326635.14,84,11.23,Auto,2023-10-03,0
CUST001178,354311.32,84,9.08,Auto,2024-09-17,0
CUST001179,830849.57,60,13.89,Business,2025-10-14,1
CUST001180,208321.52,24,11.74,Education,2025-05-23,0
CUST001181,376791.55,24,6.61,Personal,2024-02-06,0
CUST001182,728384.4,36,14.82,Home,2025-01-23,0
CUST001183,401625.34,84,6.79,Auto,2023-07-10,0
CUST001184,118646.43,60,11.5,Auto,2023-10-13,0
CUST001185,225231.22,24,12.19,Auto,2023-12-25,0
CUST001186,344721.25,12,8.31,Personal,2025-06-18,0
CUST001187,341537.8,36,8.42,Education,2023-04-24,0
CUST001188,868348.81,48,10.47,Education,2024-04-09,0
CUST001189,360600.03,12,14.66,Home,2025-01-30,0
CUST001190,218021.28,36,8.64,Auto,2023-02-04,0
CUST001191,576891.09,24,15.11,Education,2025-06-28,0
CUST001192,425433.01,36,10.58,Education,2024-08-07,0
CUST001193,552416.69,12,6.0,Auto,2024-08-26,0
CUST001194,987505.75,120,11.77,Business,2025-09-20,1
CUST001195,435138.37,12,11.62,Auto,2024-06-28,0
CUST001196,294580.79,36,10.81,Education,2023-11-02,1
CUST001197,497778.8,36,10.23,Education,2025-05-06,0
CUST001198,565936.86,120,11.36,Business,2024-06-20,0
CUST001199,527389.23,60,6.49,Personal,2023-04-11,1
CUST001200,532459.73,36,13.26,Home,2023-08-13,0
CUST001201,812894.36,48,13.84,Education,2023-06-11,0
CUST001202,129230.58,60,13.83,Personal,2025-05-20,0
CUST001203,68188.65,24,13.7,Business,2025-10-13,0
CUST001204,1655592.66,12,13.8,Education,2024-05-27,1
CUST001205,58239.62,12,14.48,Auto,2023-08-21,0
CUST001206,122628.21,60,7.56,Home,2023-03-02,0
CUST001207,683299.2,60,7.88,Education,2025-08-10,0
CUST001208,340659.8,48,9.44,Education,2024-03-25,0
CUST001209,125407.18,120,11.83,Business,2023-07-05,0
CUST001210,751716.37,60,8.82,Auto,2025-01-11,0
CUST001211,194860.17,48,13.44,Education,2024-07-02,0
CUST001212,950705.87,120,6.56,Business,2023-12-17,0
CUST001213,160018.33,24,14.35,Business,2025-05-04,0
CUST001214,1555548.08,48,11.94,Personal,2024-04-27,0
CUST001215,173800.43,60,13.33,Home,2023-04-28,0
CUST001216,439304.86,84,12.41,Education,2024-09-21,0
CUST001217,128804.18,48,12.51,Personal,2024-06-12,0
CUST001218,481962.32,84,11.85,Auto,2024-09-14,0
CUST001219,880958.1,36,8.42,Auto,2023-11-17,0
CUST001220,227739.21,48,9.97,Home,2023-10-24,0
CUST001221,1033177.46,48,12.68,Home,2025-09-23,1
CUST001222,1542693.95,120,7.07,Auto,2024-11-07,0
CUST001223,745535.61,36,15.07,Education,2025-08-05,0
CUST001224,925272.96,12,13.23,Education,2023-01-09,0
CUST001225,522679.71,120,11.91,Auto,2024-09-05,1
CUST001226,418069.48,24,15.55,Business,2023-03-16,0
CUST001227,646044.66,24,11.23,Auto,2025-12-19,0
CUST001228,382898.41,60,12.65,Home,2025-01-24,0
CUST001229,200460.94,36,13.28,Personal,2024-01-19,0
CUST001230,608345.13,24,10.51,Personal,2023-09-14,0
CUST001231,594093.42,48,10.2,Auto,2025-11-06,0
CUST001232,182636.23,120,11.98,Education,2023-01-06,0
CUST001233,580284.81,36,7.92,Business,2024-09-14,0
CUST001234,403692.29,48,13.08,Education,2024-12-27,0
CUST001235,425578.94,48,9.53,Education,2024-02-05,0
CUST001236,476238.25,12,6.51,Auto,2024-06-15,0
CUST001237,160574.3,60,11.36,Home,2023-09-26,1
CUST001238,406609.84,60,12.08,Auto,2023-07-04,0
CUST001239,531262.44,36,10.76,Home,2025-08-18,0
CUST001240,255110.24,48,13.8,Home,2024-09-15,0
CUST001241,55509.43,12,14.14,Home,2023-12-07,0
CUST001242,209784.04,84,6.46,Education,2025-12-30,0
CUST001243,960319.73,12,9.76,Personal,2023-10-15,0
CUST001244,535845.94,60,13.54,Personal,2023-10-04,0
CUST001245,1125366.46,24,10.6,Auto,2023-06-05,0
CUST001246,1116945.27,120,6.0,Auto,2023-03-29,1
CUST001247,304384.79,84,11.96,Auto,2024-04-21,0
CUST001248,377907.39,24,14.56,Business,2023-01-28,0
CUST001249,581554.75,24,9.34,Education,2025-05-24,0
CUST001250,522698.99,84,14.84,Home,2023-09-04,1
CUST001251,79314.38,24,12.26,Auto,2025-05-12,0
CUST001252,562422.8,120,11.3,Personal,2023-07-22,0
CUST001253,393212.17,48,12.29,Personal,2024-01-10,0
CUST001254,389301.96,24,8.76,Business,2025-06-27,0
CUST001255,221396.61,24,14.35,Business,2025-04-25,0
CUST001256,504269.42,12,11.51,Personal,2023-09-19,0
CUST001257,390714.42,60,8.81,Personal,2025-03-29,1
CUST001258,153783.42,120,13.05,Education,2024-02-24,0
CUST001259,240341.61,36,12.95,Business,2024-08-10,0
CUST001260,583449.7,24,9.94,Home,2023-04-17,0
CUST001261,820568.42,120,13.47,Personal,2024-02-21,0
CUST001262,314808.33,84,10.41,Business,2025-08-15,0
CUST001263,688955.05,60,9.94,Auto,2024-04-23,0
CUST001264,380442.42,12,10.57,Personal,2025-02-18,0
CUST001265,606782.57,60,14.14,Home,2024-06-28,0
CUST001266,196009.23,36,12.96,Auto,2024-02-13,0
CUST001267,762964.33,12,12.64,Education,2023-03-15,0
CUST001268,1056975.95,12,10.16,Education,2024-10-23,0
CUST001269,732276.28,120,17.11,Auto,2025-05-20,0
CUST001270,1060242.37,12,8.01,Auto,2024-01-15,1
CUST001271,355293.72,24,7.21,Personal,2023-06-12,0
CUST001272,64976.2,48,13.32,Personal,2023-07-17,0
CUST001273,290305.79,12,13.88,Personal,2024-01-17,0
CUST001274,596668.78,36,11.68,Home,2024-03-20,0
CUST001275,280377.85,84,9.9,Business,2024-06-21,0
CUST001276,42643.52,12,13.79,Personal,2024-09-01,0
CUST001277,243335.97,84,9.1,Auto,2023-01-07,0
CUST001278,456303.21,84,8.66,Personal,2023-10-16,0
CUST001279,360310.88,120,8.93,Auto,2024-09-01,1
CUST001280,561202.32,84,10.64,Education,2024-03-19,0
CUST001281,231383.68,120,11.9,Personal,2025-12-02,0
CUST001282,79033.43,84,9.74,Education,2024-05-24,0
CUST001283,112021.9,120,13.35,Home,2025-06-01,0
CUST001284,260672.46,48,11.37,Personal,2025-07-16,0
CUST001285,573399.68,84,13.68,Education,2023-03-23,0
CUST001286,175050.68,48,7.34,Home,2024-04-04,0
CUST001287,90664.84,120,10.62,Business,2025-01-06,0
CUST001288,234150.14,60,11.36,Personal,2024-11-03,0
CUST001289,348593.08,120,6.0,Home,2023-09-09,0
CUST001290,1068971.74,12,8.31,Education,2025-04-10,0
CUST001291,435252.34,24,6.56,Business,2023-07-11,0
CUST001292,273115.73,12,11.12,Education,2025-09-20,0
CUST001293,258903.65,48,12.07,Personal,2023-06-03,0
CUST001294,153928.19,84,10.3,Home,2023-08-09,0
CUST001295,552151.42,84,6.0,Home,2024-04-28,0
CUST001296,1057552.22,48,11.02,Business,2024-03-25,0
CUST001297,1264177.0,36,9.83,Personal,2023-10-06,0
CUST001298,826892.67,36,10.1,Home,2025-10-22,0
CUST001299,448989.76,84,15.42,Business,2025-08-03,0
CUST001300,486648.29,60,12.31,Personal,2024-05-23,0
CUST001301,48575.89,60,11.14,Personal,2025-08-02,0
CUST001302,1526590.36,12,8.23,Education,2025-06-06,0
CUST001303,258627.57,12,10.4,Education,2024-12-07,0
CUST001304,292783.23,36,10.99,Personal,2023-10-25,0
CUST001305,566320.38,120,17.49,Personal,2024-01-18,0
CUST001306,225700.23,84,8.46,Personal,2025-10-21,0
CUST001307,101162.47,48,9.35,Personal,2023-11-16,0
CUST001308,355452.86,60,11.85,Auto,2023-04-28,0
CUST001309,534512.71,36,9.94,Home,2025-02-25,0
CUST001310,539828.35,120,10.82,Business,2024-08-01,0
CUST001311,542783.26,36,9.29,Home,2023-06-15,1
CUST001312,346024.42,60,8.93,Personal,2025-04-02,0
CUST001313,267647.07,24,6.12,Home,2023-03-05,0
CUST001314,402968.81,84,9.92,Education,2025-11-21,0
CUST001315,146901.95,120,6.2,Education,2023-05-03,0
CUST001316,677823.5,48,13.75,Personal,2024-03-22,0
CUST001317,539950.61,84,11.37,Personal,2025-12-09,0
CUST001318,432088.63,120,10.52,Education,2024-04-12,1
CUST001319,1167827.75,84,11.2,Business,2023-02-28,0
CUST001320,96896.46,120,12.84,Home,2025-05-27,0
CUST001321,553571.94,12,9.37,Auto,2023-06-08,1
CUST001322,750013.08,120,6.0,Education,2024-08-23,0
CUST001323,904632.62,84,15.98,Education,2025-06-21,1
CUST001324,225847.13,84,8.99,Personal,2025-11-17,0
CUST001325,1063730.95,60,9.86,Personal,2024-03-08,0
CUST001326,278396.82,24,13.68,Business,2023-11-20,0
CUST001327,344623.86,60,11.06,Business,2025-03-02,0
CUST001328,504400.59,12,14.77,Personal,2023-08-31,0
CUST001329,583136.51,12,11.02,Education,2023-06-23,1
CUST001330,114687.65,60,12.69,Business,2025-08-10,0
CUST001331,209644.05,84,14.78,Education,2024-06-29,0
CUST001332,622091.91,120,11.27,Personal,2023-06-27,0
CUST001333,556899.51,120,6.8,Business,2025-08-27,0
CUST001334,376817.91,36,13.52,Home,2023-09-27,0
CUST001335,1115372.01,24,11.89,Education,2025-04-27,0
CUST001336,319253.9,84,11.02,Personal,2024-11-14,0
CUST001337,89548.54,84,11.86,Auto,2024-09-30,0
CUST001338,506895.21,48,9.62,Personal,2023-04-12,0
CUST001339,425354.35,48,14.72,Personal,2025-07-26,0
CUST001340,549253.55,84,10.5,Business,2023-01-29,0
CUST001341,877174.63,120,14.94,Business,2024-03-02,0
CUST001342,268903.12,12,12.54,Auto,2024-07-13,0
CUST001343,254856.66,84,13.02,Auto,2025-03-31,0
CUST001344,823258.21,12,15.07,Home,2025-03-31,0
CUST001345,107956.17,12,13.23,Education,2024-02-05,0
CUST001346,635607.03,84,12.09,Home,2025-02-05,0
CUST001347,994276.27,48,11.08,Auto,2024-04-24,1
CUST001348,221839.08,12,12.6,Education,2025-07-04,0
CUST001349,824976.37,84,10.51,Business,2023-07-13,1
CUST001350,564628.13,84,11.98,Business,2025-06-07,0
CUST001351,443214.72,120,15.21,Personal,2024-06-03,0
CUST001352,2042824.53,36,7.85,Auto,2024-02-23,1
CUST001353,310517.95,60,10.34,Home,2024-02-22,0
CUST001354,187445.91,48,8.19,Home,2023-12-01,0
CUST001355,86465.08,120,11.42,Personal,2025-11-22,0
CUST001356,771026.09,60,11.34,Business,2023-03-03,1
CUST001357,912352.21,84,7.94,Business,2025-09-06,0
CUST001358,611514.44,60,12.46,Home,2023-06-17,0
CUST001359,152098.21,12,11.85,Home,2025-10-07,0
CUST001360,279192.25,36,6.0,Home,2025-05-31,0
CUST001361,270814.92,12,10.9,Education,2023-07-30,0
CUST001362,146329.15,48,11.08,Auto,2025-01-28,0
CUST001363,495794.21,60,16.27,Personal,2025-08-28,0
CUST001364,280339.08,120,7.83,Education,2025-09-07,0
CUST001365,399116.49,84,14.21,Business,2024-01-13,0
CUST001366,286509.55,36,9.78,Business,2024-10-07,0
CUST001367,265566.54,36,11.95,Business,2024-08-15,0
CUST001368,228751.69,60,6.0,Education,2023-11-14,0
CUST001369,723397.06,84,16.15,Business,2023-04-20,0
CUST001370,293365.57,12,12.03,Education,2024-08-28,0
CUST001371,60528.69,84,13.8,Education,2024-12-26,0
CUST001372,530323.8,12,13.34,Auto,2024-06-13,0
CUST001373,1035772.41,12,10.49,Personal,2023-12-06,0
CUST001374,413146.94,60,13.39,Auto,2025-01-21,0
CUST001375,780717.75,12,12.55,Auto,2024-01-21,0
CUST001376,804712.57,48,11.38,Home,2023-05-15,1
CUST001377,334477.08,12,11.54,Home,2023-09-04,1
CUST001378,214565.32,60,12.53,Business,2023-05-09,0
CUST001379,59529.27,60,11.5,Auto,2024-01-06,0
CUST001380,412041.58,84,15.72,Auto,2025-10-31,0
CUST001381,884292.65,24,10.91,Education,2024-01-05,0
CUST001382,452018.83,60,10.29,Education,2024-08-13,1
CUST001383,617783.58,36,13.1,Education,2023-04-28,0
CUST001384,347559.38,84,7.53,Auto,2023-03-09,0
CUST001385,123950.42,60,14.26,Home,2024-01-11,0
CUST001386,255507.55,24,13.48,Business,2023-07-14,0
CUST001387,411044.96,48,12.35,Home,2024-02-15,0
CUST001388,405654.47,12,7.41,Auto,2023-01-13,0
CUST001389,670242.33,24,14.24,Auto,2025-03-06,0
CUST001390,346298.47,12,13.09,Personal,2024-07-28,0
CUST001391,286423.29,12,13.87,Auto,2024-08-04,0
CUST001392,775887.57,60,14.24,Home,2023-09-04,0
CUST001393,580156.64,60,11.02,Personal,2025-06-14,0
CUST001394,1157331.34,12,11.39,Home,2025-03-18,0
CUST001395,659112.33,60,9.64,Education,2024-10-23,0
CUST001396,290727.91,36,6.67,Business,2023-09-15,0
CUST001397,654334.65,24,15.84,Business,2024-07-06,0
CUST001398,27454.85,36,6.79,Personal,2023-12-01,0
CUST001399,316061.55,36,9.92,Business,2024-08-04,0
CUST001400,927507.0,12,11.13,Business,2025-10-17,0
CUST001401,530067.14,120,6.0,Business,2024-12-08,0
CUST001402,177178.83,120,8.5,Auto,2023-03-31,0
CUST001403,40644.0,36,9.96,Business,2025-10-14,0
CUST001404,677444.3,12,10.28,Home,2023-04-09,0
CUST001405,418741.21,48,9.99,Personal,2025-09-21,0
CUST001406,1421953.67,24,10.89,Education,2024-08-10,0
CUST001407,533559.55,84,13.67,Home,2025-12-24,1
CUST001408,790897.18,48,13.74,Personal,2023-09-07,0
CUST001409,926942.44,48,10.8,Home,2024-07-20,0
CUST001410,369725.7,48,9.03,Education,2023-07-13,0
CUST001411,495583.29,60,14.64,Personal,2023-05-15,0
CUST001412,1804224.38,36,12.71,Home,2023-11-17,1
CUST001413,126627.19,60,7.95,Personal,2023-01-26,0
CUST001414,92435.43,60,11.39,Business,2025-08-04,0
CUST001415,543021.46,60,13.17,Personal,2023-09-13,0
CUST001416,101989.49,120,13.83,Education,2023-06-03,0
CUST001417,283528.98,12,16.29,Personal,2024-10-02,0
CUST001418,202037.93,48,13.68,Business,2023-02-17,0
CUST001419,153100.09,48,8.27,Personal,2025-03-28,0
CUST001420,887994.56,84,11.21,Home,2025-03-31,0
CUST001421,207479.55,120,10.75,Business,2023-10-19,0
CUST001422,388122.28,36,7.5,Home,2024-10-03,0
CUST001423,330795.39,60,7.1,Auto,2024-12-02,0
CUST001424,418450.62,60,8.71,Personal,2024-09-26,0
CUST001425,641514.6,48,10.95,Business,2025-07-22,0
CUST001426,206732.92,60,8.1,Home,2025-09-12,0
CUST001427,371602.09,24,12.51,Education,2025-05-17,1
CUST001428,302084.77,84,6.0,Business,2025-09-08,0
CUST001429,371805.32,84,6.77,Home,2024-01-04,1
CUST001430,154069.71,24,6.61,Auto,2024-08-12,0
CUST001431,571779.03,48,9.84,Education,2024-12-28,0
CUST001432,102465.3,36,6.0,Education,2025-06-16,0
CUST001433,268327.73,120,6.94,Auto,2023-09-27,0
CUST001434,824359.17,48,10.96,Education,2024-08-09,0
CUST001435,248786.55,120,13.41,Business,2025-05-15,0
CUST001436,865287.17,120,10.46,Auto,2024-09-11,0
CUST001437,146818.54,84,12.56,Personal,2025-03-14,0
CUST001438,561867.98,24,9.43,Education,2023-06-26,0
CUST001439,1202522.06,24,11.78,Home,2024-10-14,0
CUST001440,545592.04,36,10.38,Business,2024-12-19,0
CUST001441,743655.16,84,9.02,Auto,2024-11-07,0
CUST001442,372031.54,60,15.6,Auto,2025-05-04,0
CUST001443,509886.96,120,9.12,Education,2024-02-02,1
CUST001444,804336.93,36,7.66,Business,2025-01-29,1
CUST001445,1011001.82,24,12.76,Education,2024-02-12,0
CUST001446,243412.04,60,7.86,Personal,2025-09-15,0
CUST001447,148317.72,60,11.44,Home,2025-07-03,0
CUST001448,610586.54,48,10.67,Education,2025-05-10,0
CUST001449,126586.94,36,14.79,Auto,2024-03-08,0
CUST001450,16054.54,12,12.01,Personal,2025-05-25,0
CUST001451,663514.47,120,10.78,Education,2023-03-10,0
CUST001452,236001.19,24,11.34,Business,2023-07-25,0
CUST001453,204977.75,24,12.61,Auto,2023-04-12,0
CUST001454,262707.01,24,8.6,Auto,2025-12-11,0
CUST001455,304530.7,48,12.29,Home,2025-02-26,0
CUST001456,727467.1,60,12.39,Personal,2023-05-29,0
CUST001457,432719.17,84,12.95,Auto,2023-01-14,0
CUST001458,670783.79,84,15.04,Auto,2025-10-01,0
CUST001459,377481.69,84,12.56,Business,2023-01-10,0
CUST001460,557548.77,36,9.96,Auto,2024-05-23,1
CUST001461,616696.89,12,17.7,Home,2023-08-28,0
CUST001462,338453.61,48,13.44,Home,2023-06-12,0
CUST001463,152595.94,24,7.32,Business,2023-12-13,0
CUST001464,457470.52,36,6.0,Education,2024-12-15,0
CUST001465,210731.6,120,10.58,Personal,2023-07-16,1
CUST001466,354086.61,120,16.31,Auto,2025-07-25,0
CUST001467,762511.63,36,6.0,Business,2024-11-15,0
CUST001468,93641.57,48,10.6,Home,2024-05-10,0
CUST001469,221234.68,60,16.81,Home,2024-04-23,0
CUST001470,414665.87,48,9.92,Education,2025-09-09,0
CUST001471,241194.96,84,11.27,Home,2025-01-19,0
CUST001472,166430.07,24,10.17,Personal,2025-03-11,0
CUST001473,660330.33,60,14.41,Home,2025-08-30,0
CUST001474,714195.65,24,9.72,Auto,2025-06-19,0
CUST001475,227366.65,120,6.48,Business,2023-10-09,0
CUST001476,428638.6,36,10.87,Business,2024-04-20,0
CUST001477,148443.89,12,14.04,Business,2025-12-07,0
CUST001478,254731.67,60,14.45,Business,2023-12-28,0
CUST001479,223757.7,60,12.38,Business,2025-01-24,0
CUST001480,100963.65,24,16.05,Business,2024-02-18,0
CUST001481,434100.55,48,10.45,Business,2023-10-28,0
CUST001482,248928.34,60,15.54,Home,2024-02-05,1
CUST001483,268372.39,120,11.29,Auto,2023-08-31,0
CUST001484,96097.22,84,7.44,Business,2023-04-03,0
CUST001485,386973.2,120,14.25,Auto,2025-11-07,0
CUST001486,368858.99,24,11.15,Home,2024-03-21,0
CUST001487,146744.9,120,9.95,Business,2025-02-03,0
CUST001488,480850.25,24,10.53,Home,2023-09-29,1
CUST001489,333505.25,84,8.17,Business,2025-05-14,0
CUST001490,269726.48,36,7.63,Personal,2024-09-24,0
CUST001491,299431.35,48,8.83,Home,2023-11-17,0
CUST001492,330787.07,24,15.38,Education,2024-09-30,0
CUST001493,228130.9,48,9.38,Home,2024-02-27,0
CUST001494,692396.17,36,10.13,Business,2025-11-21,0
CUST001495,144108.23,36,14.11,Personal,2025-05-14,0
CUST001496,163323.37,48,11.93,Home,2024-09-03,0
CUST001497,243010.37,36,11.58,Education,2025-04-25,1
CUST001498,73925.8,48,10.62,Personal,2024-04-07,0
CUST001499,536354.52,120,10.14,Education,2025-06-23,1
CUST001500,1408312.13,84,6.69,Home,2024-12-16,1
CUST001501,166878.73,120,12.63,Auto,2023-01-04,0
CUST001502,319922.07,36,8.6,Personal,2023-11-11,0
CUST001503,654165.18,48,15.97,Business,2023-07-14,0
CUST001504,485062.8,60,10.23,Auto,2024-02-28,0
CUST001505,913979.75,36,12.55,Personal,2024-05-20,0
CUST001506,159836.52,36,10.99,Auto,2025-05-29,0
CUST001507,727681.55,48,10.22,Business,2025-09-26,0
CUST001508,531878.23,60,14.43,Business,2024-10-17,0
CUST001509,356710.35,120,10.04,Auto,2023-07-03,0
CUST001510,474622.17,12,20.76,Home,2023-02-27,0
CUST001511,433891.0,48,8.84,Personal,2023-04-11,0
CUST001512,468668.2,24,11.86,Education,2025-03-09,0
CUST001513,84161.37,84,9.23,Home,2025-08-14,0
CUST001514,303088.65,36,8.37,Business,2024-10-25,1
CUST001515,456213.13,24,12.37,Home,2024-10-25,0
CUST001516,761031.08,48,6.59,Personal,2025-01-03,0
CUST001517,627718.29,120,12.0,Home,2023-12-07,0
CUST001518,453560.75,48,8.17,Business,2024-01-12,0
CUST001519,801624.12,120,6.93,Education,2025-12-12,0
CUST001520,332740.98,48,11.23,Home,2024-12-28,0
CUST001521,759177.86,24,7.42,Business,2025-11-16,0
CUST001522,1177293.35,84,13.52,Auto,2023-02-18,0
CUST001523,330916.65,48,12.14,Personal,2024-11-13,0
CUST001524,934755.8,24,15.53,Education,2025-09-28,1
CUST001525,749818.26,36,15.44,Education,2024-09-27,1
CUST001526,115082.17,84,13.42,Home,2025-01-19,0
CUST001527,407834.39,84,18.58,Personal,2023-09-08,0
CUST001528,252812.29,36,6.64,Home,2025-10-10,0
CUST001529,882377.63,24,10.12,Business,2023-06-25,0
CUST001530,359399.4,60,11.03,Auto,2025-12-06,0
CUST001531,425907.88,60,13.14,Education,2024-11-30,0
CUST001532,302972.59,84,10.31,Home,2024-06-26,1
CUST001533,413257.98,60,8.33,Education,2024-08-01,0
CUST001534,678583.17,24,13.83,Home,2023-07-18,0
CUST001535,1120982.47,24,7.42,Auto,2024-07-25,0
CUST001536,684483.57,48,6.0,Home,2023-10-29,0
CUST001537,979170.89,36,10.42,Education,2023-10-18,0
CUST001538,441329.54,84,8.6,Education,2024-12-17,0
CUST001539,461194.45,60,14.1,Business,2025-06-21,0
CUST001540,504962.26,24,12.72,Business,2023-01-13,0
CUST001541,326111.96,84,10.28,Business,2025-03-19,0
CUST001542,186954.48,84,15.56,Business,2023-04-30,0
CUST001543,1404423.95,48,17.71,Auto,2025-10-24,1
CUST001544,688268.59,60,10.95,Auto,2023-01-05,0
CUST001545,652526.87,24,6.0,Business,2025-02-11,0
CUST001546,598630.58,12,8.28,Home,2023-07-25,0
CUST001547,362721.68,24,11.15,Education,2025-10-03,0
CUST001548,732496.02,24,9.73,Personal,2023-10-23,0
CUST001549,818633.09,120,9.66,Personal,2024-11-16,0
CUST001550,898029.46,84,6.29,Education,2025-09-28,0
CUST001551,979679.68,84,13.81,Home,2023-08-11,1
CUST001552,535147.86,36,13.57,Auto,2023-05-31,0
CUST001553,631524.01,24,6.0,Personal,2023-12-18,0
CUST001554,647954.72,60,13.17,Home,2025-05-25,0
CUST001555,1326260.94,24,6.78,Personal,2025-06-24,0
CUST001556,557185.59,12,9.58,Business,2023-03-10,0
CUST001557,395231.67,84,15.77,Home,2023-07-18,1
CUST001558,384574.17,24,8.27,Business,2024-06-18,0
CUST001559,135817.62,84,12.79,Business,2024-04-16,0
CUST001560,288455.18,36,8.73,Personal,2025-01-17,0
CUST001561,115957.96,12,11.62,Education,2023-11-26,0
CUST001562,160743.48,12,9.21,Home,2025-04-22,0
CUST001563,152613.11,24,10.97,Personal,2023-07-13,0
CUST001564,22498.68,12,15.01,Home,2025-04-23,0
CUST001565,892561.05,60,13.63,Education,2025-06-25,1
CUST001566,654440.69,84,10.75,Auto,2024-02-01,0
CUST001567,263420.06,36,15.91,Business,2025-06-06,0
CUST001568,218603.64,84,11.89,Business,2023-04-26,0
CUST001569,589606.24,84,11.69,Business,2025-08-20,0
CUST001570,712444.01,120,7.62,Business,2025-10-28,0
CUST001571,474434.3,84,7.56,Auto,2024-12-31,0
CUST001572,556200.52,12,9.63,Personal,2025-02-13,0
CUST001573,195443.44,84,9.2,Personal,2024-05-06,0
CUST001574,300398.86,48,10.51,Auto,2023-09-20,0
CUST001575,68021.37,84,14.75,Home,2024-08-17,0
CUST001576,381799.74,84,6.14,Personal,2023-06-06,0
CUST001577,92998.41,48,9.64,Business,2024-12-04,0
CUST001578,180511.85,48,9.6,Home,2024-06-22,0
CUST001579,294635.19,84,9.48,Education,2024-11-13,0
CUST001580,285747.68,120,15.56,Business,2023-10-28,0
CUST001581,150622.22,120,8.29,Education,2023-09-21,0
CUST001582,175087.43,120,6.0,Business,2024-01-22,0
CUST001583,1152150.56,84,10.62,Auto,2024-01-18,0
CUST001584,556280.91,48,10.47,Personal,2023-10-04,1
CUST001585,72906.01,12,7.87,Auto,2024-05-14,0
CUST001586,398676.69,120,9.19,Business,2024-02-01,1
CUST001587,200841.77,24,11.51,Education,2024-02-14,0
CUST001588,657313.67,60,11.68,Education,2024-02-13,0
CUST001589,527618.58,120,11.63,Business,2025-06-28,0
CUST001590,79493.08,120,12.16,Education,2025-08-07,0
CUST001591,245018.94,48,7.82,Auto,2023-01-23,0
CUST001592,204320.93,84,12.2,Personal,2025-05-15,0
CUST001593,687698.89,60,9.47,Home,2024-10-11,0
CUST001594,465837.13,120,13.42,Auto,2025-09-08,0
CUST001595,692465.33,60,11.45,Business,2023-07-06,0
CUST001596,167360.61,120,9.71,Home,2024-08-17,0
CUST001597,113310.43,36,7.84,Business,2023-10-03,0
CUST001598,767427.35,24,8.23,Education,2023-12-20,0
CUST001599,552225.93,48,11.26,Business,2024-08-22,0
CUST001600,110430.2,12,10.75,Home,2023-08-27,0
CUST001601,564159.76,84,13.08,Education,2024-07-03,0
CUST001602,499662.78,36,9.29,Personal,2024-03-31,0
CUST001603,383770.21,84,11.87,Education,2024-02-03,0
CUST001604,453218.83,48,9.72,Auto,2025-06-16,0
CUST001605,123680.9,24,15.57,Personal,2024-03-28,1
CUST001606,619016.17,12,10.82,Auto,2024-08-29,0
CUST001607,250218.77,12,11.9,Auto,2023-02-15,0
CUST001608,201264.98,84,6.0,Home,2023-03-29,0
CUST001609,247330.1,48,11.53,Business,2023-07-27,1
CUST001610,536840.88,120,13.59,Education,2025-11-22,0
CUST001611,210539.48,84,10.59,Education,2024-03-27,0
CUST001612,843779.6,24,12.71,Home,2023-12-03,1
CUST001613,563567.69,120,11.38,Home,2024-04-25,0
CUST001614,131869.71,84,6.0,Personal,2025-01-04,0
CUST001615,1749879.32,12,10.47,Auto,2023-12-16,1
CUST001616,710990.92,24,15.16,Education,2025-05-19,1
CUST001617,1651943.21,84,11.92,Education,2024-12-28,0
CUST001618,292050.06,60,6.94,Business,2025-01-02,1
CUST001619,215979.58,36,14.28,Education,2024-12-12,0
CUST001620,340316.75,12,10.36,Personal,2023-03-13,0
CUST001621,247763.53,120,9.17,Education,2023-03-15,0
CUST001622,292473.32,24,17.5,Business,2024-07-10,0
CUST001623,341907.75,36,9.7,Education,2023-02-20,0
CUST001624,471135.08,36,11.47,Personal,2024-02-11,0
CUST001625,276030.66,12,11.13,Auto,2025-02-23,0
CUST001626,542961.86,36,14.59,Business,2023-05-10,1
CUST001627,554516.83,84,10.75,Auto,2023-12-06,0
CUST001628,469615.41,120,13.16,Personal,2024-06-12,0
CUST001629,221173.94,36,13.04,Auto,2024-11-29,0
CUST001630,481446.29,24,18.68,Education,2025-05-12,0
CUST001631,568749.81,48,16.43,Auto,2025-11-01,0
CUST001632,78935.35,36,8.5,Business,2024-11-14,0
CUST001633,755646.64,36,17.82,Education,2025-08-11,0
CUST001634,190594.07,60,12.84,Personal,2024-04-05,0
CUST001635,30650.8,24,7.62,Education,2024-12-18,0
CUST001636,282385.1,120,9.38,Home,2025-04-29,1
CUST001637,322401.69,60,14.51,Business,2025-11-02,0
CUST001638,516665.23,84,9.51,Personal,2024-05-23,0
CUST001639,608201.16,60,10.08,Education,2025-03-12,0
CUST001640,499978.86,84,6.4,Business,2025-03-26,0
CUST001641,172907.52,24,8.74,Education,2025-07-07,0
CUST001642,259471.82,84,7.58,Personal,2023-12-18,0
CUST001643,446957.82,84,11.54,Auto,2023-11-11,1
CUST001644,424551.95,120,11.22,Business,2023-03-05,0
CUST001645,632613.2,84,14.29,Auto,2024-09-05,0
CUST001646,115835.46,120,14.05,Business,2024-08-04,0
CUST001647,286992.57,24,8.56,Personal,2023-09-10,0
CUST001648,168613.15,48,15.8,Education,2023-08-11,0
CUST001649,705747.42,120,10.94,Personal,2025-07-18,0
CUST001650,237097.2,84,14.62,Business,2025-01-19,0
CUST001651,410141.46,36,12.81,Home,2024-09-10,0
CUST001652,301782.27,120,12.86,Home,2024-09-03,0
CUST001653,868287.14,12,12.21,Home,2023-07-21,0
CUST001654,211760.69,84,15.4,Home,2024-04-18,0
CUST001655,272764.46,24,7.0,Education,2023-03-30,0
CUST001656,698590.92,60,11.24,Auto,2025-11-28,0
CUST001657,403897.89,36,14.1,Auto,2024-08-01,0
CUST001658,703252.94,60,15.8,Education,2024-04-13,0
CUST001659,163628.87,48,10.6,Business,2025-03-12,0
CUST001660,296933.43,12,12.19,Business,2023-08-08,0
CUST001661,539939.44,36,9.15,Auto,2024-09-20,0
CUST001662,213578.27,36,13.57,Auto,2024-10-15,0
CUST001663,148628.67,84,11.28,Personal,2023-03-06,0
CUST001664,639798.02,84,11.41,Auto,2023-06-24,0
CUST001665,1191638.37,48,10.69,Business,2025-07-15,0
CUST001666,483392.93,60,10.69,Education,2024-02-19,0
CUST001667,355119.32,48,8.64,Auto,2023-02-06,0
CUST001668,1087682.13,24,11.59,Auto,2024-09-22,0
CUST001669,644820.45,120,12.07,Auto,2025-06-29,0
CUST001670,1437014.42,12,14.03,Home,2024-11-07,0
CUST001671,261286.03,120,7.9,Auto,2023-10-02,0
CUST001672,1484505.0,60,6.52,Personal,2024-01-22,0
CUST001673,548573.98,12,10.14,Education,2024-07-28,0
CUST001674,487713.82,24,17.11,Home,2023-02-28,0
CUST001675,46756.96,12,9.67,Education,2024-06-21,0
CUST001676,728490.79,12,10.15,Business,2025-10-08,1
CUST001677,213918.92,84,10.64,Home,2024-03-31,0
CUST001678,583632.34,120,6.78,Auto,2023-07-02,0
CUST001679,693374.74,60,11.71,Home,2025-10-08,0
CUST001680,187877.11,24,11.02,Home,2025-12-22,0
CUST001681,190758.62,12,12.05,Education,2024-03-03,0
CUST001682,69168.85,120,9.38,Personal,2023-10-06,0
CUST001683,512666.68,48,12.21,Personal,2024-03-11,0
CUST001684,550269.97,120,9.88,Business,2024-05-25,0
CUST001685,974895.21,48,6.0,Home,2023-08-14,0
CUST001686,1248464.56,60,8.44,Business,2023-04-12,0
CUST001687,377744.94,36,13.06,Personal,2025-05-22,0
CUST001688,1557391.2,12,9.91,Education,2024-06-13,0
CUST001689,1183980.21,84,9.66,Auto,2024-08-16,0
CUST001690,505426.05,36,15.65,Business,2025-12-15,0
CUST001691,551502.03,24,13.38,Business,2024-02-11,1
CUST001692,196193.04,12,9.65,Personal,2023-11-23,0
CUST001693,1326433.75,36,11.58,Education,2024-02-09,0
CUST001694,631125.65,84,10.0,Home,2024-10-20,0
CUST001695,159154.29,48,17.1,Home,2023-07-05,0
CUST001696,802912.61,84,11.47,Auto,2025-12-18,0
CUST001697,245881.38,120,6.0,Home,2024-12-06,0
CUST001698,1259486.86,84,11.86,Auto,2024-08-19,1
CUST001699,267506.31,36,8.63,Auto,2023-05-07,0
CUST001700,396816.64,12,13.67,Business,2025-09-09,0
CUST001701,684604.9,120,7.8,Personal,2025-02-05,1
CUST001702,732276.75,36,10.1,Home,2025-10-27,1
CUST001703,871595.29,12,9.6,Auto,2025-04-22,0
CUST001704,459123.23,48,10.01,Business,2024-04-09,0
CUST001705,594560.28,60,12.37,Business,2024-03-04,0
CUST001706,580933.88,48,13.51,Personal,2023-11-03,0
CUST001707,929987.18,12,12.5,Business,2023-12-03,0
CUST001708,643151.47,24,12.07,Education,2023-03-18,0
CUST001709,781510.37,12,14.35,Education,2025-12-18,0
CUST001710,560691.57,60,15.03,Auto,2024-09-20,0
CUST001711,189214.68,48,14.05,Personal,2025-02-16,0
CUST001712,252149.5,60,11.83,Home,2024-05-13,0
CUST001713,528239.57,24,16.04,Business,2024-08-13,0
CUST001714,833302.27,24,8.92,Home,2024-11-21,0
CUST001715,147810.67,36,11.01,Education,2024-01-28,0
CUST001716,109765.1,24,14.37,Personal,2025-05-30,1
CUST001717,197078.39,84,10.31,Home,2024-04-01,0
CUST001718,219173.03,12,8.38,Business,2024-06-28,0
CUST001719,303493.07,48,14.46,Education,2023-04-08,0
CUST001720,409800.61,48,8.76,Home,2023-03-25,0
CUST001721,971872.11,24,12.8,Auto,2023-10-11,0
CUST001722,608233.86,24,12.52,Personal,2023-12-15,0
CUST001723,664040.02,24,11.74,Personal,2023-12-11,0
CUST001724,471019.2,12,11.89,Personal,2023-12-08,0
CUST001725,355227.69,60,11.83,Business,2024-12-31,0
CUST001726,171462.52,12,7.3,Personal,2024-12-16,0
CUST001727,537110.86,24,12.17,Personal,2025-01-25,0
CUST001728,586257.14,48,11.85,Auto,2024-10-08,0
CUST001729,817910.17,36,17.15,Home,2025-12-02,0
CUST001730,533313.72,84,10.84,Auto,2025-07-13,1
CUST001731,529647.23,24,12.24,Business,2025-09-01,0
CUST001732,1235808.78,120,10.82,Auto,2023-01-17,0
CUST001733,523832.61,84,11.58,Personal,2024-10-08,0
CUST001734,149975.49,48,11.99,Personal,2025-10-31,0
CUST001735,339274.45,84,13.63,Auto,2024-01-23,1
CUST001736,416438.82,24,12.63,Auto,2024-07-20,0
CUST001737,526535.93,60,10.37,Auto,2025-01-31,0
CUST001738,516624.15,120,10.48,Business,2023-03-21,0
CUST001739,39390.02,24,9.38,Home,2025-04-04,0
CUST001740,935036.18,60,10.65,Personal,2024-03-02,1
CUST001741,620366.76,24,6.47,Personal,2023-08-01,1
CUST001742,611545.9,84,9.35,Business,2023-07-07,0
CUST001743,538953.04,48,15.09,Personal,2023-07-26,0
CUST001744,80443.68,24,13.89,Home,2024-04-28,0
CUST001745,128623.57,12,14.67,Auto,2024-11-26,0
CUST001746,1203729.79,84,8.22,Auto,2025-07-03,0
CUST001747,1081079.18,24,11.77,Business,2024-08-10,0
CUST001748,574853.26,60,10.75,Auto,2023-04-07,0
CUST001749,543168.49,24,14.14,Home,2023-11-17,1
CUST001750,807254.51,84,11.52,Education,2025-04-07,0
CUST001751,295809.9,60,10.27,Personal,2025-01-22,0
CUST001752,1752756.59,60,8.42,Personal,2025-03-20,0
CUST001753,643417.5,84,14.19,Personal,2024-07-24,0
CUST001754,605757.02,60,12.27,Home,2024-10-26,0
CUST001755,510798.94,84,12.61,Auto,2024-11-20,0
CUST001756,545901.09,36,12.75,Auto,2025-01-05,1
CUST001757,961639.12,84,13.73,Business,2023-12-27,0
CUST001758,472615.24,48,14.38,Business,2025-02-06,0
CUST001759,939236.9,36,9.68,Auto,2025-04-22,1
CUST001760,618360.31,36,8.56,Personal,2023-06-27,0
CUST001761,75355.68,84,8.38,Business,2023-03-25,0
CUST001762,1164053.46,24,10.2,Auto,2025-11-30,0
CUST001763,451178.77,60,12.59,Education,2025-03-10,0
CUST001764,407021.35,60,16.49,Business,2023-07-28,0
CUST001765,841985.17,120,11.93,Business,2023-06-27,0
CUST001766,271861.26,60,15.42,Personal,2024-09-02,0
CUST001767,943517.84,84,9.58,Business,2023-01-20,0
CUST001768,655796.21,36,15.78,Education,2024-03-27,0
CUST001769,226149.96,48,13.68,Auto,2024-08-17,0
CUST001770,47013.34,48,8.22,Business,2024-10-04,0
CUST001771,541720.69,48,13.34,Personal,2025-08-10,0
CUST001772,543979.3,120,14.58,Education,2024-10-02,0
CUST001773,262198.72,36,12.0,Business,2025-07-19,0
CUST001774,495409.62,12,12.39,Personal,2025-09-17,0
CUST001775,1532269.3,12,12.86,Personal,2025-04-01,0
CUST001776,1089493.6,12,9.58,Personal,2023-02-10,1
CUST001777,1165347.57,120,11.97,Business,2024-06-23,0
CUST001778,203207.83,24,6.44,Auto,2023-11-02,0
CUST001779,351892.05,24,10.75,Personal,2025-11-28,0
CUST001780,574061.98,60,12.52,Education,2023-06-29,0
CUST001781,413200.11,36,13.67,Home,2023-07-20,0
CUST001782,342329.04,36,6.11,Auto,2023-11-23,0
CUST001783,251752.59,84,12.79,Personal,2023-04-19,0
CUST001784,554188.92,36,7.52,Home,2023-02-28,0
CUST001785,215941.78,60,12.53,Education,2024-11-04,0
CUST001786,310833.89,120,14.17,Business,2023-07-25,0
CUST001787,261345.63,36,6.0,Business,2025-11-05,0
CUST001788,544113.57,12,10.76,Personal,2024-05-10,0
CUST001789,978575.44,12,13.53,Home,2023-03-31,0
CUST001790,233717.8,60,11.47,Personal,2024-06-30,0
CUST001791,158800.76,36,11.57,Personal,2024-01-06,0
CUST001792,580768.21,84,15.68,Home,2025-06-17,0
CUST001793,201846.8,84,12.7,Auto,2024-09-17,0
CUST001794,165535.48,84,14.92,Auto,2024-12-05,0
CUST001795,368181.8,48,8.02,Auto,2025-08-02,0
CUST001796,665671.43,120,9.08,Personal,2025-05-20,0
CUST001797,720399.65,120,13.77,Business,2024-03-02,0
CUST001798,385574.79,48,10.26,Business,2023-01-02,0
CUST001799,236343.55,48,9.68,Personal,2025-12-13,0
CUST001800,271879.69,24,12.52,Education,2025-02-19,0
CUST001801,404254.63,84,9.1,Home,2023-09-08,0
CUST001802,159111.26,48,12.83,Business,2023-04-27,0
CUST001803,843226.97,84,13.63,Personal,2023-04-20,0
CUST001804,544988.15,60,7.98,Home,2023-11-08,0
CUST001805,985108.99,48,12.26,Education,2024-12-23,0
CUST001806,376512.18,120,11.15,Education,2024-10-18,0
CUST001807,739814.54,120,10.99,Auto,2023-03-14,0
CUST001808,307818.1,48,12.0,Education,2024-05-18,1
CUST001809,482169.92,84,6.0,Auto,2025-11-02,0
CUST001810,345897.63,60,6.0,Home,2025-11-30,0
CUST001811,174748.8,60,14.07,Education,2023-01-18,0
CUST001812,666531.61,12,12.14,Auto,2023-08-07,0
CUST001813,718000.78,36,8.39,Personal,2023-03-09,0
CUST001814,201920.5,120,8.77,Personal,2023-02-28,0
CUST001815,541230.39,48,8.84,Personal,2025-06-17,0
CUST001816,317203.09,48,7.82,Home,2024-08-21,0
CUST001817,421540.19,48,11.56,Education,2024-10-07,0
CUST001818,482642.93,12,13.87,Personal,2023-04-18,0
CUST001819,855436.26,48,12.79,Education,2025-12-11,1
CUST001820,335475.2,120,16.56,Education,2024-09-29,0
CUST001821,382643.09,60,14.37,Business,2025-04-13,1
CUST001822,1039372.1,48,16.05,Home,2025-11-04,0
CUST001823,177804.42,84,13.78,Education,2025-10-13,0
CUST001824,1150225.11,120,10.63,Education,2025-05-15,0
CUST001825,564236.66,24,8.77,Personal,2025-03-17,0
CUST001826,1368513.73,12,10.67,Personal,2024-12-09,0
CUST001827,365946.2,120,9.24,Business,2025-11-07,0
CUST001828,1147914.59,24,9.76,Business,2025-10-15,0
CUST001829,403855.19,60,11.31,Home,2024-12-02,0
CUST001830,206292.07,120,6.13,Business,2024-05-09,0
CUST001831,776809.26,60,6.0,Business,2025-04-11,0
CUST001832,285389.98,12,13.2,Home,2024-06-18,0
CUST001833,193670.43,48,14.88,Home,2023-12-27,0
CUST001834,166666.92,48,14.16,Education,2023-08-07,0
CUST001835,317518.68,36,10.35,Business,2024-06-18,0
CUST001836,56599.35,60,14.05,Personal,2024-12-25,0
CUST001837,457126.48,12,10.05,Auto,2025-11-04,0
CUST001838,234250.41,12,8.11,Personal,2024-07-25,0
CUST001839,526184.49,48,8.88,Education,2025-04-23,0
CUST001840,305426.06,24,10.51,Education,2025-11-19,0
CUST001841,192481.73,36,11.8,Education,2023-09-24,0
CUST001842,296037.12,60,9.92,Personal,2024-11-30,0
CUST001843,1178729.55,12,14.13,Personal,2023-06-23,1
CUST001844,552738.54,24,11.4,Business,2025-07-03,1
CUST001845,500322.87,24,16.21,Personal,2025-09-27,0
CUST001846,1612743.09,120,8.15,Education,2024-03-09,0
CUST001847,418111.32,60,13.81,Personal,2024-11-11,0
CUST001848,524804.93,60,6.0,Auto,2023-06-14,0
CUST001849,349717.27,24,10.97,Education,2024-10-19,0
CUST001850,449170.35,48,11.03,Home,2023-12-18,0
CUST001851,636584.21,48,12.05,Education,2025-08-23,0
CUST001852,707723.98,120,8.63,Auto,2025-06-12,0
CUST001853,363235.88,120,9.2,Personal,2025-12-03,0
CUST001854,603255.03,60,12.61,Business,2023-02-08,1
CUST001855,133631.22,36,12.31,Education,2023-05-09,0
CUST001856,697657.76,84,12.37,Home,2024-01-30,1
CUST001857,850094.56,84,11.29,Auto,2023-07-04,0
CUST001858,873195.5,120,10.83,Auto,2024-04-03,0
CUST001859,262301.84,60,11.3,Personal,2025-08-20,0
CUST001860,547584.41,60,9.99,Education,2025-05-05,0
CUST001861,312856.99,36,8.04,Auto,2025-12-21,0
CUST001862,459746.25,84,12.45,Business,2023-03-21,0
CUST001863,903184.66,60,6.0,Home,2023-09-24,0
CUST001864,343535.42,12,10.73,Education,2023-12-05,0
CUST001865,490261.41,60,12.72,Auto,2025-08-04,0
CUST001866,1131910.12,36,14.03,Business,2025-09-12,0
CUST001867,1891701.68,24,8.22,Home,2025-02-16,0
CUST001868,299223.93,24,11.53,Auto,2025-09-23,0
CUST001869,240409.61,36,10.81,Personal,2025-02-17,0
CUST001870,666870.27,48,6.0,Personal,2025-10-06,0
CUST001871,1437769.17,60,7.52,Personal,2025-12-30,1
CUST001872,400558.26,60,7.94,Auto,2024-03-12,0
CUST001873,850775.69,84,8.25,Personal,2023-04-27,0
CUST001874,699337.93,48,12.18,Auto,2024-05-08,1
CUST001875,572954.97,12,19.11,Home,2025-09-24,0
CUST001876,357350.27,60,11.01,Education,2024-04-15,0
CUST001877,126220.31,12,8.28,Auto,2024-11-28,0
CUST001878,990008.7,60,7.69,Business,2023-10-28,1
CUST001879,474361.42,84,15.08,Auto,2023-06-11,0
CUST001880,305951.21,12,13.05,Auto,2023-02-21,0
CUST001881,667694.85,120,12.12,Home,2025-03-08,1
CUST001882,445213.89,48,16.23,Auto,2023-12-10,0
CUST001883,685786.15,84,13.57,Personal,2024-12-12,0
CUST001884,423656.94,120,6.0,Personal,2023-01-08,1
CUST001885,469176.17,60,12.11,Auto,2023-05-07,0
CUST001886,275526.48,60,12.41,Business,2023-01-11,0
CUST001887,1215213.31,84,13.33,Education,2025-01-26,0
CUST001888,728612.23,36,14.46,Education,2025-03-17,0
CUST001889,237436.22,12,13.84,Business,2024-05-06,1
CUST001890,655832.75,24,9.77,Home,2024-11-19,0
CUST001891,1325089.08,120,15.54,Education,2024-04-04,1
CUST001892,246541.12,12,8.94,Auto,2024-03-25,0
CUST001893,324559.96,84,8.6,Home,2025-09-12,0
CUST001894,1045387.31,36,8.56,Personal,2023-05-21,0
CUST001895,196426.51,24,8.69,Education,2025-04-06,0
CUST001896,182900.6,60,9.37,Business,2024-04-29,0
CUST001897,404201.93,60,7.45,Personal,2025-07-14,0
CUST001898,813536.06,36,14.25,Education,2023-08-25,0
CUST001899,195145.89,120,13.22,Education,2025-01-28,1
CUST001900,264154.71,84,9.87,Personal,2023-06-28,0
CUST001901,352782.95,84,9.73,Business,2023-11-19,0
CUST001902,809874.17,60,13.19,Auto,2024-02-16,0
CUST001903,699225.32,84,15.04,Auto,2024-05-09,0
CUST001904,873885.46,84,13.54,Education,2023-09-07,0
CUST001905,39777.33,36,14.34,Personal,2023-03-17,0
CUST001906,1148613.34,60,8.88,Personal,2023-03-02,0
CUST001907,376660.12,36,16.69,Business,2023-09-22,1
CUST001908,325516.4,24,8.77,Business,2023-02-04,0
CUST001909,167767.88,60,12.57,Education,2023-04-26,0
CUST001910,937709.92,48,11.39,Auto,2025-05-10,0
CUST001911,117157.27,84,9.66,Education,2025-12-01,0
CUST001912,490370.99,12,11.13,Education,2025-08-18,0
CUST001913,803457.1,84,13.36,Home,2025-04-22,0
CUST001914,188463.59,48,6.92,Personal,2024-08-24,0
CUST001915,278619.09,48,8.41,Auto,2025-08-23,0
CUST001916,428086.88,24,13.9,Home,2024-09-15,0
CUST001917,587226.72,48,12.03,Business,2024-06-29,0
CUST001918,332574.36,36,15.05,Personal,2023-04-21,0
CUST001919,229339.15,120,14.72,Education,2023-02-22,0
CUST001920,328755.92,12,12.94,Home,2024-01-31,0
CUST001921,1798156.94,60,11.65,Business,2023-08-15,0
CUST001922,140506.73,84,12.38,Home,2024-12-11,0
CUST001923,1050389.19,36,12.7,Business,2025-08-27,0
CUST001924,977159.51,120,13.15,Education,2024-04-30,0
CUST001925,38495.62,36,6.48,Auto,2023-05-31,0
CUST001926,262060.76,120,7.24,Business,2025-11-23,0
CUST001927,699622.28,60,15.04,Home,2023-10-31,1
CUST001928,525270.67,12,13.75,Personal,2023-04-21,0
CUST001929,255747.56,120,7.18,Business,2025-07-18,0
CUST001930,434524.53,48,13.24,Business,2025-01-09,0
CUST001931,388944.23,12,9.01,Home,2024-05-21,0
CUST001932,337041.57,36,14.11,Education,2023-12-09,1
CUST001933,193710.48,120,13.77,Business,2025-01-16,0
CUST001934,214313.39,24,13.48,Personal,2024-08-13,0
CUST001935,629193.96,48,19.84,Education,2023-11-10,1
CUST001936,591585.27,24,11.24,Business,2025-08-27,0
CUST001937,954048.18,60,6.0,Auto,2024-01-13,0
CUST001938,501621.29,48,10.99,Business,2023-02-19,0
CUST001939,837172.97,60,13.0,Auto,2023-02-07,1
CUST001940,831374.08,36,7.09,Education,2025-07-27,0
CUST001941,903966.39,24,15.72,Home,2025-11-24,0
CUST001942,440758.81,120,13.03,Personal,2025-04-28,0
CUST001943,770201.18,36,9.52,Home,2025-03-22,0
CUST001944,424276.5,12,11.83,Business,2024-01-31,0
CUST001945,448073.47,24,11.85,Education,2025-09-23,1
CUST001946,201445.08,24,16.79,Education,2023-12-30,0
CUST001947,358194.37,48,14.71,Auto,2024-06-22,0
CUST001948,630955.87,120,16.37,Education,2025-02-03,0
CUST001949,226735.68,12,8.81,Education,2024-03-12,0
CUST001950,308318.74,120,13.82,Business,2024-10-16,0
CUST001951,633395.44,24,10.97,Home,2023-06-25,1
CUST001952,1415457.6,12,7.88,Education,2024-02-05,0
CUST001953,260656.47,24,8.37,Business,2025-09-05,0
CUST001954,448446.62,48,11.88,Business,2024-07-29,0
CUST001955,202368.0,60,11.4,Education,2025-05-02,0
CUST001956,106571.54,120,10.1,Education,2023-01-22,0
CUST001957,217878.62,84,8.37,Personal,2024-11-16,0
CUST001958,395836.55,120,13.41,Personal,2023-03-24,0
CUST001959,283079.91,24,9.28,Home,2025-11-12,0
CUST001960,182977.69,24,6.34,Home,2024-03-27,0
CUST001961,318293.8,120,12.6,Education,2024-02-28,0
CUST001962,697330.56,36,14.04,Home,2025-11-03,0
CUST001963,626991.87,60,7.42,Auto,2023-08-06,0
CUST001964,457450.49,12,9.47,Business,2024-12-23,0
CUST001965,164325.43,48,13.52,Auto,2025-12-28,1
CUST001966,236268.32,60,14.03,Education,2023-03-15,0
CUST001967,736930.31,12,8.07,Personal,2025-02-11,0
CUST001968,204994.62,120,9.79,Personal,2024-12-27,0
CUST001969,588783.9,12,7.7,Auto,2023-05-18,0
CUST001970,261825.94,24,10.59,Education,2025-04-06,0
CUST001971,416956.93,48,6.84,Business,2025-08-22,1
CUST001972,442955.45,48,13.36,Personal,2024-11-20,0
CUST001973,274272.44,12,12.93,Personal,2025-06-17,0
CUST001974,277313.53,120,6.0,Personal,2023-01-27,1
CUST001975,523307.0,48,11.83,Education,2025-08-06,0
CUST001976,543310.06,24,11.76,Education,2024-11-03,0
CUST001977,111477.09,84,8.05,Education,2024-05-30,0
CUST001978,379579.58,12,11.46,Business,2024-07-15,0
CUST001979,383407.38,48,14.0,Auto,2023-12-16,0
CUST001980,404893.07,36,9.26,Business,2024-01-28,0
CUST001981,567637.64,24,13.21,Business,2023-04-11,0
CUST001982,797442.94,12,9.32,Home,2025-11-01,0
CUST001983,431610.82,36,10.32,Home,2025-03-29,0
CUST001984,554851.76,60,10.38,Business,2023-12-21,0
CUST001985,1637611.72,120,13.13,Business,2025-08-05,0
CUST001986,290433.07,60,17.02,Personal,2025-03-15,1
CUST001987,725723.21,84,9.4,Education,2025-08-20,0
CUST001988,406297.85,84,16.62,Home,2023-06-21,1
CUST001989,1294384.66,12,12.24,Personal,2024-06-07,0
CUST001990,703508.86,24,10.68,Home,2024-12-06,0
CUST001991,505455.63,60,9.44,Education,2024-12-12,0
CUST001992,142401.33,12,10.35,Home,2025-06-27,0
CUST001993,466126.87,36,9.78,Education,2024-02-16,0
CUST001994,420991.67,60,11.87,Auto,2024-12-10,0
CUST001995,196795.71,48,7.91,Personal,2025-06-04,0
CUST001996,369085.63,12,6.0,Home,2025-12-20,0
CUST001997,664656.83,24,10.06,Home,2024-05-16,0
CUST001998,758575.76,84,16.45,Auto,2023-01-06,0
CUST001999,288076.69,60,9.44,Education,2025-02-02,0
CUST002000,110627.54,24,11.49,Education,2024-08-17,0
CUST002001,2029092.93,60,7.06,Personal,2023-08-18,0
CUST002002,87688.9,48,11.33,Business,2024-08-25,0
CUST002003,451214.77,84,11.96,Business,2023-06-19,0
CUST002004,297995.56,12,10.53,Business,2025-08-04,0
CUST002005,936194.56,36,7.36,Home,2025-02-27,0
CUST002006,321291.4,24,7.53,Education,2023-09-30,0
CUST002007,482740.41,12,8.11,Auto,2025-01-17,0
CUST002008,1286325.26,84,10.69,Business,2023-08-12,1
CUST002009,730289.42,84,10.54,Auto,2024-11-16,0
CUST002010,359061.79,24,10.03,Auto,2025-05-26,0
CUST002011,679554.56,24,8.23,Auto,2023-06-09,0
CUST002012,222877.69,36,9.72,Personal,2025-11-16,0
CUST002013,967528.41,60,11.89,Personal,2025-01-16,0
CUST002014,166676.73,36,6.0,Business,2025-06-08,0
CUST002015,491695.9,84,10.69,Home,2025-06-12,0
CUST002016,469007.81,84,15.22,Home,2023-08-29,0
CUST002017,415040.56,24,15.31,Auto,2025-09-10,0
CUST002018,1303845.75,36,9.54,Business,2023-05-27,0
CUST002019,56795.39,60,12.99,Personal,2025-10-19,0
CUST002020,274285.3,84,7.4,Education,2024-07-05,0
CUST002021,1164482.32,36,7.96,Business,2025-04-21,1
CUST002022,230838.66,120,11.5,Auto,2023-05-01,0
CUST002023,530864.3,84,11.73,Home,2024-10-19,0
CUST002024,1261991.31,36,6.13,Personal,2025-11-21,0
CUST002025,1380670.37,60,12.96,Auto,2024-05-02,0
CUST002026,85966.7,84,9.02,Business,2025-10-24,0
CUST002027,752151.27,36,9.8,Home,2024-03-31,0
CUST002028,86758.58,12,13.36,Home,2025-01-22,0
CUST002029,457322.9,36,6.0,Education,2024-01-14,0
CUST002030,180815.44,12,12.47,Personal,2024-04-27,0
CUST002031,542787.87,24,8.95,Home,2024-04-07,0
CUST002032,435681.2,48,16.47,Home,2023-12-29,0
CUST002033,155937.85,36,6.73,Home,2023-08-22,0
CUST002034,536766.8,24,10.75,Auto,2024-03-25,0
CUST002035,852300.5,36,10.55,Auto,2025-12-13,0
CUST002036,637640.08,24,19.66,Personal,2024-10-07,0
CUST002037,252659.7,24,13.83,Home,2025-08-04,0
CUST002038,828435.65,60,15.04,Business,2023-05-05,0
CUST002039,141355.88,48,6.0,Business,2025-02-25,0
CUST002040,391340.81,120,12.31,Education,2023-11-25,0
CUST002041,498455.58,84,10.49,Auto,2025-07-04,0
CUST002042,1184185.15,12,15.17,Home,2024-08-24,1
CUST002043,388194.88,60,15.48,Personal,2025-04-10,0
CUST002044,399534.17,48,9.97,Home,2025-11-22,1
CUST002045,596303.78,60,9.56,Personal,2023-02-24,0
CUST002046,1112280.15,24,11.69,Business,2023-09-24,0
CUST002047,354261.76,48,11.12,Business,2024-06-08,0
CUST002048,1170705.98,48,13.94,Home,2025-06-17,0
CUST002049,356149.56,12,9.04,Business,2024-04-30,0
CUST002050,610972.03,120,11.34,Education,2023-09-14,0
CUST002051,374486.29,24,8.85,Business,2025-12-28,0
CUST002052,946013.82,84,12.97,Auto,2023-07-22,0
CUST002053,424858.34,60,10.14,Personal,2024-09-21,0
CUST002054,181001.62,60,6.87,Auto,2025-06-21,0
CUST002055,428576.59,120,9.13,Education,2023-08-25,1
CUST002056,569510.31,48,11.1,Home,2024-12-09,1
CUST002057,362892.71,84,13.43,Business,2023-01-11,0
CUST002058,860207.13,84,12.67,Home,2025-03-10,0
CUST002059,363549.18,48,12.77,Education,2024-10-17,0
CUST002060,366481.65,36,14.86,Personal,2023-09-13,0
CUST002061,352768.38,48,16.5,Auto,2023-03-21,0
CUST002062,136464.71,36,10.78,Education,2024-04-16,0
CUST002063,458469.87,36,15.74,Education,2025-03-25,0
CUST002064,227308.14,24,10.93,Home,2023-03-21,0
CUST002065,579030.23,36,8.96,Auto,2024-05-08,0
CUST002066,619693.72,120,6.0,Personal,2024-09-21,0
CUST002067,24854.38,36,16.28,Personal,2025-07-12,0
CUST002068,186028.27,36,11.8,Personal,2023-09-29,0
CUST002069,528533.53,60,6.0,Home,2025-06-14,0
CUST002070,1875679.32,60,12.88,Business,2023-02-03,0
CUST002071,410308.02,12,6.24,Personal,2024-07-23,0
CUST002072,137156.42,36,12.69,Business,2025-01-10,0
CUST002073,196258.02,24,7.55,Education,2024-09-15,0
CUST002074,705493.68,12,8.93,Education,2025-10-18,0
CUST002075,796739.77,120,11.08,Home,2025-12-24,0
CUST002076,45046.66,24,15.8,Education,2025-01-18,0
CUST002077,686285.74,120,9.07,Auto,2025-01-02,0
CUST002078,775801.36,36,17.81,Auto,2024-12-15,0
CUST002079,329952.89,120,11.33,Auto,2023-09-29,0
CUST002080,163150.72,48,6.62,Education,2024-06-23,0
CUST002081,238192.68,120,13.43,Home,2023-06-04,0
CUST002082,136944.32,48,11.6,Home,2025-02-13,0
CUST002083,241038.17,120,12.91,Education,2023-04-16,0
CUST002084,38674.07,24,10.28,Business,2024-03-29,0
CUST002085,862399.66,60,8.02,Education,2023-05-07,0
CUST002086,65254.83,12,11.47,Home,2023-10-25,0
CUST002087,47237.09,24,12.77,Personal,2024-04-13,0
CUST002088,636796.54,24,13.41,Auto,2023-06-28,0
CUST002089,281924.44,24,13.31,Home,2025-09-18,0
CUST002090,606491.88,12,13.52,Personal,2024-11-05,0
CUST002091,388703.29,84,9.53,Personal,2023-07-03,0
CUST002092,642887.78,84,11.29,Home,2025-10-14,0
CUST002093,230342.24,60,11.26,Personal,2025-05-15,0
CUST002094,784686.8,84,12.19,Auto,2023-08-23,0
CUST002095,430439.14,60,6.0,Education,2023-12-16,0
CUST002096,1222678.04,12,10.01,Business,2024-07-09,0
CUST002097,322248.06,120,14.49,Home,2025-12-21,0
CUST002098,870534.69,36,17.93,Auto,2023-11-09,0
CUST002099,1130684.22,48,9.29,Auto,2024-05-08,0
CUST002100,331675.99,36,12.99,Personal,2025-12-14,0
CUST002101,290287.73,84,12.75,Education,2025-09-29,0
CUST002102,187281.92,24,11.94,Personal,2025-09-07,0
CUST002103,236928.17,48,17.47,Home,2025-05-09,0
CUST002104,502926.82,36,10.01,Auto,2025-12-09,0
CUST002105,695612.2,120,11.23,Business,2025-12-29,0
CUST002106,255966.56,60,11.32,Home,2024-08-02,0
CUST002107,279127.57,24,8.52,Home,2023-11-02,0
CUST002108,563438.92,36,13.62,Auto,2024-02-07,0
CUST002109,472107.8,120,11.22,Business,2023-11-08,0
CUST002110,98628.68,84,9.66,Home,2025-03-06,0
CUST002111,645135.28,24,10.32,Personal,2024-03-22,0
CUST002112,151204.91,48,10.02,Education,2023-01-08,0
CUST002113,699325.99,36,9.8,Education,2023-04-05,1
CUST002114,510374.43,84,9.16,Personal,2023-05-21,0
CUST002115,761808.85,48,16.18,Education,2024-06-08,0
CUST002116,186791.54,120,6.0,Education,2023-05-31,0
CUST002117,232391.26,120,8.01,Personal,2025-10-02,0
CUST002118,321433.14,84,6.72,Home,2025-09-04,0
CUST002119,1247029.0,36,8.74,Home,2023-12-30,1
CUST002120,238753.29,48,6.3,Business,2024-04-15,0
CUST002121,434792.83,84,15.2,Business,2025-08-28,1
CUST002122,546462.59,120,11.96,Auto,2023-01-23,0
CUST002123,972308.24,60,11.28,Auto,2023-09-02,0
CUST002124,397560.9,48,12.89,Auto,2025-06-16,0
CUST002125,537299.36,24,13.53,Business,2025-01-04,0
CUST002126,548216.43,24,10.98,Education,2024-10-02,0
CUST002127,800331.33,48,12.5,Auto,2023-12-09,0
CUST002128,232980.88,24,10.46,Home,2024-01-07,0
CUST002129,2033994.01,60,15.85,Auto,2023-01-17,0
CUST002130,135899.4,48,10.07,Auto,2023-11-26,0
CUST002131,332317.88,24,9.8,Education,2025-08-19,0
CUST002132,357742.45,12,11.12,Auto,2024-03-24,0
CUST002133,408670.29,84,6.0,Home,2025-03-26,0
CUST002134,434759.56,84,12.14,Home,2023-11-11,0
CUST002135,188268.91,84,13.64,Business,2024-02-01,0
CUST002136,560125.55,12,14.65,Auto,2024-11-14,0
CUST002137,343511.24,36,13.72,Auto,2023-08-28,0
CUST002138,1071734.03,12,11.54,Personal,2025-10-30,0
CUST002139,357399.86,48,13.29,Education,2023-12-30,0
CUST002140,487931.75,120,10.29,Auto,2025-11-12,0
CUST002141,152358.03,120,13.51,Auto,2025-08-21,0
CUST002142,666880.94,48,8.86,Personal,2023-02-14,1
CUST002143,244738.89,84,7.99,Home,2025-09-25,0
CUST002144,184864.98,36,11.17,Education,2023-12-06,0
CUST002145,544734.07,60,9.17,Auto,2023-03-06,0
CUST002146,116278.99,120,6.57,Home,2023-11-10,0
CUST002147,914824.47,48,14.39,Home,2025-01-06,0
CUST002148,402989.52,84,8.88,Personal,2023-09-15,0
CUST002149,351119.18,60,6.0,Personal,2024-05-16,0
CUST002150,502184.75,120,9.52,Auto,2024-07-03,0
CUST002151,1267026.78,120,9.09,Personal,2024-01-23,0
CUST002152,209341.06,36,7.43,Auto,2025-09-16,0
CUST002153,923476.69,60,9.98,Education,2025-03-20,1
CUST002154,568556.07,12,11.17,Auto,2024-01-29,1
CUST002155,288457.88,48,11.83,Home,2023-05-18,0
CUST002156,303688.63,36,7.38,Business,2024-12-19,0
CUST002157,116246.44,60,12.1,Personal,2023-09-03,0
CUST002158,345724.3,120,6.75,Education,2024-02-27,0
CUST002159,208502.8,36,6.0,Education,2024-01-25,0
CUST002160,221409.27,36,11.05,Personal,2025-05-06,0
CUST002161,1255330.59,24,6.0,Business,2024-05-06,0
CUST002162,479135.75,48,16.72,Auto,2024-04-05,0
CUST002163,62608.41,84,10.58,Education,2023-03-20,0
CUST002164,637222.99,48,12.39,Home,2024-10-08,0
CUST002165,311882.06,12,11.11,Auto,2023-08-14,0
CUST002166,272788.46,12,11.9,Business,2025-09-01,1
CUST002167,1168227.14,24,6.0,Auto,2024-03-09,0
CUST002168,939478.79,120,9.32,Personal,2023-09-18,1
CUST002169,5305.86,12,17.41,Auto,2023-06-17,0
CUST002170,95810.62,24,10.64,Home,2023-02-07,0
CUST002171,433095.39,120,16.25,Personal,2025-10-11,0
CUST002172,1124393.75,12,9.45,Education,2025-01-02,0
CUST002173,407370.23,60,15.05,Personal,2025-03-22,0
CUST002174,1522095.1,48,13.63,Personal,2024-05-18,1
CUST002175,259072.67,36,11.71,Auto,2024-05-13,0
CUST002176,98107.92,36,13.59,Home,2023-07-19,0
CUST002177,439076.52,36,7.81,Personal,2025-06-27,0
CUST002178,241569.89,84,11.69,Business,2024-04-11,0
CUST002179,458854.71,12,12.82,Home,2024-03-05,1
CUST002180,106886.75,48,13.95,Education,2025-05-22,0
CUST002181,823947.42,36,8.46,Auto,2023-06-15,0
CUST002182,82642.5,84,11.4,Home,2025-02-20,0
CUST002183,1680131.31,12,14.47,Auto,2024-12-02,0
CUST002184,741919.55,48,11.9,Personal,2023-10-30,0
CUST002185,650456.61,12,11.9,Education,2024-06-05,0
CUST002186,70986.22,24,8.84,Business,2024-01-22,0
CUST002187,1968263.63,12,7.9,Personal,2025-02-20,0
CUST002188,879318.64,12,11.42,Home,2025-10-20,1
CUST002189,272673.63,36,10.58,Home,2024-03-02,1
CUST002190,575667.59,12,8.16,Personal,2025-04-01,0
CUST002191,166873.22,24,14.13,Personal,2024-04-10,0
CUST002192,318329.72,60,8.94,Personal,2025-12-03,0
CUST002193,990434.04,48,6.05,Auto,2024-02-20,1
CUST002194,278757.07,36,10.93,Business,2023-10-17,0
CUST002195,584689.25,12,7.72,Personal,2025-01-26,0
CUST002196,334066.53,60,9.0,Auto,2023-06-19,0
CUST002197,1096929.87,120,14.63,Personal,2024-07-23,1
CUST002198,367867.62,12,13.58,Education,2024-10-18,1
CUST002199,581440.09,12,14.19,Home,2025-11-22,0
CUST002200,181580.49,24,12.36,Auto,2024-06-21,1
CUST002201,1567323.11,36,11.42,Home,2024-12-07,0
CUST002202,198648.08,12,8.18,Home,2024-07-29,0
CUST002203,1240896.14,36,12.41,Auto,2023-04-23,0
CUST002204,116140.36,60,9.37,Business,2023-04-09,0
CUST002205,262254.47,12,9.74,Personal,2024-03-28,0
CUST002206,181797.11,84,13.95,Home,2025-05-14,0
CUST002207,167065.56,60,10.51,Auto,2024-03-11,0
CUST002208,389040.01,12,8.02,Personal,2025-12-28,0
CUST002209,527363.03,12,10.22,Home,2025-11-14,0
CUST002210,56294.36,12,13.52,Personal,2024-12-09,0
CUST002211,545664.37,120,11.89,Business,2024-10-04,0
CUST002212,531323.47,120,11.93,Personal,2023-08-05,1
CUST002213,702286.97,12,15.91,Business,2023-11-30,0
CUST002214,265737.81,48,8.15,Education,2024-04-08,0
CUST002215,785221.52,24,12.64,Home,2023-05-03,0
CUST002216,1082720.23,84,14.14,Auto,2023-01-20,0
CUST002217,288160.32,84,8.16,Home,2023-09-20,0
CUST002218,392395.78,24,6.14,Home,2025-01-21,0
CUST002219,185299.1,12,10.41,Personal,2025-04-02,0
CUST002220,946399.29,36,18.05,Business,2024-02-11,0
CUST002221,235378.35,24,12.09,Education,2023-05-21,0
CUST002222,359788.35,12,6.0,Education,2025-02-15,0
CUST002223,753205.68,12,9.81,Education,2025-04-19,0
CUST002224,895290.95,84,14.33,Education,2025-08-01,0
CUST002225,267635.41,48,13.85,Home,2025-12-20,0
CUST002226,124047.62,84,11.51,Business,2025-08-13,0
CUST002227,691436.97,36,15.45,Education,2023-07-29,0
CUST002228,1618417.18,24,15.46,Education,2025-06-26,0
CUST002229,430681.64,36,12.78,Education,2024-07-17,0
CUST002230,9251.95,60,12.89,Home,2025-07-19,0
CUST002231,856567.84,36,10.01,Home,2025-02-07,0
CUST002232,378255.09,48,11.07,Personal,2025-10-20,0
CUST002233,126511.59,60,7.8,Education,2023-06-14,0
CUST002234,808350.49,12,10.96,Auto,2024-07-26,0
CUST002235,236171.87,84,10.62,Personal,2024-07-07,1
CUST002236,161998.69,12,12.86,Education,2025-03-15,0
CUST002237,300208.36,84,14.39,Home,2025-11-17,1
CUST002238,1201503.9,36,8.56,Home,2024-03-14,0
CUST002239,575526.13,84,11.69,Business,2025-08-10,0
CUST002240,498733.78,24,13.66,Education,2024-05-07,0
CUST002241,521727.23,36,6.65,Business,2024-05-26,1
CUST002242,216574.48,12,9.32,Auto,2023-08-13,0
CUST002243,375041.23,60,10.0,Business,2025-08-29,0
CUST002244,378296.42,12,11.03,Home,2023-05-01,0
CUST002245,311716.51,36,7.69,Education,2025-09-11,0
CUST002246,523249.76,84,14.59,Personal,2023-04-27,0
CUST002247,825570.27,120,14.1,Business,2023-10-19,0
CUST002248,121436.92,24,16.11,Home,2025-05-09,0
CUST002249,180273.72,120,10.63,Personal,2024-11-30,0
CUST002250,569380.28,48,17.41,Education,2023-12-23,0
CUST002251,312641.28,48,11.7,Business,2024-01-19,0
CUST002252,1103127.13,12,11.59,Auto,2023-02-14,0
CUST002253,139447.19,60,6.33,Home,2024-01-18,0
CUST002254,296271.09,84,10.93,Education,2024-02-11,0
CUST002255,83558.85,60,11.29,Home,2023-10-15,0
CUST002256,70045.12,60,6.32,Business,2025-07-27,0
CUST002257,659438.91,48,10.32,Business,2023-07-10,0
CUST002258,837433.37,48,12.21,Business,2023-06-11,0
CUST002259,259828.34,36,10.36,Auto,2023-10-07,0
CUST002260,153987.47,84,12.1,Home,2024-09-03,0
CUST002261,81287.62,36,9.36,Home,2023-04-01,0
CUST002262,460198.86,120,6.0,Home,2023-04-14,0
CUST002263,1509888.06,12,9.87,Personal,2025-09-24,0
CUST002264,1230465.35,24,7.16,Personal,2023-02-04,0
CUST002265,620861.27,120,11.69,Business,2023-05-06,0
CUST002266,568932.62,84,9.02,Auto,2024-05-25,1
CUST002267,877804.78,60,9.85,Personal,2024-09-07,0
CUST002268,579259.57,12,17.64,Business,2025-11-17,0
CUST002269,227797.05,84,6.0,Business,2024-08-23,0
CUST002270,203920.98,24,9.59,Education,2023-03-19,0
CUST002271,340862.48,120,9.5,Education,2023-12-14,0
CUST002272,731363.8,36,9.09,Business,2025-08-02,0
CUST002273,837606.21,120,10.3,Education,2025-03-29,0
CUST002274,235629.49,24,6.18,Home,2024-07-17,0
CUST002275,299094.52,120,7.89,Business,2025-12-08,0
CUST002276,248580.5,12,8.74,Business,2023-07-18,0
CUST002277,612621.95,36,6.55,Business,2023-03-31,0
CUST002278,650238.53,36,12.37,Education,2025-10-14,0
CUST002279,477268.45,60,12.57,Education,2023-02-06,0
CUST002280,1062914.31,36,13.78,Education,2024-08-10,0
CUST002281,458672.01,36,12.01,Business,2025-08-16,0
CUST002282,215815.63,48,8.18,Personal,2024-03-28,0
CUST002283,78587.97,84,8.6,Business,2024-10-04,0
CUST002284,395006.6,84,13.93,Home,2025-06-12,0
CUST002285,472466.71,48,8.24,Home,2024-10-17,0
CUST002286,106531.13,12,12.35,Education,2023-01-14,0
CUST002287,565147.42,36,8.39,Home,2024-09-03,1
CUST002288,486751.59,36,7.31,Personal,2025-03-21,0
CUST002289,176768.1,36,12.12,Auto,2024-11-19,0
CUST002290,1023866.55,24,11.17,Personal,2025-08-06,0
CUST002291,627910.54,36,11.11,Auto,2025-12-16,0
CUST002292,234221.64,48,14.14,Home,2024-10-22,0
CUST002293,336976.57,48,14.97,Business,2025-10-12,0
CUST002294,636530.59,84,10.0,Business,2023-11-29,0
CUST002295,102903.72,36,14.01,Business,2024-05-08,0
CUST002296,259871.32,120,15.19,Business,2025-12-07,0
CUST002297,134632.91,120,7.49,Auto,2025-03-12,0
CUST002298,229778.17,120,14.67,Home,2025-01-08,0
CUST002299,261399.81,48,6.0,Education,2023-11-12,0
CUST002300,276188.97,60,10.93,Auto,2024-01-21,0
CUST002301,454692.14,84,11.8,Education,2024-02-15,0
CUST002302,267299.37,12,15.03,Education,2024-05-29,0
CUST002303,439741.57,12,9.97,Education,2023-11-27,0
CUST002304,600523.27,60,10.86,Education,2025-05-27,0
CUST002305,262254.67,48,12.2,Business,2023-03-02,0
CUST002306,352334.4,84,11.67,Personal,2023-07-28,0
CUST002307,521417.09,12,6.0,Business,2023-12-04,0
CUST002308,1265211.98,24,7.45,Personal,2025-11-06,0
CUST002309,306416.78,48,10.42,Business,2025-05-11,1
CUST002310,637518.04,60,9.24,Home,2025-12-01,0
CUST002311,144709.16,120,13.45,Personal,2024-10-07,0
CUST002312,1254404.06,120,11.86,Business,2023-12-28,0
CUST002313,734208.19,84,16.08,Business,2025-01-10,0
CUST002314,639098.2,120,9.49,Business,2024-12-15,0
CUST002315,207798.2,24,12.25,Personal,2025-04-05,0
CUST002316,303536.6,84,14.13,Auto,2024-02-16,0
CUST002317,549022.88,120,7.31,Auto,2023-04-26,0
CUST002318,95119.51,84,16.47,Education,2025-12-27,0
CUST002319,187845.36,120,9.8,Personal,2025-02-18,0
CUST002320,439076.34,60,11.59,Business,2025-08-24,0
CUST002321,65925.3,24,6.0,Personal,2023-09-14,0
CUST002322,122616.93,12,10.34,Auto,2024-04-11,0
CUST002323,240051.7,48,9.77,Personal,2025-01-22,0
CUST002324,796605.07,12,6.0,Personal,2025-01-25,0
CUST002325,184302.79,24,10.83,Home,2024-07-29,0
CUST002326,406329.46,120,11.35,Home,2025-09-22,0
CUST002327,553403.52,48,14.09,Home,2024-05-30,0
CUST002328,973726.4,84,6.0,Auto,2024-02-24,0
CUST002329,739503.46,12,12.38,Personal,2025-08-16,0
CUST002330,356530.09,48,13.08,Home,2024-12-04,0
CUST002331,597902.41,24,6.0,Business,2024-08-12,0
CUST002332,115067.85,120,10.84,Education,2023-12-05,0
CUST002333,361280.66,48,16.2,Home,2023-05-03,1
CUST002334,1394596.38,48,14.13,Business,2024-12-25,0
CUST002335,304222.31,24,11.79,Education,2024-01-27,0
CUST002336,399500.03,12,10.68,Business,2025-04-26,0
CUST002337,381612.55,120,13.01,Auto,2025-06-03,0
CUST002338,288319.32,12,12.86,Personal,2023-08-18,0
CUST002339,1231465.29,120,11.08,Personal,2024-05-12,0
CUST002340,197887.73,12,7.73,Home,2023-07-13,0
CUST002341,754879.23,24,7.68,Personal,2023-01-23,0
CUST002342,388283.37,60,6.0,Auto,2023-05-23,0
CUST002343,351374.56,60,7.86,Education,2024-09-20,1
CUST002344,294443.02,60,12.81,Business,2024-07-21,0
CUST002345,205107.53,36,11.3,Business,2023-08-22,0
CUST002346,773850.31,36,8.01,Education,2024-10-10,0
CUST002347,172463.95,84,9.99,Education,2023-07-07,0
CUST002348,354486.2,36,7.95,Home,2023-04-03,1
CUST002349,503952.34,12,16.2,Business,2025-01-15,0
CUST002350,114652.13,36,10.66,Education,2024-10-21,0
CUST002351,170064.55,24,12.23,Education,2025-12-03,0
CUST002352,112110.77,120,9.23,Home,2024-12-20,0
CUST002353,464485.73,120,10.7,Personal,2024-05-23,0
CUST002354,340799.36,12,13.36,Personal,2025-12-16,0
CUST002355,152615.02,24,14.89,Business,2023-01-25,0
CUST002356,417161.95,24,13.1,Education,2024-05-09,0
CUST002357,114482.6,48,10.13,Home,2023-03-20,0
CUST002358,505577.99,84,12.91,Business,2024-08-22,1
CUST002359,115916.0,24,14.76,Auto,2024-09-28,0
CUST002360,188485.53,120,14.11,Personal,2024-09-06,0
CUST002361,683555.51,120,6.0,Personal,2023-10-23,0
CUST002362,383581.0,60,6.19,Auto,2023-09-15,1
CUST002363,255954.06,48,10.52,Home,2024-09-14,0
CUST002364,232835.06,12,9.66,Auto,2023-08-04,0
CUST002365,613432.13,12,9.28,Home,2023-10-27,0
CUST002366,225466.11,48,6.0,Business,2023-04-17,0
CUST002367,314078.13,84,12.01,Auto,2024-04-13,0
CUST002368,95847.93,60,9.32,Home,2023-05-22,0
CUST002369,438899.91,24,8.2,Auto,2024-07-19,0
CUST002370,344216.85,12,10.88,Business,2025-04-11,0
CUST002371,235065.09,12,9.73,Personal,2023-06-14,0
CUST002372,140531.68,48,15.37,Personal,2025-07-21,0
CUST002373,423602.06,60,13.82,Education,2024-10-19,0
CUST002374,162885.55,84,15.85,Personal,2025-07-10,0
CUST002375,464623.02,24,6.0,Personal,2025-09-10,0
CUST002376,703785.87,12,12.44,Business,2024-02-07,0
CUST002377,545862.18,24,7.43,Home,2024-07-10,0
CUST002378,557600.96,36,6.0,Auto,2023-07-19,0
CUST002379,270515.46,48,8.8,Home,2024-08-01,0
CUST002380,206437.53,36,11.06,Education,2023-12-16,1
CUST002381,243654.66,84,14.31,Auto,2023-11-09,0
CUST002382,1205105.81,48,6.0,Auto,2024-07-30,0
CUST002383,318428.36,60,14.75,Business,2025-06-19,0
CUST002384,327913.27,24,8.55,Business,2023-04-24,0
CUST002385,258071.04,60,9.61,Home,2025-04-12,0
CUST002386,482153.08,60,8.62,Home,2023-12-24,0
CUST002387,116136.86,48,9.86,Business,2025-08-14,0
CUST002388,619029.56,12,12.33,Personal,2025-11-20,0
CUST002389,672827.88,120,11.01,Business,2024-07-08,1
CUST002390,81823.78,120,13.9,Personal,2023-04-25,0
CUST002391,308325.66,36,7.02,Home,2024-05-10,0
CUST002392,577813.29,120,10.16,Auto,2025-07-21,0
CUST002393,260887.08,120,13.15,Home,2023-06-06,0
CUST002394,211145.98,60,10.13,Education,2024-06-07,0
CUST002395,525369.76,36,13.07,Business,2023-06-07,0
CUST002396,515466.16,48,12.04,Business,2024-07-15,0
CUST002397,184506.85,84,14.28,Home,2023-05-24,0
CUST002398,212968.46,60,8.46,Auto,2023-10-15,0
CUST002399,433274.93,84,11.68,Personal,2024-02-22,0
CUST002400,147972.36,60,11.69,Home,2024-10-13,0
CUST002401,1431913.22,12,9.34,Education,2025-09-12,1
CUST002402,78135.26,84,7.37,Business,2025-03-18,0
CUST002403,195721.56,84,12.98,Business,2023-12-10,0
CUST002404,1536605.43,60,11.23,Auto,2023-11-18,1
CUST002405,710312.93,48,10.07,Personal,2023-02-24,0
CUST002406,367063.98,48,9.57,Business,2025-07-28,0
CUST002407,819373.75,60,14.56,Home,2023-03-15,1
CUST002408,436240.9,24,11.7,Education,2023-03-18,0
CUST002409,175133.88,48,11.41,Education,2023-12-06,0
CUST002410,879834.67,60,7.06,Home,2025-10-13,0
CUST002411,134368.34,48,12.89,Education,2023-05-09,0
CUST002412,342923.07,12,13.93,Home,2023-09-20,0
CUST002413,141306.71,120,7.72,Home,2023-12-30,0
CUST002414,507960.49,120,16.55,Auto,2023-01-13,0
CUST002415,1330103.06,24,14.17,Personal,2023-12-09,1
CUST002416,730447.69,120,11.48,Education,2025-10-08,0
CUST002417,530814.18,36,10.28,Education,2023-09-28,0
CUST002418,415966.64,48,6.7,Home,2025-01-05,0
CUST002419,635622.45,48,12.49,Education,2024-09-22,0
CUST002420,227103.16,48,6.85,Education,2024-04-13,0
CUST002421,541622.44,24,12.06,Personal,2023-10-20,0
CUST002422,695334.07,12,16.73,Education,2023-02-27,0
CUST002423,616210.07,24,16.49,Education,2023-10-17,0
CUST002424,111150.97,60,14.59,Auto,2024-03-06,0
CUST002425,95161.29,24,11.84,Home,2023-06-06,0
CUST002426,137687.35,60,8.86,Home,2024-04-10,0
CUST002427,299452.55,84,6.77,Auto,2024-01-05,0
CUST002428,339570.19,36,12.19,Auto,2024-09-27,0
CUST002429,377146.47,48,11.1,Business,2025-05-25,0
CUST002430,99419.16,48,11.51,Home,2024-11-11,0
CUST002431,362994.01,60,14.65,Business,2024-12-05,0
CUST002432,240500.49,12,14.43,Education,2023-03-17,0
CUST002433,297551.14,36,7.63,Education,2024-01-21,0
CUST002434,716837.3,60,13.0,Business,2024-02-29,1
CUST002435,349488.06,48,15.69,Personal,2024-09-16,0
CUST002436,153443.15,84,9.77,Auto,2023-11-04,1
CUST002437,232226.59,120,6.0,Auto,2023-04-14,0
CUST002438,556668.95,60,15.05,Education,2025-05-15,0
CUST002439,256947.31,48,10.11,Auto,2025-01-13,0
CUST002440,804749.46,36,6.0,Home,2024-11-28,0
CUST002441,473174.61,12,16.22,Home,2023-01-23,0
CUST002442,526846.73,12,11.67,Personal,2024-09-27,0
CUST002443,330751.35,48,10.51,Business,2023-09-02,0
CUST002444,22123.21,48,12.35,Home,2023-08-29,0
CUST002445,302111.73,60,10.15,Personal,2023-07-08,0
CUST002446,1152135.48,84,12.16,Business,2023-07-31,0
CUST002447,553196.76,84,9.87,Home,2024-12-17,0
CUST002448,171930.62,12,11.15,Home,2024-03-10,0
CUST002449,742456.04,36,10.42,Auto,2023-11-21,0
CUST002450,314826.68,48,13.61,Auto,2024-03-10,1
CUST002451,532008.3,84,10.52,Personal,2023-04-21,0
CUST002452,223809.39,24,15.58,Business,2025-11-18,0
CUST002453,307363.53,24,6.0,Personal,2023-03-18,0
CUST002454,259692.84,24,6.72,Home,2025-09-15,0
CUST002455,298834.86,84,11.29,Auto,2025-03-02,0
CUST002456,259219.52,12,8.01,Personal,2023-09-25,0
CUST002457,720346.0,12,13.45,Personal,2023-09-04,1
CUST002458,388185.38,84,11.12,Business,2023-12-28,0
CUST002459,571406.25,60,13.84,Education,2023-11-03,0
CUST002460,632998.77,24,16.68,Education,2023-10-09,0
CUST002461,615278.83,120,13.67,Auto,2023-09-19,0
CUST002462,582737.31,60,15.02,Auto,2023-04-04,0
CUST002463,574335.62,36,14.23,Business,2025-11-25,0
CUST002464,1000768.19,60,12.34,Home,2024-11-21,0
CUST002465,938910.68,48,18.09,Home,2024-03-24,0
CUST002466,455782.15,60,12.45,Auto,2025-05-21,1
CUST002467,571634.28,48,9.57,Personal,2025-12-27,1
CUST002468,329189.72,48,12.43,Business,2023-10-03,0
CUST002469,144300.17,24,7.87,Personal,2023-04-07,0
CUST002470,1274617.59,36,15.23,Business,2024-09-25,1
CUST002471,530728.82,84,8.14,Education,2024-06-25,0
CUST002472,151704.09,120,11.5,Home,2023-01-19,1
CUST002473,301701.75,48,11.61,Personal,2025-09-20,0
CUST002474,496756.56,120,15.25,Personal,2023-07-23,0
CUST002475,110846.86,36,11.2,Business,2025-05-28,0
CUST002476,118547.72,36,10.04,Business,2024-05-01,0
CUST002477,113920.1,36,9.1,Education,2025-04-20,0
CUST002478,1428036.11,120,9.79,Education,2023-02-10,0
CUST002479,189721.6,120,10.15,Home,2025-06-21,0
CUST002480,563116.8,12,10.07,Auto,2025-04-06,0
CUST002481,51145.9,120,8.96,Personal,2023-05-19,0
CUST002482,270281.74,84,7.7,Auto,2023-11-24,0
CUST002483,45881.73,36,9.53,Education,2025-03-06,0
CUST002484,580527.23,48,8.95,Business,2023-04-16,0
CUST002485,680509.53,120,9.21,Personal,2025-04-11,0
CUST002486,652712.12,36,14.49,Education,2024-07-28,0
CUST002487,719005.39,84,9.97,Auto,2024-06-18,0
CUST002488,682152.45,120,12.95,Home,2023-04-01,0
CUST002489,287823.75,120,7.86,Education,2024-04-19,0
CUST002490,298252.87,24,15.65,Education,2025-07-12,1
CUST002491,444028.22,120,10.97,Home,2023-01-20,0
CUST002492,634059.14,24,6.0,Auto,2023-12-18,0
CUST002493,356925.03,48,17.87,Personal,2023-01-20,0
CUST002494,861782.25,48,7.8,Home,2023-08-01,1
CUST002495,163848.6,48,13.36,Home,2025-05-05,0
CUST002496,246599.63,24,9.44,Home,2023-11-16,0
CUST002497,160611.25,24,12.31,Home,2025-03-13,0
CUST002498,452057.74,24,8.82,Education,2025-02-21,0
CUST002499,272286.67,120,11.58,Personal,2024-03-20,0
CUST002500,497785.64,120,14.95,Personal,2023-01-06,0
CUST002501,137001.02,84,13.98,Auto,2025-04-08,0
CUST002502,113098.6,84,10.54,Auto,2023-02-23,0
CUST002503,403481.87,84,11.25,Personal,2023-01-22,0
CUST002504,307379.38,48,8.14,Personal,2025-03-31,0
CUST002505,643330.54,24,7.66,Business,2023-01-24,1
CUST002506,657277.87,48,11.24,Education,2023-04-05,0
CUST002507,221336.36,12,12.19,Business,2023-07-11,0
CUST002508,429284.93,24,8.12,Auto,2023-06-30,0
CUST002509,326829.41,48,15.42,Auto,2025-11-07,0
CUST002510,802101.69,48,10.25,Home,2025-07-25,0
CUST002511,516106.39,24,7.34,Personal,2023-07-10,1
CUST002512,353900.42,24,13.09,Education,2023-05-31,0
CUST002513,179156.11,24,8.23,Auto,2023-07-30,0
CUST002514,219533.51,36,12.18,Education,2023-06-09,1
CUST002515,1278948.28,24,8.13,Home,2024-03-27,0
CUST002516,157638.46,24,10.76,Business,2025-04-03,0
CUST002517,50959.82,12,8.83,Education,2025-06-11,0
CUST002518,246946.56,48,13.98,Business,2025-07-24,0
CUST002519,1183334.53,12,11.35,Auto,2024-01-28,1
CUST002520,542502.25,12,10.09,Education,2024-06-27,1
CUST002521,77790.72,36,11.0,Education,2024-07-12,0
CUST002522,447950.83,12,11.91,Auto,2023-01-16,0
CUST002523,313255.48,84,12.98,Business,2023-09-11,0
CUST002524,494527.35,60,10.25,Home,2024-12-08,0
CUST002525,456228.02,36,6.0,Education,2025-06-30,0
CUST002526,651994.47,12,14.86,Home,2023-04-01,0
CUST002527,661616.33,48,9.69,Business,2024-08-31,0
CUST002528,854514.86,24,13.01,Auto,2024-09-22,0
CUST002529,689284.21,24,6.24,Auto,2025-05-25,0
CUST002530,427545.81,60,6.99,Auto,2025-05-06,0
CUST002531,33875.32,60,13.02,Education,2024-12-05,0
CUST002532,507427.19,24,11.59,Home,2024-03-14,0
CUST002533,209985.13,60,8.73,Home,2024-09-03,0
CUST002534,580914.27,12,13.53,Auto,2023-09-05,0
CUST002535,222444.16,24,9.58,Home,2023-01-01,0
CUST002536,713962.03,60,11.07,Business,2023-10-29,0
CUST002537,128371.8,120,12.37,Home,2023-12-09,1
CUST002538,499198.27,120,13.13,Business,2023-02-04,0
CUST002539,394921.78,84,12.11,Personal,2023-11-12,0
CUST002540,344321.32,48,8.39,Personal,2025-10-16,0
CUST002541,432591.09,60,7.42,Personal,2023-10-04,1
CUST002542,1364064.02,60,7.87,Auto,2024-04-09,1
CUST002543,449635.09,60,10.65,Home,2024-10-13,0
CUST002544,573126.94,24,15.95,Personal,2023-08-08,0
CUST002545,495860.39,24,12.3,Personal,2024-12-07,0
CUST002546,253243.02,60,7.87,Personal,2025-01-24,0
CUST002547,660263.81,48,6.22,Personal,2024-03-02,0
CUST002548,730938.02,24,10.36,Personal,2024-06-30,1
CUST002549,423790.08,60,16.05,Education,2023-08-07,0
CUST002550,293563.76,24,10.95,Home,2024-02-20,0
CUST002551,296328.53,24,14.02,Business,2025-01-30,0
CUST002552,1211927.56,12,15.28,Education,2024-09-07,0
CUST002553,502803.22,48,11.49,Business,2025-05-18,1
CUST002554,540912.66,84,7.17,Personal,2024-09-22,0
CUST002555,1072489.96,84,7.29,Auto,2023-12-04,0
CUST002556,647239.46,84,11.75,Business,2024-12-29,0
CUST002557,205688.42,24,8.75,Auto,2023-04-07,0
CUST002558,256970.83,120,14.96,Personal,2023-02-20,1
CUST002559,1054812.79,60,10.88,Personal,2025-02-08,1
CUST002560,299058.75,48,6.9,Home,2023-12-28,0
CUST002561,323878.4,48,6.49,Business,2024-01-08,0
CUST002562,330532.97,120,8.54,Education,2024-02-06,0
CUST002563,205811.11,36,11.21,Personal,2025-01-21,0
CUST002564,390042.68,24,7.49,Education,2025-07-25,0
CUST002565,172928.93,24,7.34,Personal,2024-10-20,0
CUST002566,1060277.89,60,10.31,Personal,2024-12-28,0
CUST002567,265942.84,12,14.27,Education,2023-08-22,0
CUST002568,71676.38,60,15.32,Education,2025-12-20,0
CUST002569,669150.06,84,14.63,Personal,2025-01-12,0
CUST002570,248431.11,120,9.68,Auto,2023-03-17,0
CUST002571,344821.71,24,7.44,Business,2025-03-12,0
CUST002572,574864.33,84,15.41,Personal,2025-01-16,0
CUST002573,324660.09,84,10.74,Auto,2025-01-04,0
CUST002574,44899.02,36,10.01,Business,2024-06-09,0
CUST002575,65841.04,84,13.39,Business,2023-08-21,0
CUST002576,131382.61,48,9.18,Auto,2025-10-03,0
CUST002577,204800.97,48,9.04,Auto,2024-08-12,0
CUST002578,312347.85,36,13.11,Business,2024-04-04,1
CUST002579,365969.71,24,8.34,Personal,2023-02-11,0
CUST002580,576958.14,60,14.35,Auto,2024-06-24,0
CUST002581,946158.57,120,12.26,Auto,2025-12-01,0
CUST002582,146707.89,120,9.21,Home,2025-02-02,0
CUST002583,347816.68,60,9.08,Home,2025-07-10,0
CUST002584,379569.14,84,12.71,Education,2023-08-13,0
CUST002585,384926.61,120,9.18,Education,2024-09-24,0
CUST002586,535592.08,12,12.45,Education,2023-05-03,0
CUST002587,578977.51,84,7.92,Education,2024-06-26,1
CUST002588,189238.47,36,10.81,Business,2025-02-20,0
CUST002589,434422.07,120,13.2,Home,2023-01-16,0
CUST002590,709203.53,24,10.06,Home,2023-07-11,0
CUST002591,251376.65,84,9.53,Auto,2025-12-28,1
CUST002592,523479.68,12,10.75,Auto,2024-07-27,0
CUST002593,520614.43,48,10.45,Business,2023-02-21,0
CUST002594,411637.86,12,10.94,Home,2023-01-15,0
CUST002595,484131.33,12,7.84,Personal,2024-02-25,0
CUST002596,117794.08,36,14.88,Education,2023-04-08,0
CUST002597,536725.55,24,16.04,Personal,2024-05-07,1
CUST002598,337723.44,24,15.17,Home,2024-03-17,0
CUST002599,519727.47,24,9.11,Personal,2023-06-24,0
CUST002600,344578.15,12,8.19,Personal,2023-11-29,0
CUST002601,1355084.9,120,7.01,Business,2023-09-18,1
CUST002602,232305.17,12,13.95,Auto,2023-07-18,0
CUST002603,110951.46,120,17.04,Home,2024-12-12,0
CUST002604,389668.32,120,9.81,Home,2025-03-06,1
CUST002605,923911.54,120,8.51,Education,2025-03-22,0
CUST002606,148827.43,24,10.78,Home,2023-11-02,0
CUST002607,346217.73,36,11.41,Business,2024-08-11,0
CUST002608,412859.34,84,8.7,Personal,2023-01-23,0
CUST002609,394183.88,24,10.83,Education,2024-05-19,0
CUST002610,370583.68,60,11.6,Auto,2025-04-01,0
CUST002611,605127.34,120,10.54,Personal,2024-04-16,0
CUST002612,23719.2,36,14.39,Business,2025-07-26,0
CUST002613,795640.0,60,9.53,Personal,2024-07-20,1
CUST002614,409342.23,84,6.0,Business,2024-03-31,0
CUST002615,718289.57,48,8.24,Education,2025-11-25,0
CUST002616,289611.1,12,17.29,Education,2025-12-18,0
CUST002617,848419.47,24,9.18,Business,2024-11-28,0
CUST002618,292891.31,12,12.5,Auto,2024-11-09,0
CUST002619,399974.9,48,15.57,Personal,2025-10-02,0
CUST002620,404321.66,120,11.57,Auto,2023-07-04,0
CUST002621,320716.42,24,9.09,Business,2023-04-16,0
CUST002622,584327.1,24,6.25,Business,2025-04-24,0
CUST002623,916766.27,84,9.6,Education,2024-04-18,0
CUST002624,276941.7,60,13.4,Auto,2024-09-05,0
CUST002625,53754.14,12,9.37,Home,2023-08-12,0
CUST002626,2041259.69,60,16.37,Personal,2023-11-08,0
CUST002627,690296.23,120,11.88,Personal,2025-05-21,1
CUST002628,855979.43,60,6.3,Personal,2025-08-02,0
CUST002629,730806.0,60,12.68,Auto,2023-08-13,0
CUST002630,886438.97,60,18.31,Education,2023-06-24,0
CUST002631,728227.84,12,10.59,Personal,2025-11-03,0
CUST002632,232112.02,36,10.62,Auto,2025-12-21,0
CUST002633,332438.92,24,14.89,Home,2025-10-06,0
CUST002634,59501.62,84,13.6,Business,2025-04-12,0
CUST002635,1696312.59,48,14.15,Auto,2024-06-15,0
CUST002636,596865.89,60,11.85,Personal,2023-10-21,0
CUST002637,168713.0,60,6.8,Business,2024-09-19,0
CUST002638,722017.64,24,8.76,Education,2024-01-16,0
CUST002639,771744.86,84,10.09,Personal,2023-01-05,0
CUST002640,1420334.87,120,8.76,Home,2024-04-16,0
CUST002641,1532298.66,60,6.94,Business,2025-10-18,1
CUST002642,302305.8,120,7.35,Personal,2023-05-10,0
CUST002643,778218.43,84,8.86,Home,2023-01-23,0
CUST002644,217549.1,36,6.93,Education,2025-10-16,1
CUST002645,388928.88,24,10.33,Auto,2025-12-09,0
CUST002646,407634.7,120,12.98,Home,2023-09-25,0
CUST002647,291747.8,36,10.47,Business,2024-08-05,0
CUST002648,983526.58,48,11.53,Personal,2024-04-14,0
CUST002649,595448.23,60,9.09,Personal,2025-03-10,1
CUST002650,397191.09,48,12.33,Business,2025-02-16,0
CUST002651,399823.51,84,8.14,Business,2023-06-04,0
CUST002652,801817.09,36,12.21,Education,2024-06-14,0
CUST002653,267723.33,36,7.66,Business,2025-05-20,0
CUST002654,400126.99,36,10.97,Business,2025-02-19,0
CUST002655,1084528.53,36,13.75,Auto,2023-08-30,1
CUST002656,655573.96,24,10.19,Personal,2023-01-15,0
CUST002657,234044.21,36,10.02,Auto,2024-10-29,0
CUST002658,175439.17,36,9.23,Business,2025-03-14,0
CUST002659,584168.12,36,12.45,Education,2024-01-23,1
CUST002660,668492.37,84,12.92,Personal,2024-05-14,0
CUST002661,737298.04,120,11.17,Personal,2025-12-14,0
CUST002662,357983.55,84,6.0,Education,2025-03-09,0
CUST002663,441916.54,12,13.45,Personal,2023-12-04,0
CUST002664,689548.42,60,11.21,Home,2025-06-04,0
CUST002665,332275.0,84,11.21,Auto,2025-03-11,0
CUST002666,330637.1,120,6.0,Personal,2025-08-28,0
CUST002667,487572.12,36,15.83,Education,2025-03-20,0
CUST002668,489278.18,48,17.2,Home,2024-08-14,0
CUST002669,383894.21,36,9.22,Education,2025-02-27,0
CUST002670,250309.11,24,9.92,Personal,2024-10-04,0
CUST002671,550095.01,60,10.13,Personal,2025-12-13,0
CUST002672,368782.02,12,8.42,Home,2025-03-30,0
CUST002673,424515.27,60,11.4,Auto,2025-06-01,0
CUST002674,873896.42,120,7.45,Personal,2025-01-07,0
CUST002675,139510.81,84,10.88,Personal,2024-02-27,0
CUST002676,314825.78,12,10.96,Personal,2024-09-22,0
CUST002677,784653.27,12,11.78,Education,2025-04-23,0
CUST002678,144272.2,84,12.37,Education,2023-06-28,0
CUST002679,473455.04,12,10.91,Auto,2024-09-22,0
CUST002680,780577.31,24,11.28,Home,2023-11-28,0
CUST002681,640956.32,36,7.55,Business,2023-07-06,0
CUST002682,843421.5,48,10.17,Education,2024-01-13,0
CUST002683,381196.06,36,9.72,Business,2025-03-17,0
CUST002684,128421.99,120,13.66,Personal,2025-12-28,0
CUST002685,413836.02,120,7.21,Auto,2025-12-09,0
CUST002686,231039.41,60,10.16,Home,2023-05-28,0
CUST002687,604655.36,60,10.98,Auto,2024-10-26,1
CUST002688,194274.7,120,8.31,Education,2023-04-09,0
CUST002689,143788.16,36,13.47,Business,2024-09-05,0
CUST002690,916894.53,84,16.43,Education,2024-11-13,0
CUST002691,479824.97,36,14.87,Education,2025-12-13,0
CUST002692,580965.78,24,8.12,Education,2023-05-04,0
CUST002693,524448.4,84,8.08,Personal,2023-01-17,0
CUST002694,305139.37,48,9.8,Home,2023-12-07,1
CUST002695,839132.31,120,6.0,Personal,2023-02-28,0
CUST002696,367721.96,24,9.47,Personal,2024-05-12,0
CUST002697,922292.26,84,14.14,Education,2024-11-06,0
CUST002698,292450.35,60,10.95,Auto,2025-04-13,0
CUST002699,982683.7,120,13.37,Home,2025-09-15,0
CUST002700,346734.69,60,9.88,Home,2024-04-20,0
CUST002701,128566.81,120,14.11,Home,2024-11-26,0
CUST002702,539663.5,36,16.37,Business,2024-05-30,0
CUST002703,68155.51,48,18.02,Business,2024-07-18,0
CUST002704,271712.92,12,6.0,Business,2024-07-04,0
CUST002705,394248.64,84,14.11,Education,2023-04-10,0
CUST002706,243526.07,60,6.0,Education,2025-10-21,0
CUST002707,845624.54,84,7.28,Education,2023-06-06,0
CUST002708,194350.88,84,12.81,Education,2024-10-14,0
CUST002709,122799.0,24,14.76,Auto,2025-11-09,0
CUST002710,948362.75,12,10.92,Education,2024-04-01,0
CUST002711,130126.67,36,9.03,Personal,2023-04-25,0
CUST002712,516314.7,84,10.94,Business,2025-10-23,0
CUST002713,233896.71,36,9.78,Personal,2025-02-08,0
CUST002714,864324.89,24,13.21,Home,2023-07-02,1
CUST002715,812636.8,12,10.54,Business,2024-09-13,0
CUST002716,681191.75,48,6.57,Business,2024-06-29,0
CUST002717,183054.28,48,13.06,Business,2023-04-14,0
CUST002718,203517.89,84,8.77,Education,2023-05-30,0
CUST002719,191798.76,12,7.67,Education,2025-02-17,1
CUST002720,337693.24,120,11.4,Education,2024-11-22,1
CUST002721,193705.57,84,7.09,Business,2024-01-24,0
CUST002722,734236.57,84,16.55,Auto,2025-08-05,0
CUST002723,371328.71,84,12.01,Business,2023-11-11,0
CUST002724,377964.18,24,12.1,Auto,2025-04-21,0
CUST002725,337207.34,60,10.28,Auto,2025-02-20,0
CUST002726,795420.03,24,9.53,Business,2024-12-07,0
CUST002727,990150.61,120,13.14,Home,2023-05-18,1
CUST002728,1402660.01,36,12.2,Business,2025-08-16,0
CUST002729,115928.81,84,9.19,Business,2025-04-26,0
CUST002730,262084.04,12,6.6,Personal,2023-09-05,1
CUST002731,519026.26,48,12.89,Home,2024-02-16,0
CUST002732,920085.66,84,9.8,Business,2023-09-18,0
CUST002733,287301.7,84,12.78,Home,2025-10-24,0
CUST002734,988707.81,36,13.27,Home,2025-09-16,0
CUST002735,579040.55,120,6.0,Education,2024-10-10,0
CUST002736,74577.08,12,10.29,Education,2024-11-05,0
CUST002737,300757.62,12,14.94,Home,2025-07-11,0
CUST002738,853624.47,12,15.74,Home,2025-01-25,1
CUST002739,396703.04,120,9.55,Education,2024-04-07,0
CUST002740,967037.58,60,13.74,Auto,2025-05-13,0
CUST002741,33691.94,84,15.35,Personal,2025-04-06,0
CUST002742,592713.24,12,6.0,Personal,2023-02-07,0
CUST002743,303404.95,36,6.91,Personal,2025-06-20,0
CUST002744,568664.56,24,6.0,Home,2024-05-06,0
CUST002745,646167.82,120,8.49,Business,2024-09-17,1
CUST002746,812033.05,24,12.54,Education,2024-03-15,1
CUST002747,168283.47,36,8.98,Education,2024-02-20,0
CUST002748,679346.85,36,10.25,Business,2024-02-04,0
CUST002749,131242.35,48,12.26,Education,2024-03-22,0
CUST002750,189976.33,120,13.53,Home,2024-06-05,0
CUST002751,170577.8,24,13.77,Home,2023-08-16,0
CUST002752,636345.36,60,15.6,Auto,2024-06-17,0
CUST002753,608439.73,24,7.35,Business,2025-10-12,0
CUST002754,323311.96,12,9.79,Personal,2023-03-22,0
CUST002755,550567.65,120,8.69,Education,2024-07-16,0
CUST002756,519222.02,36,9.76,Personal,2024-11-17,1
CUST002757,475894.52,48,10.19,Home,2025-07-28,0
CUST002758,358424.71,120,10.19,Personal,2023-03-18,0
CUST002759,494317.74,12,14.16,Education,2023-07-18,0
CUST002760,297989.07,12,7.67,Home,2025-01-19,0
CUST002761,821435.5,48,12.68,Personal,2024-07-06,0
CUST002762,426715.02,36,13.03,Auto,2023-01-30,0
CUST002763,629152.28,36,16.01,Home,2025-10-15,0
CUST002764,74094.47,60,13.9,Business,2023-10-21,0
CUST002765,834987.43,24,7.29,Business,2024-03-10,0
CUST002766,507787.38,120,11.85,Education,2024-09-24,1
CUST002767,278369.85,24,10.34,Education,2023-01-12,0
CUST002768,404125.07,12,11.3,Auto,2024-06-08,0
CUST002769,908163.83,120,6.18,Auto,2025-03-31,0
CUST002770,443150.19,12,6.0,Home,2025-02-02,0
CUST002771,502489.85,120,11.28,Education,2025-10-03,0
CUST002772,697934.31,120,14.39,Home,2023-10-11,1
CUST002773,314588.12,120,14.18,Auto,2023-01-31,0
CUST002774,563368.37,48,13.99,Auto,2024-10-20,0
CUST002775,828249.22,84,10.5,Education,2025-09-26,0
CUST002776,752140.21,84,16.1,Education,2023-08-29,0
CUST002777,200231.39,24,10.19,Business,2025-12-17,0
CUST002778,2100369.88,24,6.9,Auto,2025-04-18,0
CUST002779,279892.47,84,8.68,Auto,2024-12-28,0
CUST002780,274662.01,36,10.27,Education,2023-06-16,0
CUST002781,299355.69,36,6.0,Education,2023-09-05,0
CUST002782,600508.17,36,8.63,Home,2023-03-24,1
CUST002783,744691.26,36,9.23,Business,2023-12-12,0
CUST002784,138775.56,48,14.49,Business,2023-02-23,0
CUST002785,262361.87,60,10.78,Home,2025-11-24,1
CUST002786,685371.08,24,10.31,Personal,2023-02-21,0
CUST002787,344110.45,36,9.79,Education,2025-05-11,0
CUST002788,175662.96,60,12.9,Personal,2024-09-12,0
CUST002789,644802.05,36,10.43,Home,2023-11-01,0
CUST002790,134523.08,120,12.43,Auto,2024-04-22,1
CUST002791,384251.44,120,6.0,Personal,2024-05-05,0
CUST002792,184917.08,36,18.34,Business,2023-05-21,0
CUST002793,599771.69,60,8.95,Business,2025-01-20,0
CUST002794,292741.64,60,8.93,Business,2024-05-27,0
CUST002795,810014.57,84,10.8,Personal,2024-08-06,0
CUST002796,196450.78,60,7.65,Auto,2025-04-20,0
CUST002797,327793.09,60,10.8,Home,2025-06-24,0
CUST002798,779672.95,60,11.13,Business,2024-07-27,0
CUST002799,95406.35,12,14.39,Home,2025-10-07,0
CUST002800,663827.21,120,9.06,Home,2025-02-15,0
CUST002801,1391978.54,24,6.0,Business,2024-05-09,0
CUST002802,148621.71,36,10.25,Business,2024-04-23,0
CUST002803,157504.85,48,14.07,Education,2024-01-31,0
CUST002804,447469.21,24,12.0,Home,2023-04-19,0
CUST002805,314147.89,60,12.49,Home,2024-08-11,0
CUST002806,719074.43,120,9.84,Business,2024-10-11,0
CUST002807,888385.9,12,11.67,Business,2024-07-21,0
CUST002808,1166958.07,24,9.71,Business,2023-03-12,0
CUST002809,302168.58,84,14.09,Business,2024-11-29,0
CUST002810,818695.43,84,6.68,Education,2023-12-16,0
CUST002811,81776.28,84,13.4,Education,2024-08-15,0
CUST002812,217548.48,120,16.5,Auto,2024-04-09,0
CUST002813,334411.61,12,13.75,Auto,2024-05-20,0
CUST002814,462773.7,36,14.75,Personal,2025-01-24,1
CUST002815,171860.34,24,9.14,Auto,2023-12-28,0
CUST002816,128549.52,24,11.74,Home,2024-12-06,1
CUST002817,448754.91,120,15.01,Business,2024-12-14,0
CUST002818,229265.21,36,10.11,Auto,2025-11-25,0
CUST002819,664338.1,36,11.92,Personal,2025-09-25,0
CUST002820,796940.58,48,13.34,Home,2024-03-07,0
CUST002821,428570.42,60,7.44,Home,2023-10-31,0
CUST002822,1725858.32,60,14.06,Business,2023-05-17,0
CUST002823,1141299.1,60,14.33,Home,2025-11-24,0
CUST002824,214728.65,24,9.03,Education,2024-09-14,0
CUST002825,386959.97,120,11.94,Home,2025-08-22,0
CUST002826,606312.08,36,10.28,Personal,2025-07-31,0
CUST002827,447273.63,36,14.88,Education,2025-06-29,0
CUST002828,785271.26,60,12.58,Education,2024-03-20,1
CUST002829,539031.43,36,11.63,Home,2025-01-08,0
CUST002830,615983.66,60,8.67,Business,2024-08-21,0
CUST002831,383186.5,60,6.28,Education,2024-12-05,0
CUST002832,292306.11,12,9.91,Education,2024-08-12,0
CUST002833,172343.64,36,7.95,Education,2025-10-22,0
CUST002834,715958.67,36,15.58,Home,2025-08-25,0
CUST002835,880566.17,120,10.05,Business,2025-09-16,0
CUST002836,827257.35,24,9.18,Personal,2025-02-14,0
CUST002837,569690.4,84,14.61,Personal,2023-01-21,0
CUST002838,713915.1,120,9.92,Education,2025-08-04,0
CUST002839,278296.93,24,16.65,Personal,2025-07-25,0
CUST002840,512112.19,24,13.12,Home,2025-11-13,0
CUST002841,575482.8,84,11.07,Auto,2023-09-04,0
CUST002842,236739.14,36,8.0,Education,2024-08-23,0
CUST002843,76415.59,24,10.53,Auto,2024-11-14,0
CUST002844,686134.14,48,12.94,Business,2025-09-07,1
CUST002845,66193.54,24,6.7,Auto,2023-04-02,0
CUST002846,49353.93,48,6.61,Business,2025-10-06,0
CUST002847,1672392.68,120,13.5,Home,2024-10-12,1
CUST002848,637403.07,120,6.63,Personal,2023-03-19,0
CUST002849,794346.65,84,12.04,Education,2025-11-24,0
CUST002850,442660.09,12,6.0,Auto,2024-09-07,1
CUST002851,241148.58,12,11.43,Auto,2024-03-27,0
CUST002852,634524.11,12,6.0,Auto,2025-01-22,0
CUST002853,372900.46,120,13.94,Education,2023-10-14,0
CUST002854,1338635.08,12,16.07,Auto,2025-12-05,0
CUST002855,311787.76,48,7.89,Home,2025-03-25,0
CUST002856,648442.79,84,8.55,Auto,2025-09-27,0
CUST002857,275927.38,84,13.15,Business,2024-04-23,0
CUST002858,608897.43,24,6.57,Business,2023-08-26,0
CUST002859,136542.89,36,7.15,Auto,2025-04-04,0
CUST002860,632913.77,24,6.0,Auto,2024-04-27,0
CUST002861,1095267.87,24,6.39,Home,2024-06-20,0
CUST002862,277819.8,84,6.0,Education,2023-02-19,0
CUST002863,174304.71,24,12.66,Auto,2025-11-16,0
CUST002864,683427.7,84,9.63,Personal,2024-12-21,0
CUST002865,859396.05,120,12.35,Home,2024-12-01,0
CUST002866,227208.84,48,12.33,Home,2023-07-02,0
CUST002867,1884609.32,24,9.96,Personal,2024-01-06,1
CUST002868,292856.46,24,7.2,Home,2023-01-07,0
CUST002869,252496.92,12,6.88,Education,2023-03-05,0
CUST002870,48212.45,12,8.19,Business,2023-01-02,0
CUST002871,343493.14,84,12.48,Auto,2025-11-23,0
CUST002872,44746.63,24,12.45,Auto,2024-04-28,0
CUST002873,1106460.0,84,9.71,Auto,2023-03-11,0
CUST002874,193239.84,60,10.81,Business,2025-10-10,0
CUST002875,1097473.12,24,11.54,Auto,2025-07-25,0
CUST002876,131800.19,36,12.47,Education,2023-03-03,0
CUST002877,345401.91,120,8.31,Auto,2024-08-07,0
CUST002878,521184.05,120,12.35,Auto,2023-11-05,0
CUST002879,415161.13,48,10.81,Education,2023-05-04,0
CUST002880,670577.66,60,11.92,Home,2025-08-20,0
CUST002881,227782.44,60,14.91,Education,2023-11-11,0
CUST002882,401505.53,120,10.1,Auto,2024-11-15,0
CUST002883,738417.35,36,7.17,Auto,2025-01-08,0
CUST002884,406661.38,12,8.17,Personal,2023-12-06,0
CUST002885,1156270.72,120,17.96,Auto,2025-11-23,0
CUST002886,228033.56,48,8.73,Education,2025-04-24,0
CUST002887,137457.52,48,14.34,Home,2025-09-20,0
CUST002888,375000.93,120,8.17,Business,2024-01-12,0
CUST002889,409114.44,12,6.0,Personal,2025-02-04,0
CUST002890,187055.33,60,9.09,Auto,2023-02-10,0
CUST002891,665274.26,60,6.0,Personal,2024-03-18,1
CUST002892,378898.11,36,10.95,Business,2024-10-01,0
CUST002893,876526.17,120,11.26,Home,2025-01-25,0
CUST002894,347191.0,48,10.4,Education,2025-03-23,0
CUST002895,669084.24,36,12.11,Auto,2023-11-01,0
CUST002896,1128268.76,24,12.87,Education,2023-06-01,1
CUST002897,1220548.6,120,14.65,Auto,2024-10-06,1
CUST002898,316640.89,84,9.67,Business,2025-05-05,0
CUST002899,1321714.33,36,8.3,Education,2024-11-14,1
CUST002900,706180.17,36,11.57,Business,2023-04-03,1
CUST002901,742566.36,60,10.83,Home,2023-05-27,0
CUST002902,576652.04,24,15.21,Business,2025-12-25,0
CUST002903,293996.53,84,11.26,Personal,2024-11-11,0
CUST002904,142943.45,84,10.99,Auto,2024-12-26,0
CUST002905,504662.01,120,12.32,Business,2023-12-04,0
CUST002906,110370.35,60,13.58,Personal,2025-04-09,0
CUST002907,182213.41,60,9.87,Education,2025-02-12,0
CUST002908,515942.63,84,8.78,Home,2023-12-12,0
CUST002909,176087.61,12,12.37,Business,2025-12-18,0
CUST002910,1871330.81,84,10.08,Auto,2025-05-16,1
CUST002911,571782.45,84,10.82,Education,2024-06-06,1
CUST002912,120888.14,12,7.0,Personal,2025-05-07,1
CUST002913,1569710.38,120,11.17,Personal,2023-02-22,0
CUST002914,318944.16,12,9.95,Business,2023-02-24,0
CUST002915,1305385.14,24,9.53,Home,2023-01-09,1
CUST002916,179734.99,48,13.23,Education,2023-04-26,0
CUST002917,674423.54,12,15.37,Education,2023-11-11,0
CUST002918,145502.56,120,9.68,Education,2025-07-26,0
CUST002919,1073740.91,12,10.39,Auto,2024-01-10,0
CUST002920,517139.22,60,16.0,Personal,2025-08-29,0
CUST002921,710319.97,84,10.13,Business,2023-02-28,1
CUST002922,75505.86,48,9.92,Home,2023-02-10,0
CUST002923,30062.84,120,11.34,Education,2024-02-29,0
CUST002924,1235337.78,60,10.25,Business,2023-01-29,0
CUST002925,185936.06,84,12.24,Auto,2024-09-17,0
CUST002926,401392.53,120,14.66,Home,2023-09-21,0
CUST002927,1014403.43,120,10.24,Personal,2023-07-16,0
CUST002928,306346.19,36,14.21,Personal,2024-09-03,1
CUST002929,449462.3,36,8.96,Education,2023-09-20,0
CUST002930,248446.2,60,10.54,Business,2024-07-26,1
CUST002931,223167.31,24,11.39,Auto,2024-09-14,0
CUST002932,1898195.3,48,10.38,Business,2023-03-17,0
CUST002933,685332.16,84,8.59,Home,2025-03-16,0
CUST002934,300400.88,12,9.75,Business,2023-05-19,0
CUST002935,133705.51,120,12.47,Personal,2023-08-06,1
CUST002936,421051.97,48,9.42,Education,2024-08-22,0
CUST002937,59780.34,48,6.0,Auto,2024-07-03,0
CUST002938,427417.97,12,11.16,Auto,2025-06-10,0
CUST002939,1124092.91,36,10.11,Home,2025-05-17,1
CUST002940,118771.84,24,14.27,Education,2024-03-30,0
CUST002941,1829611.51,12,6.0,Education,2024-06-24,0
CUST002942,731165.05,12,14.76,Education,2025-09-29,1
CUST002943,728265.27,60,8.41,Education,2023-04-24,0
CUST002944,323580.24,84,12.65,Personal,2023-04-16,0
CUST002945,698891.79,24,9.73,Business,2024-11-21,0
CUST002946,141138.2,84,16.81,Business,2025-04-03,0
CUST002947,513911.91,60,11.63,Auto,2024-01-08,0
CUST002948,146828.53,48,11.5,Home,2024-02-08,0
CUST002949,640788.32,48,12.08,Education,2023-12-14,0
CUST002950,337119.18,36,18.76,Home,2024-09-01,0
CUST002951,339333.85,84,12.75,Business,2024-04-04,0
CUST002952,663987.73,84,10.04,Auto,2023-05-22,0
CUST002953,181305.53,48,14.95,Auto,2025-07-09,0
CUST002954,636609.14,12,12.66,Education,2024-08-16,0
CUST002955,574315.18,60,14.12,Education,2023-08-28,0
CUST002956,194387.71,60,12.4,Education,2025-08-01,0
CUST002957,924270.76,84,16.39,Business,2024-08-07,0
CUST002958,366492.03,12,6.0,Business,2024-10-08,0
CUST002959,311761.48,120,12.43,Education,2025-03-24,0
CUST002960,1120035.15,48,12.93,Personal,2025-04-05,0
CUST002961,1498598.13,120,10.76,Education,2023-06-05,1
CUST002962,194202.46,12,10.02,Education,2025-10-13,0
CUST002963,704371.58,48,6.93,Business,2024-04-26,0
CUST002964,597113.49,48,7.55,Home,2024-07-13,0
CUST002965,59880.65,60,16.86,Home,2023-10-15,0
CUST002966,469146.5,120,8.91,Home,2023-10-17,0
CUST002967,173645.68,24,6.0,Home,2024-09-01,0
CUST002968,323293.42,24,9.48,Business,2023-08-05,0
CUST002969,342443.09,36,12.08,Personal,2023-05-01,0
CUST002970,101012.32,120,9.54,Auto,2023-03-31,0
CUST002971,224398.51,120,7.6,Home,2024-04-28,0
CUST002972,1007485.2,12,14.44,Auto,2023-10-07,0
CUST002973,303500.64,48,10.95,Education,2025-12-13,0
CUST002974,736991.01,12,13.42,Business,2023-10-22,0
CUST002975,411886.5,120,18.67,Education,2025-07-21,0
CUST002976,463213.37,120,14.39,Business,2025-01-26,1
CUST002977,252254.36,48,10.9,Home,2023-10-27,0
CUST002978,453607.57,36,8.61,Auto,2024-07-09,0
CUST002979,360268.27,48,13.09,Business,2024-06-06,0
CUST002980,159529.57,60,11.43,Education,2023-06-13,0
CUST002981,976696.23,84,10.57,Personal,2023-03-14,0
CUST002982,299993.25,36,13.22,Home,2023-08-12,0
CUST002983,83455.81,24,11.14,Education,2023-04-13,0
CUST002984,676236.66,12,17.84,Auto,2025-05-15,0
CUST002985,1340432.97,36,6.61,Home,2025-07-16,0
CUST002986,113119.61,120,11.48,Auto,2024-07-14,1
CUST002987,334168.85,12,11.28,Home,2024-02-11,0
CUST002988,83057.22,24,16.04,Business,2024-12-29,0
CUST002989,366734.41,120,11.09,Education,2025-10-12,0
CUST002990,266965.14,60,15.63,Business,2024-01-18,0
CUST002991,676530.64,60,6.0,Auto,2024-03-19,0
CUST002992,219632.23,36,7.31,Auto,2024-04-23,0
CUST002993,890494.27,36,7.2,Business,2023-01-05,1
CUST002994,453306.41,84,11.05,Business,2023-06-02,0
CUST002995,701153.42,36,11.87,Personal,2023-06-18,0
CUST002996,492473.53,84,14.34,Business,2023-03-08,0
CUST002997,21485.88,24,14.68,Education,2025-03-25,0
CUST002998,757721.73,120,10.02,Auto,2023-10-31,0
CUST002999,199207.18,36,11.49,Auto,2023-06-03,0
CUST003000,505104.75,36,7.23,Personal,2024-10-17,0
CUST003001,480437.83,36,6.0,Business,2025-01-30,0
CUST003002,683359.52,24,14.5,Home,2025-09-15,0
CUST003003,360711.24,48,12.98,Personal,2025-06-07,0
CUST003004,518845.83,120,13.71,Education,2025-06-11,0
CUST003005,235895.58,84,10.39,Personal,2023-10-11,0
CUST003006,251896.8,12,10.18,Education,2023-12-04,0
CUST003007,286737.24,84,11.47,Home,2024-09-10,0
CUST003008,228054.66,120,6.0,Education,2024-06-18,0
CUST003009,427444.17,120,8.53,Business,2023-06-05,0
CUST003010,287134.01,120,13.67,Home,2025-07-02,0
CUST003011,215057.23,84,9.73,Education,2023-07-01,0
CUST003012,969510.58,84,7.89,Home,2023-12-18,1
CUST003013,511240.49,24,16.81,Auto,2025-02-10,0
CUST003014,520854.14,120,17.85,Business,2023-09-24,0
CUST003015,872189.15,48,10.72,Auto,2023-08-12,0
CUST003016,345852.97,84,6.0,Education,2025-05-12,1
CUST003017,482585.53,36,11.83,Business,2023-08-27,0
CUST003018,1497885.09,60,10.95,Home,2024-07-20,0
CUST003019,360294.1,120,12.91,Personal,2024-03-18,0
CUST003020,295897.18,36,14.0,Personal,2024-04-03,0
CUST003021,758184.99,60,11.75,Business,2024-12-12,0
CUST003022,75815.81,24,11.05,Education,2025-07-10,0
CUST003023,1337225.44,48,9.24,Business,2023-03-15,0
CUST003024,488158.92,60,13.27,Auto,2025-02-09,0
CUST003025,245229.16,120,6.0,Personal,2023-10-29,1
CUST003026,554603.4,60,6.0,Education,2025-03-28,1
CUST003027,105919.77,60,10.92,Home,2025-02-25,0
CUST003028,310276.08,24,12.76,Home,2025-03-28,0
CUST003029,236118.57,24,9.65,Education,2024-01-29,0
CUST003030,391394.31,84,9.9,Personal,2023-02-14,0
CUST003031,634290.81,24,10.43,Personal,2023-09-30,0
CUST003032,1137376.25,84,6.23,Home,2025-10-01,1
CUST003033,849987.61,48,15.45,Education,2025-02-19,0
CUST003034,291905.91,120,15.6,Auto,2023-11-09,0
CUST003035,804291.26,24,12.27,Home,2025-05-29,0
CUST003036,230171.4,48,12.3,Education,2025-12-03,0
CUST003037,431654.35,120,8.15,Personal,2024-12-08,1
CUST003038,799087.16,24,11.68,Home,2024-02-29,0
CUST003039,56703.94,84,6.74,Business,2024-10-13,0
CUST003040,562852.1,12,7.45,Business,2025-06-28,1
CUST003041,679827.66,48,13.53,Home,2025-03-17,0
CUST003042,1036391.53,60,12.76,Education,2024-11-08,0
CUST003043,315732.88,84,12.81,Personal,2023-05-03,0
CUST003044,216222.38,48,11.67,Business,2024-10-09,1
CUST003045,618674.36,120,11.32,Education,2024-11-23,1
CUST003046,144097.42,120,13.1,Home,2024-02-17,0
CUST003047,18196.43,120,13.53,Home,2025-03-24,0
CUST003048,377558.1,48,14.56,Education,2025-05-18,0
CUST003049,777063.97,36,11.16,Personal,2025-08-17,0
CUST003050,397493.82,84,15.25,Home,2025-10-22,0
CUST003051,1263083.09,24,9.27,Home,2023-08-29,0
CUST003052,476412.33,36,9.49,Personal,2023-03-20,0
CUST003053,270997.57,120,11.26,Education,2023-11-02,0
CUST003054,326935.01,60,11.47,Home,2024-11-08,0
CUST003055,164603.81,12,10.35,Education,2023-11-09,0
CUST003056,491711.06,60,13.19,Education,2024-11-25,0
CUST003057,411470.16,60,10.07,Home,2024-06-25,0
CUST003058,562645.67,36,13.51,Education,2025-03-29,1
CUST003059,203598.69,60,15.76,Education,2025-07-23,0
CUST003060,602295.28,24,11.35,Personal,2023-05-01,0
CUST003061,168927.45,84,6.0,Personal,2024-04-01,1
CUST003062,424631.31,60,8.54,Personal,2025-11-16,0
CUST003063,732982.71,120,14.23,Auto,2024-09-30,0
CUST003064,1386922.59,84,8.53,Business,2025-07-06,0
CUST003065,1108121.09,12,8.59,Personal,2023-03-13,1
CUST003066,453246.87,48,13.75,Business,2023-01-16,0
CUST003067,231930.53,120,9.88,Business,2024-02-28,0
CUST003068,743574.24,36,7.39,Personal,2023-08-31,1
CUST003069,336194.49,120,9.65,Education,2023-02-07,0
CUST003070,922981.79,36,12.72,Auto,2024-05-17,1
CUST003071,489624.29,60,8.02,Education,2023-06-03,0
CUST003072,71513.48,60,6.17,Personal,2025-08-13,0
CUST003073,122388.33,24,7.15,Business,2025-05-29,0
CUST003074,309225.57,60,11.53,Business,2024-10-17,0
CUST003075,868923.24,36,9.15,Auto,2025-03-27,0
CUST003076,488270.04,24,12.24,Education,2023-07-22,0
CUST003077,212810.04,24,8.88,Home,2025-10-28,0
CUST003078,1216891.03,48,7.82,Personal,2023-05-03,1
CUST003079,294128.21,120,10.78,Business,2023-07-13,0
CUST003080,528754.44,24,11.52,Business,2023-10-10,0
CUST003081,396837.06,12,10.2,Education,2025-08-13,0
CUST003082,448701.04,120,12.78,Education,2025-12-07,1
CUST003083,93385.46,84,7.33,Personal,2024-10-04,0
CUST003084,175231.89,120,6.0,Personal,2024-10-22,0
CUST003085,217193.51,36,15.03,Home,2023-08-12,0
CUST003086,473040.77,48,14.59,Education,2024-08-02,0
CUST003087,671404.67,60,14.78,Auto,2023-08-05,0
CUST003088,239252.76,60,13.87,Auto,2025-01-08,0
CUST003089,200277.8,48,6.82,Business,2023-05-02,0
CUST003090,290915.0,12,9.73,Auto,2025-12-09,0
CUST003091,634758.61,120,8.23,Home,2023-08-05,0
CUST003092,147992.71,84,10.03,Home,2025-11-18,0
CUST003093,399264.06,12,10.18,Auto,2024-09-20,0
CUST003094,417686.45,84,14.26,Auto,2025-04-21,0
CUST003095,336569.15,120,15.24,Personal,2025-04-20,1
CUST003096,176683.24,60,6.0,Business,2024-02-09,0
CUST003097,198887.0,120,13.75,Personal,2023-03-28,0
CUST003098,571291.13,12,11.26,Home,2025-10-26,0
CUST003099,189520.9,120,14.1,Business,2023-12-17,0
CUST003100,376845.01,24,16.46,Home,2023-11-20,0
CUST003101,453699.79,120,12.71,Auto,2023-03-23,0
CUST003102,82139.23,48,11.69,Personal,2023-03-20,1
CUST003103,181603.87,36,9.89,Auto,2025-09-14,0
CUST003104,258409.32,120,9.72,Business,2023-03-16,0
CUST003105,23853.89,24,14.05,Home,2024-02-04,0
CUST003106,1572771.36,48,11.08,Auto,2025-06-14,0
CUST003107,117641.27,120,9.92,Business,2024-12-13,1
CUST003108,312788.46,120,10.64,Business,2025-01-02,0
CUST003109,61409.09,84,8.36,Auto,2024-05-29,0
CUST003110,413728.6,120,12.8,Business,2025-08-06,0
CUST003111,511343.45,84,13.43,Business,2025-09-27,0
CUST003112,264821.03,120,8.8,Home,2023-11-25,0
CUST003113,217539.56,84,6.0,Business,2025-08-23,0
CUST003114,604004.42,24,10.41,Personal,2024-07-26,1
CUST003115,715233.73,48,12.87,Business,2024-12-14,0
CUST003116,894883.77,84,12.34,Auto,2025-07-05,0
CUST003117,906314.32,60,10.97,Education,2023-05-07,0
CUST003118,726204.55,48,10.78,Home,2024-04-04,1
CUST003119,295687.89,12,8.35,Auto,2023-10-25,0
CUST003120,201521.96,48,6.0,Education,2024-09-09,0
CUST003121,344553.88,12,12.32,Home,2023-06-11,0
CUST003122,781319.79,48,7.37,Auto,2023-12-13,0
CUST003123,168878.68,12,15.96,Business,2024-04-30,0
CUST003124,496213.48,84,13.43,Business,2023-03-20,0
CUST003125,300138.27,84,17.87,Home,2025-07-02,0
CUST003126,697505.52,60,10.86,Personal,2024-01-27,0
CUST003127,651821.32,120,14.21,Personal,2023-01-19,1
CUST003128,511543.08,24,16.81,Home,2024-12-02,0
CUST003129,192281.91,60,19.01,Auto,2023-08-09,0
CUST003130,376808.21,60,16.69,Education,2025-08-06,0
CUST003131,389014.83,24,16.33,Home,2025-09-22,0
CUST003132,189263.93,84,8.39,Home,2025-10-21,0
CUST003133,57008.91,48,18.39,Education,2024-06-05,0
CUST003134,184409.33,12,6.86,Auto,2024-04-27,0
CUST003135,5312.9,60,7.2,Business,2023-11-21,0
CUST003136,746928.91,84,12.76,Education,2024-04-24,0
CUST003137,821527.83,60,11.62,Personal,2025-09-10,0
CUST003138,417802.74,24,9.68,Home,2023-08-29,0
CUST003139,274294.65,48,9.54,Personal,2025-07-08,0
CUST003140,597113.95,60,10.12,Auto,2024-02-06,0
CUST003141,1186981.47,12,7.64,Personal,2025-03-14,0
CUST003142,352500.09,36,9.92,Personal,2023-03-13,0
CUST003143,723532.68,60,12.12,Auto,2024-04-28,1
CUST003144,522522.76,60,11.08,Personal,2024-09-08,0
CUST003145,1845723.45,12,13.46,Personal,2025-10-21,1
CUST003146,593938.24,120,10.93,Auto,2024-04-18,0
CUST003147,158681.8,24,11.63,Education,2025-02-23,1
CUST003148,451013.54,120,6.0,Auto,2025-08-10,0
CUST003149,364687.18,36,19.3,Education,2023-05-13,0
CUST003150,492284.28,48,8.17,Auto,2025-10-24,0
CUST003151,198902.3,24,11.59,Business,2024-10-30,0
CUST003152,341812.66,120,8.8,Personal,2025-02-01,0
CUST003153,1644859.15,60,12.39,Home,2025-11-08,0
CUST003154,262065.08,12,12.12,Business,2023-12-28,0
CUST003155,146276.31,60,11.44,Business,2024-12-04,0
CUST003156,220562.81,120,9.45,Personal,2023-06-05,0
CUST003157,1849419.68,48,13.1,Education,2025-05-15,1
CUST003158,400095.56,120,10.18,Auto,2025-06-13,0
CUST003159,500166.51,60,13.42,Personal,2024-05-24,0
CUST003160,466906.08,36,8.0,Auto,2025-01-23,0
CUST003161,914557.15,84,8.16,Education,2024-07-07,0
CUST003162,856017.07,12,7.01,Business,2023-12-06,0
CUST003163,841486.19,36,15.47,Education,2024-06-03,0
CUST003164,1007677.64,12,10.58,Business,2023-08-01,0
CUST003165,719273.74,36,11.87,Business,2023-05-01,0
CUST003166,175090.15,24,10.12,Personal,2024-05-09,0
CUST003167,331078.92,12,13.34,Auto,2023-06-17,0
CUST003168,1215118.61,12,10.98,Business,2023-01-07,0
CUST003169,256719.05,84,8.12,Auto,2024-12-23,0
CUST003170,256419.39,60,11.72,Business,2025-10-28,0
CUST003171,561076.15,60,8.25,Business,2024-08-01,0
CUST003172,1772230.39,24,19.11,Personal,2024-12-23,0
CUST003173,34139.29,84,10.9,Personal,2024-06-03,0
CUST003174,1105337.61,12,10.39,Auto,2023-06-04,1
CUST003175,456144.99,84,12.63,Auto,2023-03-11,0
CUST003176,161267.66,36,13.18,Personal,2025-11-03,0
CUST003177,343667.18,60,8.27,Business,2025-03-17,0
CUST003178,246044.71,84,11.8,Personal,2024-08-14,0
CUST003179,569925.31,60,7.71,Home,2024-03-11,0
CUST003180,820515.46,84,8.33,Home,2023-07-12,0
CUST003181,199067.83,24,11.64,Home,2024-06-15,0
CUST003182,231043.49,120,13.44,Auto,2024-12-21,0
CUST003183,295815.36,48,9.63,Education,2025-10-26,0
CUST003184,98563.62,24,9.38,Business,2023-02-21,0
CUST003185,547124.69,36,15.55,Home,2024-08-10,0
CUST003186,214807.14,12,14.67,Education,2025-08-24,0
CUST003187,992189.88,36,9.19,Personal,2023-12-13,0
CUST003188,508216.73,24,6.68,Personal,2023-05-31,0
CUST003189,264043.89,36,11.26,Business,2025-11-02,0
CUST003190,216840.22,120,9.21,Education,2024-08-15,0
CUST003191,572790.29,60,10.24,Home,2025-03-15,0
CUST003192,530082.83,60,11.7,Home,2024-09-20,0
CUST003193,605458.85,24,8.03,Business,2024-12-11,0
CUST003194,450269.42,120,12.69,Business,2024-04-21,0
CUST003195,218900.53,24,6.0,Personal,2025-10-26,0
CUST003196,442339.17,12,8.35,Auto,2023-01-13,0
CUST003197,863099.2,48,11.06,Business,2023-03-10,0
CUST003198,543179.88,60,10.99,Home,2024-12-21,0
CUST003199,279203.63,60,13.41,Auto,2024-12-12,0
CUST003200,847520.99,48,11.43,Personal,2023-03-01,1
CUST003201,291662.17,48,10.07,Business,2024-08-10,0
CUST003202,452351.83,60,11.83,Personal,2025-12-22,0
CUST003203,9875.02,24,10.14,Business,2023-03-03,0
CUST003204,67401.31,120,13.06,Home,2025-05-14,0
CUST003205,937884.95,48,9.02,Auto,2024-12-14,1
CUST003206,677014.63,48,10.96,Education,2023-11-19,0
CUST003207,629950.96,24,10.64,Education,2023-01-17,0
CUST003208,204107.02,60,11.67,Home,2024-12-31,0
CUST003209,160040.45,12,12.03,Personal,2023-09-13,0
CUST003210,1069834.58,12,12.32,Auto,2023-09-06,0
CUST003211,653037.52,12,8.03,Auto,2023-02-28,0
CUST003212,242367.35,84,8.51,Business,2024-03-30,0
CUST003213,123246.53,48,6.0,Business,2023-06-29,0
CUST003214,366587.81,120,9.21,Personal,2025-06-17,0
CUST003215,220221.05,84,7.21,Education,2025-04-02,0
CUST003216,1226643.53,60,12.89,Home,2024-01-27,0
CUST003217,444331.59,12,15.82,Auto,2023-04-20,0
CUST003218,363525.12,48,9.84,Home,2025-12-20,0
CUST003219,318314.43,12,15.09,Business,2025-04-01,0
CUST003220,573557.49,48,10.37,Education,2024-04-03,0
CUST003221,161843.78,36,12.05,Personal,2023-03-11,0
CUST003222,819616.76,24,10.45,Business,2024-11-21,0
CUST003223,276717.68,120,11.43,Education,2025-11-09,0
CUST003224,814846.47,60,12.19,Education,2023-01-15,0
CUST003225,472022.62,36,11.76,Education,2023-05-17,0
CUST003226,793714.91,84,10.84,Home,2023-09-30,0
CUST003227,293271.38,120,7.36,Business,2023-07-06,0
CUST003228,786834.4,36,6.0,Education,2024-11-15,0
CUST003229,283193.69,48,9.01,Personal,2024-01-18,0
CUST003230,1150006.73,84,9.53,Home,2025-05-12,0
CUST003231,2114767.86,60,7.25,Personal,2023-08-12,0
CUST003232,1411734.75,120,8.93,Home,2024-12-01,0
CUST003233,223953.64,120,6.26,Education,2025-01-24,0
CUST003234,982655.62,60,17.47,Home,2024-07-02,0
CUST003235,245849.04,36,11.25,Auto,2023-04-13,0
CUST003236,82863.17,60,6.32,Home,2025-05-13,0
CUST003237,669530.46,60,10.75,Business,2024-08-06,0
CUST003238,532214.95,24,7.76,Education,2024-12-13,0
CUST003239,597706.34,120,16.85,Auto,2023-12-22,0
CUST003240,235164.45,60,6.0,Education,2024-01-23,0
CUST003241,159533.07,12,9.28,Personal,2023-09-23,0
CUST003242,301621.04,120,10.79,Education,2023-07-26,0
CUST003243,642269.13,12,17.19,Home,2023-09-27,0
CUST003244,483208.04,12,15.29,Business,2025-05-17,0
CUST003245,97693.42,24,18.39,Personal,2023-12-17,0
CUST003246,301340.89,60,6.57,Home,2025-04-20,0
CUST003247,1304584.69,60,6.07,Education,2024-10-02,1
CUST003248,476751.56,120,11.26,Home,2024-12-04,0
CUST003249,556649.83,48,14.85,Auto,2023-08-08,0
CUST003250,593117.7,48,14.57,Home,2023-11-08,0
CUST003251,1114483.08,120,8.47,Home,2023-03-26,0
CUST003252,35368.9,48,14.17,Personal,2023-04-25,1
CUST003253,371956.39,120,7.71,Auto,2025-05-30,0
CUST003254,171414.27,36,10.02,Home,2023-04-17,0
CUST003255,757609.0,84,11.74,Home,2023-06-08,0
CUST003256,934291.63,120,6.26,Auto,2025-09-21,0
CUST003257,487658.51,36,12.99,Auto,2023-10-08,0
CUST003258,622468.08,120,6.0,Business,2024-12-21,0
CUST003259,385139.99,84,13.99,Home,2023-05-25,0
CUST003260,166695.41,24,12.29,Auto,2023-08-09,0
CUST003261,436168.22,60,11.25,Business,2023-01-14,0
CUST003262,469079.48,36,8.73,Education,2024-08-01,0
CUST003263,408132.04,24,14.3,Home,2024-03-15,0
CUST003264,626807.94,24,10.25,Auto,2023-06-11,0
CUST003265,1442235.79,24,8.22,Business,2025-07-11,1
CUST003266,840063.91,60,9.24,Home,2023-04-29,0
CUST003267,453186.55,24,9.94,Home,2024-04-27,0
CUST003268,665847.38,48,6.88,Business,2024-12-30,0
CUST003269,232490.07,84,12.09,Auto,2025-04-09,0
CUST003270,687569.56,36,11.17,Business,2024-11-14,0
CUST003271,508291.18,48,8.11,Home,2025-04-07,0
CUST003272,19326.64,12,9.97,Home,2024-09-27,0
CUST003273,559951.43,84,11.48,Home,2025-03-27,0
CUST003274,517557.71,12,15.08,Auto,2025-12-28,0
CUST003275,271682.54,120,10.49,Business,2024-03-17,0
CUST003276,67621.83,84,11.29,Education,2025-02-05,0
CUST003277,41761.08,60,9.37,Home,2023-11-17,0
CUST003278,644657.53,12,9.83,Home,2023-03-07,0
CUST003279,383279.37,120,7.47,Education,2024-04-19,1
CUST003280,597482.35,84,10.03,Auto,2024-08-12,0
CUST003281,82136.78,84,8.66,Education,2025-10-18,0
CUST003282,92558.45,12,13.84,Business,2024-08-31,0
CUST003283,770072.32,84,12.89,Auto,2024-08-26,0
CUST003284,604646.11,24,10.85,Business,2025-08-02,0
CUST003285,500332.86,120,9.2,Home,2023-01-13,0
CUST003286,58462.12,24,11.04,Education,2023-07-03,0
CUST003287,919931.98,12,14.27,Personal,2023-02-09,0
CUST003288,716925.62,36,14.53,Home,2024-02-13,1
CUST003289,330958.46,24,10.34,Home,2025-08-13,0
CUST003290,68830.11,60,19.49,Business,2023-12-04,0
CUST003291,100833.04,36,10.81,Home,2023-06-08,0
CUST003292,41623.86,84,8.91,Auto,2025-01-10,0
CUST003293,283416.41,36,9.89,Personal,2024-04-07,0
CUST003294,690929.99,60,11.46,Business,2023-11-22,0
CUST003295,427622.54,24,6.28,Education,2025-08-16,1
CUST003296,327082.33,24,18.69,Business,2024-11-07,0
CUST003297,610360.56,84,16.29,Personal,2024-05-21,0
CUST003298,570793.8,60,10.29,Home,2024-09-21,1
CUST003299,549575.1,36,12.62,Personal,2024-11-30,0
CUST003300,582822.39,12,9.01,Personal,2024-09-25,0
CUST003301,223767.26,36,10.97,Education,2024-07-09,0
CUST003302,1594957.96,36,11.04,Personal,2023-09-25,1
CUST003303,1794163.03,24,12.35,Home,2025-03-31,1
CUST003304,141877.84,120,11.43,Personal,2024-01-06,0
CUST003305,95748.13,60,9.31,Home,2024-11-03,0
CUST003306,1211869.87,84,10.55,Personal,2025-12-18,0
CUST003307,26251.62,60,9.6,Home,2025-04-30,1
CUST003308,141906.07,24,10.15,Home,2023-04-22,0
CUST003309,597314.95,24,8.37,Auto,2025-06-08,0
CUST003310,283491.51,120,10.26,Home,2023-03-12,0
CUST003311,865775.09,60,10.98,Business,2024-11-27,0
CUST003312,1032905.97,36,11.09,Home,2024-07-20,0
CUST003313,609185.39,60,8.74,Home,2023-11-09,0
CUST003314,266842.84,36,17.34,Auto,2025-04-18,0
CUST003315,383128.14,12,9.62,Home,2025-03-11,1
CUST003316,418218.98,84,6.0,Auto,2024-02-02,0
CUST003317,238468.21,24,16.58,Auto,2024-01-29,0
CUST003318,1274318.41,60,11.3,Business,2023-05-29,1
CUST003319,1295762.65,84,12.3,Home,2025-07-25,0
CUST003320,319264.27,24,9.91,Education,2025-04-07,1
CUST003321,1079895.43,84,12.38,Business,2025-08-03,0
CUST003322,510765.09,48,11.48,Business,2025-06-30,0
CUST003323,346614.17,84,9.33,Home,2025-09-13,0
CUST003324,522829.6,12,14.82,Home,2023-10-21,0
CUST003325,1291610.65,84,15.43,Personal,2024-07-15,1
CUST003326,780107.02,84,11.89,Home,2024-09-18,0
CUST003327,339141.04,12,11.05,Business,2024-05-15,0
CUST003328,488213.6,120,9.82,Home,2023-11-24,0
CUST003329,930672.08,12,9.46,Education,2025-06-04,0
CUST003330,67867.91,60,14.0,Home,2024-02-01,0
CUST003331,261609.48,36,15.28,Personal,2024-08-29,0
CUST003332,84465.17,36,8.3,Business,2025-08-05,0
CUST003333,613494.23,60,12.43,Business,2023-08-16,0
CUST003334,990458.23,120,7.82,Business,2025-04-01,0
CUST003335,1002627.41,36,7.92,Education,2024-11-04,0
CUST003336,130608.4,48,11.47,Auto,2023-03-10,0
CUST003337,117146.25,12,10.11,Business,2025-04-02,0
CUST003338,533669.1,60,8.91,Home,2024-11-10,0
CUST003339,470204.05,120,14.83,Auto,2025-01-05,1
CUST003340,249066.82,12,14.19,Home,2023-06-27,0
CUST003341,444393.43,120,12.88,Auto,2023-09-18,0
CUST003342,327972.95,24,8.62,Education,2025-03-18,0
CUST003343,1079286.72,48,12.02,Personal,2025-12-24,0
CUST003344,401468.35,120,12.94,Education,2023-08-05,0
CUST003345,445518.74,84,6.0,Personal,2025-09-15,0
CUST003346,610509.85,60,12.79,Auto,2024-07-09,1
CUST003347,449644.63,24,18.1,Education,2023-07-05,0
CUST003348,133348.45,60,14.3,Auto,2025-11-15,0
CUST003349,156551.44,48,7.27,Home,2024-04-25,0
CUST003350,341894.4,36,13.58,Education,2025-05-15,0
CUST003351,519457.92,120,13.55,Personal,2024-11-09,0
CUST003352,472811.49,24,13.4,Auto,2024-08-27,0
CUST003353,382209.06,84,13.52,Education,2023-04-05,0
CUST003354,503253.89,48,12.1,Education,2024-07-29,0
CUST003355,191697.9,84,13.88,Education,2024-03-19,0
CUST003356,102993.48,48,9.29,Education,2024-07-08,0
CUST003357,290173.1,60,11.27,Personal,2024-09-15,0
CUST003358,284934.99,120,13.53,Home,2025-04-18,0
CUST003359,133857.4,12,10.67,Education,2023-12-01,0
CUST003360,1342147.84,60,6.88,Business,2023-03-20,1
CUST003361,264671.53,60,14.0,Education,2025-08-13,0
CUST003362,339291.02,120,12.34,Business,2025-01-29,0
CUST003363,630992.37,120,12.35,Home,2023-01-29,0
CUST003364,872078.45,12,6.0,Personal,2025-11-11,0
CUST003365,542970.57,120,7.33,Auto,2023-03-30,0
CUST003366,106668.06,84,12.38,Auto,2023-09-12,0
CUST003367,1001268.43,60,7.32,Auto,2023-07-17,0
CUST003368,1194314.01,24,10.31,Auto,2025-01-24,0
CUST003369,463262.65,120,11.64,Auto,2024-03-16,0
CUST003370,1267913.96,48,10.4,Home,2024-02-29,0
CUST003371,306486.35,84,6.07,Personal,2024-10-24,0
CUST003372,984977.09,12,13.01,Business,2025-08-13,1
CUST003373,359644.21,120,12.04,Auto,2025-04-06,0
CUST003374,855407.87,36,7.2,Auto,2024-03-02,1
CUST003375,429269.59,84,14.83,Home,2024-05-22,0
CUST003376,529149.78,84,13.0,Home,2024-11-08,0
CUST003377,196963.93,12,12.65,Auto,2025-07-05,0
CUST003378,497043.52,120,7.05,Business,2025-07-05,0
CUST003379,382974.96,84,10.56,Education,2023-05-08,0
CUST003380,728038.32,12,14.98,Business,2024-12-27,0
CUST003381,380897.02,120,9.32,Business,2024-02-15,0
CUST003382,176780.59,12,16.96,Home,2023-12-24,1
CUST003383,670004.88,36,8.87,Education,2024-11-23,0
CUST003384,508573.9,48,13.13,Business,2025-03-22,0
CUST003385,702458.56,24,8.53,Education,2024-01-22,1
CUST003386,433013.63,120,9.79,Education,2024-04-04,0
CUST003387,237490.98,12,10.61,Business,2024-04-03,1
CUST003388,221947.68,48,7.33,Education,2023-11-07,0
CUST003389,368146.18,36,10.36,Auto,2023-12-28,0
CUST003390,174746.46,60,16.41,Business,2024-08-19,0
CUST003391,333246.41,24,10.52,Business,2025-11-21,0
CUST003392,444940.16,60,10.36,Auto,2024-09-02,1
CUST003393,845514.8,48,7.3,Personal,2025-01-28,0
CUST003394,497460.39,120,12.3,Personal,2025-09-11,0
CUST003395,277122.7,120,11.65,Personal,2025-07-26,0
CUST003396,880364.21,24,10.45,Auto,2023-09-21,0
CUST003397,222866.45,24,8.63,Home,2024-06-28,0
CUST003398,496802.38,84,8.06,Business,2024-11-26,1
CUST003399,603841.14,120,11.15,Education,2024-11-21,0
CUST003400,524820.74,12,11.17,Education,2024-05-24,0
CUST003401,251035.77,48,9.13,Business,2024-08-18,0
CUST003402,341326.56,36,6.01,Business,2025-07-13,0
CUST003403,326528.26,84,11.09,Auto,2023-05-01,0
CUST003404,238118.7,36,13.02,Business,2023-08-14,0
CUST003405,205240.44,12,11.23,Personal,2024-08-08,0
CUST003406,81899.17,60,8.11,Personal,2024-08-13,0
CUST003407,429234.53,36,12.26,Home,2024-03-08,0
CUST003408,707489.24,24,13.12,Auto,2025-06-18,0
CUST003409,42513.15,84,11.72,Personal,2024-12-27,0
CUST003410,620610.42,24,6.0,Personal,2025-10-11,0
CUST003411,103947.22,24,12.96,Home,2023-01-29,0
CUST003412,909664.56,120,14.53,Education,2024-05-09,1
CUST003413,206911.72,120,13.72,Home,2024-03-30,0
CUST003414,370341.86,24,7.54,Education,2024-05-17,0
CUST003415,481088.04,24,8.55,Home,2023-06-29,0
CUST003416,973843.85,120,7.69,Auto,2025-07-02,0
CUST003417,280906.15,36,16.37,Business,2025-06-24,0
CUST003418,729510.22,84,12.73,Home,2023-04-24,1
CUST003419,184096.75,48,11.87,Auto,2025-02-06,0
CUST003420,238322.42,36,7.38,Auto,2023-05-16,0
CUST003421,293786.06,60,8.67,Business,2025-08-31,0
CUST003422,124868.52,84,8.93,Personal,2024-09-22,0
CUST003423,242013.15,24,10.07,Business,2023-06-15,0
CUST003424,544802.58,60,12.5,Personal,2023-08-10,1
CUST003425,479128.1,36,8.82,Home,2023-12-29,0
CUST003426,613233.8,36,6.0,Personal,2024-07-03,0
CUST003427,149084.67,84,11.21,Home,2024-09-16,0
CUST003428,1061887.43,48,13.33,Home,2023-05-14,1
CUST003429,565189.9,84,11.76,Personal,2024-06-15,0
CUST003430,260697.08,24,8.09,Education,2024-02-04,0
CUST003431,538534.69,84,9.8,Home,2023-01-14,0
CUST003432,1475240.85,120,9.8,Auto,2025-10-13,0
CUST003433,397439.64,24,14.64,Business,2023-02-09,0
CUST003434,571302.83,24,9.38,Education,2024-08-20,0
CUST003435,750031.11,12,12.11,Business,2024-05-06,0
CUST003436,669715.05,120,16.13,Auto,2024-04-10,1
CUST003437,1377145.25,24,16.19,Auto,2023-02-06,0
CUST003438,542599.67,60,13.32,Business,2025-02-12,0
CUST003439,279984.41,60,13.63,Personal,2024-04-30,0
CUST003440,227638.58,36,13.77,Home,2024-02-05,0
CUST003441,1125024.89,12,8.6,Auto,2025-03-27,0
CUST003442,196534.27,36,11.97,Personal,2024-04-22,0
CUST003443,273249.89,120,6.0,Home,2024-12-12,0
CUST003444,136621.98,84,6.84,Education,2025-05-04,0
CUST003445,206277.07,84,13.33,Home,2023-09-23,0
CUST003446,219064.91,48,8.97,Business,2025-02-18,0
CUST003447,287198.7,12,12.0,Business,2024-12-24,1
CUST003448,997824.72,12,8.68,Personal,2025-12-12,0
CUST003449,763866.59,36,6.0,Education,2024-04-18,0
CUST003450,517890.71,24,6.2,Personal,2025-03-09,0
CUST003451,37634.47,48,15.61,Home,2024-06-26,0
CUST003452,615483.62,36,10.5,Business,2023-12-26,0
CUST003453,321368.77,60,13.37,Education,2024-12-31,0
CUST003454,980746.07,60,7.22,Business,2023-11-25,0
CUST003455,948003.16,60,10.03,Personal,2024-10-20,0
CUST003456,63705.25,36,7.1,Home,2023-10-06,0
CUST003457,457954.45,36,11.62,Personal,2024-03-07,1
CUST003458,783910.89,84,8.8,Personal,2025-02-10,0
CUST003459,400164.62,36,11.85,Education,2023-06-19,0
CUST003460,777079.88,24,11.33,Education,2025-04-18,0
CUST003461,546188.02,120,12.72,Education,2023-06-17,1
CUST003462,59651.45,12,9.74,Home,2025-07-15,0
CUST003463,406716.06,24,9.79,Education,2024-02-03,0
CUST003464,574952.98,60,11.07,Education,2025-07-28,0
CUST003465,222957.3,84,16.62,Personal,2023-03-13,0
CUST003466,547514.3,36,10.51,Auto,2023-01-25,0
CUST003467,393577.38,48,17.6,Education,2024-01-08,0
CUST003468,771547.94,120,7.86,Home,2025-07-24,0
CUST003469,483682.73,12,12.66,Home,2023-08-20,0
CUST003470,434756.82,36,16.25,Education,2023-10-08,1
CUST003471,934801.5,24,13.94,Home,2024-10-17,0
CUST003472,404678.97,36,15.29,Business,2025-02-23,0
CUST003473,149894.2,120,14.11,Auto,2024-03-11,0
CUST003474,756425.97,48,6.0,Auto,2025-05-11,0
CUST003475,240906.43,84,9.56,Personal,2023-02-05,0
CUST003476,93408.38,12,7.96,Personal,2025-06-11,0
CUST003477,306070.34,120,10.51,Auto,2024-07-17,0
CUST003478,241375.7,48,10.56,Personal,2023-02-12,1
CUST003479,61449.5,48,11.69,Personal,2023-12-19,0
CUST003480,884943.65,120,10.06,Personal,2024-08-14,0
CUST003481,492795.18,12,9.02,Home,2024-12-19,0
CUST003482,1419452.34,120,8.59,Personal,2024-08-28,1
CUST003483,326070.45,24,12.73,Home,2025-09-30,0
CUST003484,496728.02,60,12.12,Business,2025-07-13,0
CUST003485,694215.37,36,10.74,Auto,2024-04-27,0
CUST003486,518048.57,12,9.37,Auto,2024-12-17,0
CUST003487,114586.0,48,12.49,Education,2024-07-22,0
CUST003488,144929.51,84,11.71,Business,2025-01-28,0
CUST003489,509584.71,120,10.29,Business,2025-09-26,0
CUST003490,687879.84,84,15.83,Education,2023-11-03,0
CUST003491,592217.35,48,14.49,Business,2025-02-20,0
CUST003492,311102.24,48,6.51,Personal,2025-12-13,0
CUST003493,197428.31,36,17.58,Personal,2024-10-08,0
CUST003494,456087.27,60,13.5,Business,2023-06-13,0
CUST003495,292872.54,84,9.1,Home,2023-08-19,0
CUST003496,177314.95,48,16.84,Personal,2024-04-08,0
CUST003497,832697.9,48,7.38,Education,2024-07-23,0
CUST003498,323263.63,24,15.0,Education,2024-12-21,1
CUST003499,464453.71,48,14.56,Education,2024-09-05,0
CUST003500,235165.19,60,9.53,Education,2025-03-11,0
CUST003501,518445.28,84,15.08,Home,2024-07-17,0
CUST003502,673712.74,84,16.83,Education,2024-06-16,0
CUST003503,152416.76,84,12.46,Home,2024-10-11,0
CUST003504,416219.58,120,10.2,Education,2024-05-03,0
CUST003505,378972.13,48,11.08,Personal,2025-01-08,0
CUST003506,144886.2,60,10.23,Business,2023-10-04,0
CUST003507,360318.38,36,6.32,Business,2023-03-17,0
CUST003508,145475.83,48,15.25,Home,2025-10-05,0
CUST003509,524152.42,36,8.47,Business,2024-10-06,0
CUST003510,556773.95,48,7.81,Personal,2024-07-12,0
CUST003511,350823.04,48,13.71,Personal,2024-09-21,0
CUST003512,253773.53,120,13.14,Home,2024-01-24,0
CUST003513,1483156.68,120,12.21,Personal,2023-09-23,1
CUST003514,1140749.93,24,9.84,Home,2025-07-07,0
CUST003515,676977.72,36,11.1,Personal,2025-09-14,0
CUST003516,938655.72,24,10.85,Personal,2024-04-14,0
CUST003517,421484.96,36,6.08,Education,2023-03-27,0
CUST003518,780760.03,120,6.67,Auto,2024-09-12,0
CUST003519,888069.29,24,14.92,Home,2025-01-07,1
CUST003520,471484.3,84,12.94,Personal,2025-11-03,0
CUST003521,628674.22,60,15.96,Education,2023-12-14,0
CUST003522,510711.31,120,7.55,Business,2023-09-25,0
CUST003523,735501.0,24,10.28,Personal,2025-07-31,0
CUST003524,190457.33,84,10.34,Home,2025-05-23,0
CUST003525,763335.43,24,6.0,Business,2025-03-03,0
CUST003526,668639.62,36,10.43,Personal,2025-10-01,0
CUST003527,894800.15,12,13.93,Personal,2024-07-29,0
CUST003528,49510.04,12,12.14,Personal,2024-03-07,0
CUST003529,1134359.46,24,8.16,Education,2023-03-17,0
CUST003530,240315.58,48,15.02,Home,2025-01-24,0
CUST003531,448020.5,120,12.7,Business,2023-02-20,0
CUST003532,808089.3,48,14.6,Education,2023-10-13,0
CUST003533,269308.15,12,8.85,Personal,2024-05-29,0
CUST003534,766780.95,48,10.45,Education,2025-08-22,0
CUST003535,504743.01,12,13.26,Personal,2024-02-13,0
CUST003536,220185.57,36,8.55,Home,2024-10-28,0
CUST003537,444078.46,60,11.53,Home,2025-03-02,1
CUST003538,571799.99,120,15.06,Auto,2024-02-29,0
CUST003539,726963.56,24,10.35,Home,2025-09-30,1
CUST003540,213304.57,12,11.34,Education,2023-02-07,0
CUST003541,395483.6,60,10.36,Home,2023-08-01,0
CUST003542,298718.7,48,9.07,Personal,2023-09-25,0
CUST003543,882440.48,84,10.61,Auto,2025-02-13,0
CUST003544,1040474.77,24,7.16,Education,2024-05-18,0
CUST003545,325539.13,24,11.48,Personal,2023-11-22,1
CUST003546,130386.16,84,9.92,Business,2025-03-25,0
CUST003547,501284.54,48,11.07,Personal,2025-09-20,0
CUST003548,302389.16,48,6.0,Education,2023-10-16,0
CUST003549,121752.78,12,9.66,Personal,2024-08-18,0
CUST003550,221626.31,24,8.14,Personal,2025-11-18,0
CUST003551,1455588.54,84,12.06,Education,2025-03-12,1
CUST003552,165779.41,84,6.76,Auto,2024-11-02,0
CUST003553,405617.98,12,11.27,Auto,2024-10-01,0
CUST003554,398654.61,60,13.45,Home,2024-01-28,0
CUST003555,2023174.34,120,15.79,Business,2024-09-16,0
CUST003556,918872.0,120,10.62,Business,2025-05-08,0
CUST003557,447875.13,120,9.49,Auto,2024-08-23,0
CUST003558,801695.45,36,12.9,Home,2025-09-01,1
CUST003559,320276.92,84,8.26,Business,2023-10-07,0
CUST003560,226626.37,60,6.29,Home,2023-08-13,0
CUST003561,1101395.11,24,12.85,Personal,2025-02-26,0
CUST003562,419150.55,24,6.81,Business,2025-01-28,0
CUST003563,273776.84,48,13.62,Education,2024-01-09,0
CUST003564,80110.04,48,7.41,Home,2023-10-27,0
CUST003565,317656.35,84,14.28,Auto,2025-10-31,0
CUST003566,375195.49,12,14.75,Education,2024-11-15,0
CUST003567,480065.52,48,12.38,Auto,2024-04-03,1
CUST003568,300622.89,36,12.02,Auto,2025-03-02,0
CUST003569,218518.65,84,9.82,Business,2023-08-26,0
CUST003570,691750.67,120,12.94,Home,2024-04-28,0
CUST003571,477128.09,12,9.13,Auto,2023-04-27,0
CUST003572,310957.85,60,9.5,Business,2023-07-11,0
CUST003573,225263.5,120,10.36,Auto,2023-12-31,0
CUST003574,23144.53,48,11.14,Auto,2023-12-29,1
CUST003575,292595.59,36,11.67,Home,2024-07-30,0
CUST003576,105736.13,48,9.92,Home,2023-10-13,0
CUST003577,458075.24,120,10.97,Personal,2023-04-01,0
CUST003578,169731.26,120,9.53,Auto,2025-12-08,0
CUST003579,671263.28,48,6.68,Auto,2025-08-10,0
CUST003580,556855.17,48,10.56,Business,2024-12-06,1
CUST003581,619815.47,24,15.48,Business,2023-08-26,0
CUST003582,123203.61,12,11.41,Business,2024-04-24,0
CUST003583,460855.82,84,15.19,Business,2023-11-01,0
CUST003584,571543.29,12,12.21,Education,2023-07-23,1
CUST003585,350392.43,48,9.36,Auto,2025-06-04,0
CUST003586,867493.73,24,9.65,Education,2025-07-08,0
CUST003587,531328.16,84,13.43,Home,2023-07-29,0
CUST003588,558805.88,48,9.64,Education,2025-08-03,0
CUST003589,397476.17,60,12.46,Auto,2023-12-26,0
CUST003590,255296.0,120,12.19,Auto,2023-09-10,0
CUST003591,614722.84,60,12.26,Business,2023-09-22,0
CUST003592,552906.78,120,9.32,Personal,2023-12-20,0
CUST003593,782082.22,48,15.63,Auto,2024-04-19,0
CUST003594,669357.48,24,12.19,Business,2025-07-30,1
CUST003595,695563.68,48,9.59,Education,2025-09-13,0
CUST003596,203565.52,120,8.59,Business,2025-04-26,0
CUST003597,617945.88,12,11.79,Home,2023-01-07,0
CUST003598,631131.62,120,6.56,Auto,2023-10-06,0
CUST003599,407689.79,12,16.13,Education,2025-09-11,0
CUST003600,491894.11,60,8.77,Home,2024-03-19,0
CUST003601,1056424.16,48,13.58,Home,2023-03-11,0
CUST003602,509742.98,36,11.13,Personal,2025-03-26,0
CUST003603,975790.71,12,9.79,Education,2025-01-04,0
CUST003604,630587.64,12,11.02,Auto,2025-02-24,0
CUST003605,283087.95,84,7.75,Home,2025-03-21,0
CUST003606,134557.31,36,7.46,Auto,2023-08-17,0
CUST003607,162217.26,60,10.15,Business,2024-08-29,0
CUST003608,533106.33,24,12.63,Education,2025-07-30,0
CUST003609,89928.2,24,14.42,Auto,2023-09-18,0
CUST003610,365372.45,84,14.24,Auto,2024-05-14,0
CUST003611,259444.69,24,13.16,Home,2024-03-28,0
CUST003612,270046.77,48,13.62,Home,2025-05-20,0
CUST003613,105175.73,84,9.61,Education,2024-09-13,0
CUST003614,228450.36,120,13.43,Business,2024-04-12,0
CUST003615,876293.01,84,12.38,Auto,2023-08-14,0
CUST003616,75397.19,60,10.68,Personal,2025-11-02,1
CUST003617,973760.35,84,9.84,Business,2024-10-22,0
CUST003618,686259.03,60,16.1,Personal,2023-07-11,0
CUST003619,19149.94,36,8.29,Personal,2024-11-09,0
CUST003620,415564.7,120,14.27,Personal,2025-03-28,0
CUST003621,251650.19,12,11.47,Personal,2024-02-25,0
CUST003622,606541.2,120,14.01,Education,2024-05-09,1
CUST003623,130997.22,48,13.06,Home,2023-01-28,0
CUST003624,524606.0,24,15.59,Education,2023-03-23,0
CUST003625,911068.4,48,7.03,Business,2023-01-09,0
CUST003626,472032.37,60,12.15,Auto,2025-02-25,0
CUST003627,426012.13,84,7.18,Education,2023-02-21,0
CUST003628,370616.04,12,7.26,Personal,2025-11-22,0
CUST003629,626150.82,84,13.65,Auto,2025-07-06,0
CUST003630,357807.9,36,14.9,Business,2024-03-03,0
CUST003631,239249.82,24,8.49,Business,2024-09-21,0
CUST003632,640120.21,84,6.0,Home,2024-07-08,0
CUST003633,109015.51,36,11.86,Business,2023-12-21,0
CUST003634,198396.85,120,11.05,Personal,2024-03-31,0
CUST003635,134102.42,60,11.17,Home,2023-07-24,0
CUST003636,252763.22,60,13.28,Personal,2023-11-30,0
CUST003637,403796.25,12,9.56,Auto,2025-03-15,0
CUST003638,377083.82,60,7.65,Auto,2025-01-07,0
CUST003639,674186.95,36,13.47,Home,2025-04-23,0
CUST003640,214975.81,48,9.99,Auto,2024-01-23,0
CUST003641,1988871.08,48,8.23,Auto,2025-07-31,1
CUST003642,54148.63,60,13.16,Personal,2023-07-31,1
CUST003643,63390.36,24,10.82,Education,2024-07-22,0
CUST003644,368509.69,12,13.33,Education,2023-07-27,1
CUST003645,705809.73,36,13.58,Business,2025-11-18,0
CUST003646,381730.85,48,6.0,Auto,2024-09-18,0
CUST003647,377534.39,60,6.0,Home,2023-02-12,0
CUST003648,230264.33,48,11.68,Business,2024-06-11,0
CUST003649,992654.71,60,9.17,Education,2023-05-28,0
CUST003650,210875.24,12,10.91,Home,2023-10-16,0
CUST003651,772375.1,24,14.57,Education,2023-11-17,0
CUST003652,753341.18,60,14.47,Home,2025-04-20,0
CUST003653,335709.51,84,7.53,Business,2023-03-17,0
CUST003654,73899.35,48,11.78,Home,2023-12-07,0
CUST003655,552922.26,60,10.55,Business,2024-12-09,0
CUST003656,419636.85,60,6.67,Auto,2024-05-30,0
CUST003657,52492.83,12,12.66,Personal,2023-10-10,0
CUST003658,610033.14,12,6.0,Personal,2024-02-14,0
CUST003659,401049.71,48,6.0,Business,2023-11-19,0
CUST003660,830570.74,120,7.93,Education,2025-01-23,0
CUST003661,194308.13,24,10.85,Personal,2025-09-09,1
CUST003662,841574.42,12,6.0,Education,2025-03-03,0
CUST003663,515292.42,48,9.45,Business,2025-04-23,0
CUST003664,184034.94,48,13.95,Personal,2024-10-16,0
CUST003665,472334.15,36,10.29,Auto,2024-04-02,1
CUST003666,439329.11,12,7.37,Personal,2024-11-29,0
CUST003667,72473.32,60,13.3,Home,2023-03-21,0
CUST003668,350075.05,36,7.11,Home,2024-09-15,0
CUST003669,493273.16,12,6.22,Home,2025-03-15,0
CUST003670,310908.31,84,10.73,Education,2025-10-11,0
CUST003671,548791.12,84,13.49,Auto,2024-04-15,0
CUST003672,454427.62,84,16.57,Business,2023-05-27,0
CUST003673,371812.24,60,6.6,Personal,2024-10-06,0
CUST003674,444008.81,84,12.99,Auto,2024-12-02,0
CUST003675,240521.35,12,7.43,Personal,2024-01-30,0
CUST003676,430522.85,24,12.98,Auto,2025-06-28,0
CUST003677,296861.0,120,10.14,Auto,2025-09-18,0
CUST003678,75903.9,48,8.12,Home,2024-03-03,0
CUST003679,1060581.53,24,9.48,Business,2023-10-09,1
CUST003680,1118565.44,36,9.6,Auto,2024-03-10,0
CUST003681,620578.15,24,10.34,Personal,2025-03-03,0
CUST003682,383371.01,24,12.27,Business,2025-01-11,0
CUST003683,154338.73,36,9.76,Business,2024-06-23,0
CUST003684,581230.65,48,9.68,Auto,2025-04-17,0
CUST003685,176101.29,120,6.55,Home,2023-02-19,0
CUST003686,1171064.9,84,13.07,Business,2024-06-19,0
CUST003687,192172.04,12,12.58,Auto,2025-12-07,0
CUST003688,474133.45,120,10.4,Education,2023-08-19,0
CUST003689,684865.0,60,17.01,Auto,2025-09-29,0
CUST003690,89271.3,120,6.0,Auto,2024-08-24,0
CUST003691,761317.33,84,6.0,Home,2023-12-04,0
CUST003692,520071.04,60,10.38,Personal,2024-07-12,0
CUST003693,85531.31,36,11.17,Personal,2024-11-06,0
CUST003694,797694.17,48,11.42,Home,2025-12-13,0
CUST003695,414412.52,120,10.02,Personal,2023-10-17,0
CUST003696,131174.22,48,8.45,Personal,2023-09-13,0
CUST003697,751625.55,36,10.31,Auto,2025-04-04,0
CUST003698,225698.84,60,9.14,Business,2023-10-29,0
CUST003699,940080.27,36,9.74,Personal,2023-07-13,0
CUST003700,95067.1,24,9.09,Personal,2024-04-03,0
CUST003701,249200.65,24,16.51,Auto,2024-03-23,0
CUST003702,134916.3,24,13.83,Education,2024-04-03,0
CUST003703,125732.23,60,8.74,Auto,2025-05-04,0
CUST003704,102700.07,48,11.04,Home,2024-03-12,0
CUST003705,606548.78,60,8.78,Auto,2023-02-23,0
CUST003706,425224.74,48,11.08,Home,2023-05-15,0
CUST003707,137029.73,24,14.4,Auto,2023-08-06,0
CUST003708,425496.85,12,12.88,Personal,2024-07-07,0
CUST003709,596616.82,60,17.37,Personal,2023-07-30,0
CUST003710,1238567.58,12,11.21,Education,2025-11-18,0
CUST003711,1067766.32,48,10.32,Home,2023-04-26,0
CUST003712,345164.96,48,13.81,Home,2024-05-23,0
CUST003713,728643.64,12,14.99,Home,2024-01-29,0
CUST003714,906203.76,120,10.56,Auto,2023-11-30,0
CUST003715,479107.02,12,13.57,Personal,2023-01-30,0
CUST003716,179289.28,36,13.32,Personal,2025-10-02,0
CUST003717,78236.79,12,6.47,Home,2024-05-30,0
CUST003718,477844.73,60,11.93,Business,2024-05-19,0
CUST003719,361185.21,84,6.09,Home,2023-01-27,0
CUST003720,100663.11,12,12.5,Education,2023-01-05,0
CUST003721,575653.22,36,10.44,Business,2025-10-11,0
CUST003722,553890.37,48,6.0,Auto,2023-10-01,0
CUST003723,229570.07,36,11.96,Auto,2024-01-31,0
CUST003724,568172.71,48,8.88,Auto,2023-08-06,0
CUST003725,1100600.97,24,9.9,Auto,2025-02-14,1
CUST003726,209659.89,12,11.61,Home,2024-08-28,0
CUST003727,816109.55,60,18.69,Personal,2024-07-23,0
CUST003728,1656151.82,120,12.54,Education,2024-06-12,0
CUST003729,517316.87,60,9.32,Business,2025-01-05,0
CUST003730,396558.86,60,7.92,Education,2024-06-14,0
CUST003731,963272.8,84,16.31,Personal,2025-06-05,0
CUST003732,566193.29,48,12.75,Business,2024-01-07,0
CUST003733,479632.63,48,15.37,Personal,2024-01-03,0
CUST003734,832638.16,24,10.21,Home,2025-07-17,0
CUST003735,336941.12,60,10.15,Personal,2025-11-11,1
CUST003736,207982.21,84,6.99,Home,2024-10-16,0
CUST003737,191048.11,24,10.29,Personal,2024-10-06,0
CUST003738,1462968.57,36,8.41,Business,2023-05-07,0
CUST003739,1250324.81,36,13.57,Home,2023-09-27,0
CUST003740,1241354.85,84,12.68,Home,2025-11-18,1
CUST003741,538290.51,12,6.0,Home,2025-02-23,0
CUST003742,752754.81,60,13.76,Auto,2024-09-21,0
CUST003743,282496.46,24,13.93,Business,2023-04-23,0
CUST003744,168151.41,24,11.43,Auto,2024-10-14,0
CUST003745,1037670.61,84,8.2,Auto,2023-12-18,1
CUST003746,93160.39,12,12.79,Home,2024-08-25,0
CUST003747,455849.36,12,6.0,Business,2024-09-24,0
CUST003748,597939.37,48,12.36,Home,2024-03-21,0
CUST003749,622329.15,84,10.97,Home,2025-04-26,0
CUST003750,213262.32,12,14.06,Education,2023-04-10,0
CUST003751,577169.82,48,11.95,Auto,2024-08-27,0
CUST003752,343268.77,12,11.52,Personal,2023-02-25,0
CUST003753,231368.88,60,10.54,Education,2023-07-17,0
CUST003754,58513.32,12,18.9,Education,2024-10-04,0
CUST003755,716792.6,84,9.18,Education,2023-06-16,0
CUST003756,561340.5,48,6.0,Auto,2023-05-18,0
CUST003757,306646.28,12,11.68,Personal,2025-08-13,0
CUST003758,425619.56,48,10.26,Auto,2024-04-12,0
CUST003759,346733.86,36,7.71,Education,2023-11-18,0
CUST003760,639618.68,120,6.89,Personal,2024-12-22,0
CUST003761,1454704.55,84,11.0,Personal,2025-01-23,1
CUST003762,243252.13,24,16.39,Business,2024-07-04,0
CUST003763,264406.35,120,7.65,Personal,2025-12-23,0
CUST003764,278066.67,60,7.41,Personal,2025-06-16,0
CUST003765,1142766.87,12,13.02,Education,2023-11-21,0
CUST003766,1081215.45,12,9.67,Education,2024-05-11,0
CUST003767,989765.4,36,6.0,Auto,2025-08-04,0
CUST003768,827471.6,48,8.99,Auto,2024-11-18,1
CUST003769,325797.34,12,8.04,Personal,2023-01-19,0
CUST003770,512626.65,36,11.64,Home,2025-05-16,0
CUST003771,160438.98,48,9.39,Auto,2025-05-27,0
CUST003772,184627.02,48,11.82,Business,2024-04-14,0
CUST003773,628214.05,12,11.66,Business,2025-12-12,0
CUST003774,522644.72,60,12.67,Home,2025-12-19,0
CUST003775,118707.52,84,6.0,Home,2024-02-27,0
CUST003776,508988.64,48,8.3,Personal,2025-10-23,1
CUST003777,137988.24,120,14.88,Education,2025-09-19,0
CUST003778,566260.16,24,14.0,Auto,2025-09-29,0
CUST003779,472799.68,120,8.12,Home,2024-05-04,0
CUST003780,424053.14,60,8.18,Auto,2024-01-20,0
CUST003781,338622.23,48,13.79,Home,2025-09-09,0
CUST003782,195015.78,60,12.71,Personal,2024-04-15,0
CUST003783,556861.64,84,11.07,Education,2024-07-14,0
CUST003784,901989.63,24,13.16,Education,2023-09-09,0
CUST003785,536047.85,12,16.16,Auto,2023-05-24,0
CUST003786,185293.57,120,11.1,Auto,2025-07-24,0
CUST003787,296642.94,36,13.18,Education,2024-11-18,0
CUST003788,320223.94,24,6.95,Auto,2025-10-19,1
CUST003789,826111.21,12,7.09,Business,2023-03-01,1
CUST003790,416205.67,12,14.13,Personal,2024-02-13,0
CUST003791,622888.76,36,9.8,Home,2024-05-23,1
CUST003792,521168.49,48,12.39,Auto,2025-08-06,0
CUST003793,897810.14,36,6.0,Home,2024-05-10,0
CUST003794,1984859.02,84,7.27,Auto,2023-11-24,0
CUST003795,335403.56,24,9.61,Business,2025-04-22,1
CUST003796,361183.52,60,8.07,Personal,2025-06-19,0
CUST003797,440505.92,12,7.98,Home,2025-08-20,0
CUST003798,330519.06,24,9.63,Business,2023-10-28,0
CUST003799,673937.73,60,11.03,Business,2024-12-10,1
CUST003800,253192.83,48,8.32,Business,2024-02-04,1
CUST003801,468413.07,60,7.68,Education,2024-01-29,0
CUST003802,456433.12,12,10.56,Auto,2023-09-06,0
CUST003803,1055351.45,24,8.23,Personal,2024-05-30,1
CUST003804,694243.9,24,8.43,Personal,2023-03-13,0
CUST003805,260311.25,60,11.58,Home,2025-09-01,0
CUST003806,94098.42,120,8.39,Auto,2024-09-08,0
CUST003807,84572.96,36,14.35,Personal,2023-10-13,0
CUST003808,124801.93,36,9.38,Personal,2023-07-14,0
CUST003809,34149.29,12,12.13,Business,2023-07-20,0
CUST003810,941276.08,60,7.33,Personal,2025-10-23,1
CUST003811,73625.82,120,8.76,Education,2025-02-28,0
CUST003812,604567.82,24,10.85,Personal,2025-05-07,0
CUST003813,221029.6,60,13.18,Business,2024-12-12,0
CUST003814,265291.24,12,12.56,Auto,2023-02-03,0
CUST003815,80510.33,84,9.27,Business,2023-02-27,0
CUST003816,647448.54,36,11.52,Education,2023-03-01,1
CUST003817,421048.96,48,11.71,Education,2023-05-17,0
CUST003818,930377.82,12,10.56,Auto,2025-01-19,1
CUST003819,265913.26,12,7.34,Personal,2024-10-25,0
CUST003820,1321170.57,84,12.1,Personal,2025-06-17,0
CUST003821,244856.1,24,13.81,Home,2024-02-25,0
CUST003822,496739.65,60,9.2,Education,2023-02-08,1
CUST003823,310862.87,60,11.22,Auto,2025-12-05,0
CUST003824,250842.74,36,6.0,Business,2024-07-21,0
CUST003825,264603.83,24,13.69,Home,2023-09-30,0
CUST003826,172781.34,60,15.62,Education,2023-04-26,0
CUST003827,375235.93,12,9.96,Business,2023-11-08,0
CUST003828,1090266.11,120,11.84,Business,2023-11-10,0
CUST003829,491930.23,12,11.56,Personal,2025-06-01,0
CUST003830,435075.39,120,10.27,Personal,2025-05-19,0
CUST003831,153062.06,36,10.56,Education,2025-04-30,0
CUST003832,276493.06,84,9.3,Auto,2025-02-24,0
CUST003833,167561.17,36,10.84,Home,2024-04-28,0
CUST003834,619403.74,36,10.1,Home,2024-04-05,0
CUST003835,661917.07,12,11.95,Personal,2024-06-18,0
CUST003836,762457.55,36,11.66,Personal,2025-11-19,0
CUST003837,659613.45,120,8.66,Personal,2024-12-31,0
CUST003838,1260952.5,84,10.63,Personal,2024-06-01,0
CUST003839,672338.72,36,16.42,Personal,2025-10-09,0
CUST003840,269959.63,24,7.08,Education,2025-12-29,0
CUST003841,135817.36,120,6.23,Education,2023-02-11,0
CUST003842,1411546.88,48,15.01,Education,2025-04-04,1
CUST003843,331684.82,120,9.71,Education,2023-11-21,0
CUST003844,485236.74,120,14.05,Auto,2025-05-04,0
CUST003845,184503.53,24,8.45,Personal,2024-10-01,0
CUST003846,595310.4,12,13.28,Personal,2024-03-09,0
CUST003847,890384.32,24,12.62,Home,2023-09-11,1
CUST003848,261074.25,36,12.65,Education,2025-07-18,0
CUST003849,240684.5,24,7.03,Auto,2025-09-25,0
CUST003850,307803.06,84,11.52,Auto,2024-05-21,1
CUST003851,472331.18,12,13.6,Business,2025-09-23,0
CUST003852,393562.95,120,8.56,Home,2024-03-24,0
CUST003853,233795.56,60,13.15,Personal,2024-09-21,0
CUST003854,542294.54,36,9.53,Education,2023-10-29,0
CUST003855,271423.37,60,9.34,Business,2023-08-17,0
CUST003856,710102.24,60,15.7,Auto,2023-09-17,0
CUST003857,415654.05,36,7.98,Business,2025-02-21,0
CUST003858,126459.4,36,12.39,Education,2024-09-11,0
CUST003859,391528.17,60,13.2,Home,2024-07-14,0
CUST003860,456477.11,24,6.0,Home,2024-05-28,0
CUST003861,9296.95,48,14.22,Personal,2024-11-17,0
CUST003862,292830.61,12,11.3,Personal,2023-08-26,0
CUST003863,401710.94,84,12.61,Education,2025-10-18,0
CUST003864,475790.62,60,10.57,Personal,2023-03-18,0
CUST003865,203416.5,84,9.92,Education,2024-08-10,0
CUST003866,346627.43,24,16.72,Home,2025-06-08,0
CUST003867,391786.56,60,11.02,Education,2025-09-06,0
CUST003868,515469.97,60,10.4,Auto,2025-10-02,0
CUST003869,517348.32,36,8.79,Education,2024-02-17,0
CUST003870,323479.2,48,10.88,Business,2025-11-22,0
CUST003871,429406.07,84,11.31,Home,2023-04-12,0
CUST003872,263848.23,120,11.28,Business,2025-02-13,0
CUST003873,701034.02,36,11.12,Personal,2024-05-14,0
CUST003874,761358.09,84,9.14,Business,2023-04-30,1
CUST003875,217461.0,60,11.92,Home,2024-04-25,0
CUST003876,281211.9,120,12.49,Personal,2024-10-16,0
CUST003877,317805.62,36,9.47,Auto,2023-02-06,0
CUST003878,126282.0,120,15.52,Personal,2024-07-14,0
CUST003879,192767.33,12,10.86,Business,2025-12-27,0
CUST003880,260366.33,60,10.33,Home,2024-10-14,0
CUST003881,259502.46,120,10.78,Business,2023-12-21,1
CUST003882,259031.38,12,10.47,Education,2025-02-16,0
CUST003883,123823.89,24,15.69,Personal,2025-03-23,0
CUST003884,303845.39,120,8.78,Home,2023-03-31,0
CUST003885,211032.64,24,10.52,Auto,2024-07-19,0
CUST003886,607720.48,120,6.0,Education,2025-07-27,0
CUST003887,453365.65,24,12.65,Business,2025-09-11,0
CUST003888,320772.76,84,11.7,Personal,2023-09-27,0
CUST003889,406880.78,36,9.08,Personal,2024-05-06,0
CUST003890,353046.13,120,13.96,Home,2024-02-25,0
CUST003891,1881265.28,36,12.24,Home,2025-02-19,0
CUST003892,813190.54,60,11.65,Home,2025-05-19,0
CUST003893,150606.04,84,11.89,Auto,2023-08-21,0
CUST003894,208410.63,84,12.36,Education,2024-09-25,0
CUST003895,413250.56,24,15.54,Home,2024-11-06,0
CUST003896,331479.32,60,18.11,Personal,2024-07-08,0
CUST003897,666707.79,60,11.69,Personal,2024-12-24,0
CUST003898,183625.06,36,16.07,Education,2023-01-21,0
CUST003899,267084.43,84,12.49,Education,2025-11-08,1
CUST003900,499180.22,12,7.21,Auto,2023-07-03,0
CUST003901,842585.94,48,6.0,Auto,2025-05-04,0
CUST003902,313472.05,84,8.99,Business,2025-05-21,0
CUST003903,175110.17,120,6.0,Education,2023-12-30,0
CUST003904,430173.47,120,10.71,Auto,2023-10-01,0
CUST003905,190373.93,12,10.66,Home,2024-04-01,0
CUST003906,577493.26,120,12.19,Business,2025-05-07,0
CUST003907,2013921.55,60,16.76,Education,2025-05-19,0
CUST003908,703747.03,24,11.67,Auto,2024-03-10,1
CUST003909,54262.34,60,6.0,Education,2024-09-20,0
CUST003910,219683.99,48,10.65,Auto,2023-10-31,0
CUST003911,561260.77,120,10.21,Personal,2023-05-14,0
CUST003912,98070.57,24,8.5,Education,2025-08-12,0
CUST003913,202840.49,84,9.57,Business,2024-11-18,0
CUST003914,345988.92,60,10.23,Personal,2023-05-14,0
CUST003915,354639.05,120,13.77,Education,2024-05-16,0
CUST003916,293521.38,36,10.32,Education,2025-07-20,0
CUST003917,179181.77,36,11.6,Home,2025-02-13,0
CUST003918,233280.79,24,8.84,Business,2024-11-28,0
CUST003919,962176.58,120,10.51,Business,2023-09-09,0
CUST003920,135248.61,12,11.43,Education,2023-03-08,0
CUST003921,443273.62,84,9.17,Education,2025-11-21,0
CUST003922,820285.85,48,9.97,Education,2024-01-02,0
CUST003923,172811.79,36,9.03,Business,2025-08-15,0
CUST003924,357070.6,84,9.28,Education,2023-08-21,0
CUST003925,694098.85,48,17.2,Personal,2024-02-07,0
CUST003926,679148.6,120,11.5,Auto,2025-08-04,0
CUST003927,552575.43,12,17.92,Home,2024-03-06,0
CUST003928,384940.17,24,9.71,Home,2023-07-29,0
CUST003929,722855.71,60,7.24,Personal,2023-11-03,0
CUST003930,105119.2,60,10.67,Education,2024-08-16,0
CUST003931,475867.96,48,13.23,Business,2024-10-04,0
CUST003932,973537.68,60,11.03,Business,2024-07-06,0
CUST003933,568038.01,48,12.97,Personal,2023-02-08,0
CUST003934,166263.41,84,8.89,Auto,2024-10-04,0
CUST003935,569146.14,84,14.05,Home,2025-09-07,0
CUST003936,993079.47,12,17.35,Home,2024-10-16,0
CUST003937,930105.71,36,14.92,Auto,2023-09-25,0
CUST003938,466481.27,60,11.3,Auto,2023-10-28,0
CUST003939,894995.84,120,9.42,Auto,2024-08-06,0
CUST003940,379388.46,12,6.95,Personal,2025-09-28,0
CUST003941,401957.39,12,17.45,Personal,2024-04-01,0
CUST003942,1125507.27,60,8.66,Education,2024-09-05,0
CUST003943,54144.78,36,7.24,Personal,2025-01-22,0
CUST003944,88255.73,36,10.17,Auto,2023-04-23,0
CUST003945,834512.36,120,12.85,Education,2025-03-23,0
CUST003946,323628.89,84,13.57,Home,2024-03-01,1
CUST003947,289064.54,120,6.6,Personal,2023-11-02,0
CUST003948,249120.76,36,13.43,Business,2025-04-24,0
CUST003949,181697.31,84,10.79,Personal,2023-07-05,0
CUST003950,925775.36,48,11.21,Home,2025-09-04,1
CUST003951,351501.52,60,9.74,Auto,2025-09-04,0
CUST003952,142190.44,60,13.72,Auto,2023-07-12,0
CUST003953,1057863.29,120,9.73,Personal,2023-06-09,0
CUST003954,309370.46,60,7.5,Business,2024-08-05,0
CUST003955,799930.27,60,9.23,Auto,2024-11-03,1
CUST003956,889667.94,60,11.62,Personal,2023-03-16,0
CUST003957,561925.81,36,9.0,Auto,2025-06-12,0
CUST003958,482824.57,60,10.71,Home,2025-03-04,0
CUST003959,488301.95,12,6.0,Auto,2025-02-07,1
CUST003960,887220.03,84,10.72,Business,2024-06-01,0
CUST003961,1127718.73,120,14.35,Home,2023-07-29,0
CUST003962,882801.55,24,11.55,Home,2025-06-24,0
CUST003963,271597.59,60,12.43,Business,2024-01-04,0
CUST003964,393418.5,36,11.21,Business,2023-10-08,0
CUST003965,196757.93,36,9.84,Personal,2025-07-12,0
CUST003966,766520.26,48,12.06,Business,2023-04-20,1
CUST003967,332419.21,48,9.58,Business,2025-05-28,0
CUST003968,342086.34,36,6.0,Business,2024-01-17,0
CUST003969,1516819.03,84,11.82,Auto,2023-09-22,0
CUST003970,752464.36,24,11.52,Business,2024-09-12,0
CUST003971,448304.95,120,6.14,Home,2025-01-23,0
CUST003972,186245.51,84,9.79,Personal,2023-05-22,0
CUST003973,332062.61,24,15.9,Education,2025-10-31,0
CUST003974,399105.56,60,11.77,Personal,2023-01-23,0
CUST003975,197270.98,48,15.84,Business,2025-07-31,0
CUST003976,718249.36,24,8.71,Business,2024-10-12,0
CUST003977,939265.15,48,15.83,Home,2023-06-11,0
CUST003978,84294.07,84,9.63,Home,2025-02-23,0
CUST003979,1132474.26,84,8.56,Personal,2024-04-04,1
CUST003980,145639.81,36,12.38,Auto,2023-04-05,0
CUST003981,115377.44,48,12.44,Personal,2024-12-22,0
CUST003982,176308.88,36,13.36,Education,2024-11-15,0
CUST003983,1006263.49,48,6.0,Business,2025-11-06,0
CUST003984,244947.3,12,8.52,Education,2025-11-29,0
CUST003985,417125.19,60,6.82,Auto,2025-03-05,0
CUST003986,111020.32,36,11.92,Home,2023-02-28,0
CUST003987,348399.01,60,7.84,Business,2023-06-11,0
CUST003988,78732.69,60,13.27,Business,2024-08-15,0
CUST003989,483209.17,60,9.04,Personal,2025-12-29,0
CUST003990,1115935.98,36,9.81,Auto,2025-04-11,1
CUST003991,220049.54,12,6.06,Business,2025-02-21,0
CUST003992,690856.69,84,11.04,Home,2024-03-21,0
CUST003993,1009895.09,60,14.03,Education,2024-10-23,0
CUST003994,288278.75,84,15.4,Personal,2023-06-29,0
CUST003995,616165.3,12,15.35,Business,2023-02-22,0
CUST003996,349394.57,24,8.87,Personal,2025-12-15,0
CUST003997,141681.57,60,16.32,Auto,2023-11-24,0
CUST003998,524651.9,84,6.0,Auto,2024-04-05,0
CUST003999,495874.95,36,13.17,Auto,2024-10-29,0
CUST004000,371802.24,24,15.58,Personal,2023-05-28,0
CUST004001,359340.69,36,10.61,Personal,2023-05-24,0
CUST004002,130688.92,48,15.93,Auto,2024-03-23,0
CUST004003,438544.27,84,8.97,Personal,2024-03-31,0
CUST004004,285549.68,60,9.8,Auto,2024-10-04,0
CUST004005,437810.75,48,12.96,Education,2025-09-30,0
CUST004006,372625.66,48,8.22,Education,2023-12-11,0
CUST004007,42557.94,12,8.82,Business,2024-10-08,0
CUST004008,334186.82,36,14.14,Business,2024-08-15,0
CUST004009,308875.89,12,13.12,Business,2023-08-27,0
CUST004010,500516.31,24,11.71,Auto,2023-10-23,0
CUST004011,251556.83,84,12.12,Home,2023-02-09,0
CUST004012,395585.9,60,11.71,Business,2023-06-01,0
CUST004013,180643.08,48,13.15,Personal,2023-11-11,0
CUST004014,240668.22,48,15.91,Home,2025-01-22,0
CUST004015,564891.79,48,10.55,Home,2023-04-28,0
CUST004016,239152.29,60,15.99,Business,2025-12-10,0
CUST004017,719525.33,24,7.16,Business,2023-02-05,0
CUST004018,230262.19,36,9.51,Home,2025-05-09,0
CUST004019,1830349.4,48,10.45,Personal,2024-08-29,1
CUST004020,1166347.39,48,6.69,Home,2023-08-10,1
CUST004021,205812.88,48,11.5,Education,2025-06-16,0
CUST004022,383850.37,60,9.08,Home,2023-04-28,0
CUST004023,340067.16,24,13.43,Education,2023-06-07,0
CUST004024,553601.55,120,10.62,Personal,2025-12-27,0
CUST004025,169625.11,24,10.8,Education,2024-01-03,0
CUST004026,166565.15,60,11.43,Business,2025-07-04,0
CUST004027,820041.94,24,13.54,Business,2025-10-02,0
CUST004028,52555.86,84,12.98,Home,2025-08-31,0
CUST004029,1301711.74,36,8.7,Home,2024-12-09,0
CUST004030,223544.85,84,16.92,Home,2025-03-20,1
CUST004031,475961.15,60,12.22,Education,2025-08-28,0
CUST004032,757006.72,84,11.33,Personal,2025-05-06,0
CUST004033,165487.93,48,7.47,Personal,2024-05-05,0
CUST004034,241708.03,36,9.32,Home,2024-10-09,0
CUST004035,405920.52,48,12.28,Home,2023-12-22,0
CUST004036,514793.59,48,12.81,Personal,2025-02-01,0
CUST004037,461025.24,84,17.28,Business,2025-07-22,0
CUST004038,199373.96,120,15.87,Home,2024-05-18,0
CUST004039,660379.04,12,8.56,Business,2023-12-19,0
CUST004040,153110.79,36,12.62,Education,2025-05-29,0
CUST004041,451984.12,120,10.13,Education,2024-09-10,0
CUST004042,295615.76,48,15.45,Home,2023-04-03,0
CUST004043,860307.42,36,12.16,Education,2024-04-26,1
CUST004044,655047.05,12,11.89,Home,2024-12-05,0
CUST004045,375217.55,24,6.31,Home,2025-10-13,0
CUST004046,305899.13,120,10.76,Education,2025-08-14,0
CUST004047,249078.78,84,7.57,Home,2025-11-14,0
CUST004048,234093.63,24,15.91,Business,2025-04-15,0
CUST004049,497864.81,48,8.3,Business,2023-01-17,0
CUST004050,189436.72,12,11.96,Auto,2023-11-03,0
CUST004051,185513.23,60,11.48,Auto,2023-03-20,0
CUST004052,967295.12,24,6.0,Education,2024-03-17,1
CUST004053,690192.65,84,9.48,Personal,2023-12-23,1
CUST004054,263449.82,12,8.36,Home,2025-12-06,0
CUST004055,481161.36,12,8.9,Business,2025-08-05,0
CUST004056,302839.15,48,14.31,Auto,2025-06-22,0
CUST004057,166175.26,120,13.56,Personal,2023-11-14,0
CUST004058,185440.53,12,17.17,Education,2023-07-04,0
CUST004059,305807.17,36,11.77,Education,2025-08-20,0
CUST004060,117783.41,48,12.64,Auto,2024-06-11,0
CUST004061,663841.64,36,15.67,Personal,2024-02-10,0
CUST004062,48291.93,48,13.47,Education,2023-09-25,0
CUST004063,377595.98,24,15.29,Personal,2025-07-15,1
CUST004064,518580.75,120,9.9,Personal,2024-11-29,0
CUST004065,1061537.99,12,6.0,Home,2023-05-15,0
CUST004066,516161.87,60,10.11,Personal,2024-05-04,0
CUST004067,561477.63,48,6.41,Home,2025-06-18,0
CUST004068,133600.06,84,14.47,Business,2024-02-08,0
CUST004069,384191.97,24,10.97,Auto,2024-01-14,0
CUST004070,225846.21,48,10.45,Business,2023-09-07,0
CUST004071,717891.84,24,13.32,Personal,2024-03-03,0
CUST004072,610037.72,120,9.6,Personal,2024-03-30,0
CUST004073,318942.56,120,9.66,Education,2025-05-05,0
CUST004074,1082692.68,12,16.24,Education,2023-12-28,0
CUST004075,409193.29,120,9.48,Business,2025-12-23,0
CUST004076,254234.09,48,9.75,Auto,2025-03-18,0
CUST004077,259763.47,24,6.72,Education,2024-03-03,0
CUST004078,255903.39,60,12.9,Auto,2023-12-13,0
CUST004079,437758.34,12,14.14,Business,2024-11-24,0
CUST004080,350521.02,36,8.95,Auto,2023-04-01,0
CUST004081,755124.52,84,13.42,Home,2024-09-15,0
CUST004082,410653.5,60,16.29,Home,2023-01-29,0
CUST004083,231511.16,120,8.55,Education,2025-05-09,0
CUST004084,968563.93,120,14.51,Personal,2024-09-04,1
CUST004085,277544.21,120,15.78,Auto,2024-05-21,0
CUST004086,1175187.13,120,7.65,Education,2025-11-19,0
CUST004087,289853.54,24,6.0,Auto,2023-10-31,0
CUST004088,677681.43,36,11.17,Home,2023-06-25,0
CUST004089,472434.66,36,9.74,Auto,2024-12-11,0
CUST004090,577588.66,36,12.57,Auto,2025-05-10,0
CUST004091,289905.92,12,6.3,Business,2023-09-20,0
CUST004092,348983.04,36,12.51,Education,2024-12-11,0
CUST004093,1614434.31,120,7.73,Auto,2025-05-01,0
CUST004094,235103.31,120,10.11,Personal,2023-06-30,0
CUST004095,499819.97,24,8.95,Auto,2023-04-19,1
CUST004096,42802.8,36,10.91,Home,2024-02-11,0
CUST004097,1379091.01,60,13.31,Education,2023-03-10,1
CUST004098,389073.98,84,6.0,Education,2024-05-02,0
CUST004099,452566.78,24,10.9,Auto,2024-08-02,1
CUST004100,130509.13,36,10.45,Education,2024-11-22,0
CUST004101,339744.73,36,12.79,Personal,2024-08-15,0
CUST004102,749036.6,24,13.73,Business,2023-09-09,0
CUST004103,425759.43,120,13.06,Auto,2025-10-28,0
CUST004104,608051.89,36,8.59,Education,2024-02-25,0
CUST004105,203788.34,48,17.02,Home,2024-01-07,0
CUST004106,368609.63,48,8.12,Home,2024-02-11,0
CUST004107,305838.31,120,7.96,Business,2024-01-06,0
CUST004108,210505.79,120,11.49,Education,2024-04-13,0
CUST004109,673086.79,60,9.14,Personal,2024-12-14,0
CUST004110,815673.89,120,9.97,Personal,2025-01-21,0
CUST004111,1265538.56,60,8.03,Education,2025-04-24,0
CUST004112,525226.69,120,16.33,Home,2023-07-23,0
CUST004113,1047648.21,48,8.46,Auto,2023-10-13,0
CUST004114,667514.43,48,9.86,Auto,2023-03-16,0
CUST004115,986636.09,24,8.57,Business,2024-11-17,0
CUST004116,267540.92,36,13.19,Personal,2025-06-16,0
CUST004117,881728.87,48,11.99,Auto,2025-11-08,0
CUST004118,340029.16,60,11.98,Personal,2024-07-23,0
CUST004119,577339.82,36,19.1,Home,2025-08-17,1
CUST004120,536294.81,84,10.75,Home,2023-11-14,0
CUST004121,643397.62,120,9.52,Auto,2025-11-09,0
CUST004122,220446.32,120,12.87,Business,2025-02-18,0
CUST004123,719420.96,120,14.12,Business,2023-09-21,0
CUST004124,403995.87,48,13.79,Home,2025-08-01,0
CUST004125,122320.56,36,11.65,Personal,2024-01-02,0
CUST004126,642972.98,24,10.25,Auto,2023-12-27,1
CUST004127,461482.47,48,6.0,Personal,2023-04-10,0
CUST004128,691076.5,24,12.8,Auto,2025-10-18,1
CUST004129,658643.02,84,9.27,Business,2023-11-05,1
CUST004130,146351.78,12,12.41,Auto,2023-05-02,0
CUST004131,266207.2,36,14.7,Business,2025-02-18,0
CUST004132,591851.68,12,9.81,Personal,2025-06-21,0
CUST004133,533105.83,48,9.99,Personal,2023-06-05,0
CUST004134,124820.24,24,8.36,Home,2025-06-08,0
CUST004135,63931.42,120,7.81,Business,2025-05-03,0
CUST004136,404355.54,60,17.74,Education,2024-08-06,0
CUST004137,1140932.68,24,14.19,Auto,2024-04-07,0
CUST004138,834514.47,48,7.23,Auto,2023-02-15,1
CUST004139,433784.68,48,11.97,Personal,2024-07-21,0
CUST004140,800548.43,48,9.53,Education,2025-07-06,0
CUST004141,609908.24,48,7.88,Business,2023-11-08,0
CUST004142,1074152.92,84,6.0,Business,2023-12-22,0
CUST004143,1017759.87,84,13.26,Business,2023-02-13,0
CUST004144,312849.06,24,11.39,Education,2025-12-23,0
CUST004145,795884.57,60,13.23,Auto,2024-05-24,0
CUST004146,937161.43,12,10.08,Auto,2024-07-23,0
CUST004147,270362.06,36,10.74,Business,2025-06-03,0
CUST004148,181181.63,12,10.2,Personal,2023-08-29,0
CUST004149,141145.24,48,11.12,Business,2025-06-28,0
CUST004150,914424.62,24,12.45,Education,2025-09-01,0
CUST004151,362394.13,48,12.06,Personal,2023-09-05,0
CUST004152,560604.36,36,14.32,Home,2024-10-26,0
CUST004153,161859.5,24,8.49,Auto,2024-10-04,0
CUST004154,658606.06,12,9.22,Auto,2024-02-02,0
CUST004155,778621.97,24,10.52,Business,2025-06-06,1
CUST004156,617453.0,36,8.43,Business,2025-08-12,0
CUST004157,411414.34,36,10.61,Business,2023-08-26,0
CUST004158,247247.08,60,10.22,Personal,2024-04-16,0
CUST004159,198335.55,48,8.28,Home,2023-06-17,0
CUST004160,151412.14,60,11.88,Home,2024-09-05,0
CUST004161,397781.27,12,6.15,Education,2023-02-28,0
CUST004162,424680.43,24,6.0,Personal,2025-07-01,0
CUST004163,500200.47,12,6.24,Business,2025-11-14,0
CUST004164,320460.04,120,11.82,Personal,2024-07-26,1
CUST004165,170262.49,36,9.55,Education,2025-10-13,0
CUST004166,75284.74,120,8.21,Home,2023-04-23,0
CUST004167,52674.38,36,9.91,Business,2024-08-15,0
CUST004168,597024.94,48,6.0,Auto,2024-02-22,0
CUST004169,229741.86,24,10.09,Personal,2025-02-13,0
CUST004170,1089499.64,60,13.15,Personal,2025-12-19,0
CUST004171,544566.95,60,7.69,Personal,2023-05-31,0
CUST004172,1261836.94,60,8.7,Home,2025-07-22,0
CUST004173,498119.05,12,7.8,Personal,2023-07-01,1
CUST004174,324153.15,48,9.82,Home,2023-01-28,0
CUST004175,864843.57,84,10.17,Education,2023-03-06,0
CUST004176,1049899.51,84,11.99,Business,2025-09-02,0
CUST004177,212814.63,48,8.37,Personal,2023-12-11,0
CUST004178,705054.84,120,14.59,Auto,2024-12-16,0
CUST004179,617524.38,24,9.49,Personal,2023-11-05,0
CUST004180,343873.71,120,10.1,Home,2023-04-28,0
CUST004181,218635.77,24,11.9,Business,2024-04-14,0
CUST004182,476191.68,120,9.35,Business,2024-06-08,0
CUST004183,177730.87,24,7.66,Home,2024-04-09,0
CUST004184,636615.92,48,6.0,Business,2024-11-16,0
CUST004185,629868.9,60,14.0,Business,2025-02-20,0
CUST004186,467484.94,120,8.64,Auto,2025-05-21,0
CUST004187,983985.68,12,11.54,Auto,2024-01-11,1
CUST004188,341743.6,48,8.59,Education,2025-03-23,0
CUST004189,717745.7,120,6.0,Auto,2025-09-18,0
CUST004190,516697.92,48,8.52,Auto,2024-06-01,0
CUST004191,373484.05,24,17.68,Personal,2025-07-02,1
CUST004192,582596.67,36,9.4,Education,2023-08-16,0
CUST004193,602487.71,120,10.99,Home,2025-02-05,0
CUST004194,407041.02,120,10.25,Home,2024-10-23,0
CUST004195,160712.3,60,10.18,Personal,2023-08-28,0
CUST004196,360350.75,48,8.71,Personal,2023-07-24,1
CUST004197,1057971.85,84,15.35,Education,2024-02-10,0
CUST004198,85682.89,84,12.01,Personal,2024-01-29,0
CUST004199,277254.85,60,11.94,Auto,2024-11-15,1
CUST004200,312536.92,60,10.3,Personal,2025-04-06,0
CUST004201,1079083.41,24,10.95,Auto,2025-12-25,0
CUST004202,103391.17,36,10.13,Education,2024-11-05,0
CUST004203,497080.52,36,14.82,Home,2025-12-17,0
CUST004204,176051.76,12,11.45,Education,2023-12-16,0
CUST004205,292907.84,120,12.89,Personal,2025-01-24,0
CUST004206,851416.92,84,9.35,Home,2023-05-07,0
CUST004207,1016457.16,24,7.66,Education,2023-04-09,0
CUST004208,1184323.36,84,10.42,Auto,2024-10-09,1
CUST004209,112537.96,60,9.91,Home,2023-09-04,0
CUST004210,574860.08,36,10.9,Home,2025-12-05,0
CUST004211,348933.86,60,10.06,Education,2024-07-17,0
CUST004212,64754.89,24,12.36,Education,2024-07-19,0
CUST004213,720332.62,12,11.38,Auto,2024-06-18,0
CUST004214,189180.87,60,14.12,Auto,2025-05-09,0
CUST004215,147964.72,120,15.06,Auto,2025-03-07,0
CUST004216,522705.24,24,7.1,Business,2025-11-28,1
CUST004217,57035.97,12,9.62,Personal,2023-12-27,0
CUST004218,1069958.9,120,13.26,Auto,2025-05-30,0
CUST004219,148406.71,60,10.05,Auto,2025-11-09,0
CUST004220,386853.01,24,15.85,Home,2023-02-27,0
CUST004221,168417.76,60,6.26,Auto,2024-11-21,0
CUST004222,282307.18,60,14.47,Personal,2025-06-28,0
CUST004223,328150.48,12,6.0,Business,2025-07-08,0
CUST004224,692110.89,84,11.69,Education,2025-04-04,1
CUST004225,304335.88,36,6.0,Education,2025-12-25,0
CUST004226,231715.38,24,8.14,Auto,2025-04-23,0
CUST004227,177637.18,120,13.99,Business,2023-12-05,0
CUST004228,1262674.32,12,14.92,Home,2023-06-04,1
CUST004229,1124833.97,24,9.14,Auto,2025-09-30,0
CUST004230,338643.97,24,9.86,Auto,2025-05-23,0
CUST004231,348824.54,24,11.97,Business,2023-09-13,0
CUST004232,962824.13,48,13.77,Home,2025-04-27,0
CUST004233,403963.41,60,10.1,Personal,2025-05-03,0
CUST004234,175752.79,60,12.81,Auto,2024-07-19,0
CUST004235,872464.45,24,7.76,Personal,2025-10-13,0
CUST004236,1302747.94,120,13.86,Home,2025-06-18,0
CUST004237,404042.55,60,9.91,Education,2025-08-26,0
CUST004238,464347.48,36,12.92,Personal,2023-05-26,0
CUST004239,102183.92,84,13.84,Education,2025-11-19,0
CUST004240,889760.07,24,13.74,Home,2023-12-27,0
CUST004241,191999.63,60,7.92,Education,2024-10-13,0
CUST004242,48713.76,12,7.42,Education,2023-01-21,0
CUST004243,511546.87,60,9.83,Auto,2023-06-18,0
CUST004244,956034.22,120,8.1,Auto,2024-05-21,0
CUST004245,191558.6,120,11.89,Education,2025-09-14,0
CUST004246,363915.01,36,9.51,Home,2024-02-10,0
CUST004247,340412.1,120,14.11,Education,2023-03-23,0
CUST004248,729745.13,12,12.14,Auto,2024-03-04,0
CUST004249,77146.64,12,7.41,Auto,2025-04-14,0
CUST004250,381255.61,120,7.03,Business,2025-07-19,0
CUST004251,670205.43,84,15.63,Home,2025-08-25,0
CUST004252,806364.15,12,13.25,Home,2025-01-03,0
CUST004253,472134.98,24,8.1,Business,2025-05-03,0
CUST004254,835447.64,24,9.76,Auto,2024-08-18,0
CUST004255,122233.9,36,14.1,Home,2024-11-21,0
CUST004256,155365.67,12,15.24,Auto,2025-10-27,0
CUST004257,440137.1,84,9.4,Personal,2025-03-31,0
CUST004258,387190.13,48,10.82,Home,2025-02-10,0
CUST004259,1341734.44,60,17.34,Education,2024-03-21,0
CUST004260,316456.96,36,14.15,Personal,2024-04-11,0
CUST004261,2132988.3,12,15.59,Business,2024-07-29,0
CUST004262,1011370.19,36,14.41,Education,2025-04-03,0
CUST004263,28242.11,120,17.24,Personal,2025-06-11,0
CUST004264,228559.23,120,13.24,Home,2023-11-28,0
CUST004265,514788.27,84,14.71,Home,2024-12-07,0
CUST004266,246081.1,48,11.9,Business,2024-04-04,0
CUST004267,2270717.63,24,14.27,Education,2025-12-04,0
CUST004268,622918.7,24,9.78,Home,2023-12-15,0
CUST004269,125843.68,60,13.13,Home,2024-08-19,0
CUST004270,43095.64,120,12.26,Business,2023-04-22,0
CUST004271,550678.19,48,11.64,Auto,2025-11-30,0
CUST004272,1199549.37,84,10.97,Personal,2025-02-02,0
CUST004273,533026.83,12,10.71,Business,2023-03-25,0
CUST004274,254459.12,36,7.0,Business,2025-02-14,0
CUST004275,1302994.89,36,12.5,Auto,2024-08-04,0
CUST004276,494156.52,60,13.06,Business,2024-07-15,0
CUST004277,400482.15,36,13.34,Home,2024-03-24,0
CUST004278,988231.5,36,17.55,Auto,2023-11-04,0
CUST004279,471430.85,60,6.0,Business,2025-11-06,0
CUST004280,691588.29,12,9.87,Education,2024-09-11,0
CUST004281,80405.96,84,11.73,Education,2025-02-28,0
CUST004282,684448.59,48,11.14,Education,2025-05-28,0
CUST004283,298293.42,12,9.57,Education,2023-05-05,0
CUST004284,319772.92,120,10.29,Auto,2023-05-18,0
CUST004285,454697.92,36,13.33,Business,2025-05-21,0
CUST004286,1113358.83,120,6.0,Home,2024-11-02,1
CUST004287,159472.85,48,16.66,Business,2023-09-16,0
CUST004288,1249225.54,36,9.97,Auto,2025-06-16,1
CUST004289,652445.88,48,11.92,Personal,2024-12-15,0
CUST004290,103211.0,60,11.59,Personal,2025-09-24,0
CUST004291,317356.61,60,12.64,Personal,2025-02-28,0
CUST004292,309530.34,60,11.63,Education,2025-10-05,0
CUST004293,341372.46,48,13.66,Home,2024-10-09,0
CUST004294,664997.23,24,14.86,Business,2025-08-10,0
CUST004295,812996.28,36,11.81,Business,2024-01-16,1
CUST004296,405950.93,36,8.18,Auto,2025-03-10,0
CUST004297,426349.74,120,7.34,Auto,2024-02-09,0
CUST004298,749012.49,120,10.79,Business,2025-05-01,0
CUST004299,668701.35,36,8.04,Personal,2023-10-31,0
CUST004300,410549.51,60,11.26,Home,2023-03-04,1
CUST004301,127496.31,84,17.34,Auto,2023-05-11,1
CUST004302,194119.3,84,15.42,Personal,2023-01-26,0
CUST004303,411075.88,84,13.88,Auto,2023-10-10,0
CUST004304,329185.74,48,11.41,Home,2023-03-06,0
CUST004305,328839.33,48,7.24,Auto,2024-05-15,0
CUST004306,1690105.16,12,13.58,Business,2023-11-12,1
CUST004307,695500.27,84,13.63,Education,2023-08-19,0
CUST004308,172789.28,48,12.63,Business,2024-05-19,0
CUST004309,461536.78,60,7.9,Education,2024-02-22,0
CUST004310,348643.68,24,14.6,Home,2024-12-10,0
CUST004311,500806.5,36,12.78,Auto,2025-11-13,0
CUST004312,38251.72,60,10.92,Auto,2025-02-16,0
CUST004313,875196.38,48,12.45,Business,2023-11-22,0
CUST004314,265406.8,12,11.94,Education,2025-01-15,0
CUST004315,811718.96,24,9.57,Education,2024-11-28,0
CUST004316,676756.08,12,10.99,Education,2024-08-27,0
CUST004317,479862.11,84,9.77,Personal,2025-08-30,0
CUST004318,483281.02,12,6.0,Auto,2024-08-24,0
CUST004319,1370755.86,60,13.04,Education,2024-02-07,0
CUST004320,286208.32,84,15.51,Personal,2025-01-09,1
CUST004321,978244.1,24,10.61,Personal,2024-07-27,1
CUST004322,615684.19,12,14.51,Auto,2023-02-09,0
CUST004323,890645.23,120,10.56,Personal,2025-12-30,0
CUST004324,517991.14,24,10.89,Personal,2025-01-02,0
CUST004325,1544783.32,24,10.15,Business,2024-04-23,1
CUST004326,325423.59,120,11.13,Personal,2025-09-04,0
CUST004327,980021.2,84,10.72,Education,2025-04-04,0
CUST004328,262310.28,36,10.65,Business,2024-11-11,0
CUST004329,546767.98,12,10.29,Education,2024-04-16,0
CUST004330,141240.85,24,9.97,Personal,2023-01-04,0
CUST004331,108423.86,120,14.18,Personal,2024-04-30,0
CUST004332,847966.91,120,6.0,Home,2024-06-24,0
CUST004333,258417.42,36,15.79,Personal,2025-03-23,0
CUST004334,236465.0,24,14.21,Education,2023-09-06,0
CUST004335,479588.91,24,13.05,Education,2025-02-21,0
CUST004336,412858.13,120,6.16,Auto,2023-02-01,0
CUST004337,949185.83,60,9.32,Auto,2025-04-27,0
CUST004338,333260.57,36,20.79,Business,2023-04-30,0
CUST004339,278994.55,60,13.3,Education,2024-07-30,0
CUST004340,494823.28,36,6.0,Education,2023-06-04,0
CUST004341,1480722.62,120,9.48,Home,2024-04-24,0
CUST004342,911336.48,84,9.26,Auto,2025-04-28,0
CUST004343,753989.54,48,14.76,Auto,2023-03-28,0
CUST004344,620473.99,48,12.79,Home,2024-05-03,0
CUST004345,265198.57,84,9.9,Auto,2024-08-21,0
CUST004346,832771.21,12,15.67,Personal,2025-12-04,0
CUST004347,377118.02,36,8.08,Home,2024-08-03,0
CUST004348,130519.5,48,12.12,Auto,2025-03-17,0
CUST004349,417605.14,84,15.46,Home,2023-10-04,0
CUST004350,1055229.33,36,9.46,Education,2023-10-20,0
CUST004351,234368.19,36,10.5,Personal,2023-06-22,0
CUST004352,350750.15,120,13.24,Education,2025-10-15,0
CUST004353,517264.12,24,15.89,Personal,2023-11-11,0
CUST004354,674178.5,48,6.0,Personal,2025-11-06,0
CUST004355,496775.67,60,8.1,Home,2024-03-05,0
CUST004356,384445.65,48,6.92,Auto,2025-05-12,0
CUST004357,357851.49,84,10.76,Home,2024-06-10,0
CUST004358,399138.79,48,10.3,Education,2023-06-16,0
CUST004359,309219.94,120,10.42,Business,2024-11-01,0
CUST004360,201926.46,120,11.17,Personal,2024-05-07,0
CUST004361,212383.8,36,14.49,Home,2023-07-26,0
CUST004362,600032.19,36,11.36,Auto,2023-06-22,0
CUST004363,260712.42,120,8.86,Home,2025-04-23,0
CUST004364,370073.86,36,12.93,Education,2024-12-01,0
CUST004365,286141.26,60,21.24,Business,2024-05-20,0
CUST004366,966822.68,36,10.59,Home,2023-09-26,0
CUST004367,197845.74,12,9.13,Home,2024-01-30,0
CUST004368,81102.4,24,17.32,Home,2025-11-18,0
CUST004369,320616.37,12,10.91,Home,2025-09-16,0
CUST004370,203951.51,120,6.0,Home,2025-05-06,1
CUST004371,1153192.41,60,9.36,Home,2024-01-13,0
CUST004372,933982.06,24,11.24,Home,2025-05-17,1
CUST004373,796014.49,48,14.58,Personal,2025-07-17,0
CUST004374,127808.12,12,10.17,Auto,2024-04-20,0
CUST004375,470800.56,12,13.2,Home,2024-05-14,0
CUST004376,528368.04,12,12.27,Business,2024-11-13,1
CUST004377,227280.86,12,6.0,Auto,2023-08-18,0
CUST004378,188518.66,24,9.76,Personal,2024-05-27,1
CUST004379,1164494.81,36,11.37,Business,2023-12-27,0
CUST004380,401924.48,84,6.65,Business,2025-06-24,0
CUST004381,210118.0,84,7.53,Auto,2025-09-29,0
CUST004382,374760.2,60,6.55,Personal,2023-06-29,0
CUST004383,216661.04,60,7.07,Personal,2024-11-03,0
CUST004384,46011.35,12,6.0,Business,2025-01-18,0
CUST004385,1080703.28,60,13.08,Home,2025-07-01,1
CUST004386,139621.2,24,7.4,Business,2023-05-15,0
CUST004387,972371.47,48,12.94,Personal,2024-06-28,0
CUST004388,137748.7,24,12.12,Auto,2023-01-01,0
CUST004389,1188312.47,60,8.07,Business,2024-08-06,0
CUST004390,1014278.01,12,16.37,Home,2024-05-11,0
CUST004391,99716.2,60,6.14,Personal,2023-05-08,0
CUST004392,854729.12,60,12.56,Business,2025-06-21,0
CUST004393,916273.18,84,14.68,Personal,2023-01-03,0
CUST004394,658426.77,84,9.53,Auto,2023-11-20,1
CUST004395,232263.15,84,9.25,Education,2024-10-27,0
CUST004396,135553.81,24,10.95,Auto,2023-01-10,0
CUST004397,1198746.24,12,11.07,Auto,2025-11-08,1
CUST004398,108135.22,24,10.23,Auto,2025-12-03,0
CUST004399,367785.56,24,7.09,Education,2023-01-16,0
CUST004400,363146.53,36,10.65,Education,2023-09-10,0
CUST004401,764680.01,60,9.57,Business,2024-11-08,0
CUST004402,28784.02,120,13.6,Auto,2024-10-12,0
CUST004403,361180.22,120,13.34,Auto,2024-09-28,0
CUST004404,214398.29,48,10.45,Home,2023-04-12,0
CUST004405,345754.43,84,10.79,Business,2023-06-13,0
CUST004406,91024.66,60,6.0,Business,2024-06-25,0
CUST004407,366708.21,48,13.92,Auto,2024-07-12,0
CUST004408,451344.82,48,12.51,Home,2023-07-28,0
CUST004409,662815.38,48,11.79,Auto,2025-03-15,0
CUST004410,391609.41,48,17.62,Personal,2024-05-03,0
CUST004411,213143.87,24,7.28,Personal,2024-07-18,0
CUST004412,1076760.91,48,6.0,Auto,2023-04-24,0
CUST004413,79421.52,48,9.71,Auto,2025-11-14,1
CUST004414,539451.41,12,9.94,Personal,2023-05-22,0
CUST004415,972292.04,120,6.0,Auto,2025-09-15,0
CUST004416,92241.36,48,6.01,Personal,2025-09-24,0
CUST004417,422699.78,120,6.0,Education,2025-02-21,0
CUST004418,359269.65,60,14.02,Education,2024-09-12,0
CUST004419,332916.44,36,8.08,Home,2024-07-05,0
CUST004420,279490.87,48,10.08,Auto,2025-11-17,1
CUST004421,884883.96,36,6.07,Personal,2023-07-29,0
CUST004422,189703.65,120,8.17,Business,2023-05-12,0
CUST004423,208881.15,60,7.27,Business,2025-11-13,0
CUST004424,390782.81,48,16.79,Personal,2024-06-21,0
CUST004425,368049.76,12,14.79,Business,2025-11-22,0
CUST004426,420669.5,12,10.83,Education,2023-07-03,1
CUST004427,720127.22,120,11.52,Home,2023-09-11,0
CUST004428,940034.71,36,8.39,Auto,2024-06-06,0
CUST004429,274080.45,48,7.47,Home,2023-09-19,0
CUST004430,103964.07,84,8.79,Education,2024-09-22,0
CUST004431,1047985.22,12,12.23,Business,2025-10-15,1
CUST004432,864330.19,120,7.91,Education,2023-04-30,0
CUST004433,316153.62,48,10.99,Auto,2025-03-17,0
CUST004434,660335.3,36,8.42,Auto,2024-01-21,0
CUST004435,424424.33,12,9.54,Education,2024-10-16,1
CUST004436,696490.43,48,9.77,Auto,2025-03-13,0
CUST004437,594933.42,12,8.64,Auto,2025-03-05,0
CUST004438,403576.17,60,11.11,Home,2025-12-18,0
CUST004439,311591.52,24,12.02,Personal,2023-03-17,1
CUST004440,204280.18,120,10.68,Auto,2024-11-24,0
CUST004441,804095.57,60,10.66,Home,2023-11-14,0
CUST004442,313505.74,24,9.89,Auto,2024-08-19,1
CUST004443,490474.77,24,14.11,Personal,2025-11-10,0
CUST004444,85100.29,36,8.14,Education,2024-02-03,0
CUST004445,711043.43,60,12.88,Personal,2023-01-08,0
CUST004446,610444.04,36,8.71,Auto,2023-06-11,0
CUST004447,415157.28,48,11.66,Business,2024-10-19,0
CUST004448,330575.22,36,13.4,Business,2024-12-12,0
CUST004449,876253.72,24,13.56,Personal,2023-10-24,0
CUST004450,559336.09,120,8.98,Business,2024-03-10,0
CUST004451,676029.45,36,16.56,Personal,2025-08-23,0
CUST004452,342834.73,48,6.01,Personal,2025-11-16,0
CUST004453,125090.67,36,13.69,Home,2023-10-17,0
CUST004454,603588.06,60,15.5,Personal,2025-10-11,0
CUST004455,314331.27,36,9.58,Education,2025-04-10,0
CUST004456,575399.41,12,7.27,Personal,2025-07-28,0
CUST004457,177724.73,120,16.51,Home,2025-07-26,0
CUST004458,185100.0,84,16.11,Education,2023-12-02,0
CUST004459,968353.2,48,6.94,Auto,2023-12-31,0
CUST004460,375815.18,120,7.53,Business,2023-01-27,0
CUST004461,814878.77,120,12.04,Education,2023-10-06,0
CUST004462,303881.23,48,9.7,Personal,2023-12-02,0
CUST004463,1019439.29,84,15.59,Auto,2024-02-13,0
CUST004464,735478.47,36,6.0,Home,2023-06-03,1
CUST004465,1025857.37,120,8.39,Auto,2024-03-31,0
CUST004466,409167.94,84,7.06,Home,2025-11-18,0
CUST004467,156603.26,24,7.58,Business,2025-01-13,1
CUST004468,554350.91,36,6.0,Personal,2025-12-02,0
CUST004469,618616.73,36,10.38,Education,2025-10-25,1
CUST004470,367387.01,12,11.55,Education,2023-11-25,0
CUST004471,360547.07,84,11.48,Auto,2024-08-27,0
CUST004472,255115.93,84,14.69,Personal,2024-04-20,0
CUST004473,1138559.01,36,13.81,Personal,2025-10-02,0
CUST004474,496125.29,84,6.58,Auto,2024-01-28,1
CUST004475,154125.74,12,10.37,Personal,2025-03-04,0
CUST004476,480834.31,12,11.55,Auto,2023-12-06,0
CUST004477,239355.91,36,8.82,Personal,2024-08-29,1
CUST004478,1730229.47,36,10.85,Home,2025-12-15,0
CUST004479,738873.22,24,8.72,Auto,2024-10-18,1
CUST004480,161337.0,36,8.15,Education,2025-01-17,0
CUST004481,90949.61,24,11.57,Education,2023-02-25,0
CUST004482,214250.76,60,9.65,Personal,2023-06-04,0
CUST004483,516180.06,60,14.05,Personal,2024-11-20,0
CUST004484,157602.52,84,12.38,Auto,2025-07-04,0
CUST004485,108340.93,120,11.1,Education,2024-01-15,0
CUST004486,308218.43,60,13.18,Auto,2025-01-15,0
CUST004487,348817.02,36,6.0,Business,2025-11-23,0
CUST004488,206107.4,48,7.4,Home,2024-10-23,0
CUST004489,151699.55,60,9.4,Auto,2025-12-23,0
CUST004490,477634.62,84,17.76,Business,2024-02-10,0
CUST004491,281027.18,84,13.86,Auto,2025-03-02,0
CUST004492,612010.97,48,11.47,Home,2024-05-06,0
CUST004493,210299.94,60,9.15,Home,2024-12-19,0
CUST004494,427261.79,24,8.91,Personal,2025-11-22,1
CUST004495,199806.71,120,12.82,Business,2023-06-20,0
CUST004496,238590.3,60,9.02,Education,2024-03-23,0
CUST004497,612254.98,12,12.72,Auto,2023-04-19,0
CUST004498,292095.0,12,12.79,Home,2025-07-31,1
CUST004499,342520.33,48,7.84,Business,2025-03-25,0
CUST004500,234190.26,84,10.99,Education,2024-06-13,0
CUST004501,338256.75,60,11.56,Personal,2023-06-02,0
CUST004502,307308.0,24,8.95,Home,2023-03-14,0
CUST004503,1066715.42,84,8.42,Auto,2023-06-30,1
CUST004504,794403.68,36,12.37,Business,2023-12-21,0
CUST004505,248930.18,48,6.0,Home,2024-06-28,0
CUST004506,155599.81,36,14.09,Education,2025-10-28,0
CUST004507,174432.78,36,10.11,Auto,2023-04-23,0
CUST004508,47223.56,12,6.3,Home,2024-07-18,0
CUST004509,1117204.79,24,10.55,Personal,2025-09-04,1
CUST004510,89997.77,84,12.39,Personal,2024-01-02,0
CUST004511,1124675.07,120,10.13,Business,2025-06-06,0
CUST004512,156204.16,120,9.35,Personal,2025-06-24,0
CUST004513,369380.81,84,13.49,Education,2025-12-12,0
CUST004514,275907.18,36,8.9,Personal,2025-07-14,0
CUST004515,505913.99,120,16.76,Auto,2023-02-27,0
CUST004516,679932.19,48,6.66,Auto,2025-11-14,1
CUST004517,533040.01,12,12.4,Education,2023-06-27,0
CUST004518,498728.9,24,12.6,Business,2025-01-02,0
CUST004519,738530.82,12,13.05,Auto,2024-08-30,0
CUST004520,532647.83,24,12.11,Business,2024-10-26,0
CUST004521,333181.9,36,6.0,Home,2024-01-17,0
CUST004522,166622.62,120,7.07,Education,2023-04-19,0
CUST004523,904176.64,24,12.96,Business,2023-01-13,1
CUST004524,103498.92,48,12.45,Home,2025-04-02,0
CUST004525,1029904.57,24,11.22,Auto,2024-09-07,0
CUST004526,242361.86,12,9.76,Education,2024-10-26,0
CUST004527,163442.12,120,14.81,Personal,2025-10-08,0
CUST004528,333690.5,84,12.69,Home,2023-02-05,0
CUST004529,239501.5,48,13.19,Home,2023-07-03,0
CUST004530,491152.24,48,14.15,Home,2025-04-12,1
CUST004531,171823.74,24,6.65,Personal,2024-05-07,0
CUST004532,822176.63,12,12.94,Auto,2023-11-24,0
CUST004533,368259.95,12,15.71,Personal,2024-02-18,1
CUST004534,97199.19,84,10.45,Business,2024-05-25,0
CUST004535,1571667.79,48,10.27,Business,2025-08-25,1
CUST004536,673448.08,48,12.23,Personal,2024-07-15,0
CUST004537,171083.36,48,9.13,Home,2023-08-13,0
CUST004538,830601.28,84,11.15,Home,2024-11-20,0
CUST004539,302817.62,120,8.05,Education,2025-05-25,0
CUST004540,538162.9,48,7.75,Business,2025-07-24,0
CUST004541,703498.22,12,13.04,Education,2025-12-22,0
CUST004542,303417.5,12,14.13,Auto,2023-03-16,0
CUST004543,184946.45,84,13.72,Personal,2025-06-14,1
CUST004544,450308.42,60,8.87,Personal,2023-12-31,0
CUST004545,182563.36,48,11.02,Business,2024-01-30,0
CUST004546,550806.36,84,12.18,Personal,2025-04-07,0
CUST004547,257641.68,24,12.12,Home,2025-10-05,0
CUST004548,796491.4,60,7.86,Home,2023-09-18,1
CUST004549,248824.39,48,10.12,Home,2023-05-06,0
CUST004550,805638.26,24,10.89,Personal,2023-06-07,0
CUST004551,301796.64,48,7.64,Auto,2023-10-05,0
CUST004552,714613.62,48,10.93,Education,2023-12-29,0
CUST004553,1032494.36,84,8.58,Auto,2023-04-27,0
CUST004554,61939.7,120,12.68,Home,2023-01-07,0
CUST004555,696423.96,24,13.42,Home,2023-04-19,0
CUST004556,320070.66,60,13.16,Home,2023-08-27,0
CUST004557,310393.88,24,12.59,Home,2023-10-14,0
CUST004558,49797.93,84,6.0,Education,2024-09-01,0
CUST004559,177622.0,60,10.76,Business,2025-09-19,0
CUST004560,94949.86,24,9.87,Education,2024-07-11,0
CUST004561,344672.93,24,10.04,Auto,2025-04-10,0
CUST004562,99391.69,60,12.21,Home,2023-04-28,0
CUST004563,189428.56,60,9.91,Auto,2024-12-19,0
CUST004564,678021.29,60,13.02,Auto,2025-04-20,0
CUST004565,200373.86,24,12.26,Education,2023-03-26,0
CUST004566,345184.8,36,12.02,Personal,2023-12-06,0
CUST004567,224961.19,36,9.82,Education,2025-01-18,0
CUST004568,446367.84,24,14.11,Auto,2025-04-10,0
CUST004569,1094655.56,36,12.98,Personal,2024-01-18,0
CUST004570,462678.23,36,14.34,Home,2023-10-14,0
CUST004571,386673.53,84,6.05,Auto,2025-11-06,0
CUST004572,1048219.94,60,10.2,Auto,2024-07-29,0
CUST004573,1214694.55,48,11.13,Education,2023-11-10,0
CUST004574,353473.37,84,15.81,Personal,2023-09-30,0
CUST004575,205373.8,24,15.13,Education,2025-10-30,0
CUST004576,236815.2,24,12.2,Home,2025-07-21,0
CUST004577,614175.23,48,16.22,Auto,2025-07-06,0
CUST004578,735678.06,12,6.28,Home,2023-01-07,0
CUST004579,440934.96,84,11.23,Education,2023-03-29,0
CUST004580,834306.74,48,8.15,Education,2024-01-08,0
CUST004581,262808.24,12,7.57,Business,2024-05-03,1
CUST004582,230988.61,48,13.8,Education,2023-07-07,1
CUST004583,316023.01,12,16.96,Home,2025-09-25,0
CUST004584,213255.85,60,7.53,Auto,2024-10-16,0
CUST004585,174708.61,24,10.52,Education,2024-04-13,0
CUST004586,154326.74,48,12.1,Education,2024-01-13,0
CUST004587,297782.8,84,14.97,Personal,2025-04-20,0
CUST004588,78810.26,12,10.19,Education,2023-02-21,0
CUST004589,830837.32,48,8.43,Auto,2024-07-23,1
CUST004590,1834842.53,36,11.0,Business,2023-04-13,0
CUST004591,330955.02,84,6.81,Education,2024-07-28,0
CUST004592,1088759.87,120,15.92,Business,2024-12-11,0
CUST004593,827713.47,24,12.8,Home,2024-02-27,1
CUST004594,652641.79,120,9.29,Auto,2025-11-16,0
CUST004595,526959.84,36,10.69,Business,2023-05-04,0
CUST004596,424924.4,12,10.71,Personal,2024-03-01,0
CUST004597,800653.61,48,14.8,Auto,2023-03-07,0
CUST004598,130369.94,120,11.16,Personal,2024-01-18,0
CUST004599,62427.52,12,14.59,Education,2024-04-27,0
CUST004600,132631.75,48,9.28,Auto,2023-12-08,1
CUST004601,526745.68,84,10.45,Personal,2025-05-01,1
CUST004602,792280.05,12,14.09,Auto,2025-05-25,0
CUST004603,458632.97,36,13.81,Home,2023-03-16,0
CUST004604,677244.48,24,10.71,Home,2025-01-11,0
CUST004605,555444.21,84,7.42,Personal,2023-09-20,0
CUST004606,251907.28,60,10.64,Auto,2023-12-06,0
CUST004607,1003781.78,120,6.46,Business,2024-01-23,0
CUST004608,697046.68,36,13.1,Education,2023-08-04,0
CUST004609,287657.85,60,13.33,Personal,2024-07-17,0
CUST004610,1016449.9,36,11.5,Personal,2023-06-30,0
CUST004611,697594.01,12,9.98,Personal,2023-11-29,0
CUST004612,332457.22,84,7.79,Home,2023-05-19,0
CUST004613,520286.99,36,7.26,Home,2024-07-08,0
CUST004614,212605.67,36,10.62,Personal,2023-01-08,0
CUST004615,545134.63,48,7.91,Home,2023-07-16,0
CUST004616,985727.26,120,15.3,Personal,2024-04-04,0
CUST004617,687222.76,48,15.25,Personal,2023-03-31,0
CUST004618,501098.02,36,13.23,Education,2024-05-08,0
CUST004619,415559.21,84,6.53,Auto,2024-12-15,0
CUST004620,216429.73,24,10.51,Business,2024-05-14,1
CUST004621,148370.09,12,7.59,Personal,2025-05-17,0
CUST004622,53488.72,120,13.99,Education,2025-12-14,0
CUST004623,493891.43,12,12.13,Home,2023-05-12,0
CUST004624,1133314.82,84,12.54,Education,2024-02-16,1
CUST004625,266326.94,120,8.59,Personal,2023-07-04,0
CUST004626,543174.6,12,11.89,Auto,2024-01-28,1
CUST004627,1495018.84,120,9.5,Home,2024-05-04,0
CUST004628,154803.4,36,10.3,Business,2023-03-10,0
CUST004629,661183.94,120,13.84,Education,2024-08-06,0
CUST004630,493557.75,36,14.11,Personal,2025-06-23,0
CUST004631,179986.15,84,14.57,Home,2024-04-24,0
CUST004632,128461.55,36,12.04,Education,2023-05-06,0
CUST004633,528481.75,60,8.19,Home,2025-11-21,0
CUST004634,401753.8,120,10.07,Auto,2023-12-27,0
CUST004635,710798.55,60,13.52,Business,2024-03-08,0
CUST004636,594664.37,60,11.78,Home,2024-08-14,0
CUST004637,178779.06,12,11.27,Personal,2024-06-30,0
CUST004638,934959.24,60,11.03,Auto,2024-11-19,0
CUST004639,421516.22,36,11.54,Personal,2025-03-27,0
CUST004640,184765.59,24,10.67,Home,2023-05-02,0
CUST004641,1420074.42,12,14.22,Education,2025-06-28,0
CUST004642,76263.38,48,8.53,Auto,2023-05-27,1
CUST004643,587029.93,48,11.49,Home,2025-12-09,1
CUST004644,334963.58,60,12.91,Personal,2024-11-22,0
CUST004645,508646.07,12,10.46,Education,2024-01-10,0
CUST004646,756912.28,120,13.37,Auto,2023-05-25,0
CUST004647,608688.94,36,7.89,Home,2025-01-16,0
CUST004648,703802.88,120,14.65,Auto,2024-05-24,0
CUST004649,157778.33,48,15.97,Business,2023-07-01,0
CUST004650,633977.78,84,6.0,Home,2024-06-16,1
CUST004651,188709.09,12,8.78,Business,2025-04-25,0
CUST004652,192358.97,24,11.97,Education,2025-07-22,0
CUST004653,280833.33,84,10.62,Business,2023-10-12,0
CUST004654,1119787.71,36,12.71,Home,2025-06-12,0
CUST004655,154412.72,36,8.94,Business,2024-07-11,0
CUST004656,977215.72,24,12.03,Education,2025-11-11,0
CUST004657,210733.87,84,7.49,Auto,2024-04-17,0
CUST004658,626160.21,84,13.52,Auto,2025-11-16,0
CUST004659,536265.8,12,10.79,Home,2024-07-20,0
CUST004660,773301.07,120,16.87,Education,2025-01-29,1
CUST004661,86089.03,12,14.03,Education,2023-02-06,0
CUST004662,521088.73,12,16.8,Home,2024-11-29,0
CUST004663,437937.09,84,7.34,Personal,2024-09-22,0
CUST004664,224033.67,60,9.71,Personal,2025-10-10,0
CUST004665,236859.85,24,9.04,Personal,2025-06-24,0
CUST004666,804912.17,48,15.08,Personal,2023-05-30,0
CUST004667,514689.0,36,11.78,Auto,2024-03-27,1
CUST004668,248159.98,24,15.51,Education,2024-03-02,0
CUST004669,267560.85,120,7.06,Business,2025-01-09,0
CUST004670,116739.5,36,9.07,Education,2024-12-27,0
CUST004671,265463.94,60,15.22,Business,2025-09-09,0
CUST004672,772094.51,120,13.23,Home,2025-02-27,0
CUST004673,414696.03,12,15.91,Education,2025-09-25,0
CUST004674,445482.82,84,12.09,Business,2025-06-01,0
CUST004675,307264.44,84,12.63,Auto,2024-10-09,0
CUST004676,757757.02,24,13.2,Auto,2025-06-10,0
CUST004677,766420.58,12,12.91,Home,2024-03-07,0
CUST004678,485086.17,84,9.36,Business,2025-07-20,1
CUST004679,450739.72,48,8.31,Home,2024-03-04,0
CUST004680,131335.29,60,8.65,Personal,2025-06-15,0
CUST004681,263803.73,24,9.71,Education,2023-08-27,1
CUST004682,213836.05,24,8.06,Home,2023-11-25,0
CUST004683,399179.74,60,11.88,Home,2023-10-09,0
CUST004684,1493816.61,12,6.11,Personal,2023-06-21,0
CUST004685,849319.95,24,6.29,Business,2025-12-28,0
CUST004686,444733.99,120,10.78,Personal,2023-09-18,0
CUST004687,699361.86,60,13.29,Auto,2023-05-16,0
CUST004688,450427.45,36,9.76,Personal,2023-06-11,0
CUST004689,505990.75,60,7.7,Education,2025-08-02,0
CUST004690,228541.57,84,14.13,Auto,2025-06-19,0
CUST004691,183726.74,12,15.51,Home,2025-06-18,1
CUST004692,523801.13,84,11.1,Business,2024-05-19,1
CUST004693,392879.07,36,11.82,Business,2025-07-22,1
CUST004694,1016532.81,84,16.53,Education,2023-10-05,1
CUST004695,498415.03,120,11.25,Personal,2025-09-10,0
CUST004696,570484.02,120,6.0,Auto,2023-06-24,1
CUST004697,486011.68,84,11.14,Personal,2025-07-13,0
CUST004698,258366.79,84,7.06,Education,2025-12-05,0
CUST004699,1137515.87,120,20.19,Education,2023-05-17,0
CUST004700,113501.35,36,18.71,Education,2025-08-25,0
CUST004701,227682.16,84,11.51,Education,2024-09-09,0
CUST004702,127865.8,120,15.36,Education,2024-11-20,0
CUST004703,560419.11,12,10.15,Auto,2023-10-22,1
CUST004704,494690.77,60,9.92,Home,2023-11-10,1
CUST004705,749790.39,48,7.72,Education,2023-01-19,0
CUST004706,542393.84,120,14.28,Business,2024-04-21,0
CUST004707,961343.72,36,12.09,Home,2025-04-14,0
CUST004708,494387.12,120,11.68,Business,2023-05-06,0
CUST004709,167796.36,24,12.26,Business,2024-05-08,0
CUST004710,434471.67,48,12.89,Personal,2023-09-30,0
CUST004711,1081421.43,36,11.9,Education,2023-02-15,0
CUST004712,866850.62,60,6.82,Home,2023-09-18,0
CUST004713,100061.29,84,12.15,Business,2024-09-13,0
CUST004714,141728.55,12,12.92,Auto,2023-01-04,0
CUST004715,192463.49,84,9.64,Education,2023-10-23,0
CUST004716,1839039.34,36,13.4,Business,2025-05-08,0
CUST004717,733840.18,48,12.17,Personal,2025-12-01,0
CUST004718,1105053.18,48,9.06,Auto,2024-12-18,0
CUST004719,645762.82,24,13.05,Home,2025-01-19,0
CUST004720,738462.31,60,13.83,Business,2023-09-02,0
CUST004721,805761.65,12,14.08,Home,2023-07-09,0
CUST004722,1837739.44,84,14.64,Home,2024-05-20,1
CUST004723,31682.47,24,6.83,Education,2025-01-03,0
CUST004724,288782.45,48,8.62,Business,2025-07-08,0
CUST004725,124259.07,60,13.76,Business,2024-12-17,0
CUST004726,646203.34,24,15.59,Auto,2024-02-22,1
CUST004727,278253.46,12,13.33,Business,2024-08-09,0
CUST004728,269393.4,24,15.01,Business,2024-03-31,0
CUST004729,473674.63,36,12.52,Home,2023-06-12,0
CUST004730,111186.68,36,12.67,Home,2024-07-27,0
CUST004731,532006.83,24,7.72,Home,2023-04-15,0
CUST004732,419909.28,84,15.09,Home,2024-12-13,0
CUST004733,501167.03,12,9.45,Auto,2023-11-29,0
CUST004734,553597.1,48,9.28,Home,2025-04-24,0
CUST004735,354856.92,60,13.36,Personal,2024-09-01,0
CUST004736,391507.88,60,8.16,Business,2023-08-22,0
CUST004737,548283.75,60,7.44,Business,2023-12-09,0
CUST004738,353613.12,24,15.2,Auto,2024-02-24,0
CUST004739,539194.52,24,9.99,Personal,2025-06-08,0
CUST004740,1090560.67,24,10.69,Personal,2025-09-24,0
CUST004741,302131.85,24,13.62,Home,2024-04-04,0
CUST004742,226537.49,60,16.03,Auto,2025-05-18,0
CUST004743,445926.28,48,9.42,Auto,2024-10-30,0
CUST004744,1060650.63,120,11.74,Auto,2025-09-20,0
CUST004745,563187.47,36,11.12,Business,2023-06-22,1
CUST004746,310175.75,12,15.49,Business,2023-10-01,0
CUST004747,648890.62,12,6.84,Home,2024-06-04,0
CUST004748,1400164.57,36,7.98,Personal,2024-06-28,1
CUST004749,102842.05,84,9.26,Personal,2023-12-10,0
CUST004750,755715.69,24,11.16,Education,2024-06-25,0
CUST004751,635676.02,36,10.15,Auto,2025-11-08,1
CUST004752,463057.02,36,9.39,Personal,2023-03-19,0
CUST004753,164542.93,60,11.7,Home,2024-07-22,0
CUST004754,532666.53,48,15.0,Home,2025-06-10,0
CUST004755,669313.78,36,6.93,Education,2023-04-28,0
CUST004756,415861.63,84,14.46,Personal,2024-09-28,0
CUST004757,468156.28,60,7.87,Personal,2025-08-14,0
CUST004758,490470.86,36,9.57,Education,2024-02-11,0
CUST004759,753126.58,60,9.39,Auto,2023-02-20,1
CUST004760,628446.03,12,13.55,Personal,2023-10-18,0
CUST004761,630398.82,12,8.86,Business,2025-01-09,0
CUST004762,350135.22,60,11.12,Education,2023-03-23,0
CUST004763,1404010.82,12,7.7,Home,2024-01-09,0
CUST004764,204632.76,48,15.65,Personal,2024-10-10,0
CUST004765,950810.17,48,15.52,Auto,2024-03-26,1
CUST004766,266155.38,36,11.48,Auto,2024-11-20,0
CUST004767,211479.79,36,8.76,Home,2024-04-17,0
CUST004768,902424.54,120,12.75,Auto,2025-02-08,0
CUST004769,356347.33,36,6.0,Business,2025-12-14,0
CUST004770,365131.8,24,7.61,Business,2024-02-14,0
CUST004771,175329.17,60,9.55,Education,2023-09-14,0
CUST004772,716285.32,24,13.63,Business,2023-02-10,0
CUST004773,1004831.08,84,12.24,Personal,2023-09-09,0
CUST004774,559158.86,48,6.0,Home,2024-01-04,1
CUST004775,455076.31,12,9.26,Business,2023-01-29,0
CUST004776,589664.74,120,12.66,Home,2023-10-06,0
CUST004777,668557.18,36,6.0,Auto,2024-06-10,0
CUST004778,196391.91,84,14.39,Education,2023-12-27,0
CUST004779,436631.72,120,8.24,Education,2024-10-10,0
CUST004780,194369.51,48,10.38,Business,2025-01-17,0
CUST004781,104813.08,12,14.16,Business,2023-06-25,0
CUST004782,130216.75,36,10.75,Education,2023-03-01,0
CUST004783,153275.23,12,7.89,Business,2025-08-23,0
CUST004784,447787.96,48,8.15,Personal,2023-07-23,0
CUST004785,715963.29,48,13.99,Home,2024-11-27,0
CUST004786,593135.77,60,7.17,Auto,2023-03-21,0
CUST004787,982539.11,12,15.04,Auto,2025-09-17,0
CUST004788,675536.55,36,16.07,Home,2025-04-22,0
CUST004789,522968.67,48,9.2,Auto,2025-09-05,0
CUST004790,771562.4,36,10.8,Home,2025-07-01,0
CUST004791,1338943.06,48,12.27,Education,2024-04-19,1
CUST004792,155219.02,84,9.12,Auto,2024-01-19,0
CUST004793,1182929.69,48,9.33,Auto,2023-06-21,0
CUST004794,234407.6,24,10.07,Business,2024-04-29,0
CUST004795,396278.79,84,14.43,Auto,2024-08-16,0
CUST004796,737758.37,36,16.28,Personal,2023-04-22,0
CUST004797,790064.13,48,12.1,Auto,2023-05-14,0
CUST004798,752599.98,48,14.59,Personal,2023-02-23,0
CUST004799,406330.92,84,11.9,Education,2023-06-06,0
CUST004800,922141.42,84,13.97,Auto,2023-06-01,0
CUST004801,538311.85,12,12.71,Home,2024-07-20,0
CUST004802,233921.79,48,6.0,Education,2024-06-22,0
CUST004803,251500.2,84,12.63,Auto,2023-11-17,0
CUST004804,147395.25,36,11.34,Education,2024-09-17,1
CUST004805,701821.01,84,13.36,Personal,2024-07-16,1
CUST004806,267495.51,84,12.48,Education,2024-06-06,0
CUST004807,1056537.68,36,10.9,Auto,2025-09-04,1
CUST004808,440376.9,36,9.97,Personal,2023-08-06,0
CUST004809,42402.76,12,13.86,Personal,2024-09-22,0
CUST004810,482274.63,60,6.21,Business,2024-02-11,1
CUST004811,220764.44,12,11.44,Education,2025-12-13,0
CUST004812,344560.05,84,6.0,Personal,2024-11-19,0
CUST004813,449385.09,48,8.01,Personal,2023-08-28,0
CUST004814,459840.55,48,10.58,Auto,2023-09-18,0
CUST004815,514930.68,36,15.16,Auto,2025-01-25,1
CUST004816,753326.18,60,13.21,Education,2024-06-22,0
CUST004817,433329.44,60,6.0,Personal,2024-03-04,0
CUST004818,1524485.3,36,8.42,Education,2024-11-05,1
CUST004819,243987.29,12,11.71,Auto,2023-06-19,0
CUST004820,23696.54,12,14.66,Auto,2024-04-13,0
CUST004821,37508.01,12,13.25,Home,2025-05-09,0
CUST004822,557366.77,120,11.82,Home,2025-02-28,0
CUST004823,334342.77,36,12.57,Education,2025-04-21,0
CUST004824,1079615.84,24,12.25,Education,2025-11-28,0
CUST004825,616061.11,84,11.75,Auto,2023-09-09,0
CUST004826,341022.97,120,10.82,Auto,2024-08-30,0
CUST004827,19454.19,84,13.56,Personal,2024-11-03,0
CUST004828,106088.42,12,6.21,Auto,2024-03-14,0
CUST004829,162399.99,84,12.17,Education,2023-08-04,0
CUST004830,411942.99,84,13.23,Auto,2023-03-02,0
CUST004831,294210.02,24,10.32,Education,2023-02-03,0
CUST004832,624055.06,48,11.69,Business,2023-10-26,0
CUST004833,455405.08,120,10.93,Home,2025-04-18,0
CUST004834,638215.72,36,15.0,Business,2025-01-29,0
CUST004835,430685.88,84,14.79,Home,2025-03-10,0
CUST004836,304905.04,60,6.0,Home,2025-07-24,0
CUST004837,365437.68,84,15.0,Personal,2024-07-03,0
CUST004838,183503.96,24,11.94,Education,2023-07-08,1
CUST004839,75525.84,12,11.8,Business,2024-02-16,0
CUST004840,297289.24,12,8.96,Home,2025-08-06,0
CUST004841,597379.86,48,13.88,Home,2025-09-10,1
CUST004842,865033.78,84,6.89,Education,2023-01-27,1
CUST004843,125743.06,12,8.15,Auto,2024-01-31,0
CUST004844,190039.63,120,13.73,Education,2025-03-11,0
CUST004845,419437.83,60,12.04,Personal,2023-01-05,0
CUST004846,161897.55,36,6.0,Personal,2024-06-07,0
CUST004847,125869.7,48,13.65,Home,2024-10-10,0
CUST004848,257539.1,12,13.79,Education,2025-11-10,0
CUST004849,581641.06,12,9.48,Personal,2023-03-08,0
CUST004850,982359.01,120,6.0,Auto,2024-10-14,1
CUST004851,1927012.6,36,12.27,Personal,2023-05-13,1
CUST004852,781820.63,24,10.0,Auto,2023-05-14,0
CUST004853,1192540.83,36,17.37,Auto,2024-07-10,0
CUST004854,425330.59,24,10.54,Home,2024-02-19,0
CUST004855,480975.74,12,10.13,Home,2024-11-08,1
CUST004856,168750.7,12,6.04,Personal,2025-02-19,0
CUST004857,80224.42,84,11.87,Business,2025-08-23,0
CUST004858,484344.64,24,14.43,Home,2023-08-28,0
CUST004859,242338.83,60,6.0,Business,2024-07-18,0
CUST004860,588674.66,60,12.86,Home,2025-10-08,0
CUST004861,58947.13,48,12.19,Auto,2025-06-24,0
CUST004862,565222.94,84,15.38,Personal,2024-09-28,0
CUST004863,612067.65,60,16.16,Personal,2025-09-19,0
CUST004864,131969.3,60,15.98,Personal,2024-01-20,0
CUST004865,31157.68,24,9.08,Personal,2023-02-04,0
CUST004866,395440.68,24,13.12,Business,2023-07-01,0
CUST004867,396386.55,84,6.0,Business,2023-08-03,0
CUST004868,509526.51,24,8.96,Education,2025-12-19,0
CUST004869,488721.12,120,6.51,Personal,2023-04-22,0
CUST004870,1085156.1,60,10.99,Business,2024-08-12,0
CUST004871,578195.41,120,11.65,Business,2023-01-21,0
CUST004872,197507.29,60,12.67,Personal,2024-06-13,0
CUST004873,779670.73,36,13.23,Business,2024-02-26,0
CUST004874,449968.47,120,12.85,Business,2025-08-16,0
CUST004875,392280.78,24,7.18,Personal,2023-11-08,0
CUST004876,1230666.45,60,7.18,Education,2024-09-25,0
CUST004877,456443.97,36,11.85,Education,2025-09-15,0
CUST004878,389788.13,120,11.66,Education,2023-12-18,0
CUST004879,162786.68,36,11.4,Auto,2024-01-17,0
CUST004880,901267.32,36,9.68,Auto,2023-07-06,0
CUST004881,2129696.63,12,11.09,Personal,2023-10-13,1
CUST004882,274181.76,12,11.79,Home,2023-02-27,0
CUST004883,357237.52,36,12.5,Business,2023-08-16,0
CUST004884,857771.36,24,16.63,Personal,2023-06-28,0
CUST004885,228143.67,120,6.92,Business,2023-08-29,0
CUST004886,615435.71,48,8.67,Auto,2023-12-08,0
CUST004887,479105.31,36,15.87,Business,2025-05-23,0
CUST004888,1079456.3,60,10.94,Personal,2024-04-09,0
CUST004889,88757.51,84,6.0,Auto,2025-10-07,0
CUST004890,165573.66,24,11.43,Home,2025-04-29,0
CUST004891,934441.82,84,6.26,Business,2025-01-13,0
CUST004892,757083.77,36,9.01,Home,2023-12-09,0
CUST004893,720090.21,48,6.59,Auto,2023-08-17,0
CUST004894,94179.21,84,10.44,Home,2023-12-10,0
CUST004895,676681.02,60,16.97,Home,2025-03-11,1
CUST004896,584461.58,60,14.16,Personal,2023-07-15,1
CUST004897,709720.15,120,10.21,Home,2025-09-06,0
CUST004898,652227.34,12,11.31,Personal,2024-02-28,0
CUST004899,131393.91,36,12.8,Education,2025-12-26,0
CUST004900,548340.66,60,7.52,Business,2023-02-14,0
CUST004901,56065.96,24,16.63,Education,2023-05-11,1
CUST004902,262387.29,60,13.89,Business,2025-03-04,0
CUST004903,117347.87,60,10.06,Personal,2025-08-29,0
CUST004904,410817.44,120,12.75,Business,2023-06-23,0
CUST004905,1263008.98,24,7.31,Education,2023-01-02,0
CUST004906,1225079.47,24,17.47,Education,2024-09-17,0
CUST004907,1318539.59,84,10.58,Home,2025-11-10,0
CUST004908,625162.02,24,8.97,Business,2025-12-23,0
CUST004909,122459.96,48,12.6,Personal,2024-01-30,0
CUST004910,1357118.58,60,13.87,Education,2023-09-20,1
CUST004911,395957.98,120,9.68,Personal,2023-07-01,0
CUST004912,623354.86,48,11.62,Business,2023-08-23,0
CUST004913,1245565.66,60,9.28,Home,2024-09-24,0
CUST004914,483396.78,36,9.52,Business,2023-05-26,1
CUST004915,671220.1,36,12.71,Auto,2025-12-02,0
CUST004916,120440.75,84,10.01,Home,2024-10-03,0
CUST004917,1344455.13,24,7.2,Personal,2023-12-22,0
CUST004918,180863.58,48,11.09,Business,2024-09-15,0
CUST004919,230555.28,48,11.7,Auto,2024-10-03,0
CUST004920,236881.75,36,6.0,Education,2024-07-13,0
CUST004921,180829.74,48,15.29,Business,2025-10-23,0
CUST004922,568277.93,36,10.23,Business,2024-08-21,0
CUST004923,514872.51,120,8.49,Home,2024-03-19,0
CUST004924,238214.96,48,6.97,Personal,2025-01-29,0
CUST004925,543533.51,48,16.53,Auto,2023-05-26,0
CUST004926,75002.85,60,14.61,Home,2025-01-14,0
CUST004927,458873.82,84,13.82,Education,2025-04-23,1
CUST004928,104715.86,36,6.0,Education,2024-06-07,0
CUST004929,544244.17,12,7.44,Auto,2023-05-29,0
CUST004930,709763.4,84,13.98,Business,2025-12-11,0
CUST004931,374561.16,24,15.85,Business,2023-05-26,0
CUST004932,153548.55,12,11.89,Home,2024-05-10,0
CUST004933,249205.31,48,9.83,Auto,2024-09-28,0
CUST004934,347755.41,84,13.39,Education,2023-01-04,0
CUST004935,332152.98,24,13.32,Auto,2025-02-15,1
CUST004936,185132.47,60,9.01,Auto,2024-04-18,0
CUST004937,51576.63,24,11.22,Business,2025-04-03,0
CUST004938,346355.52,60,6.0,Business,2025-05-04,0
CUST004939,68348.47,36,11.85,Education,2024-12-16,0
CUST004940,65485.85,84,10.02,Personal,2025-07-29,0
CUST004941,319953.15,12,10.26,Auto,2025-10-15,0
CUST004942,248815.82,24,13.52,Personal,2025-10-05,0
CUST004943,460359.33,60,7.1,Auto,2024-02-17,1
CUST004944,317522.6,12,11.95,Auto,2025-08-07,0
CUST004945,1810359.12,60,12.77,Home,2023-05-11,1
CUST004946,153628.48,60,8.28,Business,2023-01-17,0
CUST004947,533857.56,84,9.5,Auto,2024-07-19,1
CUST004948,307575.44,36,12.24,Auto,2025-11-26,0
CUST004949,486683.03,48,9.9,Education,2024-07-26,0
CUST004950,764510.34,60,6.94,Education,2024-06-19,1
CUST004951,613254.9,24,14.19,Personal,2024-05-19,0
CUST004952,652985.96,48,13.33,Personal,2023-09-24,0
CUST004953,295326.5,48,8.39,Home,2023-07-25,1
CUST004954,164735.42,48,8.26,Business,2023-01-22,0
CUST004955,764666.47,60,14.44,Education,2023-01-26,0
CUST004956,423425.49,60,14.55,Personal,2024-01-26,0
CUST004957,560044.94,120,16.19,Home,2023-09-11,0
CUST004958,350944.18,84,15.27,Personal,2023-04-04,0
CUST004959,631010.8,12,10.77,Home,2023-03-20,0
CUST004960,99337.33,36,9.63,Personal,2025-09-20,0
CUST004961,187352.57,120,15.01,Personal,2024-06-01,0
CUST004962,121707.97,84,12.06,Personal,2024-09-27,0
CUST004963,713919.69,120,8.62,Auto,2023-04-28,0
CUST004964,470872.77,120,8.79,Auto,2023-07-28,0
CUST004965,224845.87,36,10.98,Auto,2025-03-08,0
CUST004966,462336.39,36,9.03,Home,2025-07-22,0
CUST004967,638122.69,120,14.87,Personal,2025-12-30,0
CUST004968,483306.02,12,13.42,Business,2023-04-02,1
CUST004969,191374.1,12,10.04,Education,2023-12-31,0
CUST004970,371995.39,120,8.69,Home,2025-11-03,0
CUST004971,1367546.01,24,13.29,Auto,2023-03-12,1
CUST004972,304789.81,84,6.0,Education,2023-12-03,0
CUST004973,460082.38,24,11.22,Home,2023-12-13,0
CUST004974,208909.97,12,10.69,Business,2023-12-27,0
CUST004975,428905.77,60,14.35,Personal,2024-06-27,0
CUST004976,853724.45,24,6.42,Auto,2025-05-15,0
CUST004977,97736.36,36,12.89,Business,2024-12-10,0
CUST004978,339591.51,48,10.63,Business,2025-12-08,0
CUST004979,107413.21,24,8.63,Auto,2023-09-28,0
CUST004980,273229.91,48,12.54,Education,2024-08-06,0
CUST004981,452522.22,84,10.96,Personal,2024-06-27,0
CUST004982,261189.57,24,9.6,Auto,2023-01-17,0
CUST004983,1901460.26,60,11.4,Auto,2025-10-07,0
CUST004984,415346.07,24,10.48,Auto,2025-03-05,0
CUST004985,963651.9,24,6.23,Education,2023-08-13,0
CUST004986,524808.99,36,14.77,Education,2025-04-05,0
CUST004987,117305.69,84,6.75,Auto,2025-03-20,0
CUST004988,499497.75,24,9.56,Education,2025-03-24,0
CUST004989,394399.6,36,14.65,Auto,2023-04-26,0
CUST004990,231246.02,84,11.54,Home,2025-04-30,0
CUST004991,269930.77,48,15.58,Education,2025-07-19,0
CUST004992,737714.97,48,9.76,Education,2024-12-16,0
CUST004993,140130.97,24,8.67,Auto,2024-09-27,0
CUST004994,327040.66,120,11.84,Auto,2023-09-06,1
CUST004995,505788.42,36,11.46,Home,2024-07-14,0
CUST004996,751469.0,120,10.08,Education,2024-08-08,0
CUST004997,560835.31,24,9.19,Business,2024-04-30,0
CUST004998,220016.98,84,16.19,Auto,2023-09-01,0
CUST004999,525814.31,48,10.92,Auto,2025-09-24,0
CUST005000,102316.71,24,11.53,Home,2023-07-02,0
CUST005001,482930.78,60,10.77,Education,2025-09-02,0
CUST005002,191839.36,24,13.64,Business,2025-05-19,0
CUST005003,387430.87,36,13.33,Personal,2024-07-07,0
CUST005004,522936.35,12,17.61,Business,2024-03-19,0
CUST005005,383302.48,48,8.64,Business,2023-07-17,1
CUST005006,435072.1,84,11.1,Personal,2023-02-01,0
CUST005007,203629.72,48,12.95,Home,2024-02-29,0
CUST005008,439427.95,36,6.0,Business,2024-04-24,0
CUST005009,129610.26,24,11.18,Business,2023-02-25,0
CUST005010,73742.71,120,10.37,Auto,2025-07-22,0
CUST005011,614806.53,36,6.0,Business,2025-12-02,0
CUST005012,513464.27,120,12.52,Education,2025-11-19,0
CUST005013,470439.74,24,11.3,Auto,2023-06-19,0
CUST005014,1017273.73,36,10.97,Personal,2025-11-19,0
CUST005015,566477.19,12,7.78,Business,2025-06-13,1
CUST005016,786083.53,36,7.23,Home,2024-11-04,1
CUST005017,343263.83,48,12.56,Auto,2024-05-15,0
CUST005018,921155.58,48,9.4,Auto,2024-05-19,0
CUST005019,269504.95,48,11.37,Auto,2023-09-04,0
CUST005020,149026.54,48,7.57,Home,2024-05-03,0
CUST005021,203568.38,120,10.91,Personal,2024-08-10,0
CUST005022,253976.53,48,13.44,Personal,2024-02-05,0
CUST005023,549212.39,24,7.89,Personal,2024-02-23,0
CUST005024,1267318.56,120,12.75,Auto,2023-05-13,0
CUST005025,450762.03,12,12.36,Education,2024-03-14,0
CUST005026,614919.17,84,10.35,Auto,2023-04-03,0
CUST005027,451921.0,120,11.1,Personal,2023-07-17,0
CUST005028,236394.48,36,8.46,Personal,2025-08-16,0
CUST005029,289566.12,84,9.55,Auto,2023-07-13,0
CUST005030,443283.12,48,9.73,Business,2023-02-19,0
CUST005031,109325.55,60,11.36,Auto,2023-05-29,0
CUST005032,383959.19,36,9.7,Auto,2024-02-22,0
CUST005033,241842.48,84,8.96,Education,2025-10-30,0
CUST005034,341244.5,12,9.7,Personal,2024-11-30,0
CUST005035,1115538.55,12,14.29,Personal,2025-12-01,1
CUST005036,304726.03,120,7.26,Business,2024-06-01,0
CUST005037,154518.46,12,7.81,Business,2025-11-15,0
CUST005038,1514124.49,60,11.86,Education,2024-12-22,1
CUST005039,129839.37,24,12.97,Auto,2025-10-31,0
CUST005040,1073561.63,60,8.95,Personal,2024-03-06,0
CUST005041,1254221.3,60,10.3,Business,2023-08-31,0
CUST005042,109591.39,24,8.26,Home,2023-10-30,0
CUST005043,582316.5,120,6.07,Personal,2025-06-04,0
CUST005044,274300.81,48,12.39,Home,2025-01-23,0
CUST005045,771017.47,60,11.56,Business,2023-05-09,0
CUST005046,182669.8,48,9.27,Education,2023-02-06,0
CUST005047,173036.05,84,12.8,Auto,2023-04-06,0
CUST005048,291468.84,12,10.96,Business,2023-08-15,0
CUST005049,516771.3,36,14.62,Home,2025-07-10,1
CUST005050,509166.73,24,8.69,Business,2023-08-31,0
CUST005051,262689.22,48,10.27,Home,2023-11-12,0
CUST005052,604468.04,12,10.05,Education,2025-09-10,0
CUST005053,196205.27,84,12.53,Auto,2025-07-26,0
CUST005054,149697.77,60,11.5,Education,2023-09-27,0
CUST005055,604697.16,36,13.83,Education,2025-07-19,0
CUST005056,685017.49,84,7.8,Education,2024-06-30,0
CUST005057,205045.11,36,7.06,Personal,2023-04-04,0
CUST005058,654459.33,48,13.33,Education,2024-03-14,0
CUST005059,95625.65,120,8.11,Home,2024-12-11,0
CUST005060,711283.15,12,9.38,Home,2025-04-12,0
CUST005061,739717.62,120,10.83,Education,2023-12-24,0
CUST005062,66687.11,24,10.39,Home,2024-02-26,0
CUST005063,517077.4,84,12.23,Personal,2025-04-24,0
CUST005064,810902.92,84,12.7,Home,2024-08-02,0
CUST005065,965998.88,36,7.9,Personal,2025-01-08,1
CUST005066,1460986.45,24,9.19,Home,2023-11-21,0
CUST005067,291291.58,48,6.88,Personal,2023-08-11,1
CUST005068,294737.75,84,12.16,Auto,2024-01-21,0
CUST005069,37411.66,24,12.63,Auto,2025-07-11,0
CUST005070,317666.23,60,13.35,Home,2024-06-15,0
CUST005071,632144.3,84,11.93,Auto,2024-01-28,0
CUST005072,141653.55,36,11.27,Home,2025-12-14,0
CUST005073,1994215.57,60,11.67,Business,2024-03-17,0
CUST005074,397067.32,120,14.57,Personal,2025-02-09,0
CUST005075,703805.83,48,9.63,Auto,2023-04-30,0
CUST005076,173992.95,60,10.96,Home,2025-01-11,0
CUST005077,181416.52,120,8.39,Business,2024-04-12,0
CUST005078,1353348.93,24,12.81,Personal,2025-09-30,1
CUST005079,316321.3,24,16.71,Education,2025-01-04,0
CUST005080,872291.65,12,12.06,Personal,2025-10-02,0
CUST005081,544813.29,36,12.94,Education,2025-10-24,1
CUST005082,79767.22,60,13.79,Auto,2024-02-17,0
CUST005083,521609.03,120,10.78,Home,2023-03-05,0
CUST005084,271061.18,12,16.09,Home,2025-12-02,0
CUST005085,416415.88,24,13.58,Education,2025-03-30,0
CUST005086,605129.62,120,11.94,Education,2023-11-19,0
CUST005087,407072.05,60,11.98,Business,2024-01-05,0
CUST005088,186185.34,84,8.28,Education,2023-05-02,0
CUST005089,928717.04,48,9.03,Business,2025-08-04,0
CUST005090,313313.23,48,10.97,Personal,2024-03-10,0
CUST005091,295165.77,84,6.0,Education,2023-01-10,0
CUST005092,589813.63,48,13.83,Home,2023-01-04,0
CUST005093,590520.66,36,10.6,Education,2023-09-20,0
CUST005094,505195.99,84,9.86,Business,2023-10-13,0
CUST005095,16711.82,60,12.74,Personal,2025-12-30,0
CUST005096,618084.32,12,14.68,Business,2025-07-10,0
CUST005097,496319.55,36,13.52,Auto,2024-12-11,0
CUST005098,1260504.58,84,11.08,Auto,2023-05-22,0
CUST005099,277635.73,60,14.03,Education,2024-10-06,0
CUST005100,265042.0,60,11.29,Business,2023-01-12,0
CUST005101,714007.74,48,17.51,Education,2023-06-16,0
CUST005102,378169.39,24,14.87,Home,2023-06-19,0
CUST005103,905230.64,48,9.84,Auto,2024-06-08,0
CUST005104,295937.45,84,10.86,Auto,2023-01-10,0
CUST005105,428301.15,60,8.37,Business,2023-11-20,0
CUST005106,564882.08,60,17.93,Education,2023-03-28,0
CUST005107,61068.89,24,11.95,Auto,2024-04-30,0
CUST005108,781446.24,12,12.18,Education,2024-02-02,0
CUST005109,316812.79,84,6.0,Personal,2023-04-15,0
CUST005110,715144.36,12,8.42,Education,2023-12-25,0
CUST005111,787226.91,84,14.5,Auto,2025-03-02,1
CUST005112,540824.66,36,9.42,Personal,2024-07-01,0
CUST005113,431924.65,60,15.95,Home,2023-04-27,1
CUST005114,1203227.28,120,14.43,Personal,2024-05-21,1
CUST005115,1308605.94,48,12.91,Education,2024-01-20,0
CUST005116,394552.14,48,12.21,Business,2023-06-14,0
CUST005117,72932.99,36,7.9,Personal,2024-04-14,0
CUST005118,454817.2,120,14.08,Education,2025-10-25,0
CUST005119,614672.7,120,12.49,Personal,2023-04-17,0
CUST005120,254258.37,36,14.35,Home,2024-12-13,0
CUST005121,917220.84,84,11.86,Education,2024-06-30,0
CUST005122,559826.12,120,12.17,Business,2024-04-02,1
CUST005123,362590.51,120,10.39,Business,2024-09-18,0
CUST005124,824437.75,48,11.08,Business,2023-05-20,0
CUST005125,704906.7,12,7.47,Personal,2023-12-27,0
CUST005126,653166.73,24,7.7,Auto,2023-10-09,0
CUST005127,768396.81,60,15.08,Home,2023-07-26,0
CUST005128,77404.1,120,8.83,Personal,2024-03-20,0
CUST005129,190631.02,48,8.34,Education,2024-09-29,0
CUST005130,938628.52,60,7.51,Education,2024-05-12,0
CUST005131,331218.9,24,6.45,Education,2025-05-31,0
CUST005132,381038.06,120,12.72,Business,2023-10-21,0
CUST005133,242806.47,120,11.34,Home,2024-08-17,0
CUST005134,557196.03,24,8.41,Personal,2024-03-24,0
CUST005135,1300366.92,36,9.04,Home,2023-08-19,0
CUST005136,67683.3,48,12.85,Education,2023-04-27,0
CUST005137,657191.81,12,13.1,Business,2023-04-03,0
CUST005138,345805.89,24,10.22,Personal,2023-04-26,0
CUST005139,146076.01,84,15.37,Home,2023-08-18,0
CUST005140,370978.89,84,8.2,Home,2025-06-11,0
CUST005141,662548.3,36,6.77,Education,2025-12-27,0
CUST005142,1324592.42,24,11.34,Home,2025-07-02,0
CUST005143,419639.58,24,15.68,Personal,2025-03-03,0
CUST005144,537022.36,12,11.95,Home,2025-03-27,0
CUST005145,583012.02,84,14.55,Personal,2023-05-31,0
CUST005146,743513.54,12,16.14,Home,2024-11-06,0
CUST005147,233790.27,60,6.37,Education,2024-03-24,0
CUST005148,150946.54,48,9.88,Personal,2025-06-02,0
CUST005149,480199.17,12,7.03,Personal,2023-01-28,0
CUST005150,300182.84,12,12.73,Personal,2023-09-10,0
CUST005151,632432.68,48,7.4,Education,2023-08-09,0
CUST005152,335700.9,12,12.23,Auto,2025-06-15,0
CUST005153,335106.86,36,6.0,Education,2025-09-13,0
CUST005154,308398.24,12,11.31,Home,2023-04-21,0
CUST005155,758648.28,120,7.87,Business,2024-08-09,0
CUST005156,343020.54,36,6.29,Personal,2023-06-09,0
CUST005157,779721.74,12,14.56,Business,2023-03-31,0
CUST005158,368296.54,120,7.44,Personal,2023-10-13,0
CUST005159,160336.49,12,12.55,Business,2023-09-28,0
CUST005160,276136.04,48,12.28,Home,2023-03-26,0
CUST005161,599140.02,24,10.94,Education,2025-02-05,0
CUST005162,346644.22,48,14.04,Home,2025-09-10,0
CUST005163,418070.59,36,8.18,Auto,2025-05-24,0
CUST005164,95739.79,60,13.27,Business,2023-08-05,0
CUST005165,263667.61,12,8.55,Education,2025-10-02,0
CUST005166,603010.2,24,12.04,Auto,2024-12-13,0
CUST005167,38599.6,36,13.11,Personal,2025-04-12,0
CUST005168,59092.64,48,13.76,Home,2024-04-10,0
CUST005169,314515.35,60,15.4,Home,2025-11-02,0
CUST005170,1235048.33,84,11.65,Business,2025-05-12,0
CUST005171,237038.01,36,11.05,Auto,2023-02-23,0
CUST005172,219393.51,60,13.29,Education,2024-12-13,0
CUST005173,257338.1,84,14.76,Home,2025-08-11,0
CUST005174,344238.73,84,8.23,Personal,2025-01-14,0
CUST005175,454603.44,120,7.3,Home,2024-11-12,0
CUST005176,484926.6,12,8.42,Auto,2023-08-30,0
CUST005177,333907.89,60,9.82,Personal,2024-10-15,0
CUST005178,269133.19,84,12.48,Home,2023-10-18,0
CUST005179,384363.86,120,13.08,Home,2024-08-05,0
CUST005180,706273.47,60,9.79,Business,2023-05-08,0
CUST005181,435354.92,48,10.35,Business,2024-12-02,0
CUST005182,641677.46,24,14.45,Auto,2023-02-24,0
CUST005183,24776.24,12,10.14,Business,2025-04-12,0
CUST005184,32607.81,24,12.41,Education,2024-11-21,0
CUST005185,454018.0,24,15.25,Business,2023-11-11,0
CUST005186,236688.2,60,8.42,Business,2023-06-11,0
CUST005187,518195.96,24,12.95,Business,2025-09-17,0
CUST005188,237088.99,24,11.6,Auto,2023-08-13,0
CUST005189,496848.11,36,12.06,Business,2023-10-13,0
CUST005190,433915.71,60,7.79,Business,2023-03-08,0
CUST005191,367486.25,60,11.8,Home,2023-08-01,0
CUST005192,1026011.85,60,8.84,Home,2024-04-24,0
CUST005193,650708.42,36,13.38,Home,2023-04-16,0
CUST005194,540057.98,120,12.81,Education,2025-07-13,0
CUST005195,420960.59,48,12.86,Education,2024-07-02,0
CUST005196,1023470.43,12,8.9,Personal,2025-09-26,0
CUST005197,1279985.63,12,10.58,Auto,2024-02-29,0
CUST005198,602080.59,84,14.39,Education,2023-02-14,1
CUST005199,668684.56,84,14.25,Auto,2025-08-29,0
CUST005200,396562.28,36,6.59,Business,2025-09-23,0
CUST005201,671622.83,36,8.29,Education,2023-06-29,0
CUST005202,282496.96,120,10.54,Auto,2025-09-24,0
CUST005203,1227692.81,84,12.53,Education,2025-09-11,1
CUST005204,333353.75,36,13.12,Business,2023-08-28,0
CUST005205,405649.58,60,12.73,Auto,2024-08-31,0
CUST005206,670997.37,12,8.53,Education,2023-06-25,0
CUST005207,564394.13,84,8.12,Auto,2025-12-24,0
CUST005208,119351.29,60,14.73,Personal,2023-01-01,0
CUST005209,502619.6,12,6.39,Business,2024-07-07,0
CUST005210,749347.45,24,12.61,Personal,2024-06-08,1
CUST005211,912275.35,84,11.71,Business,2023-12-25,0
CUST005212,1608444.33,36,14.08,Auto,2024-08-03,0
CUST005213,1380377.28,84,13.68,Home,2024-01-22,0
CUST005214,217378.91,24,10.38,Auto,2025-08-31,0
CUST005215,412370.15,24,9.4,Education,2023-07-22,0
CUST005216,504167.25,24,10.25,Personal,2025-03-21,0
CUST005217,682456.76,60,10.1,Education,2023-11-07,0
CUST005218,208881.32,36,12.02,Home,2025-01-16,0
CUST005219,1053364.74,120,9.06,Home,2025-12-04,0
CUST005220,738143.85,36,11.74,Education,2025-07-23,0
CUST005221,1544353.99,36,11.48,Education,2024-07-17,0
CUST005222,231149.93,84,14.74,Business,2024-05-15,0
CUST005223,630442.06,84,9.07,Business,2025-07-19,0
CUST005224,396756.24,84,8.46,Personal,2025-02-06,0
CUST005225,1057933.44,36,7.29,Auto,2023-05-02,0
CUST005226,582789.41,84,13.34,Home,2023-07-14,1
CUST005227,728101.69,48,13.11,Business,2025-04-11,0
CUST005228,433232.56,120,16.07,Auto,2023-08-19,0
CUST005229,179708.21,120,8.81,Personal,2024-04-22,0
CUST005230,208975.39,60,9.56,Home,2025-07-08,0
CUST005231,140981.66,12,11.47,Personal,2023-09-09,0
CUST005232,1658559.77,24,9.15,Auto,2025-07-10,1
CUST005233,462408.09,24,9.1,Auto,2023-02-17,0
CUST005234,676748.36,84,10.95,Business,2024-02-25,0
CUST005235,1259043.08,120,9.21,Home,2024-09-13,0
CUST005236,127731.12,84,17.34,Personal,2024-01-27,0
CUST005237,673546.02,48,10.63,Personal,2025-07-14,0
CUST005238,1115904.63,60,13.28,Business,2024-02-25,1
CUST005239,105221.1,48,6.0,Education,2023-04-07,0
CUST005240,618502.91,84,16.23,Personal,2024-06-16,0
CUST005241,342546.32,60,15.49,Business,2023-04-23,0
CUST005242,685861.66,48,11.2,Auto,2023-08-17,0
CUST005243,690934.34,48,14.91,Auto,2023-02-19,0
CUST005244,123148.5,120,6.05,Education,2024-03-05,0
CUST005245,21690.61,60,12.24,Education,2025-09-27,0
CUST005246,520677.08,120,11.41,Home,2024-10-27,0
CUST005247,909853.7,48,7.5,Home,2024-05-25,0
CUST005248,9574.27,60,13.15,Education,2024-10-19,0
CUST005249,825689.07,60,8.22,Auto,2025-11-09,1
CUST005250,1171794.35,12,12.47,Home,2023-01-16,0
CUST005251,513057.76,84,15.15,Personal,2024-08-27,0
CUST005252,7061.38,36,11.11,Education,2025-12-26,0
CUST005253,449843.93,24,14.04,Personal,2025-07-07,0
CUST005254,104605.1,60,12.18,Education,2023-05-06,0
CUST005255,277157.35,60,11.82,Education,2025-12-07,0
CUST005256,386830.87,36,13.17,Education,2025-02-11,0
CUST005257,165091.54,60,9.77,Home,2023-12-02,0
CUST005258,361269.06,24,8.31,Personal,2023-02-09,0
CUST005259,341365.27,60,12.68,Auto,2023-06-10,0
CUST005260,2220875.9,36,7.28,Auto,2023-01-16,0
CUST005261,482892.08,12,6.0,Personal,2024-04-18,0
CUST005262,142049.05,12,7.84,Business,2024-06-22,0
CUST005263,164681.57,84,15.5,Education,2024-11-05,0
CUST005264,516192.87,48,7.96,Auto,2024-12-06,0
CUST005265,529866.94,60,8.02,Education,2024-07-10,0
CUST005266,590294.44,60,6.0,Home,2024-08-18,0
CUST005267,934737.52,84,11.11,Home,2024-04-03,1
CUST005268,528645.77,36,8.39,Business,2024-10-26,0
CUST005269,475900.57,120,10.45,Auto,2024-04-26,0
CUST005270,1335372.72,12,18.21,Business,2024-08-07,0
CUST005271,356049.33,84,11.33,Auto,2024-02-14,1
CUST005272,572737.02,24,10.35,Home,2023-05-31,0
CUST005273,730720.09,84,11.71,Education,2025-11-23,1
CUST005274,674443.22,84,8.57,Home,2025-06-12,0
CUST005275,493069.62,24,12.58,Business,2024-12-22,0
CUST005276,471247.42,60,6.0,Home,2024-11-12,0
CUST005277,461374.22,48,13.44,Education,2023-12-04,0
CUST005278,99557.39,120,7.5,Business,2025-01-14,0
CUST005279,93496.79,12,13.5,Education,2024-03-18,1
CUST005280,532282.05,60,10.78,Education,2025-08-04,0
CUST005281,568528.5,12,18.61,Education,2025-07-26,0
CUST005282,632055.19,84,6.77,Education,2024-09-18,0
CUST005283,320093.79,48,10.34,Home,2023-06-02,0
CUST005284,330810.8,48,6.0,Home,2025-11-19,0
CUST005285,307813.51,84,7.63,Personal,2025-08-05,0
CUST005286,643823.75,48,7.59,Auto,2024-04-23,0
CUST005287,622331.16,84,6.0,Education,2024-07-01,0
CUST005288,150997.81,84,9.29,Auto,2023-04-22,0
CUST005289,411051.0,36,10.19,Auto,2025-11-05,0
CUST005290,977092.76,12,14.49,Personal,2024-09-19,0
CUST005291,418540.84,24,7.05,Business,2023-09-08,0
CUST005292,1059644.83,120,6.0,Home,2024-01-07,0
CUST005293,399043.66,120,10.41,Auto,2023-02-09,0
CUST005294,45330.4,12,10.45,Personal,2024-06-04,0
CUST005295,132639.12,36,9.86,Education,2025-04-02,0
CUST005296,580619.4,24,6.39,Education,2025-09-17,0
CUST005297,193887.32,36,10.91,Home,2025-07-28,0
CUST005298,213913.11,36,10.17,Business,2025-01-03,0
CUST005299,625618.92,12,6.92,Education,2025-04-05,1
CUST005300,610325.41,24,15.84,Auto,2023-12-04,0
CUST005301,345111.99,120,6.0,Home,2023-08-28,0
CUST005302,634215.2,36,8.41,Auto,2024-01-15,0
CUST005303,29657.26,120,10.61,Auto,2024-07-19,0
CUST005304,330666.33,36,14.11,Personal,2024-04-27,0
CUST005305,377216.99,12,9.78,Home,2025-07-08,0
CUST005306,278268.55,60,6.86,Personal,2024-02-10,0
CUST005307,1360771.56,12,13.12,Personal,2025-05-26,1
CUST005308,539847.48,48,12.73,Education,2024-02-18,0
CUST005309,250036.86,48,11.34,Auto,2023-10-06,0
CUST005310,424246.86,120,10.1,Home,2023-05-29,1
CUST005311,204325.75,120,10.8,Home,2025-10-02,0
CUST005312,89384.08,24,10.84,Auto,2025-02-12,0
CUST005313,487509.83,24,11.44,Auto,2024-05-01,0
CUST005314,93382.95,60,12.85,Education,2023-04-13,0
CUST005315,198482.98,48,12.68,Auto,2023-08-16,0
CUST005316,753694.55,60,13.69,Personal,2023-06-26,0
CUST005317,540501.32,12,12.82,Education,2024-07-02,0
CUST005318,637833.0,36,8.97,Home,2023-02-02,1
CUST005319,721746.47,36,8.49,Auto,2023-02-15,0
CUST005320,829541.17,60,11.0,Home,2023-08-12,0
CUST005321,634019.77,12,11.33,Personal,2025-04-08,0
CUST005322,549600.48,48,10.3,Personal,2025-06-17,0
CUST005323,276726.28,120,10.52,Personal,2025-05-05,0
CUST005324,164145.38,24,9.66,Education,2024-03-29,0
CUST005325,378250.75,12,15.69,Home,2025-10-23,1
CUST005326,699979.63,12,11.96,Business,2024-09-12,0
CUST005327,580899.82,48,11.81,Business,2024-06-24,0
CUST005328,973716.66,36,8.57,Education,2025-11-10,0
CUST005329,494496.26,12,12.59,Business,2024-09-11,0
CUST005330,341313.93,120,14.61,Auto,2023-06-16,1
CUST005331,197044.96,36,15.79,Business,2023-09-09,0
CUST005332,147051.54,120,6.0,Home,2023-07-06,0
CUST005333,347042.08,48,16.68,Business,2024-02-11,0
CUST005334,671343.3,120,9.17,Home,2024-05-01,0
CUST005335,462610.38,48,9.04,Personal,2023-06-19,1
CUST005336,191439.18,60,10.16,Personal,2023-04-21,0
CUST005337,660979.03,24,7.97,Business,2025-05-17,0
CUST005338,87247.67,36,9.71,Personal,2025-06-20,0
CUST005339,163409.28,120,6.82,Business,2024-01-05,0
CUST005340,188436.74,12,8.08,Home,2025-08-15,0
CUST005341,391835.48,120,15.3,Education,2025-07-12,0
CUST005342,497948.66,12,6.67,Home,2025-01-10,0
CUST005343,39105.3,60,9.39,Education,2023-12-19,0
CUST005344,729362.88,120,15.88,Education,2023-12-16,0
CUST005345,761462.69,12,13.4,Auto,2023-02-09,0
CUST005346,88637.31,12,16.6,Business,2023-01-13,0
CUST005347,175725.56,12,9.49,Auto,2024-06-22,0
CUST005348,522965.19,24,14.56,Auto,2023-05-21,0
CUST005349,259270.47,120,9.63,Education,2023-06-19,0
CUST005350,865211.9,120,10.71,Personal,2025-11-20,0
CUST005351,852942.43,36,9.38,Home,2025-07-21,0
CUST005352,709757.9,12,17.21,Home,2025-06-09,0
CUST005353,179055.53,60,17.13,Home,2024-10-14,0
CUST005354,289933.77,12,10.51,Business,2024-05-14,1
CUST005355,1065676.31,60,14.13,Business,2023-09-07,0
CUST005356,1087481.68,84,11.21,Business,2024-02-17,0
CUST005357,350969.73,12,6.0,Home,2023-08-12,0
CUST005358,680080.44,36,6.11,Home,2025-12-03,0
CUST005359,398285.27,36,10.35,Education,2024-08-09,0
CUST005360,84822.82,24,9.49,Personal,2023-03-04,0
CUST005361,252132.15,24,6.81,Personal,2025-12-25,0
CUST005362,584121.32,36,8.93,Business,2024-12-14,0
CUST005363,788362.46,120,11.49,Auto,2023-12-13,0
CUST005364,286259.42,12,15.78,Personal,2025-10-24,0
CUST005365,458906.75,120,13.39,Auto,2024-08-26,0
CUST005366,440592.69,84,13.21,Auto,2025-02-27,0
CUST005367,104237.51,84,10.7,Business,2025-08-15,0
CUST005368,360266.32,48,12.45,Personal,2024-02-16,0
CUST005369,208445.37,48,12.73,Business,2023-08-30,1
CUST005370,1363106.09,48,7.29,Personal,2023-07-21,0
CUST005371,53070.1,24,14.52,Business,2023-07-20,0
CUST005372,1099095.36,60,6.0,Business,2024-06-07,0
CUST005373,887718.79,48,13.48,Business,2023-09-05,0
CUST005374,1363401.04,12,15.9,Business,2024-04-03,0
CUST005375,367596.31,60,7.42,Home,2023-11-21,0
CUST005376,859554.82,48,11.83,Personal,2023-05-01,0
CUST005377,901475.81,48,13.95,Personal,2024-07-19,1
CUST005378,23255.3,24,10.66,Education,2024-11-20,0
CUST005379,628748.29,12,9.14,Personal,2025-12-27,0
CUST005380,325209.48,60,11.43,Education,2025-04-12,0
CUST005381,176243.19,60,9.56,Home,2023-04-17,0
CUST005382,2497394.32,60,10.58,Auto,2024-03-10,1
CUST005383,635863.93,36,8.87,Education,2023-02-03,1
CUST005384,176074.01,12,12.59,Business,2023-07-12,0
CUST005385,167590.79,12,7.04,Business,2023-02-01,0
CUST005386,515132.17,36,9.79,Home,2024-06-24,0
CUST005387,539587.83,48,8.36,Home,2024-11-10,1
CUST005388,403992.29,60,11.73,Business,2025-06-19,1
CUST005389,682568.93,60,12.26,Personal,2025-07-20,0
CUST005390,276113.28,60,9.08,Personal,2023-07-11,0
CUST005391,1321039.65,60,13.12,Business,2025-04-18,0
CUST005392,230674.32,120,6.0,Education,2025-02-03,0
CUST005393,1916010.96,120,6.0,Personal,2023-05-12,0
CUST005394,487113.19,84,14.58,Education,2023-11-06,0
CUST005395,848884.32,120,11.41,Business,2024-06-19,0
CUST005396,522325.12,120,11.64,Business,2025-07-08,0
CUST005397,238884.88,60,15.58,Auto,2023-01-27,0
CUST005398,250951.4,120,13.64,Education,2024-12-23,1
CUST005399,67313.49,60,13.25,Personal,2023-09-11,0
CUST005400,845557.96,12,9.2,Personal,2024-08-11,0
CUST005401,726045.51,48,10.25,Education,2025-07-09,0
CUST005402,614400.3,120,11.33,Business,2025-10-12,0
CUST005403,375473.45,120,9.83,Personal,2024-11-24,0
CUST005404,697678.72,84,7.37,Business,2025-10-24,0
CUST005405,1996410.32,36,7.14,Auto,2024-12-08,1
CUST005406,389653.53,48,11.73,Business,2023-03-25,0
CUST005407,89773.29,84,13.95,Education,2024-11-22,0
CUST005408,33697.49,120,10.84,Personal,2025-09-24,0
CUST005409,888250.5,48,12.85,Personal,2024-04-24,0
CUST005410,1079739.29,48,11.41,Personal,2023-07-21,0
CUST005411,332011.67,48,11.69,Education,2025-08-03,1
CUST005412,255620.9,84,13.46,Auto,2023-10-06,0
CUST005413,1164906.06,24,13.4,Home,2023-10-16,0
CUST005414,169556.3,12,12.56,Business,2025-06-04,0
CUST005415,1352882.56,48,11.35,Personal,2023-06-16,0
CUST005416,126617.14,60,6.48,Auto,2025-10-20,0
CUST005417,514587.19,60,8.19,Home,2024-03-18,0
CUST005418,1111421.88,48,6.0,Auto,2023-01-22,0
CUST005419,148095.55,48,16.0,Business,2024-07-30,0
CUST005420,380127.06,24,12.35,Home,2024-03-31,0
CUST005421,594048.22,24,8.61,Home,2024-08-02,0
CUST005422,1228960.2,36,13.49,Business,2024-06-24,0
CUST005423,588225.08,36,14.32,Education,2024-09-29,0
CUST005424,1990195.75,84,6.0,Home,2023-01-30,1
CUST005425,223292.85,24,15.9,Personal,2023-02-09,0
CUST005426,277604.45,24,8.82,Education,2024-10-24,0
CUST005427,1019940.27,60,8.13,Personal,2023-04-21,1
CUST005428,748849.27,120,8.13,Education,2024-06-06,0
CUST005429,208409.59,60,6.0,Personal,2024-11-12,0
CUST005430,34864.96,12,9.61,Personal,2024-04-01,0
CUST005431,894543.56,120,11.1,Home,2023-11-02,0
CUST005432,464238.93,120,11.31,Personal,2024-10-09,0
CUST005433,1007813.36,60,11.32,Home,2023-01-23,0
CUST005434,372502.44,36,13.0,Auto,2024-02-07,0
CUST005435,103449.54,12,9.7,Education,2024-11-23,0
CUST005436,273133.25,84,11.17,Business,2023-05-30,0
CUST005437,263503.2,84,8.76,Auto,2024-03-07,0
CUST005438,1127438.57,60,11.89,Auto,2024-06-12,0
CUST005439,605869.52,24,8.1,Business,2023-05-20,0
CUST005440,303122.13,24,6.3,Personal,2025-09-30,1
CUST005441,360921.38,48,6.12,Education,2025-06-22,0
CUST005442,126808.17,120,6.0,Education,2024-07-13,0
CUST005443,118683.55,36,6.0,Personal,2024-03-10,0
CUST005444,1023589.79,84,15.19,Auto,2024-02-25,0
CUST005445,26356.99,24,13.71,Auto,2024-08-20,0
CUST005446,439415.42,36,9.14,Personal,2024-02-21,0
CUST005447,1561308.99,36,9.0,Personal,2024-10-16,0
CUST005448,435706.85,12,13.95,Home,2023-02-09,0
CUST005449,726014.33,120,9.94,Auto,2024-08-29,0
CUST005450,819885.21,36,12.14,Home,2025-06-19,0
CUST005451,814499.37,60,11.9,Personal,2024-11-27,0
CUST005452,975377.98,120,6.87,Personal,2024-08-28,0
CUST005453,860429.08,36,13.83,Education,2023-05-03,0
CUST005454,158104.18,12,11.98,Business,2024-03-01,0
CUST005455,423602.45,12,17.88,Home,2024-01-29,1
CUST005456,529570.84,120,9.29,Education,2023-01-01,1
CUST005457,217465.0,36,7.73,Home,2024-04-13,0
CUST005458,622135.23,48,12.32,Business,2024-01-08,0
CUST005459,471524.81,24,10.06,Education,2023-07-04,0
CUST005460,590483.41,48,12.76,Home,2024-09-02,0
CUST005461,439810.91,36,14.08,Education,2024-10-03,1
CUST005462,530970.33,12,11.93,Education,2024-03-19,0
CUST005463,989977.75,12,9.35,Auto,2024-03-05,0
CUST005464,532441.93,24,10.92,Business,2024-05-13,0
CUST005465,258487.83,24,12.06,Business,2025-01-11,0
CUST005466,351415.18,36,8.02,Home,2024-08-18,0
CUST005467,552474.86,48,7.28,Home,2024-07-23,0
CUST005468,330662.14,84,7.31,Home,2025-05-29,0
CUST005469,594552.32,60,11.43,Auto,2023-09-01,0
CUST005470,706335.09,84,16.66,Auto,2024-11-03,0
CUST005471,127885.9,48,6.0,Education,2024-03-27,0
CUST005472,206414.89,60,15.47,Personal,2024-06-06,0
CUST005473,398934.02,36,13.07,Auto,2024-08-23,0
CUST005474,605506.69,48,8.8,Personal,2024-03-14,0
CUST005475,330584.5,24,9.99,Personal,2025-08-19,0
CUST005476,444328.99,24,14.09,Auto,2025-06-27,0
CUST005477,590453.59,84,6.42,Education,2024-01-06,0
CUST005478,178060.64,60,10.41,Personal,2025-04-06,0
CUST005479,164697.45,48,12.99,Auto,2023-05-28,0
CUST005480,486289.17,60,8.62,Education,2024-08-13,0
CUST005481,504812.34,36,10.22,Business,2024-09-19,0
CUST005482,248878.03,12,10.86,Auto,2023-02-03,0
CUST005483,414971.65,24,14.21,Education,2024-09-30,0
CUST005484,58644.07,12,6.0,Business,2024-12-23,0
CUST005485,370527.79,60,11.51,Personal,2023-12-06,0
CUST005486,606710.83,36,16.12,Auto,2023-07-22,1
CUST005487,1178850.15,84,6.0,Education,2024-09-23,1
CUST005488,880640.29,24,9.18,Personal,2025-01-29,0
CUST005489,714375.23,84,6.1,Personal,2024-02-08,0
CUST005490,985512.46,60,10.09,Home,2025-03-26,0
CUST005491,585192.53,120,11.7,Business,2023-03-21,0
CUST005492,290845.36,48,11.05,Personal,2025-07-11,0
CUST005493,439409.54,12,8.94,Education,2025-02-04,0
CUST005494,514592.33,60,13.98,Personal,2025-10-23,0
CUST005495,1399380.98,36,16.78,Education,2023-12-09,1
CUST005496,379848.08,12,13.51,Personal,2024-11-02,0
CUST005497,523552.04,36,11.41,Personal,2023-05-29,0
CUST005498,354170.93,84,10.6,Auto,2024-03-18,0
CUST005499,331232.32,84,9.76,Auto,2024-07-16,0
CUST005500,906354.3,120,8.58,Personal,2023-10-21,0
CUST005501,542651.6,60,9.33,Auto,2023-10-31,0
CUST005502,642588.33,12,10.23,Home,2023-04-08,0
CUST005503,305921.35,24,11.47,Home,2023-01-25,0
CUST005504,827354.19,60,6.59,Personal,2023-10-04,0
CUST005505,588470.79,24,6.91,Education,2025-08-27,1
CUST005506,822729.28,60,11.12,Business,2023-05-24,0
CUST005507,191104.4,48,10.77,Personal,2025-11-24,0
CUST005508,116885.38,84,16.36,Education,2025-09-18,0
CUST005509,146837.5,24,17.16,Auto,2023-09-26,0
CUST005510,773104.47,24,10.67,Business,2025-07-28,1
CUST005511,140326.65,60,13.02,Home,2024-04-14,0
CUST005512,1257107.72,48,12.5,Education,2025-10-02,1
CUST005513,1576885.28,120,16.75,Education,2023-03-30,0
CUST005514,471426.17,60,13.33,Business,2025-07-05,0
CUST005515,1169881.06,48,10.4,Home,2023-08-20,0
CUST005516,1258694.7,84,9.99,Education,2025-06-27,0
CUST005517,996188.44,36,17.76,Business,2025-10-25,0
CUST005518,152979.35,36,9.02,Education,2023-10-08,0
CUST005519,146919.98,60,10.4,Home,2025-05-16,0
CUST005520,262919.12,24,10.15,Business,2025-03-03,1
CUST005521,862366.41,24,11.46,Business,2025-05-24,0
CUST005522,487113.08,24,10.99,Business,2023-06-29,0
CUST005523,1079787.12,36,7.56,Home,2023-09-04,0
CUST005524,430616.45,24,16.1,Auto,2025-08-11,0
CUST005525,182710.04,120,6.44,Business,2025-08-13,0
CUST005526,801344.39,12,11.69,Business,2023-08-14,0
CUST005527,524222.11,120,10.31,Auto,2025-09-09,0
CUST005528,647438.38,84,9.57,Auto,2023-10-23,0
CUST005529,377380.64,24,11.31,Home,2025-12-30,0
CUST005530,193003.49,24,9.39,Auto,2024-10-19,0
CUST005531,88409.23,12,11.53,Personal,2023-12-15,0
CUST005532,262646.76,24,6.0,Home,2025-04-26,0
CUST005533,210524.13,60,11.74,Education,2025-02-03,1
CUST005534,311110.27,120,9.01,Auto,2024-07-13,0
CUST005535,116992.97,12,9.64,Business,2025-07-20,0
CUST005536,98536.82,36,6.88,Auto,2023-11-05,0
CUST005537,463202.4,120,14.21,Auto,2023-12-29,1
CUST005538,387427.84,84,13.11,Auto,2023-02-13,0
CUST005539,406566.35,60,7.96,Home,2025-03-08,0
CUST005540,265461.9,120,12.54,Auto,2025-05-30,0
CUST005541,1235200.49,24,11.03,Personal,2025-02-02,0
CUST005542,243386.96,48,14.37,Personal,2023-10-06,0
CUST005543,393051.25,84,13.81,Business,2025-11-26,0
CUST005544,431102.91,36,10.75,Education,2025-12-23,0
CUST005545,399208.62,84,13.85,Education,2023-05-20,0
CUST005546,222838.55,48,13.15,Personal,2024-07-27,0
CUST005547,1696050.4,12,10.87,Home,2025-02-26,0
CUST005548,952253.07,84,9.63,Business,2023-05-16,0
CUST005549,321211.8,84,12.73,Education,2024-10-08,0
CUST005550,156267.41,60,11.03,Education,2024-10-09,0
CUST005551,640790.34,24,15.4,Education,2025-12-12,0
CUST005552,558370.86,24,15.74,Home,2025-06-04,0
CUST005553,18074.33,36,8.82,Business,2025-10-08,0
CUST005554,436122.92,60,11.26,Home,2025-08-02,0
CUST005555,74975.33,12,12.63,Personal,2025-03-19,0
CUST005556,567656.39,84,11.53,Auto,2024-01-08,0
CUST005557,106846.55,84,12.51,Business,2023-09-10,0
CUST005558,270266.38,84,12.63,Personal,2023-08-29,0
CUST005559,325368.68,24,7.38,Home,2024-04-27,0
CUST005560,204113.25,84,13.34,Home,2024-11-30,0
CUST005561,129218.32,120,9.98,Education,2024-02-03,0
CUST005562,78478.67,60,7.07,Auto,2023-12-14,0
CUST005563,1311990.17,24,9.31,Home,2025-08-09,0
CUST005564,406930.43,60,13.24,Home,2025-08-06,0
CUST005565,797068.29,60,9.13,Business,2025-03-11,0
CUST005566,875171.12,24,11.4,Personal,2025-11-26,0
CUST005567,742030.77,24,10.94,Home,2024-02-17,0
CUST005568,619893.81,12,12.66,Home,2025-12-18,0
CUST005569,408153.33,36,10.14,Education,2023-05-14,1
CUST005570,870602.2,84,14.52,Auto,2024-06-13,0
CUST005571,113008.41,84,16.49,Home,2024-02-19,0
CUST005572,92538.03,120,10.34,Home,2023-06-15,0
CUST005573,431487.37,84,15.89,Personal,2025-05-06,0
CUST005574,278571.7,36,10.41,Business,2023-12-22,0
CUST005575,593462.12,48,15.6,Business,2025-03-22,0
CUST005576,682194.08,48,12.53,Home,2025-11-03,0
CUST005577,2233154.84,60,6.15,Business,2025-12-02,0
CUST005578,81729.54,12,9.13,Business,2024-11-28,0
CUST005579,401187.87,36,10.94,Home,2024-04-19,0
CUST005580,1009303.95,12,9.31,Auto,2025-10-21,0
CUST005581,476540.95,48,7.17,Education,2025-09-23,0
CUST005582,99195.03,84,9.2,Auto,2023-11-02,0
CUST005583,1102104.74,84,9.02,Personal,2025-05-06,0
CUST005584,89734.33,84,8.8,Business,2025-04-22,0
CUST005585,261874.54,24,6.87,Business,2023-10-02,0
CUST005586,322279.35,120,13.87,Business,2024-07-25,0
CUST005587,120677.4,120,12.56,Auto,2023-06-18,0
CUST005588,203457.73,84,9.15,Auto,2025-10-06,0
CUST005589,832425.1,48,12.05,Business,2025-08-07,0
CUST005590,727794.1,12,10.55,Business,2023-08-25,1
CUST005591,334949.95,36,10.67,Personal,2025-10-18,0
CUST005592,221317.35,120,8.17,Home,2025-10-14,0
CUST005593,839482.63,120,7.2,Personal,2025-02-23,0
CUST005594,855906.0,12,13.56,Business,2024-05-08,1
CUST005595,964066.53,120,6.0,Business,2023-07-21,0
CUST005596,196460.73,84,9.2,Home,2024-01-31,1
CUST005597,924917.24,120,10.99,Education,2025-06-10,0
CUST005598,1299822.15,60,14.13,Personal,2023-08-03,0
CUST005599,202322.02,120,14.59,Auto,2025-03-14,0
CUST005600,882119.07,84,6.7,Auto,2025-05-21,0
CUST005601,105656.59,60,8.77,Auto,2024-05-29,0
CUST005602,1024198.01,12,7.82,Personal,2023-04-13,1
CUST005603,275801.18,36,12.73,Home,2023-05-02,0
CUST005604,346795.65,60,12.51,Personal,2025-10-14,0
CUST005605,231747.63,24,10.01,Home,2025-07-04,0
CUST005606,149738.96,24,7.9,Personal,2025-12-14,0
CUST005607,1359787.74,36,13.58,Personal,2025-11-18,0
CUST005608,460695.65,120,6.0,Business,2025-07-08,0
CUST005609,1009375.77,12,14.26,Personal,2025-08-20,1
CUST005610,348502.97,12,8.19,Home,2024-04-30,0
CUST005611,337971.39,60,10.02,Home,2023-01-31,0
CUST005612,590043.84,84,16.66,Personal,2025-07-03,0
CUST005613,632297.43,36,12.5,Education,2025-11-21,1
CUST005614,163661.43,60,8.96,Business,2024-06-19,0
CUST005615,781749.31,24,10.4,Home,2023-12-15,0
CUST005616,177395.3,48,10.51,Home,2025-01-30,0
CUST005617,135388.08,120,8.6,Auto,2024-11-05,0
CUST005618,942114.58,120,10.95,Personal,2024-08-18,0
CUST005619,410166.5,12,8.8,Business,2025-05-12,0
CUST005620,404358.98,48,7.93,Education,2024-03-26,0
CUST005621,393209.42,48,9.1,Education,2023-03-01,0
CUST005622,1536104.74,120,10.3,Home,2025-06-16,0
CUST005623,495020.62,60,8.38,Auto,2024-04-24,0
CUST005624,145217.11,60,15.12,Business,2023-04-25,0
CUST005625,144038.65,24,10.05,Home,2024-05-25,0
CUST005626,291787.94,36,9.12,Auto,2024-12-25,0
CUST005627,282934.72,120,8.59,Business,2024-02-01,0
CUST005628,884647.01,120,8.29,Education,2023-11-07,0
CUST005629,249361.32,24,14.58,Business,2025-12-19,0
CUST005630,810794.3,60,14.43,Personal,2025-06-29,0
CUST005631,591620.52,120,9.47,Home,2023-05-12,0
CUST005632,472295.19,48,12.07,Auto,2023-09-19,0
CUST005633,482047.61,12,15.9,Auto,2024-07-19,0
CUST005634,256063.83,84,13.19,Home,2024-12-09,0
CUST005635,531416.12,120,13.28,Personal,2024-01-15,0
CUST005636,622875.48,120,13.43,Education,2024-03-21,0
CUST005637,594479.05,12,14.77,Auto,2023-01-12,0
CUST005638,404649.94,24,9.99,Auto,2024-08-28,0
CUST005639,187794.32,84,6.41,Home,2024-12-23,0
CUST005640,83169.39,84,14.8,Personal,2023-03-15,0
CUST005641,158147.96,24,11.82,Business,2023-05-21,0
CUST005642,121515.36,36,11.38,Auto,2023-12-07,0
CUST005643,810903.96,60,13.77,Education,2023-07-15,0
CUST005644,350723.7,120,8.05,Home,2025-08-13,0
CUST005645,465759.75,36,16.39,Auto,2023-04-14,0
CUST005646,378457.34,24,11.78,Personal,2023-11-17,0
CUST005647,670608.39,84,11.82,Home,2024-07-13,0
CUST005648,175494.48,36,15.26,Home,2024-06-20,0
CUST005649,337109.06,36,9.07,Personal,2025-03-29,0
CUST005650,202337.58,60,11.41,Auto,2025-11-24,0
CUST005651,134523.72,36,7.84,Personal,2024-05-23,0
CUST005652,175245.25,24,7.29,Auto,2025-07-02,0
CUST005653,228747.78,84,12.35,Education,2024-08-08,0
CUST005654,1583312.61,48,9.92,Personal,2025-12-01,0
CUST005655,261206.62,12,14.41,Personal,2025-10-12,1
CUST005656,937447.73,36,12.97,Home,2025-04-07,1
CUST005657,79133.82,48,9.68,Home,2023-07-25,0
CUST005658,378017.48,36,6.0,Education,2025-10-26,0
CUST005659,624066.9,120,19.97,Personal,2025-10-09,0
CUST005660,186085.51,12,15.16,Auto,2025-07-11,0
CUST005661,1179922.0,84,7.22,Auto,2023-10-15,0
CUST005662,58496.11,120,9.19,Personal,2025-10-18,0
CUST005663,105160.62,36,6.0,Home,2025-05-29,0
CUST005664,415584.44,36,10.21,Education,2025-04-07,0
CUST005665,819578.11,84,7.28,Personal,2023-02-15,0
CUST005666,429892.79,84,6.2,Auto,2023-11-19,0
CUST005667,151394.28,12,9.11,Business,2025-07-31,0
CUST005668,158072.03,84,11.64,Auto,2025-11-09,0
CUST005669,415252.85,84,7.71,Education,2024-08-07,0
CUST005670,418145.41,12,13.51,Auto,2023-11-04,0
CUST005671,124432.73,36,6.55,Home,2023-05-14,0
CUST005672,337345.26,84,6.43,Auto,2023-01-10,0
CUST005673,432924.85,84,8.1,Home,2023-08-22,1
CUST005674,533543.73,24,10.57,Education,2023-04-08,0
CUST005675,1040669.3,60,15.56,Personal,2023-09-05,0
CUST005676,67373.78,120,10.7,Home,2025-01-29,0
CUST005677,644349.02,24,11.57,Personal,2025-09-17,0
CUST005678,125299.95,84,10.12,Personal,2024-04-09,0
CUST005679,147080.54,12,11.7,Business,2023-01-13,0
CUST005680,342690.49,36,16.93,Education,2023-12-18,0
CUST005681,1030482.27,84,13.3,Personal,2024-09-22,0
CUST005682,144465.0,60,6.26,Home,2025-01-15,0
CUST005683,457701.6,24,12.23,Business,2025-12-24,0
CUST005684,683342.43,60,8.7,Home,2023-09-06,0
CUST005685,33947.22,24,12.92,Home,2023-06-27,0
CUST005686,299488.55,12,14.91,Auto,2025-05-30,0
CUST005687,174666.85,36,8.01,Personal,2023-04-15,0
CUST005688,550535.75,36,7.72,Education,2023-09-03,0
CUST005689,905195.67,36,13.87,Business,2025-02-13,0
CUST005690,674805.15,36,13.05,Education,2023-02-02,0
CUST005691,562277.37,120,9.95,Home,2023-06-03,0
CUST005692,120399.21,120,16.43,Personal,2023-05-01,0
CUST005693,376715.92,60,10.16,Personal,2024-02-27,0
CUST005694,435347.36,84,13.12,Auto,2024-01-06,0
CUST005695,26668.74,120,11.37,Personal,2023-11-06,1
CUST005696,235285.9,84,8.38,Home,2025-02-04,0
CUST005697,148312.61,120,12.96,Business,2023-05-03,0
CUST005698,107622.71,36,9.53,Personal,2023-06-07,0
CUST005699,1020419.74,24,9.76,Personal,2025-02-28,0
CUST005700,1176523.66,12,16.48,Home,2024-03-20,1
CUST005701,665586.57,48,11.95,Business,2023-05-17,0
CUST005702,405076.74,60,12.08,Home,2025-06-24,0
CUST005703,1151990.2,48,10.08,Personal,2024-06-04,0
CUST005704,41619.35,60,12.74,Education,2023-05-19,0
CUST005705,663774.18,48,11.87,Business,2024-12-10,1
CUST005706,651938.6,120,11.87,Personal,2025-04-05,0
CUST005707,429576.57,84,6.0,Home,2024-04-08,0
CUST005708,144340.77,60,11.39,Business,2023-09-11,0
CUST005709,175349.44,24,13.74,Auto,2024-08-17,0
CUST005710,198589.16,24,10.76,Education,2023-07-27,0
CUST005711,534573.6,12,7.15,Home,2023-10-11,0
CUST005712,181879.15,120,13.64,Home,2024-11-22,1
CUST005713,497805.61,48,10.25,Personal,2023-04-17,0
CUST005714,936067.35,120,13.27,Business,2024-09-24,0
CUST005715,754967.98,36,6.0,Auto,2023-11-18,0
CUST005716,797952.29,120,12.29,Personal,2023-02-27,0
CUST005717,1009113.6,120,18.73,Home,2023-12-14,0
CUST005718,425766.41,84,13.77,Personal,2024-05-08,0
CUST005719,774382.14,84,6.0,Business,2025-03-25,1
CUST005720,361118.1,36,11.44,Home,2024-02-04,0
CUST005721,796134.93,24,10.57,Education,2024-05-25,0
CUST005722,534480.08,120,6.71,Auto,2023-06-01,0
CUST005723,1085052.66,120,7.84,Personal,2025-09-06,0
CUST005724,1001300.58,24,16.42,Home,2023-11-16,0
CUST005725,374666.23,60,11.84,Home,2024-12-24,0
CUST005726,286579.41,24,11.68,Auto,2025-08-27,0
CUST005727,149283.04,12,13.98,Auto,2024-11-09,0
CUST005728,318837.82,84,7.69,Auto,2025-04-26,0
CUST005729,641245.0,36,6.48,Business,2024-11-30,0
CUST005730,433845.62,48,11.69,Education,2023-06-14,0
CUST005731,243895.42,120,14.8,Personal,2025-11-07,0
CUST005732,249502.28,36,6.79,Personal,2023-05-03,0
CUST005733,797494.94,12,6.57,Home,2024-07-29,0
CUST005734,925837.3,24,11.12,Education,2024-12-25,0
CUST005735,300159.04,60,16.62,Home,2024-01-05,0
CUST005736,503260.32,36,6.0,Business,2023-08-10,0
CUST005737,956595.61,120,13.28,Home,2024-09-13,0
CUST005738,241183.36,60,8.97,Personal,2025-11-28,0
CUST005739,161563.93,48,9.65,Education,2024-04-23,0
CUST005740,124609.73,36,9.36,Education,2025-01-08,0
CUST005741,1061579.68,36,9.28,Education,2025-03-23,0
CUST005742,315833.08,120,7.12,Education,2023-03-22,0
CUST005743,894098.47,36,9.84,Education,2023-04-21,0
CUST005744,308680.24,36,16.47,Personal,2025-05-22,0
CUST005745,305228.27,120,12.11,Auto,2023-02-02,0
CUST005746,150916.28,36,10.31,Home,2024-04-30,0
CUST005747,326117.76,48,10.65,Home,2023-05-12,0
CUST005748,615810.89,120,10.64,Education,2025-04-25,1
CUST005749,396102.6,12,7.89,Business,2025-03-28,0
CUST005750,435094.12,24,12.79,Auto,2023-04-07,0
CUST005751,886891.19,24,6.0,Home,2025-11-10,0
CUST005752,952811.03,12,11.84,Personal,2023-07-23,1
CUST005753,135755.81,24,13.11,Personal,2023-08-16,0
CUST005754,96270.17,48,10.7,Personal,2024-12-13,0
CUST005755,125688.34,12,11.69,Business,2023-05-07,0
CUST005756,1059670.68,24,13.3,Personal,2025-10-12,0
CUST005757,1030922.99,48,7.89,Education,2025-02-28,0
CUST005758,88592.04,12,15.61,Home,2024-04-28,0
CUST005759,274449.12,48,6.65,Business,2024-08-22,0
CUST005760,301730.09,84,9.99,Education,2024-11-30,1
CUST005761,951515.2,60,8.39,Personal,2024-03-26,0
CUST005762,477316.6,120,8.88,Education,2025-10-27,0
CUST005763,87542.23,12,13.83,Auto,2025-02-28,0
CUST005764,279329.72,36,11.11,Personal,2023-09-23,0
CUST005765,943378.75,24,8.11,Home,2025-11-25,0
CUST005766,153662.42,12,10.15,Home,2023-11-25,0
CUST005767,578286.65,60,11.43,Home,2024-04-02,0
CUST005768,344820.35,84,9.93,Education,2024-12-18,0
CUST005769,1232325.8,120,11.98,Education,2023-02-13,0
CUST005770,1435916.41,60,9.2,Auto,2024-08-20,0
CUST005771,533375.64,120,8.96,Auto,2023-12-18,1
CUST005772,145434.18,36,10.5,Home,2025-04-16,0
CUST005773,939948.62,60,11.27,Home,2025-03-02,0
CUST005774,717443.98,120,12.91,Auto,2025-02-18,0
CUST005775,653312.27,36,10.85,Auto,2025-09-08,0
CUST005776,157935.29,24,8.1,Education,2023-10-29,0
CUST005777,644969.11,24,12.55,Home,2025-05-07,0
CUST005778,807500.97,120,7.5,Education,2023-12-14,0
CUST005779,222389.14,36,10.32,Home,2024-10-24,0
CUST005780,448310.71,120,13.22,Auto,2023-06-06,0
CUST005781,124514.17,24,10.4,Personal,2023-01-23,0
CUST005782,1373472.44,48,15.14,Personal,2023-11-08,0
CUST005783,167961.01,24,12.17,Education,2023-04-08,0
CUST005784,1148696.31,36,10.29,Home,2023-02-26,0
CUST005785,801978.19,48,13.62,Business,2025-11-19,0
CUST005786,472050.08,60,11.25,Education,2025-08-18,0
CUST005787,193983.0,24,14.01,Business,2025-05-28,1
CUST005788,172823.0,24,23.92,Home,2024-02-08,0
CUST005789,52140.41,120,9.4,Home,2025-01-15,0
CUST005790,358891.69,24,11.78,Personal,2023-02-25,0
CUST005791,323053.43,12,9.11,Personal,2024-05-12,1
CUST005792,226175.52,60,9.88,Auto,2023-04-29,0
CUST005793,99994.79,24,11.46,Personal,2025-07-27,0
CUST005794,174140.66,36,13.89,Home,2024-01-18,0
CUST005795,237586.41,36,9.91,Education,2025-07-25,0
CUST005796,237193.38,84,10.94,Home,2025-05-11,0
CUST005797,341797.33,120,9.01,Business,2023-10-31,0
CUST005798,106327.55,120,15.94,Auto,2024-10-29,0
CUST005799,318182.59,12,6.0,Home,2025-04-14,0
CUST005800,291095.97,36,14.02,Home,2024-03-25,0
CUST005801,459074.87,24,14.51,Business,2023-02-16,0
CUST005802,541826.73,60,12.06,Auto,2023-07-28,1
CUST005803,491994.21,12,12.44,Personal,2025-05-23,0
CUST005804,708000.68,48,17.62,Home,2025-07-02,0
CUST005805,1205073.68,48,10.8,Home,2024-04-05,0
CUST005806,503320.61,24,9.7,Auto,2025-03-17,0
CUST005807,325156.21,120,15.8,Home,2023-03-19,0
CUST005808,206259.77,84,7.42,Business,2025-06-22,0
CUST005809,507319.77,24,13.66,Auto,2023-02-04,0
CUST005810,170062.12,36,8.31,Home,2024-02-25,0
CUST005811,529259.58,36,9.73,Personal,2024-08-29,0
CUST005812,716748.55,36,7.95,Home,2024-04-24,1
CUST005813,510300.69,84,7.3,Personal,2025-07-16,0
CUST005814,168550.54,60,8.31,Home,2023-11-11,0
CUST005815,1010819.61,36,8.63,Business,2024-01-29,0
CUST005816,643657.69,120,9.48,Auto,2024-04-01,0
CUST005817,224470.99,60,9.63,Personal,2024-03-24,0
CUST005818,316690.83,36,8.91,Auto,2023-01-07,1
CUST005819,430936.72,48,13.74,Business,2024-02-12,0
CUST005820,329637.82,36,11.0,Auto,2024-12-10,0
CUST005821,194706.55,36,10.46,Auto,2023-11-22,0
CUST005822,24406.12,24,6.0,Business,2025-12-24,0
CUST005823,1274551.95,24,11.01,Business,2024-01-04,0
CUST005824,225087.44,48,10.16,Education,2025-11-22,0
CUST005825,160323.5,12,7.41,Auto,2024-10-14,0
CUST005826,496467.42,84,10.29,Personal,2024-01-25,1
CUST005827,501148.8,120,8.72,Personal,2023-11-27,0
CUST005828,186574.61,12,7.44,Education,2025-04-02,0
CUST005829,126449.69,120,12.96,Personal,2023-06-16,0
CUST005830,930642.34,24,11.17,Home,2024-01-11,0
CUST005831,356257.77,12,6.41,Personal,2023-09-14,0
CUST005832,90332.07,24,6.0,Education,2024-04-05,0
CUST005833,458818.98,36,12.63,Education,2025-04-29,0
CUST005834,893324.51,12,10.35,Business,2024-09-01,0
CUST005835,400636.87,60,6.11,Business,2024-09-02,0
CUST005836,146435.4,24,11.9,Personal,2023-12-18,0
CUST005837,417992.07,12,9.49,Auto,2023-09-22,0
CUST005838,205430.94,60,13.59,Auto,2024-06-04,0
CUST005839,202186.57,84,13.58,Auto,2023-12-08,0
CUST005840,237447.05,48,12.02,Home,2023-04-22,0
CUST005841,135002.0,12,8.87,Personal,2023-02-04,0
CUST005842,325974.8,36,10.28,Personal,2024-08-23,0
CUST005843,155548.99,12,9.54,Business,2023-10-22,1
CUST005844,860161.58,60,11.11,Business,2025-12-20,0
CUST005845,327400.02,36,6.62,Education,2024-10-28,0
CUST005846,1119529.97,84,16.19,Education,2023-07-09,0
CUST005847,378773.28,120,15.67,Business,2024-01-25,0
CUST005848,81871.48,48,6.38,Personal,2024-12-31,0
CUST005849,812127.06,60,12.2,Education,2024-08-30,0
CUST005850,276249.83,84,6.0,Personal,2024-09-08,0
CUST005851,851565.66,12,13.69,Auto,2023-06-19,0
CUST005852,131242.29,60,9.1,Education,2025-08-01,0
CUST005853,570747.7,48,9.55,Business,2023-06-16,0
CUST005854,597483.49,60,9.26,Home,2025-04-05,0
CUST005855,1673947.19,48,6.62,Auto,2023-03-17,0
CUST005856,1380210.32,60,12.47,Education,2024-03-14,0
CUST005857,596358.22,12,10.03,Home,2025-06-26,0
CUST005858,157805.71,60,6.0,Personal,2023-01-20,0
CUST005859,250521.07,60,17.55,Personal,2024-08-23,0
CUST005860,641684.25,60,11.25,Home,2023-01-09,0
CUST005861,571144.68,12,11.57,Home,2025-05-25,0
CUST005862,717089.55,48,11.35,Business,2023-10-01,0
CUST005863,657982.71,36,13.71,Auto,2025-10-21,0
CUST005864,849838.7,36,8.37,Personal,2024-09-11,0
CUST005865,204691.04,24,12.8,Home,2025-02-17,0
CUST005866,579615.92,120,10.16,Personal,2025-11-13,0
CUST005867,268832.61,36,12.36,Education,2025-09-06,0
CUST005868,293332.95,84,14.03,Auto,2023-09-06,0
CUST005869,230615.06,84,14.98,Auto,2024-09-21,0
CUST005870,755604.34,60,10.32,Auto,2024-12-04,0
CUST005871,544422.96,120,14.1,Education,2024-06-24,0
CUST005872,426432.93,120,14.19,Education,2025-09-01,0
CUST005873,508395.02,120,8.66,Auto,2024-09-10,0
CUST005874,327975.26,48,6.0,Home,2023-09-26,1
CUST005875,583144.93,84,11.58,Auto,2025-02-08,0
CUST005876,1858211.66,84,9.86,Auto,2023-04-08,0
CUST005877,109614.34,120,10.9,Auto,2023-10-16,0
CUST005878,114823.41,84,10.89,Home,2025-12-08,0
CUST005879,187418.35,12,6.12,Home,2024-02-03,0
CUST005880,323789.24,24,9.95,Business,2024-07-03,0
CUST005881,1049031.59,84,13.67,Personal,2025-08-12,0
CUST005882,255663.13,60,10.69,Business,2024-08-08,0
CUST005883,401684.45,48,15.79,Personal,2025-12-07,0
CUST005884,512742.4,60,8.21,Business,2024-11-01,1
CUST005885,1568777.83,120,11.27,Business,2024-12-26,0
CUST005886,688526.15,36,7.79,Home,2024-07-30,0
CUST005887,84166.74,60,12.44,Education,2023-06-26,0
CUST005888,211088.42,12,13.29,Business,2025-03-08,0
CUST005889,244296.7,60,11.72,Education,2024-05-05,0
CUST005890,379155.74,60,11.63,Home,2024-12-22,0
CUST005891,515659.74,12,6.0,Personal,2024-04-17,1
CUST005892,752604.75,120,10.3,Education,2023-05-08,1
CUST005893,1197277.33,36,11.82,Home,2025-09-01,1
CUST005894,223520.76,48,11.47,Home,2024-04-03,0
CUST005895,554760.28,84,6.0,Home,2023-10-31,0
CUST005896,159312.02,12,6.55,Business,2025-05-04,0
CUST005897,204864.66,12,11.34,Education,2023-03-19,1
CUST005898,237118.47,36,8.99,Education,2024-11-25,0
CUST005899,276457.18,60,9.2,Auto,2025-02-16,0
CUST005900,427417.84,60,14.67,Personal,2024-10-11,0
CUST005901,169530.62,84,6.99,Education,2025-05-28,0
CUST005902,2040390.46,12,10.72,Auto,2025-03-22,1
CUST005903,121793.15,36,6.71,Education,2024-03-20,0
CUST005904,331999.98,36,10.79,Business,2023-11-08,0
CUST005905,717668.68,84,12.2,Business,2025-01-07,0
CUST005906,145587.05,120,13.02,Home,2024-03-05,0
CUST005907,491234.1,48,9.02,Personal,2023-03-21,0
CUST005908,503628.73,84,12.17,Business,2024-01-16,0
CUST005909,148005.71,36,10.83,Personal,2025-10-07,0
CUST005910,586541.6,120,6.0,Home,2025-03-22,0
CUST005911,51923.65,48,9.62,Education,2023-10-29,0
CUST005912,251588.91,24,8.51,Home,2025-03-18,0
CUST005913,1105575.37,60,11.6,Personal,2024-09-17,0
CUST005914,687782.16,84,9.33,Personal,2023-03-20,0
CUST005915,338486.11,84,13.4,Auto,2024-04-18,0
CUST005916,238234.44,120,8.81,Business,2025-05-21,0
CUST005917,817275.76,48,13.26,Business,2024-03-08,0
CUST005918,1492130.63,48,10.7,Education,2025-01-10,1
CUST005919,1076884.54,48,9.55,Personal,2023-06-09,0
CUST005920,1028990.68,60,12.27,Home,2023-12-14,0
CUST005921,497202.95,48,17.63,Education,2025-08-17,0
CUST005922,322264.51,84,13.94,Personal,2023-01-31,0
CUST005923,427848.63,24,7.1,Business,2023-07-18,0
CUST005924,188587.6,12,9.4,Auto,2025-09-13,0
CUST005925,372282.66,120,13.02,Business,2024-04-23,0
CUST005926,177348.73,84,14.6,Education,2024-01-10,0
CUST005927,161117.57,12,9.6,Business,2023-09-05,0
CUST005928,90885.61,120,10.88,Personal,2023-11-24,0
CUST005929,351931.41,48,6.03,Business,2023-02-18,0
CUST005930,117321.36,84,8.06,Auto,2023-06-09,0
CUST005931,154662.91,36,9.27,Home,2023-08-01,0
CUST005932,225521.03,24,13.1,Business,2024-10-16,1
CUST005933,157599.78,120,7.16,Personal,2023-02-02,0
CUST005934,12630.37,36,10.54,Auto,2023-06-21,0
CUST005935,138892.31,84,13.52,Personal,2024-05-05,0
CUST005936,178179.12,84,11.05,Personal,2024-07-11,0
CUST005937,121031.82,12,9.4,Education,2025-11-08,0
CUST005938,1083814.34,36,9.55,Home,2024-01-11,1
CUST005939,1548903.07,60,11.99,Business,2024-08-11,0
CUST005940,552156.04,12,8.29,Auto,2023-04-12,0
CUST005941,51204.5,24,17.88,Business,2023-01-08,0
CUST005942,428820.98,120,13.95,Home,2025-02-16,0
CUST005943,58942.32,84,11.65,Personal,2025-10-16,0
CUST005944,543524.14,48,6.2,Business,2025-07-27,1
CUST005945,86964.59,60,10.06,Auto,2023-09-13,0
CUST005946,1631542.31,60,6.0,Education,2023-03-27,0
CUST005947,191234.64,24,9.25,Home,2024-09-13,0
CUST005948,1036300.42,48,10.75,Personal,2024-05-11,0
CUST005949,107595.69,36,10.98,Education,2025-05-22,0
CUST005950,1435043.09,84,14.84,Home,2023-04-02,0
CUST005951,48832.26,36,11.72,Home,2025-10-09,0
CUST005952,427458.43,12,12.2,Home,2025-06-21,0
CUST005953,456094.69,24,9.69,Education,2023-04-17,0
CUST005954,938718.11,120,9.54,Auto,2023-12-17,0
CUST005955,508771.44,36,12.8,Home,2024-08-15,0
CUST005956,408983.96,36,11.85,Auto,2024-03-01,0
CUST005957,346109.64,12,10.32,Auto,2024-08-15,0
CUST005958,354363.83,36,7.26,Home,2025-12-12,0
CUST005959,969308.76,36,8.94,Education,2024-06-02,0
CUST005960,482543.94,12,15.46,Education,2025-09-21,0
CUST005961,699413.13,12,9.03,Auto,2023-12-29,0
CUST005962,688488.52,120,10.47,Personal,2025-06-30,0
CUST005963,264139.44,24,11.29,Business,2024-04-15,0
CUST005964,192238.16,48,14.02,Auto,2023-10-20,1
CUST005965,745948.37,12,10.78,Auto,2025-11-22,0
CUST005966,317450.98,24,10.41,Home,2023-06-25,0
CUST005967,126136.78,120,11.46,Home,2025-01-27,0
CUST005968,109789.18,48,14.6,Education,2025-02-20,0
CUST005969,188487.81,24,18.08,Auto,2023-06-18,1
CUST005970,832834.38,120,14.05,Auto,2024-02-04,0
CUST005971,981439.34,84,9.97,Education,2025-06-21,0
CUST005972,756361.29,24,15.07,Education,2024-09-08,0
CUST005973,330845.11,60,11.36,Home,2023-03-24,0
CUST005974,324482.99,36,8.83,Personal,2025-12-08,0
CUST005975,1616692.13,48,10.34,Personal,2024-09-15,1
CUST005976,836177.76,84,8.43,Education,2024-12-25,1
CUST005977,222916.22,24,11.36,Personal,2024-03-03,0
CUST005978,286948.98,24,15.43,Auto,2025-04-11,0
CUST005979,580402.79,48,10.52,Personal,2025-06-19,0
CUST005980,429007.66,120,10.23,Personal,2024-07-24,0
CUST005981,721090.8,60,8.64,Home,2023-03-01,0
CUST005982,865855.43,120,10.22,Business,2023-04-02,1
CUST005983,285118.67,48,9.9,Business,2024-10-24,0
CUST005984,33779.55,60,11.33,Personal,2024-03-17,0
CUST005985,796350.1,12,10.66,Auto,2025-11-24,1
CUST005986,441686.58,120,7.86,Auto,2025-06-30,0
CUST005987,1257178.42,24,11.78,Business,2025-05-31,0
CUST005988,854137.7,84,10.07,Home,2023-04-10,0
CUST005989,490553.3,60,11.71,Home,2024-03-05,0
CUST005990,344331.32,120,8.14,Home,2024-12-18,0
CUST005991,211303.65,60,14.23,Business,2023-12-25,0
CUST005992,728329.25,120,13.99,Home,2025-12-25,0
CUST005993,1411182.24,24,12.97,Education,2023-08-01,0
CUST005994,598117.32,12,11.18,Business,2023-10-04,0
CUST005995,135766.85,48,9.7,Education,2025-05-19,0
CUST005996,905908.95,120,8.9,Auto,2024-12-12,0
CUST005997,1011203.86,12,14.38,Home,2024-12-24,0
CUST005998,206302.74,120,14.62,Business,2025-08-01,0
CUST005999,174036.8,120,10.1,Personal,2023-11-06,0
CUST006000,1178973.11,36,11.9,Education,2024-12-31,0
CUST006001,376628.19,24,9.94,Personal,2023-08-20,0
CUST006002,720009.97,48,10.02,Business,2025-12-12,0
CUST006003,175396.47,120,9.35,Business,2024-08-31,0
CUST006004,633059.57,36,11.37,Home,2025-03-08,0
CUST006005,56973.28,60,10.41,Auto,2024-10-26,0
CUST006006,368003.94,84,9.98,Auto,2025-02-23,0
CUST006007,61312.62,84,9.48,Business,2023-06-11,0
CUST006008,1011448.06,24,8.87,Personal,2024-07-04,0
CUST006009,946052.43,12,10.81,Education,2024-02-20,1
CUST006010,509867.69,60,7.0,Personal,2023-02-16,0
CUST006011,575561.5,12,11.74,Home,2025-11-02,0
CUST006012,1054972.57,12,16.34,Business,2024-07-12,0
CUST006013,472273.92,12,6.07,Auto,2023-06-29,0
CUST006014,464975.17,60,12.18,Personal,2024-04-17,0
CUST006015,1499325.45,84,13.55,Business,2024-03-28,0
CUST006016,572043.35,12,6.35,Education,2023-05-10,0
CUST006017,894751.44,120,11.06,Business,2025-06-21,0
CUST006018,841882.24,60,13.41,Business,2025-06-22,0
CUST006019,1073441.41,60,6.0,Education,2025-02-17,0
CUST006020,220455.33,60,13.67,Home,2023-03-09,0
CUST006021,554266.33,24,6.0,Home,2023-09-11,0
CUST006022,1273407.43,48,11.66,Home,2024-08-17,0
CUST006023,679590.98,12,11.61,Auto,2023-09-12,0
CUST006024,238829.47,12,11.71,Personal,2023-08-11,0
CUST006025,214985.63,24,12.98,Personal,2025-08-21,0
CUST006026,418851.84,36,7.29,Home,2023-09-06,0
CUST006027,131246.63,12,11.51,Education,2023-04-16,0
CUST006028,586854.29,36,11.7,Personal,2025-10-29,0
CUST006029,187913.16,60,9.55,Home,2024-10-25,0
CUST006030,483980.08,60,9.71,Personal,2025-09-10,0
CUST006031,231518.74,24,9.63,Home,2023-03-11,0
CUST006032,1831159.8,24,12.05,Personal,2023-04-04,1
CUST006033,408276.28,48,12.33,Personal,2024-03-03,0
CUST006034,696374.69,120,8.7,Personal,2025-06-30,0
CUST006035,60057.42,60,13.99,Business,2024-05-05,0
CUST006036,1044640.22,60,10.51,Auto,2023-05-21,0
CUST006037,995436.73,120,12.79,Home,2023-02-15,0
CUST006038,315401.39,12,6.15,Auto,2025-07-18,0
CUST006039,332927.96,48,12.08,Personal,2024-10-25,1
CUST006040,208645.65,48,7.78,Personal,2025-03-17,0
CUST006041,374124.5,48,10.25,Home,2024-11-30,0
CUST006042,195999.72,84,6.0,Education,2025-08-31,0
CUST006043,228155.41,120,13.44,Education,2025-10-26,0
CUST006044,1617943.05,60,10.18,Personal,2025-01-12,0
CUST006045,306537.82,24,9.12,Home,2025-10-14,0
CUST006046,386971.4,48,10.29,Business,2023-08-26,0
CUST006047,411947.32,60,9.43,Home,2024-11-24,0
CUST006048,286423.33,36,10.01,Education,2025-02-11,0
CUST006049,783011.22,36,6.0,Home,2024-06-09,0
CUST006050,187295.47,24,11.78,Education,2024-02-25,0
CUST006051,1048532.63,120,12.16,Education,2023-10-11,1
CUST006052,614342.75,60,11.87,Business,2024-08-03,0
CUST006053,662322.52,120,11.61,Education,2024-04-23,0
CUST006054,577233.56,24,13.93,Business,2025-11-18,0
CUST006055,880192.51,24,10.63,Business,2023-09-23,0
CUST006056,437975.17,24,15.07,Personal,2023-11-11,0
CUST006057,690670.77,36,10.54,Business,2025-03-05,0
CUST006058,275870.66,12,12.65,Education,2025-12-08,0
CUST006059,459626.4,60,8.01,Home,2023-02-18,0
CUST006060,1211317.02,12,6.0,Business,2025-07-05,0
CUST006061,682734.04,84,13.22,Business,2023-05-31,0
CUST006062,609939.43,48,6.26,Personal,2023-02-11,0
CUST006063,494894.97,48,6.0,Education,2024-10-20,0
CUST006064,528998.56,84,9.57,Education,2025-01-22,0
CUST006065,882290.88,24,11.87,Education,2024-05-11,0
CUST006066,629385.67,60,13.03,Auto,2024-04-05,0
CUST006067,676310.91,120,9.32,Auto,2024-04-20,0
CUST006068,1252038.13,12,14.37,Personal,2025-01-24,0
CUST006069,141737.55,84,12.6,Home,2024-10-16,1
CUST006070,701512.54,24,6.46,Education,2025-03-15,0
CUST006071,523282.04,12,6.0,Personal,2025-07-15,0
CUST006072,631510.24,60,9.03,Business,2024-10-26,1
CUST006073,244444.86,36,12.74,Personal,2024-04-15,0
CUST006074,330177.67,12,16.03,Business,2025-08-08,0
CUST006075,449150.58,60,10.53,Auto,2025-05-15,0
CUST006076,238499.92,48,6.5,Home,2025-01-29,0
CUST006077,40934.84,120,6.86,Personal,2024-07-23,0
CUST006078,516702.86,12,12.16,Personal,2025-06-06,0
CUST006079,1533685.78,24,10.26,Business,2023-04-21,0
CUST006080,478243.14,12,17.65,Personal,2023-07-17,0
CUST006081,372635.76,120,15.09,Personal,2023-09-02,0
CUST006082,256830.09,60,13.09,Home,2025-02-09,0
CUST006083,728393.54,84,10.27,Home,2024-08-11,0
CUST006084,1748013.94,36,13.72,Home,2025-05-06,0
CUST006085,840282.05,120,14.78,Personal,2023-11-24,0
CUST006086,399725.47,12,11.7,Personal,2023-07-15,0
CUST006087,561560.44,36,7.55,Auto,2024-12-30,0
CUST006088,642658.13,48,10.7,Education,2024-09-29,0
CUST006089,336049.01,84,7.99,Auto,2025-01-29,0
CUST006090,298498.56,36,9.54,Home,2023-05-21,0
CUST006091,126463.26,48,11.86,Personal,2024-04-30,0
CUST006092,70222.38,60,12.66,Education,2025-06-24,0
CUST006093,341598.09,120,7.37,Business,2023-04-18,1
CUST006094,125436.87,12,13.09,Personal,2023-10-26,0
CUST006095,178860.87,24,6.71,Personal,2023-06-05,0
CUST006096,218547.3,48,6.0,Auto,2025-11-25,0
CUST006097,322822.06,36,6.68,Auto,2025-09-19,0
CUST006098,250804.41,36,11.38,Education,2025-03-23,0
CUST006099,379123.63,60,8.36,Personal,2025-10-31,0
CUST006100,643777.06,48,13.95,Education,2025-01-10,0
CUST006101,446203.9,48,11.21,Education,2024-08-24,0
CUST006102,193829.24,60,9.25,Education,2023-05-24,0
CUST006103,559573.67,36,8.39,Business,2023-02-24,0
CUST006104,497959.91,24,17.29,Auto,2025-11-02,0
CUST006105,388379.49,36,7.2,Home,2024-11-08,0
CUST006106,223106.83,48,7.04,Education,2023-11-27,0
CUST006107,1083146.79,48,9.89,Education,2025-07-08,0
CUST006108,92263.22,24,7.34,Home,2024-12-28,0
CUST006109,56301.65,36,9.11,Business,2024-02-04,0
CUST006110,720803.11,24,6.0,Personal,2024-05-23,0
CUST006111,38787.09,36,14.18,Auto,2023-01-15,0
CUST006112,156625.38,12,9.98,Business,2023-07-13,0
CUST006113,36204.07,120,6.0,Business,2025-11-26,0
CUST006114,282757.45,84,10.37,Home,2023-07-11,0
CUST006115,263280.11,48,11.86,Auto,2023-11-10,0
CUST006116,572711.64,84,14.05,Auto,2025-12-15,0
CUST006117,777875.77,12,13.8,Auto,2025-09-10,0
CUST006118,1021111.03,60,17.3,Education,2024-11-11,0
CUST006119,405891.97,12,10.74,Home,2023-03-26,0
CUST006120,640949.84,36,15.41,Personal,2025-05-02,0
CUST006121,1042825.15,60,8.9,Education,2025-05-16,0
CUST006122,1309348.14,48,6.0,Education,2024-11-07,1
CUST006123,277430.17,24,7.44,Education,2024-01-20,0
CUST006124,787819.87,36,9.36,Auto,2023-11-08,0
CUST006125,222438.03,120,6.0,Education,2024-12-07,0
CUST006126,636881.05,120,6.74,Personal,2025-02-12,0
CUST006127,245034.51,60,9.47,Home,2024-10-30,0
CUST006128,595665.44,84,7.74,Business,2023-11-02,0
CUST006129,254726.12,12,14.62,Education,2024-01-18,0
CUST006130,429396.14,48,10.8,Personal,2024-07-02,0
CUST006131,666776.51,24,6.24,Auto,2024-01-25,0
CUST006132,22659.95,48,9.96,Business,2024-01-02,0
CUST006133,523704.71,84,7.35,Education,2023-04-25,0
CUST006134,212496.14,24,8.29,Home,2025-03-24,0
CUST006135,70373.67,120,11.56,Personal,2024-06-23,0
CUST006136,557985.32,48,8.4,Business,2023-07-31,0
CUST006137,602922.63,48,11.65,Auto,2025-05-04,0
CUST006138,755473.82,36,10.3,Home,2025-09-25,0
CUST006139,52227.15,60,13.32,Business,2023-08-18,0
CUST006140,460546.25,84,10.31,Home,2025-03-22,0
CUST006141,551440.79,48,8.32,Education,2025-02-05,0
CUST006142,561797.38,12,13.31,Education,2023-09-13,0
CUST006143,628302.45,48,7.94,Education,2024-10-12,0
CUST006144,943668.08,24,10.84,Home,2025-02-08,0
CUST006145,234547.05,48,6.69,Personal,2024-09-30,0
CUST006146,331363.44,120,10.82,Auto,2023-02-19,0
CUST006147,272449.1,12,7.54,Auto,2024-12-13,0
CUST006148,885498.93,84,11.1,Auto,2023-12-13,1
CUST006149,764023.22,120,8.9,Business,2025-11-05,0
CUST006150,617319.8,60,8.25,Business,2025-08-25,0
CUST006151,498721.82,24,9.22,Business,2023-07-16,0
CUST006152,1524684.8,84,12.61,Auto,2023-11-21,1
CUST006153,864828.78,12,8.4,Education,2024-04-14,0
CUST006154,69246.22,36,6.0,Home,2023-02-11,0
CUST006155,115894.39,24,12.01,Education,2024-07-09,0
CUST006156,168726.68,84,11.99,Auto,2023-03-25,0
CUST006157,337041.33,48,12.76,Home,2025-05-23,0
CUST006158,991279.41,12,9.8,Home,2024-01-25,1
CUST006159,711019.14,24,8.97,Auto,2025-11-28,1
CUST006160,592126.95,60,15.7,Business,2024-12-10,0
CUST006161,181316.94,60,17.26,Auto,2023-05-30,0
CUST006162,234139.56,24,8.89,Auto,2025-02-17,0
CUST006163,1029100.9,120,6.0,Personal,2025-08-10,0
CUST006164,506055.26,60,12.14,Home,2024-03-07,0
CUST006165,743005.21,84,6.0,Business,2025-01-26,0
CUST006166,805448.56,120,10.14,Personal,2024-01-19,1
CUST006167,950677.59,12,8.76,Home,2024-02-28,0
CUST006168,490107.86,84,12.0,Education,2024-08-10,0
CUST006169,550269.74,48,12.66,Personal,2024-03-23,0
CUST006170,419799.3,120,12.99,Education,2023-12-01,0
CUST006171,628637.71,120,11.39,Business,2024-03-30,0
CUST006172,215914.42,120,14.67,Auto,2023-02-09,0
CUST006173,1012013.55,36,8.16,Education,2024-08-30,0
CUST006174,808929.43,36,6.51,Business,2025-07-27,0
CUST006175,268222.34,12,15.14,Business,2024-01-01,0
CUST006176,544277.91,12,7.9,Home,2024-09-03,0
CUST006177,237040.54,48,10.33,Auto,2023-07-13,1
CUST006178,185987.62,36,9.17,Personal,2024-08-26,0
CUST006179,405057.95,48,14.98,Business,2025-05-12,0
CUST006180,314457.36,60,14.32,Personal,2023-09-26,0
CUST006181,497315.7,24,7.61,Auto,2023-08-21,0
CUST006182,389668.16,12,11.66,Education,2024-06-26,0
CUST006183,606305.99,36,11.32,Home,2023-09-14,0
CUST006184,388019.72,120,8.98,Business,2024-04-18,0
CUST006185,447316.02,12,6.91,Education,2023-06-20,0
CUST006186,318660.57,60,7.81,Personal,2024-09-08,0
CUST006187,230436.07,12,7.16,Personal,2023-03-14,0
CUST006188,721254.77,12,14.67,Education,2025-02-04,0
CUST006189,289266.68,36,11.23,Education,2025-04-27,0
CUST006190,251414.58,60,10.53,Home,2025-10-28,0
CUST006191,181582.9,120,8.07,Auto,2023-04-14,0
CUST006192,508446.08,84,12.91,Home,2025-11-27,0
CUST006193,267411.24,84,6.77,Personal,2024-04-24,0
CUST006194,568264.65,60,11.68,Business,2025-12-29,0
CUST006195,417542.88,24,9.29,Home,2023-04-30,0
CUST006196,634903.34,24,13.45,Education,2025-02-18,0
CUST006197,184622.97,60,18.29,Auto,2025-09-22,0
CUST006198,1396825.93,36,10.44,Personal,2023-10-13,1
CUST006199,770796.58,12,10.2,Personal,2023-08-04,0
CUST006200,670312.22,36,10.23,Business,2024-06-14,0
CUST006201,667680.37,84,11.15,Auto,2025-06-02,0
CUST006202,496329.76,12,12.15,Education,2024-09-23,0
CUST006203,619938.01,48,10.6,Auto,2023-07-03,1
CUST006204,970520.47,24,9.73,Auto,2025-06-02,1
CUST006205,333163.23,12,11.17,Auto,2025-01-31,0
CUST006206,301582.71,36,15.17,Home,2025-08-03,0
CUST006207,390429.23,48,11.94,Education,2023-04-27,0
CUST006208,619755.14,48,9.31,Business,2025-11-05,0
CUST006209,636839.18,84,9.63,Education,2023-08-24,0
CUST006210,569113.29,48,7.02,Personal,2025-12-25,0
CUST006211,374411.85,84,6.9,Business,2024-12-24,1
CUST006212,428580.89,36,14.67,Business,2025-08-17,0
CUST006213,121035.03,48,12.98,Business,2023-10-04,0
CUST006214,541767.81,60,16.05,Education,2025-02-05,1
CUST006215,58844.64,120,13.0,Personal,2025-04-19,0
CUST006216,1574035.82,24,9.74,Auto,2025-10-17,0
CUST006217,359194.03,24,11.32,Home,2023-02-14,1
CUST006218,482548.34,36,10.39,Education,2025-12-29,1
CUST006219,488470.02,120,8.49,Home,2023-05-06,0
CUST006220,1149819.08,36,8.39,Business,2023-11-19,1
CUST006221,118594.86,120,16.38,Business,2024-11-16,0
CUST006222,1129428.13,48,13.69,Education,2025-03-14,0
CUST006223,334285.3,84,14.73,Home,2025-01-15,0
CUST006224,571307.64,48,8.26,Auto,2023-07-04,0
CUST006225,909875.16,36,13.44,Home,2025-11-14,1
CUST006226,653034.52,84,10.69,Home,2023-11-06,1
CUST006227,645090.3,12,11.71,Auto,2024-02-03,0
CUST006228,512368.06,48,10.17,Auto,2023-09-03,0
CUST006229,515823.7,120,15.63,Home,2023-11-04,1
CUST006230,1112864.15,24,6.29,Home,2025-10-23,0
CUST006231,954087.21,60,13.29,Personal,2023-09-11,0
CUST006232,70013.13,12,6.0,Business,2025-09-02,0
CUST006233,559761.99,60,13.18,Business,2023-01-22,0
CUST006234,396577.77,84,9.61,Business,2025-03-24,0
CUST006235,361452.28,120,13.63,Personal,2023-06-02,0
CUST006236,249266.83,84,14.13,Business,2024-04-09,0
CUST006237,72840.25,36,12.81,Education,2024-01-26,0
CUST006238,2318791.96,48,20.21,Education,2025-02-08,1
CUST006239,621872.21,84,10.9,Education,2024-02-23,0
CUST006240,408639.52,36,10.63,Personal,2024-08-29,0
CUST006241,177614.91,12,8.84,Personal,2023-08-09,0
CUST006242,537094.26,48,9.01,Education,2025-10-05,0
CUST006243,618402.08,36,16.5,Home,2024-08-30,0
CUST006244,347833.59,36,13.03,Auto,2024-08-17,0
CUST006245,978323.11,84,12.3,Personal,2025-02-04,0
CUST006246,286407.94,36,8.55,Auto,2025-10-26,0
CUST006247,381548.26,84,13.48,Auto,2024-12-11,0
CUST006248,143042.73,12,12.84,Business,2024-03-10,0
CUST006249,440461.86,24,13.47,Personal,2025-08-13,0
CUST006250,714660.39,120,8.26,Personal,2024-01-06,0
CUST006251,65446.42,120,13.96,Personal,2023-08-09,0
CUST006252,261407.68,48,6.31,Home,2025-07-27,0
CUST006253,610157.0,48,14.61,Education,2025-09-06,0
CUST006254,253507.54,48,10.91,Personal,2025-07-20,1
CUST006255,1457944.32,36,7.33,Business,2023-03-09,0
CUST006256,80790.68,48,11.48,Education,2024-12-15,0
CUST006257,1134354.21,84,14.29,Auto,2023-11-30,0
CUST006258,429618.26,84,10.34,Education,2024-05-17,0
CUST006259,559336.19,12,13.34,Education,2024-09-04,0
CUST006260,954134.57,36,11.6,Business,2023-03-22,0
CUST006261,138297.95,48,8.16,Personal,2024-01-08,0
CUST006262,947885.41,48,6.21,Business,2023-01-31,0
CUST006263,829792.67,48,13.8,Home,2024-02-01,0
CUST006264,715380.59,84,11.61,Personal,2024-10-25,0
CUST006265,379646.92,24,9.38,Business,2023-05-06,0
CUST006266,572150.96,84,10.52,Personal,2025-05-13,0
CUST006267,104218.42,120,15.99,Auto,2024-03-20,0
CUST006268,1353398.76,12,11.47,Personal,2023-11-21,0
CUST006269,597923.51,12,7.78,Personal,2024-05-23,1
CUST006270,546949.41,36,12.04,Business,2025-12-12,0
CUST006271,361886.41,60,18.49,Personal,2024-05-22,0
CUST006272,251350.22,36,8.68,Education,2025-11-06,1
CUST006273,586787.24,24,6.0,Personal,2023-08-26,1
CUST006274,1043120.85,60,10.17,Auto,2023-06-16,1
CUST006275,182579.14,48,11.44,Auto,2024-08-26,0
CUST006276,416893.31,12,11.63,Auto,2024-12-01,0
CUST006277,861604.55,12,11.36,Personal,2024-08-01,1
CUST006278,498396.56,120,11.07,Home,2025-10-21,0
CUST006279,194152.9,36,12.04,Personal,2025-10-15,1
CUST006280,355952.09,24,12.23,Home,2024-01-21,0
CUST006281,1437623.25,48,10.9,Education,2023-10-02,1
CUST006282,898212.04,24,6.0,Education,2023-06-30,0
CUST006283,812483.97,12,11.58,Personal,2025-04-14,0
CUST006284,710680.14,60,14.14,Personal,2024-05-31,0
CUST006285,52087.09,48,11.91,Business,2023-03-08,0
CUST006286,289238.72,84,12.11,Education,2024-12-26,0
CUST006287,1089377.61,48,6.15,Auto,2023-05-31,1
CUST006288,982623.93,48,6.0,Education,2024-11-20,0
CUST006289,153993.51,24,7.51,Auto,2024-01-26,0
CUST006290,914804.11,36,10.61,Auto,2025-02-10,0
CUST006291,328229.27,36,9.31,Education,2023-02-24,0
CUST006292,323220.9,48,8.59,Auto,2023-02-24,0
CUST006293,300465.9,12,8.99,Home,2023-01-19,0
CUST006294,309956.68,84,10.36,Personal,2024-08-21,0
CUST006295,272143.28,36,13.61,Business,2023-06-23,0
CUST006296,319661.85,60,15.41,Education,2023-01-08,0
CUST006297,116605.22,12,10.6,Business,2024-01-09,0
CUST006298,145484.45,60,11.04,Education,2024-11-05,0
CUST006299,319480.01,48,13.7,Education,2024-01-16,0
CUST006300,1129712.01,12,14.48,Personal,2025-03-11,0
CUST006301,705234.34,120,12.18,Personal,2023-01-29,0
CUST006302,32975.62,36,12.45,Auto,2024-08-18,0
CUST006303,196851.72,12,13.23,Personal,2024-10-20,0
CUST006304,644862.36,60,10.57,Education,2024-03-05,1
CUST006305,315666.07,84,12.54,Auto,2025-11-20,0
CUST006306,85959.65,12,12.31,Business,2025-04-24,0
CUST006307,552226.18,84,13.94,Education,2023-08-04,0
CUST006308,331684.28,60,8.96,Personal,2025-12-18,0
CUST006309,388986.12,24,7.97,Education,2024-05-28,1
CUST006310,163816.12,12,11.25,Business,2024-01-17,0
CUST006311,535984.35,48,14.29,Education,2025-01-02,0
CUST006312,816760.04,24,13.33,Home,2025-02-01,1
CUST006313,465268.15,120,6.75,Auto,2024-04-29,0
CUST006314,370245.35,60,10.35,Personal,2025-04-26,1
CUST006315,20284.04,120,14.52,Home,2024-08-11,0
CUST006316,887607.08,48,13.62,Personal,2025-02-12,0
CUST006317,19456.58,84,8.91,Education,2023-07-09,0
CUST006318,129360.7,84,14.42,Education,2025-06-15,0
CUST006319,1340635.12,36,8.23,Education,2023-09-26,0
CUST006320,171444.38,48,6.0,Auto,2024-06-24,0
CUST006321,509918.52,12,6.83,Personal,2025-02-22,1
CUST006322,403586.55,12,8.28,Business,2024-07-17,0
CUST006323,442467.4,84,7.59,Auto,2024-01-04,1
CUST006324,416731.4,84,11.6,Auto,2025-04-05,0
CUST006325,500823.3,48,10.9,Home,2023-09-09,0
CUST006326,182704.46,24,13.3,Business,2024-09-13,1
CUST006327,496536.38,24,12.84,Education,2025-02-11,0
CUST006328,103891.02,84,16.59,Personal,2024-10-10,0
CUST006329,633845.86,24,14.09,Education,2025-09-11,0
CUST006330,124335.61,48,9.23,Education,2023-09-20,0
CUST006331,253941.18,24,16.76,Auto,2025-10-01,0
CUST006332,350758.05,84,13.58,Auto,2025-04-03,0
CUST006333,356596.59,36,14.06,Personal,2024-03-06,0
CUST006334,497910.02,12,9.25,Auto,2023-12-22,0
CUST006335,139229.79,36,10.42,Home,2025-01-13,0
CUST006336,130541.49,12,9.71,Auto,2025-05-04,0
CUST006337,102573.91,36,8.93,Business,2025-11-07,0
CUST006338,421952.13,36,7.75,Business,2024-06-04,0
CUST006339,835189.68,36,11.1,Personal,2023-07-18,0
CUST006340,1168815.05,36,14.2,Education,2023-08-19,0
CUST006341,218567.23,36,10.88,Personal,2023-12-15,0
CUST006342,289586.51,36,6.0,Personal,2025-10-28,0
CUST006343,416340.89,24,6.0,Business,2025-03-19,0
CUST006344,1165023.94,36,14.11,Home,2024-03-23,0
CUST006345,547302.9,84,11.8,Education,2025-10-23,1
CUST006346,341224.89,12,13.37,Auto,2024-09-13,0
CUST006347,45078.17,24,9.98,Education,2025-05-07,0
CUST006348,178999.81,48,10.32,Auto,2025-11-03,0
CUST006349,470727.71,12,12.8,Personal,2025-12-06,0
CUST006350,124519.73,60,13.71,Business,2023-10-18,0
CUST006351,716047.66,24,9.5,Personal,2023-04-02,0
CUST006352,376533.11,36,12.11,Auto,2024-10-18,0
CUST006353,573001.07,48,8.09,Business,2023-07-20,0
CUST006354,430704.07,24,12.16,Auto,2023-02-28,0
CUST006355,367863.11,120,6.71,Business,2023-10-18,0
CUST006356,231241.99,36,15.1,Personal,2023-10-23,0
CUST006357,342459.29,84,14.31,Home,2025-09-23,0
CUST006358,187767.8,120,9.81,Education,2023-02-01,0
CUST006359,973408.37,84,14.04,Education,2025-01-13,0
CUST006360,634334.89,36,11.61,Personal,2024-12-11,0
CUST006361,891011.84,60,12.24,Business,2023-04-03,0
CUST006362,361110.65,120,8.49,Personal,2025-07-19,0
CUST006363,272790.53,36,9.73,Business,2023-12-30,0
CUST006364,209907.7,84,7.76,Auto,2024-07-24,0
CUST006365,393032.78,120,11.81,Personal,2023-04-01,0
CUST006366,933751.09,84,13.08,Home,2025-10-29,1
CUST006367,262719.04,36,8.3,Personal,2024-04-13,0
CUST006368,209854.0,12,10.48,Auto,2024-03-16,0
CUST006369,1456468.65,12,9.4,Home,2025-09-22,0
CUST006370,764721.61,12,7.09,Education,2025-05-04,0
CUST006371,96629.32,120,11.05,Auto,2024-12-21,0
CUST006372,365367.99,120,14.43,Auto,2024-10-08,0
CUST006373,309793.47,48,8.86,Business,2024-11-18,0
CUST006374,315165.17,36,15.35,Business,2023-01-19,0
CUST006375,240098.84,120,11.32,Personal,2025-07-03,0
CUST006376,234057.52,12,9.46,Personal,2023-05-15,0
CUST006377,278699.42,120,11.4,Personal,2024-05-13,0
CUST006378,155619.86,24,9.23,Auto,2025-06-17,0
CUST006379,251482.44,48,12.67,Auto,2025-03-05,0
CUST006380,220320.79,120,9.59,Auto,2023-10-22,0
CUST006381,1241019.82,12,11.82,Auto,2024-03-30,0
CUST006382,687019.05,120,13.97,Home,2024-02-13,0
CUST006383,506163.11,24,12.43,Home,2025-02-25,1
CUST006384,515644.49,120,6.54,Education,2025-11-14,0
CUST006385,466919.31,48,14.17,Auto,2024-04-02,0
CUST006386,360997.73,12,11.04,Personal,2023-11-06,0
CUST006387,339958.21,48,9.32,Personal,2024-01-25,0
CUST006388,1301846.7,12,9.62,Education,2024-11-27,0
CUST006389,440909.61,60,9.38,Business,2023-06-07,0
CUST006390,393825.02,12,6.0,Personal,2025-11-05,0
CUST006391,511522.06,36,8.84,Home,2023-10-18,0
CUST006392,667787.75,60,9.58,Personal,2023-10-19,0
CUST006393,944857.28,48,9.48,Business,2023-09-25,1
CUST006394,300354.33,12,13.24,Personal,2025-11-17,0
CUST006395,78367.34,12,12.85,Business,2024-03-15,0
CUST006396,123873.11,36,9.6,Business,2024-11-11,0
CUST006397,486498.6,120,6.0,Personal,2025-01-24,0
CUST006398,142219.2,84,13.03,Auto,2024-12-21,0
CUST006399,282940.51,84,7.96,Education,2024-04-14,1
CUST006400,242290.34,84,9.51,Personal,2025-12-19,0
CUST006401,722847.47,60,15.04,Education,2024-07-14,0
CUST006402,1083003.82,48,8.98,Personal,2023-05-01,0
CUST006403,209831.01,24,13.94,Auto,2023-12-15,0
CUST006404,971535.09,36,16.47,Personal,2025-08-26,0
CUST006405,1662628.0,36,11.52,Personal,2023-04-19,0
CUST006406,360152.16,36,13.73,Auto,2025-01-13,0
CUST006407,147411.68,120,13.35,Personal,2025-06-13,1
CUST006408,334153.24,48,6.0,Home,2023-05-30,1
CUST006409,289392.55,120,18.04,Auto,2023-04-15,0
CUST006410,129154.54,84,7.69,Personal,2023-01-12,0
CUST006411,561750.19,120,6.63,Auto,2023-03-27,1
CUST006412,265589.25,12,13.05,Education,2023-01-11,0
CUST006413,1218525.87,12,9.21,Business,2023-03-03,1
CUST006414,570906.48,120,17.19,Home,2024-01-07,0
CUST006415,264216.66,48,10.26,Home,2023-01-06,0
CUST006416,226542.6,12,12.75,Personal,2025-12-02,1
CUST006417,849990.13,120,8.25,Business,2023-11-20,1
CUST006418,803979.87,84,11.54,Auto,2023-02-22,1
CUST006419,586855.76,120,9.12,Education,2025-11-13,0
CUST006420,352710.2,24,14.78,Home,2023-01-01,0
CUST006421,198913.62,120,9.21,Education,2023-03-14,0
CUST006422,474814.38,36,11.7,Home,2023-07-13,0
CUST006423,439706.62,36,15.03,Business,2025-07-05,0
CUST006424,344713.15,48,6.0,Auto,2024-02-08,1
CUST006425,68080.21,24,6.25,Business,2025-06-09,0
CUST006426,931847.8,12,11.56,Home,2024-04-13,0
CUST006427,1851334.66,60,6.05,Auto,2023-11-06,0
CUST006428,311676.06,60,14.96,Personal,2025-02-13,0
CUST006429,487208.94,36,13.02,Education,2025-07-31,0
CUST006430,282520.58,24,13.38,Home,2023-11-26,0
CUST006431,553341.3,36,10.46,Education,2024-01-21,0
CUST006432,95067.31,48,13.45,Personal,2024-08-28,0
CUST006433,309644.06,120,8.02,Auto,2024-09-29,0
CUST006434,212197.45,24,11.14,Business,2023-02-15,0
CUST006435,568907.92,36,12.17,Personal,2024-01-03,0
CUST006436,759428.26,120,10.65,Home,2024-08-05,0
CUST006437,330999.4,84,10.86,Auto,2025-01-30,0
CUST006438,646504.86,36,13.67,Business,2024-06-04,0
CUST006439,515454.7,36,9.29,Education,2024-06-19,0
CUST006440,156609.64,60,11.95,Business,2025-06-04,0
CUST006441,585088.1,84,6.0,Education,2023-02-23,0
CUST006442,883017.43,84,16.64,Auto,2025-07-19,0
CUST006443,1114415.73,120,12.98,Auto,2023-10-28,0
CUST006444,816305.04,24,9.35,Business,2023-12-05,0
CUST006445,879409.1,120,10.02,Personal,2024-12-15,0
CUST006446,267150.01,12,7.47,Auto,2023-07-19,0
CUST006447,869407.12,24,7.79,Home,2023-08-10,0
CUST006448,113492.65,48,11.05,Personal,2025-05-21,0
CUST006449,560237.18,48,13.28,Education,2023-04-03,0
CUST006450,487136.78,48,14.72,Education,2025-04-17,0
CUST006451,124210.93,60,11.92,Education,2023-09-12,1
CUST006452,132151.4,24,8.66,Business,2024-07-22,0
CUST006453,131601.72,84,9.89,Education,2025-08-10,0
CUST006454,1159743.9,120,13.62,Business,2024-03-10,0
CUST006455,503800.3,36,13.69,Education,2024-12-31,0
CUST006456,550011.24,120,6.89,Home,2025-10-21,0
CUST006457,1046466.5,84,12.34,Home,2024-08-10,0
CUST006458,373012.43,60,16.4,Business,2023-05-18,0
CUST006459,143217.95,84,18.2,Education,2024-10-03,0
CUST006460,922725.97,120,9.09,Business,2023-06-25,1
CUST006461,914790.29,120,6.52,Personal,2024-04-04,1
CUST006462,465665.3,120,14.35,Education,2023-09-11,0
CUST006463,286930.79,12,10.88,Home,2023-10-25,0
CUST006464,241540.16,36,18.83,Home,2024-06-26,0
CUST006465,1141831.69,12,6.15,Business,2024-10-28,0
CUST006466,384125.07,120,12.36,Business,2023-03-04,0
CUST006467,195929.1,120,11.15,Education,2024-06-08,0
CUST006468,597695.03,36,16.38,Business,2025-03-14,0
CUST006469,372278.83,24,8.66,Home,2024-06-04,0
CUST006470,322953.95,84,9.22,Personal,2025-01-15,0
CUST006471,566306.22,60,16.33,Home,2024-11-02,0
CUST006472,87358.32,120,10.47,Education,2025-11-08,0
CUST006473,908255.17,60,14.58,Auto,2025-05-21,0
CUST006474,191687.78,12,6.83,Business,2025-08-19,0
CUST006475,159168.29,120,13.87,Auto,2025-02-25,1
CUST006476,439583.42,48,14.5,Auto,2024-08-17,0
CUST006477,419952.47,36,9.79,Business,2024-06-27,0
CUST006478,534963.91,12,6.07,Business,2023-01-13,0
CUST006479,196526.62,48,10.7,Personal,2025-08-29,0
CUST006480,609365.3,48,10.67,Home,2024-04-21,0
CUST006481,325238.31,36,12.37,Education,2025-03-15,0
CUST006482,420629.32,84,11.3,Auto,2025-03-21,0
CUST006483,258077.32,120,6.0,Education,2023-06-11,0
CUST006484,697890.55,120,10.33,Education,2024-08-15,1
CUST006485,253584.63,48,11.55,Personal,2024-06-16,0
CUST006486,138486.29,24,8.39,Education,2025-07-13,0
CUST006487,165736.18,36,9.4,Auto,2024-09-12,0
CUST006488,67087.46,36,8.21,Education,2025-09-08,0
CUST006489,659497.5,24,13.84,Business,2024-01-31,1
CUST006490,533519.03,48,14.61,Business,2023-07-13,0
CUST006491,1715320.34,36,13.1,Personal,2023-01-14,0
CUST006492,406754.54,24,11.26,Education,2025-02-03,0
CUST006493,118393.98,36,10.31,Business,2025-12-25,0
CUST006494,995036.69,24,7.4,Business,2024-08-03,0
CUST006495,298616.02,48,15.53,Personal,2025-07-03,0
CUST006496,751138.65,48,10.67,Personal,2025-03-02,0
CUST006497,157706.39,48,11.88,Business,2025-09-24,0
CUST006498,195555.29,60,7.68,Business,2024-10-16,0
CUST006499,693145.63,60,11.43,Education,2025-02-03,0
CUST006500,581306.8,120,10.66,Business,2023-10-12,0
CUST006501,371169.05,36,8.0,Education,2025-01-22,0
CUST006502,455063.91,120,11.36,Home,2023-04-26,0
CUST006503,1033617.87,12,13.16,Home,2024-12-07,0
CUST006504,437961.71,84,10.39,Home,2023-12-28,0
CUST006505,229529.04,48,9.49,Auto,2023-09-23,0
CUST006506,284115.03,24,9.6,Education,2023-09-18,0
CUST006507,553399.09,36,9.65,Home,2025-01-10,0
CUST006508,312451.79,36,8.34,Personal,2023-07-28,0
CUST006509,709267.01,36,9.01,Education,2024-08-10,0
CUST006510,776629.61,84,9.58,Auto,2024-02-17,0
CUST006511,910599.47,48,11.97,Education,2024-02-03,1
CUST006512,74614.7,24,13.14,Business,2024-11-06,0
CUST006513,446958.58,120,14.69,Education,2025-02-25,0
CUST006514,452876.87,24,6.31,Education,2023-01-14,0
CUST006515,1158910.77,120,10.47,Auto,2025-11-17,0
CUST006516,501240.48,48,11.43,Home,2024-11-15,1
CUST006517,154031.25,120,11.87,Education,2025-05-09,0
CUST006518,426324.17,48,9.23,Auto,2023-12-08,0
CUST006519,853357.32,84,14.01,Auto,2024-06-17,0
CUST006520,233527.12,24,12.09,Personal,2023-06-09,0
CUST006521,562601.87,84,10.84,Business,2025-12-22,0
CUST006522,2174233.71,84,6.92,Business,2024-09-13,1
CUST006523,375441.49,12,6.06,Business,2024-01-20,0
CUST006524,1017439.91,60,15.42,Home,2023-01-18,0
CUST006525,328879.8,60,6.0,Home,2024-12-13,0
CUST006526,925250.3,60,11.66,Education,2025-03-13,0
CUST006527,60708.91,60,7.35,Auto,2023-06-27,0
CUST006528,330718.27,48,11.2,Home,2024-12-06,0
CUST006529,242215.38,84,7.63,Home,2023-05-02,0
CUST006530,823061.27,60,7.01,Home,2024-09-10,0
CUST006531,324118.71,12,8.41,Personal,2025-09-14,0
CUST006532,187652.76,12,14.05,Business,2024-06-19,0
CUST006533,95705.01,36,11.87,Education,2024-06-19,0
CUST006534,315114.53,12,11.07,Home,2025-06-11,0
CUST006535,372922.97,60,8.33,Home,2025-10-06,0
CUST006536,23243.22,12,11.74,Education,2024-01-22,0
CUST006537,936765.08,36,7.22,Education,2023-01-22,1
CUST006538,702885.39,84,10.99,Business,2024-08-21,0
CUST006539,206348.36,48,12.7,Personal,2024-04-27,0
CUST006540,780815.51,60,6.5,Education,2024-02-11,0
CUST006541,255781.79,36,10.68,Personal,2024-06-26,0
CUST006542,610583.18,48,11.33,Auto,2024-09-20,0
CUST006543,538061.99,120,10.71,Home,2024-08-07,1
CUST006544,88428.7,24,9.97,Home,2024-08-26,0
CUST006545,40142.68,24,9.31,Home,2024-09-01,0
CUST006546,295035.99,84,10.44,Home,2024-04-28,0
CUST006547,483703.57,48,10.06,Business,2023-12-07,1
CUST006548,868158.57,36,12.68,Education,2024-11-20,1
CUST006549,181855.65,12,11.9,Personal,2025-05-28,0
CUST006550,661128.79,60,10.23,Auto,2024-07-25,0
CUST006551,462603.66,36,9.07,Home,2025-11-30,0
CUST006552,97405.28,12,12.15,Business,2025-10-19,0
CUST006553,249496.1,12,17.31,Business,2025-07-20,0
CUST006554,424648.66,84,12.38,Business,2025-04-22,0
CUST006555,405591.42,60,8.45,Business,2023-04-21,0
CUST006556,831872.2,120,12.56,Personal,2023-01-01,0
CUST006557,472087.99,60,10.93,Personal,2023-09-10,0
CUST006558,633765.71,48,14.69,Business,2024-10-06,0
CUST006559,163030.95,60,11.76,Business,2024-04-01,0
CUST006560,483072.95,84,10.34,Business,2023-04-19,0
CUST006561,267687.99,84,18.95,Personal,2023-09-26,0
CUST006562,204934.26,12,9.98,Auto,2023-10-05,0
CUST006563,253472.54,12,9.68,Auto,2023-08-31,0
CUST006564,277657.53,12,10.52,Education,2025-06-19,0
CUST006565,902064.59,60,13.28,Auto,2023-02-25,0
CUST006566,393948.31,84,11.17,Personal,2024-08-18,0
CUST006567,306770.79,36,10.47,Education,2025-04-18,0
CUST006568,385099.94,60,10.28,Home,2024-07-16,0
CUST006569,441405.47,24,11.83,Home,2025-04-12,0
CUST006570,266931.91,60,6.45,Home,2024-06-26,1
CUST006571,81747.52,12,14.42,Education,2024-01-16,0
CUST006572,174709.77,120,6.96,Home,2024-11-21,0
CUST006573,212324.34,84,6.0,Auto,2024-03-18,0
CUST006574,373147.92,36,6.66,Auto,2025-12-26,0
CUST006575,323136.37,12,10.24,Business,2025-03-29,1
CUST006576,565610.33,48,6.36,Home,2025-01-23,0
CUST006577,141803.13,120,8.09,Business,2023-11-13,0
CUST006578,483828.13,84,10.08,Education,2025-09-09,0
CUST006579,192835.6,120,11.24,Personal,2023-01-10,0
CUST006580,444711.24,60,10.05,Auto,2023-03-11,0
CUST006581,177334.26,48,6.0,Home,2024-12-21,0
CUST006582,463805.76,84,11.08,Home,2024-12-12,0
CUST006583,413725.25,120,12.85,Business,2024-06-24,0
CUST006584,613555.19,120,10.06,Education,2024-03-21,0
CUST006585,351637.05,36,12.42,Education,2023-10-27,0
CUST006586,538940.22,48,9.78,Education,2025-09-01,0
CUST006587,511285.48,12,10.48,Business,2023-10-12,0
CUST006588,140179.82,120,9.95,Education,2023-05-19,0
CUST006589,203908.42,36,22.19,Education,2024-04-26,0
CUST006590,335607.76,48,9.22,Education,2023-11-22,0
CUST006591,129652.03,120,12.98,Business,2023-11-13,0
CUST006592,96748.02,12,12.79,Home,2023-11-01,1
CUST006593,397865.62,120,13.53,Business,2024-06-27,0
CUST006594,693039.26,36,12.33,Home,2025-01-02,0
CUST006595,93086.42,48,9.55,Personal,2025-09-08,0
CUST006596,630214.82,84,11.97,Education,2024-02-05,0
CUST006597,298331.09,84,7.76,Auto,2024-12-02,0
CUST006598,141876.84,48,6.0,Personal,2024-02-21,0
CUST006599,660609.41,60,7.61,Personal,2025-07-14,1
CUST006600,695485.74,12,14.74,Business,2023-04-02,0
CUST006601,913856.19,120,11.47,Personal,2023-08-17,1
CUST006602,266608.51,12,6.0,Personal,2025-06-03,1
CUST006603,526374.31,36,8.29,Education,2025-12-24,0
CUST006604,1093286.63,60,10.74,Auto,2025-03-17,0
CUST006605,1411983.17,36,11.76,Business,2023-01-14,0
CUST006606,315996.24,24,10.25,Education,2023-03-26,0
CUST006607,137813.37,48,9.59,Business,2024-12-27,0
CUST006608,188460.39,24,11.06,Personal,2023-04-12,0
CUST006609,800075.52,12,14.23,Home,2024-02-09,0
CUST006610,1360830.98,12,12.5,Education,2024-06-21,0
CUST006611,773333.15,36,7.63,Auto,2025-10-21,0
CUST006612,263248.82,48,8.9,Education,2024-05-04,0
CUST006613,516999.2,60,6.09,Personal,2025-12-09,0
CUST006614,43903.62,60,10.16,Auto,2025-06-28,0
CUST006615,185157.18,60,17.06,Home,2024-03-04,0
CUST006616,231521.27,60,11.6,Business,2024-07-02,0
CUST006617,279403.86,48,10.22,Business,2024-09-19,0
CUST006618,1055597.3,36,7.43,Personal,2025-01-26,0
CUST006619,171106.53,84,8.04,Auto,2023-02-23,0
CUST006620,450127.29,60,10.23,Business,2025-11-01,0
CUST006621,519037.15,60,11.79,Business,2025-09-30,1
CUST006622,249031.5,36,12.68,Personal,2025-01-14,1
CUST006623,329548.03,12,14.19,Auto,2024-10-18,0
CUST006624,151427.44,60,12.58,Business,2025-06-22,0
CUST006625,181248.8,36,9.99,Auto,2025-11-26,0
CUST006626,358639.51,24,8.03,Education,2023-09-11,0
CUST006627,333551.38,12,8.74,Personal,2025-07-26,0
CUST006628,418755.46,12,7.42,Personal,2024-07-22,0
CUST006629,305397.14,120,12.92,Business,2023-11-03,1
CUST006630,424632.9,36,7.75,Education,2023-03-22,0
CUST006631,720070.37,84,8.92,Personal,2024-11-14,0
CUST006632,785131.01,12,8.56,Auto,2024-06-10,0
CUST006633,982850.81,60,9.22,Education,2024-06-22,0
CUST006634,291009.8,48,12.09,Education,2025-10-11,0
CUST006635,297486.96,12,9.53,Personal,2023-08-11,0
CUST006636,675720.37,48,8.15,Home,2023-12-20,0
CUST006637,267792.59,24,7.97,Business,2023-02-25,0
CUST006638,597566.14,12,11.33,Personal,2024-11-02,1
CUST006639,438669.56,84,11.68,Education,2025-01-05,0
CUST006640,606113.16,60,9.69,Home,2025-07-20,0
CUST006641,492389.32,12,11.72,Education,2025-11-03,0
CUST006642,608427.68,84,15.48,Home,2025-12-27,1
CUST006643,586779.89,60,11.24,Personal,2024-01-22,0
CUST006644,169027.81,36,16.37,Personal,2023-02-15,0
CUST006645,375033.72,36,8.3,Education,2024-08-19,0
CUST006646,434660.01,84,7.44,Education,2023-01-01,0
CUST006647,439269.9,12,12.5,Personal,2025-10-05,0
CUST006648,666053.95,48,13.27,Home,2023-07-16,0
CUST006649,1213089.87,36,11.22,Home,2023-04-13,0
CUST006650,748551.29,120,14.29,Home,2025-02-11,1
CUST006651,440524.91,36,8.58,Education,2023-01-19,0
CUST006652,83394.11,12,10.31,Home,2024-01-21,0
CUST006653,375720.15,120,9.5,Home,2023-09-24,0
CUST006654,322450.64,84,6.82,Business,2023-12-26,0
CUST006655,575355.18,48,11.4,Auto,2023-06-22,0
CUST006656,129967.74,24,13.32,Auto,2023-05-25,0
CUST006657,888328.36,24,10.08,Business,2023-06-07,0
CUST006658,567785.72,84,15.67,Auto,2025-10-14,1
CUST006659,630453.37,84,8.68,Auto,2025-04-19,0
CUST006660,1246322.49,60,13.06,Home,2025-07-28,0
CUST006661,520653.5,12,13.48,Business,2025-07-03,0
CUST006662,965399.91,60,16.67,Personal,2023-08-14,0
CUST006663,1309467.57,60,8.88,Business,2023-11-28,0
CUST006664,216048.74,120,16.87,Personal,2025-05-15,0
CUST006665,105712.74,84,12.22,Education,2024-04-13,0
CUST006666,127623.39,84,10.8,Education,2025-11-11,0
CUST006667,323784.53,60,11.01,Home,2024-09-22,0
CUST006668,55310.4,84,8.84,Home,2025-08-19,0
CUST006669,893219.91,36,10.71,Home,2023-07-14,0
CUST006670,263218.41,120,13.95,Business,2025-02-13,0
CUST006671,263499.67,12,14.48,Auto,2023-06-03,0
CUST006672,628265.14,120,14.64,Home,2024-08-11,0
CUST006673,521914.98,36,10.87,Home,2024-02-23,0
CUST006674,1289248.75,48,12.19,Home,2025-12-29,1
CUST006675,551659.96,24,10.33,Home,2025-10-11,0
CUST006676,176855.73,60,6.0,Auto,2023-11-10,0
CUST006677,204304.55,12,13.28,Home,2023-12-02,0
CUST006678,1064767.61,36,6.0,Education,2024-07-28,0
CUST006679,419900.84,84,10.34,Auto,2024-05-02,0
CUST006680,190394.05,84,8.71,Home,2023-10-06,0
CUST006681,168541.92,60,7.35,Education,2025-10-06,0
CUST006682,1960346.56,36,14.27,Business,2024-02-14,1
CUST006683,587728.13,84,8.84,Auto,2025-12-01,0
CUST006684,580659.9,24,7.62,Business,2023-08-11,0
CUST006685,340609.71,84,7.22,Business,2023-11-09,0
CUST006686,638795.24,84,13.0,Education,2023-09-27,0
CUST006687,702356.97,36,10.42,Business,2025-01-27,0
CUST006688,518207.46,12,8.04,Home,2023-07-06,0
CUST006689,307371.31,84,7.02,Business,2025-08-10,0
CUST006690,90769.54,36,14.85,Personal,2024-03-16,0
CUST006691,538159.49,24,11.66,Auto,2023-08-15,0
CUST006692,138605.1,48,7.79,Business,2023-01-07,0
CUST006693,445571.57,60,11.37,Personal,2024-01-11,0
CUST006694,402514.23,24,13.95,Personal,2023-04-02,0
CUST006695,389197.33,24,9.93,Home,2024-01-10,0
CUST006696,680651.09,36,9.28,Education,2024-06-20,0
CUST006697,1008234.8,24,14.89,Auto,2024-01-13,0
CUST006698,169721.91,36,14.01,Auto,2023-09-07,0
CUST006699,336723.08,60,6.0,Business,2024-04-14,0
CUST006700,171247.84,120,7.55,Business,2024-01-23,0
CUST006701,1016698.85,24,13.93,Personal,2023-06-30,1
CUST006702,2147348.84,48,12.77,Education,2025-07-19,1
CUST006703,38290.83,60,9.06,Auto,2025-02-24,0
CUST006704,569539.69,60,13.47,Education,2023-12-27,0
CUST006705,441328.55,84,18.03,Business,2025-11-17,1
CUST006706,117471.53,48,15.23,Auto,2024-05-28,1
CUST006707,853527.56,48,8.23,Auto,2025-03-13,0
CUST006708,288928.85,84,10.28,Personal,2024-03-29,0
CUST006709,445644.3,36,11.71,Education,2025-07-26,0
CUST006710,76848.91,24,12.23,Auto,2024-07-01,0
CUST006711,1597805.82,36,12.56,Education,2024-09-23,0
CUST006712,292619.95,48,10.65,Education,2024-10-19,0
CUST006713,450226.5,84,6.1,Auto,2023-09-10,1
CUST006714,478069.22,120,17.75,Personal,2025-09-16,0
CUST006715,246224.1,24,7.66,Personal,2023-08-18,0
CUST006716,198164.99,120,6.51,Education,2025-06-14,0
CUST006717,541223.61,120,16.14,Auto,2023-10-04,0
CUST006718,399454.36,48,8.88,Education,2025-06-07,0
CUST006719,311967.53,60,16.9,Education,2024-08-13,0
CUST006720,494437.38,120,7.22,Education,2024-05-02,0
CUST006721,332020.12,24,10.04,Business,2025-05-19,0
CUST006722,500872.46,24,15.78,Education,2025-09-04,0
CUST006723,877477.64,12,14.89,Education,2024-06-28,0
CUST006724,717447.8,84,10.33,Education,2025-04-29,0
CUST006725,639818.62,60,11.6,Auto,2024-02-24,1
CUST006726,591187.76,60,10.53,Personal,2025-04-24,0
CUST006727,1244857.25,48,11.87,Personal,2025-12-26,0
CUST006728,328778.34,24,10.02,Auto,2025-02-18,0
CUST006729,516467.66,36,10.4,Personal,2023-05-13,0
CUST006730,182810.61,120,12.53,Personal,2023-09-09,0
CUST006731,716091.54,24,15.09,Home,2025-04-15,0
CUST006732,471884.92,84,10.24,Personal,2025-04-29,0
CUST006733,547750.85,48,11.53,Personal,2024-01-17,0
CUST006734,445294.73,48,7.13,Personal,2025-04-25,0
CUST006735,174190.64,12,18.25,Business,2025-08-30,0
CUST006736,683005.15,84,11.73,Personal,2025-12-21,0
CUST006737,666129.25,12,10.12,Home,2024-03-03,1
CUST006738,304937.93,84,14.52,Education,2023-05-24,0
CUST006739,527049.63,84,13.22,Personal,2023-01-13,0
CUST006740,346239.99,48,8.29,Education,2025-12-28,0
CUST006741,396201.7,84,8.44,Personal,2025-12-02,0
CUST006742,635388.6,24,14.47,Education,2023-04-01,0
CUST006743,301329.64,36,11.38,Home,2023-12-05,0
CUST006744,150945.32,84,6.57,Education,2025-04-15,0
CUST006745,747318.37,36,9.66,Education,2024-01-16,0
CUST006746,474583.31,60,10.36,Business,2024-03-14,0
CUST006747,705088.11,36,8.11,Education,2023-06-20,0
CUST006748,186613.75,84,12.76,Education,2024-08-05,0
CUST006749,25239.82,48,7.62,Business,2025-08-29,1
CUST006750,315680.43,48,11.94,Education,2025-11-17,0
CUST006751,571272.06,36,12.62,Personal,2023-06-08,0
CUST006752,642996.76,24,14.19,Education,2024-12-26,1
CUST006753,486523.73,120,11.65,Business,2023-10-23,0
CUST006754,116753.47,120,10.77,Auto,2025-06-02,0
CUST006755,256009.03,36,10.66,Personal,2025-03-01,0
CUST006756,1404606.01,120,9.4,Business,2024-02-27,0
CUST006757,373823.61,84,16.35,Business,2025-02-15,0
CUST006758,199167.73,12,9.19,Auto,2023-07-05,0
CUST006759,472488.6,24,7.07,Auto,2025-12-05,0
CUST006760,232078.12,48,9.91,Home,2023-03-21,0
CUST006761,48621.76,60,11.94,Business,2025-07-05,0
CUST006762,1064988.72,120,20.04,Education,2023-03-31,0
CUST006763,644948.56,48,12.05,Auto,2025-07-01,0
CUST006764,180982.71,12,12.38,Home,2023-08-19,0
CUST006765,921250.95,24,16.6,Auto,2025-02-26,0
CUST006766,474409.51,12,14.77,Business,2024-02-08,0
CUST006767,347577.15,24,9.98,Business,2024-02-13,0
CUST006768,217462.6,84,8.79,Personal,2023-10-18,0
CUST006769,175295.77,24,8.02,Auto,2024-09-21,0
CUST006770,1092592.6,36,7.13,Business,2023-03-15,0
CUST006771,1444328.86,36,12.6,Home,2024-09-09,0
CUST006772,123935.28,48,16.37,Education,2024-12-12,1
CUST006773,468108.01,84,10.34,Home,2023-09-09,0
CUST006774,335577.5,36,12.29,Business,2025-04-21,0
CUST006775,55178.68,120,13.18,Education,2024-03-21,0
CUST006776,796271.98,48,10.87,Personal,2025-01-16,1
CUST006777,218035.17,36,10.11,Auto,2024-12-18,0
CUST006778,1430589.49,24,9.86,Home,2023-01-05,1
CUST006779,684732.64,120,7.0,Business,2023-04-08,0
CUST006780,425910.9,60,11.96,Personal,2023-04-07,0
CUST006781,481159.37,48,14.43,Auto,2025-07-18,0
CUST006782,183792.52,120,9.66,Home,2025-07-07,1
CUST006783,231092.85,24,9.32,Personal,2025-05-22,0
CUST006784,155266.69,36,12.15,Personal,2025-03-31,0
CUST006785,227416.8,120,10.51,Auto,2023-08-24,0
CUST006786,171755.09,60,16.43,Business,2023-11-05,0
CUST006787,740995.36,84,12.79,Home,2023-06-08,0
CUST006788,283863.22,24,14.2,Personal,2025-11-28,0
CUST006789,494330.24,36,6.0,Home,2025-02-24,0
CUST006790,765295.72,24,15.24,Auto,2025-08-27,0
CUST006791,250004.54,60,11.79,Personal,2025-07-02,0
CUST006792,1200327.23,60,13.2,Education,2025-08-15,0
CUST006793,729191.97,48,10.86,Business,2024-05-14,0
CUST006794,370158.54,12,6.0,Home,2025-01-30,0
CUST006795,701812.55,84,6.0,Personal,2024-01-19,0
CUST006796,941412.37,60,11.9,Business,2023-01-18,0
CUST006797,394418.36,24,7.21,Home,2025-06-27,0
CUST006798,337261.77,120,12.79,Home,2025-04-11,0
CUST006799,328432.4,48,9.69,Auto,2025-03-31,0
CUST006800,407528.56,48,13.17,Education,2025-05-06,0
CUST006801,237618.43,36,16.34,Business,2024-08-27,0
CUST006802,655405.84,24,10.73,Education,2024-01-01,0
CUST006803,891277.1,60,8.68,Home,2023-06-26,0
CUST006804,145503.56,60,13.7,Education,2023-01-10,0
CUST006805,911056.45,84,10.79,Business,2023-09-10,0
CUST006806,202671.82,60,14.62,Home,2024-11-02,0
CUST006807,259833.7,120,14.43,Auto,2025-06-04,0
CUST006808,824674.64,84,12.11,Personal,2025-01-16,1
CUST006809,512511.3,24,10.61,Education,2024-08-11,0
CUST006810,917715.82,60,11.77,Personal,2024-08-27,0
CUST006811,708003.0,12,10.6,Auto,2023-10-07,0
CUST006812,878965.65,36,6.53,Personal,2024-02-04,0
CUST006813,402062.97,36,9.77,Education,2023-11-15,0
CUST006814,257477.26,12,10.68,Business,2023-05-22,0
CUST006815,549175.07,120,8.71,Auto,2025-10-20,1
CUST006816,63961.99,36,10.61,Personal,2023-02-17,0
CUST006817,174371.25,60,17.64,Auto,2025-01-22,0
CUST006818,463528.35,24,12.17,Business,2023-09-26,0
CUST006819,1421070.39,24,11.16,Auto,2024-06-16,1
CUST006820,525948.07,24,10.25,Business,2023-10-14,1
CUST006821,269464.16,60,10.17,Personal,2024-08-16,0
CUST006822,616505.34,48,9.0,Home,2024-09-29,0
CUST006823,487918.69,120,20.79,Personal,2024-04-02,0
CUST006824,249224.69,120,12.82,Personal,2024-11-11,0
CUST006825,469563.3,84,7.62,Auto,2024-05-07,0
CUST006826,557105.91,120,16.12,Personal,2023-07-14,0
CUST006827,828264.53,48,6.08,Auto,2024-06-15,0
CUST006828,180209.21,120,15.66,Home,2024-06-18,0
CUST006829,1309430.01,36,16.39,Personal,2025-02-05,0
CUST006830,1395594.12,84,13.56,Personal,2024-03-13,0
CUST006831,462218.03,60,10.97,Home,2024-08-25,0
CUST006832,66864.59,48,8.71,Auto,2023-06-09,0
CUST006833,376948.57,48,11.56,Home,2023-05-31,0
CUST006834,368713.25,12,13.95,Business,2024-06-05,0
CUST006835,982209.84,48,8.74,Auto,2024-01-10,0
CUST006836,557524.29,120,12.6,Home,2025-09-09,0
CUST006837,830147.2,84,9.44,Education,2025-08-08,0
CUST006838,185747.51,12,11.16,Education,2023-04-14,0
CUST006839,642937.1,84,8.88,Home,2024-06-03,0
CUST006840,544206.71,12,8.69,Education,2024-12-11,0
CUST006841,116773.47,48,6.0,Personal,2023-03-15,0
CUST006842,404344.44,120,12.48,Education,2025-04-17,0
CUST006843,851741.99,12,16.47,Auto,2024-11-03,1
CUST006844,654457.74,60,13.64,Education,2023-11-09,0
CUST006845,189316.87,24,15.5,Business,2025-04-20,0
CUST006846,378288.24,60,8.99,Home,2023-09-01,0
CUST006847,495001.63,120,10.35,Business,2025-05-01,0
CUST006848,445145.91,60,10.0,Home,2023-08-28,0
CUST006849,245070.96,48,13.32,Personal,2025-04-17,0
CUST006850,473466.23,36,12.48,Business,2023-05-30,1
CUST006851,775105.5,120,11.27,Personal,2025-07-01,0
CUST006852,811515.32,48,9.49,Business,2023-04-02,1
CUST006853,575596.56,120,11.35,Home,2023-08-21,0
CUST006854,198825.94,24,8.13,Auto,2025-10-12,0
CUST006855,352258.58,120,10.81,Home,2023-12-07,0
CUST006856,945500.44,60,19.59,Auto,2023-03-04,1
CUST006857,684840.36,120,11.39,Education,2024-03-28,0
CUST006858,336968.78,48,17.53,Education,2024-06-06,0
CUST006859,757744.61,60,11.8,Home,2024-04-12,0
CUST006860,323891.68,24,6.22,Personal,2025-04-25,0
CUST006861,591648.99,60,13.34,Education,2025-06-03,0
CUST006862,117518.88,84,10.59,Business,2023-05-16,0
CUST006863,432369.61,24,8.69,Business,2023-06-10,1
CUST006864,1133230.62,36,6.45,Auto,2025-02-01,0
CUST006865,1338171.76,120,10.74,Home,2025-08-10,0
CUST006866,60762.07,60,11.81,Business,2024-02-02,0
CUST006867,281844.49,48,10.83,Business,2025-05-08,0
CUST006868,930370.03,60,15.44,Education,2025-04-29,0
CUST006869,468363.32,120,16.06,Auto,2024-04-19,1
CUST006870,831076.89,48,10.91,Business,2023-10-15,0
CUST006871,825516.46,12,13.71,Auto,2025-04-02,0
CUST006872,738212.19,24,9.64,Auto,2023-04-10,0
CUST006873,380469.37,24,6.0,Home,2023-11-01,0
CUST006874,905244.05,60,10.84,Personal,2023-11-29,1
CUST006875,884498.24,60,14.78,Auto,2023-02-05,1
CUST006876,127840.18,120,10.2,Auto,2025-11-01,0
CUST006877,1318248.68,60,11.35,Auto,2024-09-16,1
CUST006878,338115.94,84,12.61,Home,2023-04-16,0
CUST006879,425830.76,84,7.96,Business,2023-11-17,0
CUST006880,523841.32,48,9.24,Business,2024-06-29,0
CUST006881,500430.24,24,7.93,Education,2024-02-24,0
CUST006882,177448.51,84,9.27,Auto,2024-01-02,0
CUST006883,953979.04,48,11.28,Auto,2025-09-08,0
CUST006884,508991.6,120,12.79,Personal,2024-11-21,0
CUST006885,605936.85,12,11.84,Personal,2023-03-02,0
CUST006886,1220756.17,120,9.76,Home,2023-02-08,0
CUST006887,1002580.68,48,9.72,Education,2024-04-22,0
CUST006888,737590.8,12,14.23,Personal,2023-09-01,0
CUST006889,407843.77,84,13.81,Education,2024-06-20,0
CUST006890,176247.68,84,12.43,Auto,2025-08-19,0
CUST006891,54530.66,60,8.62,Auto,2024-04-05,0
CUST006892,668565.75,60,12.09,Auto,2024-03-27,0
CUST006893,909942.78,84,6.78,Business,2023-11-03,0
CUST006894,136309.79,60,8.96,Home,2024-12-06,0
CUST006895,119163.37,24,12.94,Education,2024-11-21,1
CUST006896,130665.01,24,7.83,Education,2023-01-10,0
CUST006897,538963.57,24,14.69,Business,2024-08-18,0
CUST006898,572635.14,60,14.87,Business,2025-11-09,1
CUST006899,598837.94,36,12.49,Education,2023-09-27,1
CUST006900,40165.79,12,8.87,Auto,2023-09-14,0
CUST006901,303258.62,12,10.75,Business,2023-03-21,0
CUST006902,288065.83,48,8.24,Personal,2023-08-04,0
CUST006903,238119.73,84,11.17,Auto,2025-10-30,0
CUST006904,1658753.78,24,6.0,Auto,2024-07-27,1
CUST006905,655283.22,12,9.23,Personal,2023-03-12,0
CUST006906,537314.38,24,13.9,Personal,2025-09-02,1
CUST006907,310632.51,24,9.03,Auto,2023-04-07,0
CUST006908,498360.88,36,10.25,Personal,2023-01-04,0
CUST006909,770704.95,12,9.98,Home,2023-01-08,0
CUST006910,731926.68,60,12.18,Education,2023-03-27,0
CUST006911,1611146.8,36,8.16,Auto,2025-06-17,1
CUST006912,92888.44,84,7.71,Auto,2024-10-21,0
CUST006913,222442.56,60,17.47,Business,2025-05-01,0
CUST006914,255058.17,24,8.48,Home,2025-07-07,0
CUST006915,761582.87,48,11.71,Education,2024-02-08,1
CUST006916,143413.33,12,15.83,Education,2024-11-17,1
CUST006917,122063.39,12,11.1,Personal,2023-05-25,0
CUST006918,910674.06,84,12.63,Education,2023-08-19,0
CUST006919,391617.66,60,7.61,Auto,2024-05-17,0
CUST006920,185689.05,84,10.39,Business,2024-05-02,0
CUST006921,421606.64,120,11.0,Home,2023-12-04,0
CUST006922,1143945.59,12,10.37,Home,2024-07-10,0
CUST006923,1654714.44,12,12.6,Personal,2025-02-04,0
CUST006924,134420.42,84,6.41,Home,2023-10-27,0
CUST006925,309483.23,60,8.58,Education,2023-06-11,0
CUST006926,804506.35,60,9.76,Personal,2025-08-04,0
CUST006927,1384203.75,24,9.44,Business,2025-08-11,1
CUST006928,1029822.38,84,11.52,Home,2024-07-12,0
CUST006929,380972.77,36,6.85,Education,2023-09-29,0
CUST006930,892951.29,12,10.93,Home,2023-06-29,1
CUST006931,209776.42,12,6.0,Home,2023-09-15,1
CUST006932,828808.27,60,7.81,Personal,2025-04-30,0
CUST006933,508849.25,48,13.52,Auto,2024-07-19,0
CUST006934,621884.13,48,10.63,Education,2024-09-09,0
CUST006935,238216.35,84,7.32,Home,2025-01-15,0
CUST006936,731874.91,60,8.8,Auto,2023-03-24,0
CUST006937,373830.89,84,6.0,Personal,2024-09-20,0
CUST006938,1438764.19,36,9.5,Personal,2024-01-14,0
CUST006939,933066.36,120,12.26,Personal,2024-12-01,0
CUST006940,562014.78,24,14.5,Home,2023-06-02,0
CUST006941,620151.22,84,10.04,Business,2024-10-18,0
CUST006942,420571.67,60,14.45,Personal,2024-07-21,0
CUST006943,1498551.21,24,9.77,Auto,2023-12-03,1
CUST006944,265871.97,84,10.51,Home,2023-04-27,0
CUST006945,196354.0,12,7.3,Business,2025-10-18,0
CUST006946,473365.6,48,12.49,Home,2025-11-06,0
CUST006947,283374.15,48,6.82,Home,2023-09-24,0
CUST006948,713046.44,60,10.9,Auto,2024-02-22,0
CUST006949,490677.44,12,9.97,Education,2023-04-14,1
CUST006950,483653.1,48,8.66,Auto,2025-08-24,0
CUST006951,897204.65,60,17.57,Home,2023-12-08,0
CUST006952,365094.86,48,14.18,Education,2023-10-11,0
CUST006953,745225.98,24,6.0,Education,2025-08-11,0
CUST006954,154206.46,84,7.36,Business,2023-06-01,0
CUST006955,1061978.33,84,15.32,Personal,2023-12-29,0
CUST006956,1611225.12,12,9.13,Education,2023-11-06,1
CUST006957,258898.98,60,13.89,Personal,2024-01-02,0
CUST006958,389495.71,60,6.41,Personal,2024-10-03,0
CUST006959,689341.31,120,15.65,Personal,2023-02-07,0
CUST006960,377730.81,24,9.23,Home,2023-01-27,0
CUST006961,266649.44,12,16.24,Business,2023-11-15,0
CUST006962,378189.66,60,11.1,Auto,2024-05-13,0
CUST006963,118332.32,24,14.14,Personal,2023-10-17,0
CUST006964,275032.78,120,14.85,Auto,2024-10-31,0
CUST006965,1336370.47,36,11.48,Home,2025-01-27,0
CUST006966,300856.36,12,9.06,Home,2023-03-05,0
CUST006967,449509.58,36,10.4,Education,2025-09-27,0
CUST006968,33003.85,120,14.11,Home,2023-02-12,0
CUST006969,51666.7,60,8.56,Education,2025-11-27,0
CUST006970,106514.32,60,9.9,Auto,2025-08-08,0
CUST006971,141991.49,120,13.5,Auto,2023-01-08,0
CUST006972,597898.06,60,10.6,Business,2023-07-12,0
CUST006973,1176711.71,48,12.73,Business,2023-02-09,0
CUST006974,202951.09,48,15.93,Business,2025-11-22,1
CUST006975,250723.24,36,16.73,Education,2024-12-29,0
CUST006976,312622.49,120,14.58,Auto,2024-10-27,0
CUST006977,311761.56,12,6.9,Personal,2024-09-06,0
CUST006978,77958.04,24,8.7,Auto,2025-03-24,0
CUST006979,94337.9,48,7.43,Personal,2025-02-14,0
CUST006980,427866.66,24,12.32,Education,2023-07-19,0
CUST006981,917064.16,24,6.94,Auto,2023-10-07,0
CUST006982,287255.04,36,12.93,Home,2025-07-25,0
CUST006983,201128.93,48,7.83,Business,2025-09-30,0
CUST006984,822282.54,48,10.1,Home,2025-12-28,0
CUST006985,162817.72,120,12.25,Auto,2025-12-13,0
CUST006986,291828.83,120,10.47,Home,2023-03-13,0
CUST006987,526806.45,36,7.47,Education,2025-05-22,0
CUST006988,252227.31,60,12.22,Home,2023-11-17,0
CUST006989,348278.93,12,9.94,Business,2024-08-23,0
CUST006990,951923.74,48,14.22,Business,2024-03-28,0
CUST006991,433654.36,84,8.78,Home,2023-08-03,0
CUST006992,527399.32,48,9.96,Auto,2023-01-10,0
CUST006993,389862.45,120,8.74,Personal,2023-08-01,0
CUST006994,686119.39,12,6.0,Personal,2025-11-02,0
CUST006995,313845.22,60,6.0,Business,2025-07-31,0
CUST006996,228111.61,48,9.63,Auto,2024-07-13,0
CUST006997,996114.52,36,13.68,Education,2025-04-15,0
CUST006998,746065.05,48,10.65,Personal,2024-06-25,0
CUST006999,663788.75,60,11.14,Business,2025-11-28,0
CUST007000,116882.63,60,15.0,Business,2023-12-13,0
CUST007001,363700.9,48,7.5,Business,2023-01-15,0
CUST007002,1580363.54,120,11.91,Home,2025-01-30,0
CUST007003,166633.26,36,7.6,Home,2025-06-19,0
CUST007004,175272.86,36,7.95,Personal,2024-10-02,0
CUST007005,536822.19,12,8.85,Personal,2023-09-10,0
CUST007006,271904.27,48,6.93,Home,2023-06-12,0
CUST007007,274748.29,120,10.91,Auto,2025-12-29,0
CUST007008,1055771.14,48,15.12,Home,2023-06-16,0
CUST007009,319180.1,120,11.0,Education,2023-10-02,0
CUST007010,414877.62,84,14.92,Auto,2025-08-16,0
CUST007011,1057959.94,12,15.81,Education,2024-11-26,0
CUST007012,415020.0,24,10.24,Home,2023-09-02,0
CUST007013,540933.47,24,7.65,Personal,2025-07-29,0
CUST007014,1137195.14,84,14.94,Personal,2023-02-13,0
CUST007015,919024.25,84,14.13,Business,2024-04-23,1
CUST007016,662934.13,120,11.44,Business,2023-03-23,0
CUST007017,527240.11,24,9.58,Education,2024-07-13,1
CUST007018,509750.87,48,11.39,Business,2023-10-01,0
CUST007019,220165.34,120,15.6,Auto,2025-12-11,0
CUST007020,253694.63,60,15.81,Business,2023-01-11,0
CUST007021,549628.01,60,7.76,Education,2025-04-30,0
CUST007022,573193.85,120,7.29,Education,2023-12-16,0
CUST007023,143007.34,36,15.21,Auto,2023-08-18,1
CUST007024,519346.06,12,12.36,Education,2025-09-12,0
CUST007025,315471.96,60,14.21,Business,2023-04-12,0
CUST007026,354123.03,84,12.94,Home,2023-10-15,0
CUST007027,72473.25,120,8.81,Education,2025-02-26,0
CUST007028,248068.04,36,8.37,Personal,2025-10-29,0
CUST007029,100071.34,48,15.26,Education,2024-02-21,0
CUST007030,932551.18,60,12.19,Auto,2024-05-10,0
CUST007031,432369.73,48,11.84,Business,2025-08-30,0
CUST007032,819990.76,60,9.9,Home,2023-02-01,0
CUST007033,862583.39,60,12.99,Auto,2024-07-21,0
CUST007034,342425.66,24,13.45,Business,2024-03-20,0
CUST007035,773726.04,12,10.87,Business,2025-01-28,0
CUST007036,312755.0,60,10.37,Auto,2024-12-10,0
CUST007037,504763.42,60,7.28,Education,2025-12-02,1
CUST007038,435058.54,120,9.63,Home,2023-02-06,0
CUST007039,769755.22,120,7.7,Auto,2025-05-14,0
CUST007040,190650.7,60,9.84,Education,2024-09-22,0
CUST007041,1086153.7,12,10.27,Home,2025-04-25,0
CUST007042,563030.82,48,15.24,Home,2024-05-02,1
CUST007043,555023.29,24,10.28,Business,2025-08-18,0
CUST007044,163929.57,84,11.27,Home,2024-11-28,0
CUST007045,1202639.45,120,11.09,Personal,2025-01-29,0
CUST007046,505383.53,120,18.1,Home,2024-07-30,0
CUST007047,179583.23,48,11.42,Home,2024-09-28,0
CUST007048,347394.75,24,12.28,Business,2024-02-07,0
CUST007049,578251.43,24,16.88,Auto,2025-09-10,0
CUST007050,156416.31,84,10.78,Business,2023-06-10,0
CUST007051,760837.26,60,8.69,Education,2024-04-27,0
CUST007052,475187.97,48,16.79,Business,2025-08-25,0
CUST007053,193064.21,60,15.37,Home,2023-01-15,0
CUST007054,258767.39,12,8.41,Auto,2025-10-13,0
CUST007055,766280.66,24,16.34,Business,2025-03-31,0
CUST007056,932550.98,36,6.31,Home,2024-10-31,0
CUST007057,78341.24,48,14.43,Home,2024-01-12,0
CUST007058,623817.14,60,15.93,Auto,2024-07-13,0
CUST007059,684279.33,84,12.31,Business,2023-07-01,0
CUST007060,610188.99,120,12.21,Personal,2024-07-30,0
CUST007061,707626.51,12,10.87,Home,2024-02-17,0
CUST007062,489663.61,24,14.2,Auto,2025-02-26,1
CUST007063,475518.17,120,12.8,Personal,2025-11-27,0
CUST007064,316856.06,120,8.05,Home,2023-08-16,0
CUST007065,13941.01,24,9.33,Home,2023-11-19,0
CUST007066,267074.92,60,7.9,Education,2023-09-17,0
CUST007067,144879.94,60,10.53,Home,2025-06-14,0
CUST007068,375514.29,12,15.05,Business,2023-01-25,0
CUST007069,491557.43,48,13.16,Business,2024-10-20,0
CUST007070,52257.87,84,8.36,Business,2025-04-15,0
CUST007071,865957.75,36,6.0,Business,2023-10-19,0
CUST007072,205259.62,24,12.99,Auto,2023-07-26,0
CUST007073,639833.21,24,14.31,Home,2023-07-17,0
CUST007074,255497.59,36,7.89,Business,2023-02-11,0
CUST007075,133489.16,120,13.56,Home,2025-01-22,0
CUST007076,134551.29,120,10.68,Auto,2024-06-14,0
CUST007077,997057.39,48,8.67,Business,2025-09-11,0
CUST007078,76612.22,120,11.93,Personal,2024-01-22,0
CUST007079,456479.15,84,12.83,Education,2023-02-19,0
CUST007080,713417.24,84,9.79,Personal,2024-07-16,1
CUST007081,1000079.12,120,8.46,Auto,2024-11-29,0
CUST007082,641317.28,48,15.87,Home,2025-03-10,0
CUST007083,843176.17,60,12.3,Education,2023-04-13,0
CUST007084,40081.89,48,9.99,Auto,2025-05-19,0
CUST007085,218629.93,36,8.34,Personal,2024-05-01,0
CUST007086,290589.64,60,19.65,Business,2023-01-28,0
CUST007087,799840.85,84,13.49,Personal,2023-01-17,0
CUST007088,527281.12,120,13.54,Education,2024-04-21,0
CUST007089,807880.2,48,13.97,Auto,2024-08-01,0
CUST007090,515902.87,12,10.84,Personal,2024-02-18,0
CUST007091,680720.24,60,11.89,Home,2023-04-10,0
CUST007092,274483.31,48,8.62,Home,2024-10-13,0
CUST007093,364367.14,12,8.63,Auto,2025-04-05,1
CUST007094,430018.45,36,8.92,Home,2023-05-21,0
CUST007095,818729.93,12,9.02,Personal,2023-12-08,0
CUST007096,401723.22,24,10.88,Auto,2024-11-16,0
CUST007097,736979.31,36,7.26,Education,2023-08-01,0
CUST007098,390220.75,12,7.59,Home,2023-01-04,0
CUST007099,1447646.48,12,12.44,Home,2024-10-15,1
CUST007100,299573.35,60,8.57,Auto,2023-03-07,0
CUST007101,557719.93,36,15.11,Education,2023-06-28,1
CUST007102,588012.12,120,10.75,Business,2025-01-26,0
CUST007103,831014.68,60,14.99,Personal,2024-10-30,1
CUST007104,72396.1,12,12.86,Business,2023-04-09,0
CUST007105,359480.29,120,13.63,Business,2023-05-09,0
CUST007106,253741.0,84,9.37,Auto,2024-02-16,0
CUST007107,178128.76,36,9.46,Auto,2024-08-10,1
CUST007108,199543.56,84,14.05,Auto,2024-08-20,0
CUST007109,292733.38,120,15.77,Education,2024-04-19,0
CUST007110,138028.23,12,7.75,Personal,2023-02-23,0
CUST007111,442252.73,36,10.08,Personal,2024-08-03,0
CUST007112,204435.58,48,14.26,Personal,2025-07-03,1
CUST007113,428986.41,12,10.18,Home,2025-12-21,0
CUST007114,655322.3,120,6.47,Home,2024-03-02,0
CUST007115,335357.55,48,9.52,Auto,2025-05-18,0
CUST007116,76240.89,24,9.67,Auto,2023-10-11,0
CUST007117,46003.87,60,15.33,Personal,2023-12-17,0
CUST007118,52441.43,84,11.52,Personal,2025-11-17,0
CUST007119,860189.42,24,10.03,Auto,2024-03-02,0
CUST007120,160631.41,12,11.75,Home,2024-04-27,0
CUST007121,681264.73,12,13.69,Personal,2025-06-14,0
CUST007122,359414.87,12,11.07,Home,2024-05-08,0
CUST007123,470988.65,84,8.76,Personal,2024-05-25,0
CUST007124,259607.31,84,7.23,Home,2024-03-21,0
CUST007125,430872.56,24,15.72,Education,2025-10-12,0
CUST007126,275524.19,60,13.65,Personal,2025-02-11,1
CUST007127,909361.17,36,9.04,Business,2023-02-10,1
CUST007128,680852.71,48,11.22,Education,2024-01-28,0
CUST007129,297176.47,12,16.4,Home,2025-03-30,0
CUST007130,140467.44,36,7.31,Auto,2024-10-10,0
CUST007131,1062946.86,120,10.36,Home,2023-08-13,0
CUST007132,808285.23,24,7.98,Personal,2024-11-24,1
CUST007133,164710.7,84,11.37,Home,2025-12-14,0
CUST007134,1249292.42,84,12.46,Business,2025-04-08,0
CUST007135,47850.71,84,14.84,Personal,2024-10-29,0
CUST007136,1384219.9,24,11.11,Home,2023-03-25,0
CUST007137,657533.22,36,14.27,Education,2024-04-08,0
CUST007138,187466.63,12,9.98,Auto,2025-09-07,0
CUST007139,70282.07,120,7.47,Home,2024-10-09,0
CUST007140,688484.28,24,9.6,Personal,2023-11-11,0
CUST007141,769724.51,84,11.21,Education,2025-01-04,1
CUST007142,64654.15,120,6.61,Business,2023-03-29,0
CUST007143,606209.5,24,14.69,Education,2024-11-16,1
CUST007144,679399.12,60,9.8,Auto,2024-05-05,0
CUST007145,341553.8,36,9.51,Personal,2024-09-18,0
CUST007146,330702.11,84,14.56,Business,2025-07-25,0
CUST007147,76033.61,48,11.84,Home,2023-11-18,0
CUST007148,116241.08,36,9.42,Home,2024-12-25,0
CUST007149,411024.86,120,6.97,Home,2023-02-14,0
CUST007150,536012.71,84,8.31,Personal,2024-11-18,0
CUST007151,495251.86,120,10.93,Personal,2024-12-01,0
CUST007152,1096374.45,24,8.45,Personal,2023-01-12,0
CUST007153,636533.48,24,15.3,Business,2023-09-02,0
CUST007154,986631.56,48,13.38,Personal,2023-09-30,0
CUST007155,288730.86,84,10.63,Personal,2023-08-19,1
CUST007156,130607.96,84,11.79,Home,2023-03-09,0
CUST007157,169236.8,12,12.64,Personal,2024-04-27,0
CUST007158,196032.84,36,11.52,Auto,2024-05-11,0
CUST007159,358862.42,12,11.17,Education,2023-03-15,1
CUST007160,216093.62,24,12.34,Education,2024-03-15,0
CUST007161,239424.26,12,12.7,Home,2023-11-17,0
CUST007162,318235.66,36,8.13,Auto,2024-01-04,0
CUST007163,264650.12,48,11.26,Business,2023-05-14,0
CUST007164,157341.31,120,12.57,Personal,2024-05-16,0
CUST007165,1402488.84,12,14.03,Business,2024-01-03,1
CUST007166,128825.83,24,14.17,Personal,2023-03-07,0
CUST007167,1805720.76,60,12.28,Education,2024-07-24,0
CUST007168,167548.32,60,11.0,Personal,2024-04-19,0
CUST007169,96292.51,36,12.96,Home,2023-04-09,0
CUST007170,1055765.37,36,15.12,Business,2025-03-30,0
CUST007171,43386.16,36,9.62,Auto,2023-12-07,0
CUST007172,964840.65,36,6.87,Personal,2023-03-26,0
CUST007173,292583.91,60,9.18,Home,2023-01-19,0
CUST007174,76734.17,120,10.99,Home,2024-02-09,0
CUST007175,251723.44,36,8.27,Personal,2023-03-14,0
CUST007176,256558.25,24,13.45,Education,2024-08-23,0
CUST007177,979872.19,12,14.14,Auto,2023-04-14,1
CUST007178,495904.56,12,16.73,Home,2025-02-18,0
CUST007179,591377.5,12,9.35,Personal,2024-08-10,0
CUST007180,346389.76,120,9.98,Auto,2023-07-21,1
CUST007181,792747.87,36,11.94,Personal,2023-05-24,0
CUST007182,847764.94,60,9.46,Personal,2024-08-06,1
CUST007183,198342.34,60,15.5,Auto,2025-01-05,0
CUST007184,361183.11,36,10.45,Home,2023-03-23,0
CUST007185,271124.25,12,10.53,Auto,2023-04-15,0
CUST007186,395388.5,24,12.14,Business,2025-08-14,0
CUST007187,197856.39,48,12.57,Business,2023-03-14,0
CUST007188,149719.58,120,6.49,Auto,2024-07-22,0
CUST007189,396898.78,84,9.42,Personal,2024-04-29,0
CUST007190,308025.54,36,11.3,Personal,2024-03-27,0
CUST007191,53263.8,84,7.82,Home,2023-05-26,0
CUST007192,207845.34,24,9.93,Home,2023-09-11,0
CUST007193,399833.39,36,11.26,Personal,2024-08-25,0
CUST007194,95558.25,120,9.73,Auto,2024-08-25,0
CUST007195,98314.52,48,14.28,Home,2023-11-27,0
CUST007196,566991.57,120,9.63,Auto,2024-08-02,0
CUST007197,778345.07,84,8.48,Business,2023-06-19,0
CUST007198,213095.35,48,12.64,Auto,2023-12-05,0
CUST007199,94473.37,36,6.0,Home,2025-03-25,0
CUST007200,215928.72,60,10.06,Personal,2025-07-04,0
CUST007201,743082.7,48,11.37,Home,2025-10-03,1
CUST007202,835419.1,24,13.62,Personal,2023-09-19,0
CUST007203,426217.37,120,11.8,Auto,2023-09-02,0
CUST007204,414775.65,12,12.91,Business,2023-03-21,0
CUST007205,215577.86,120,8.49,Home,2024-02-13,0
CUST007206,193067.08,60,8.75,Home,2024-07-05,0
CUST007207,496215.3,24,9.71,Personal,2023-05-02,0
CUST007208,1218542.33,12,6.0,Home,2025-07-28,0
CUST007209,537862.61,36,14.01,Education,2025-08-11,1
CUST007210,306358.58,60,9.46,Education,2024-03-21,0
CUST007211,376571.12,48,12.5,Home,2025-07-10,1
CUST007212,1464948.56,36,8.17,Business,2023-06-23,0
CUST007213,538113.18,60,6.0,Personal,2024-05-05,0
CUST007214,72720.82,48,9.36,Personal,2024-02-17,0
CUST007215,298249.24,48,14.18,Auto,2025-12-27,0
CUST007216,355121.33,120,6.86,Auto,2023-05-02,0
CUST007217,1426095.01,36,10.49,Business,2025-08-03,0
CUST007218,569613.76,60,6.19,Auto,2025-12-29,0
CUST007219,124721.7,60,14.06,Business,2025-04-03,0
CUST007220,801010.91,60,13.85,Auto,2023-06-08,0
CUST007221,211573.6,36,9.43,Auto,2025-12-24,0
CUST007222,995376.88,12,10.41,Education,2025-11-30,0
CUST007223,586933.2,48,16.1,Auto,2024-10-27,0
CUST007224,1048397.03,48,14.56,Education,2025-10-27,1
CUST007225,614004.36,84,12.05,Business,2025-07-15,0
CUST007226,395674.2,84,19.92,Auto,2025-07-13,0
CUST007227,1357284.54,60,9.16,Education,2024-03-14,1
CUST007228,326030.74,48,12.58,Personal,2023-08-21,0
CUST007229,248168.79,84,10.87,Education,2025-01-25,0
CUST007230,427139.71,84,14.61,Auto,2025-06-24,0
CUST007231,417879.91,120,15.49,Business,2023-06-20,0
CUST007232,411507.42,12,14.5,Personal,2023-01-19,0
CUST007233,132101.31,120,10.54,Auto,2023-08-02,0
CUST007234,84820.3,120,22.89,Auto,2023-03-08,0
CUST007235,932368.03,84,16.62,Auto,2024-11-17,0
CUST007236,170007.24,84,6.6,Business,2023-08-28,0
CUST007237,91144.22,84,15.28,Business,2025-05-22,0
CUST007238,616053.93,36,13.03,Home,2024-01-03,0
CUST007239,237419.9,60,10.76,Home,2023-01-09,0
CUST007240,19756.04,120,13.55,Home,2024-04-18,0
CUST007241,176665.27,12,10.31,Home,2023-05-10,0
CUST007242,1050027.41,120,9.86,Education,2023-07-11,0
CUST007243,198100.02,12,11.04,Auto,2025-01-15,0
CUST007244,1014657.41,48,14.17,Business,2023-09-07,0
CUST007245,670238.39,60,13.02,Personal,2023-05-30,0
CUST007246,376943.96,12,7.97,Education,2024-01-16,0
CUST007247,187699.54,120,15.38,Home,2024-08-29,0
CUST007248,756695.01,48,10.78,Auto,2023-08-04,0
CUST007249,560847.15,12,10.1,Home,2025-12-20,0
CUST007250,1086774.19,36,17.09,Auto,2023-09-24,0
CUST007251,687372.83,48,7.44,Business,2023-02-09,0
CUST007252,373464.29,12,7.01,Education,2024-07-26,0
CUST007253,852250.4,24,12.24,Business,2025-05-26,0
CUST007254,226550.91,120,7.78,Personal,2025-09-06,0
CUST007255,714128.3,12,13.2,Home,2023-08-01,0
CUST007256,2909113.26,12,11.24,Business,2024-05-16,1
CUST007257,233823.19,120,10.73,Home,2023-07-27,1
CUST007258,1150533.79,84,17.34,Business,2023-01-10,1
CUST007259,289097.65,24,13.73,Auto,2025-08-15,0
CUST007260,453279.42,12,17.21,Auto,2024-02-20,0
CUST007261,259889.01,24,7.62,Home,2023-11-22,0
CUST007262,169689.86,48,14.52,Home,2023-01-03,0
CUST007263,77281.73,12,6.0,Personal,2025-07-04,0
CUST007264,146953.34,48,9.72,Education,2024-03-17,0
CUST007265,383258.32,48,6.47,Home,2024-11-30,0
CUST007266,108354.46,48,10.87,Business,2024-01-01,0
CUST007267,461828.75,60,13.74,Home,2024-09-14,0
CUST007268,496645.7,120,12.56,Education,2023-05-11,0
CUST007269,811785.14,120,16.19,Personal,2024-03-14,0
CUST007270,490742.13,24,10.39,Auto,2023-08-20,0
CUST007271,114926.35,60,9.4,Home,2024-01-29,0
CUST007272,845780.33,48,11.73,Education,2025-10-19,0
CUST007273,1003810.33,24,9.22,Education,2023-05-18,0
CUST007274,411199.0,12,13.55,Auto,2025-10-03,0
CUST007275,159426.84,48,8.58,Personal,2023-10-06,0
CUST007276,875437.88,12,8.15,Personal,2024-09-07,0
CUST007277,588242.92,36,9.77,Personal,2025-01-31,0
CUST007278,2162463.11,120,6.0,Business,2024-11-10,0
CUST007279,127041.91,36,14.83,Personal,2025-08-30,0
CUST007280,410668.93,48,11.94,Auto,2023-04-28,1
CUST007281,152683.91,48,13.21,Personal,2023-08-24,0
CUST007282,214497.49,48,9.96,Business,2023-05-14,0
CUST007283,849495.41,36,12.41,Personal,2023-12-30,0
CUST007284,183937.08,36,10.42,Business,2023-12-17,0
CUST007285,854866.32,120,9.37,Education,2024-04-14,0
CUST007286,432160.94,12,8.1,Education,2023-01-26,0
CUST007287,401939.2,12,20.41,Personal,2024-05-18,0
CUST007288,934138.11,24,16.56,Auto,2024-12-04,0
CUST007289,162610.29,60,11.6,Business,2025-09-19,0
CUST007290,155309.21,36,14.98,Auto,2025-10-17,0
CUST007291,204353.55,48,9.44,Auto,2023-05-03,0
CUST007292,593999.61,60,12.46,Education,2025-07-20,0
CUST007293,503638.07,60,13.76,Personal,2023-11-01,0
CUST007294,153381.52,12,14.66,Education,2024-12-21,1
CUST007295,547795.94,60,12.01,Auto,2025-07-17,0
CUST007296,278862.14,36,7.82,Home,2024-02-17,0
CUST007297,223475.62,48,8.64,Education,2025-07-06,0
CUST007298,56661.52,60,14.18,Auto,2023-02-27,0
CUST007299,613394.09,24,10.5,Education,2023-06-14,0
CUST007300,84642.42,24,10.02,Business,2024-08-04,0
CUST007301,417720.47,24,8.88,Business,2024-03-10,0
CUST007302,233498.84,60,11.29,Personal,2023-02-28,0
CUST007303,556418.11,48,12.95,Personal,2023-01-02,1
CUST007304,1025287.35,24,12.33,Education,2025-09-11,1
CUST007305,157268.18,120,10.51,Home,2024-06-19,0
CUST007306,501622.29,12,8.04,Business,2023-09-18,0
CUST007307,965641.6,48,13.84,Home,2023-07-07,0
CUST007308,1277340.39,60,7.05,Business,2023-08-02,1
CUST007309,473198.78,84,12.97,Auto,2025-12-28,0
CUST007310,243995.56,60,9.56,Auto,2025-07-04,0
CUST007311,432558.1,48,8.26,Business,2025-08-11,0
CUST007312,741229.7,36,10.78,Education,2025-07-13,1
CUST007313,213021.02,84,11.75,Education,2023-09-02,0
CUST007314,350793.37,48,13.19,Auto,2024-04-29,0
CUST007315,838427.13,12,7.01,Business,2024-01-20,0
CUST007316,1273123.01,120,10.65,Business,2023-07-19,1
CUST007317,694369.41,36,9.59,Business,2024-04-01,1
CUST007318,593524.93,48,13.57,Personal,2025-03-19,0
CUST007319,516368.71,120,11.34,Education,2025-11-14,0
CUST007320,136618.85,24,6.28,Personal,2024-06-29,0
CUST007321,185507.95,12,10.67,Auto,2023-01-26,0
CUST007322,907773.8,84,8.42,Business,2025-05-27,0
CUST007323,144490.24,60,11.07,Home,2025-08-08,0
CUST007324,823904.89,12,8.69,Personal,2024-10-28,0
CUST007325,1050864.54,12,9.58,Home,2025-12-01,1
CUST007326,127427.64,12,12.46,Auto,2024-09-11,0
CUST007327,1290472.62,24,9.22,Home,2024-11-03,0
CUST007328,359228.14,60,16.68,Education,2024-11-15,0
CUST007329,174078.6,24,15.92,Personal,2023-08-19,0
CUST007330,268814.63,12,11.67,Personal,2025-02-11,0
CUST007331,803483.34,120,12.51,Education,2023-04-20,0
CUST007332,220132.03,48,11.39,Auto,2024-06-13,0
CUST007333,1066031.28,84,12.99,Business,2024-04-02,0
CUST007334,126798.37,36,11.15,Auto,2025-02-27,0
CUST007335,1245186.21,12,17.73,Education,2024-07-09,0
CUST007336,364666.03,84,14.1,Business,2023-12-04,0
CUST007337,1032491.21,12,11.92,Home,2024-11-18,1
CUST007338,480703.12,60,13.5,Business,2025-03-10,0
CUST007339,549831.97,36,7.6,Auto,2023-07-30,0
CUST007340,720807.56,120,9.68,Auto,2025-04-07,0
CUST007341,400804.73,84,13.39,Business,2024-07-24,0
CUST007342,573625.29,48,11.66,Home,2024-08-09,0
CUST007343,322373.52,24,14.52,Business,2023-10-29,1
CUST007344,86331.67,120,10.37,Business,2024-12-29,0
CUST007345,810365.81,36,6.33,Personal,2023-07-30,0
CUST007346,781478.42,120,6.94,Auto,2025-01-01,1
CUST007347,126528.89,60,11.81,Education,2024-07-26,0
CUST007348,319177.58,120,8.55,Home,2024-03-20,0
CUST007349,533382.48,24,12.6,Personal,2025-10-02,1
CUST007350,979744.26,84,13.4,Personal,2024-05-27,0
CUST007351,593089.45,60,8.81,Auto,2023-02-24,0
CUST007352,254183.62,84,7.19,Auto,2024-01-24,0
CUST007353,97916.63,60,8.26,Education,2024-06-08,1
CUST007354,660860.9,48,14.57,Home,2024-11-20,0
CUST007355,1168626.96,60,12.41,Auto,2023-01-18,0
CUST007356,419845.0,48,6.53,Auto,2025-09-02,0
CUST007357,105773.99,84,12.99,Auto,2023-07-09,0
CUST007358,318688.27,36,10.23,Business,2025-11-29,0
CUST007359,133042.71,120,15.27,Auto,2023-10-10,0
CUST007360,387249.5,48,12.96,Education,2025-04-04,0
CUST007361,421261.56,60,12.89,Personal,2024-03-06,0
CUST007362,61974.8,48,10.97,Personal,2024-08-03,0
CUST007363,341385.49,120,10.43,Education,2024-06-20,0
CUST007364,607894.87,84,6.67,Education,2024-03-11,1
CUST007365,176560.45,60,11.79,Education,2025-08-24,0
CUST007366,115773.31,24,10.73,Home,2025-03-23,0
CUST007367,231028.29,60,14.51,Personal,2024-12-26,0
CUST007368,808415.12,120,9.78,Auto,2025-03-09,0
CUST007369,201354.94,36,12.62,Education,2023-06-30,0
CUST007370,575166.74,12,12.55,Education,2024-02-18,0
CUST007371,108262.86,60,12.55,Personal,2023-12-20,0
CUST007372,146224.18,120,15.4,Auto,2025-11-15,0
CUST007373,1347330.34,84,10.2,Home,2024-03-22,0
CUST007374,804668.41,60,11.73,Auto,2023-11-06,1
CUST007375,217453.16,48,11.88,Business,2023-08-17,0
CUST007376,848251.93,36,13.27,Auto,2025-06-04,0
CUST007377,372002.6,120,8.8,Home,2024-03-04,0
CUST007378,79290.31,60,14.92,Auto,2024-12-05,0
CUST007379,466056.59,120,11.13,Personal,2024-06-24,0
CUST007380,238054.73,24,15.37,Business,2025-02-13,0
CUST007381,705540.33,24,6.2,Business,2025-01-09,0
CUST007382,1061040.92,120,7.48,Education,2023-12-08,0
CUST007383,347216.05,12,14.66,Personal,2025-03-01,0
CUST007384,412961.8,48,13.22,Education,2025-04-14,0
CUST007385,409728.23,36,10.25,Personal,2024-04-07,1
CUST007386,953683.39,48,15.58,Education,2024-12-24,0
CUST007387,433219.49,120,6.41,Auto,2024-03-14,1
CUST007388,627883.71,48,9.76,Auto,2025-09-21,0
CUST007389,424305.39,84,12.37,Education,2024-12-15,0
CUST007390,298326.69,120,7.86,Education,2024-08-11,0
CUST007391,128412.64,120,11.23,Education,2025-12-24,0
CUST007392,713268.17,48,10.39,Personal,2023-03-24,0
CUST007393,130429.93,12,14.41,Education,2024-03-24,0
CUST007394,1140206.63,36,7.53,Personal,2024-09-16,0
CUST007395,854465.63,36,10.47,Home,2024-11-14,0
CUST007396,84526.69,48,12.66,Auto,2023-12-18,0
CUST007397,41074.84,120,8.57,Education,2025-01-11,0
CUST007398,247962.12,84,15.65,Personal,2023-01-12,0
CUST007399,196263.91,120,9.26,Business,2025-08-23,1
CUST007400,153490.78,120,11.56,Education,2023-11-17,0
CUST007401,322129.88,24,11.91,Business,2023-10-02,0
CUST007402,378114.54,24,10.71,Personal,2024-04-19,0
CUST007403,1082755.99,120,12.91,Auto,2024-10-24,0
CUST007404,199687.09,12,13.58,Education,2025-05-24,0
CUST007405,494803.47,120,13.47,Auto,2025-10-03,1
CUST007406,109319.91,120,13.33,Personal,2023-01-08,0
CUST007407,320034.2,120,7.55,Auto,2025-05-12,0
CUST007408,437426.5,120,10.77,Business,2025-04-01,0
CUST007409,151576.9,48,6.17,Education,2024-04-01,0
CUST007410,819590.76,48,11.56,Auto,2024-04-07,1
CUST007411,523007.9,60,9.73,Personal,2025-12-03,0
CUST007412,781983.96,120,13.17,Personal,2023-10-31,1
CUST007413,226187.54,36,9.9,Education,2024-01-05,0
CUST007414,865349.09,24,10.02,Home,2025-01-07,0
CUST007415,622972.2,48,9.63,Home,2024-12-08,0
CUST007416,140338.85,24,7.85,Home,2024-11-10,1
CUST007417,262933.16,84,13.24,Auto,2023-01-19,0
CUST007418,240039.21,120,12.97,Personal,2025-10-29,0
CUST007419,837754.91,12,11.91,Education,2024-01-29,0
CUST007420,980416.44,12,14.28,Home,2025-08-13,0
CUST007421,151986.94,120,14.03,Business,2023-08-26,0
CUST007422,220257.72,36,12.92,Home,2024-02-02,0
CUST007423,118362.78,36,10.82,Auto,2023-05-03,0
CUST007424,639498.39,24,13.57,Auto,2023-03-18,0
CUST007425,113441.44,48,11.91,Auto,2025-04-19,0
CUST007426,595027.8,84,11.78,Education,2024-08-01,0
CUST007427,973901.37,48,6.0,Personal,2023-01-27,1
CUST007428,718157.77,24,9.75,Home,2025-07-23,0
CUST007429,1076976.62,36,8.26,Education,2025-03-05,1
CUST007430,135216.85,12,14.49,Personal,2024-08-07,0
CUST007431,89325.3,48,11.7,Home,2025-04-10,0
CUST007432,429292.53,24,13.4,Education,2023-06-07,0
CUST007433,1509976.83,36,14.08,Home,2025-09-02,0
CUST007434,117238.15,60,9.86,Auto,2025-12-10,0
CUST007435,188295.23,120,14.32,Education,2025-09-29,0
CUST007436,142170.43,60,11.39,Home,2024-04-11,0
CUST007437,708898.34,48,14.42,Business,2023-06-26,0
CUST007438,463033.89,84,12.43,Personal,2024-11-20,0
CUST007439,744517.29,84,13.13,Auto,2025-08-26,0
CUST007440,338560.79,120,14.18,Auto,2024-08-22,0
CUST007441,32189.97,36,6.35,Business,2024-11-22,0
CUST007442,397396.74,60,14.08,Personal,2024-04-01,0
CUST007443,1188535.3,60,14.29,Business,2023-04-19,0
CUST007444,448123.97,12,6.24,Auto,2023-04-30,0
CUST007445,505879.11,24,18.04,Home,2025-10-05,0
CUST007446,482365.19,24,16.7,Auto,2025-03-20,0
CUST007447,364377.3,48,12.41,Home,2024-03-01,0
CUST007448,706946.39,120,13.11,Auto,2025-02-05,1
CUST007449,301688.27,48,8.62,Auto,2024-03-10,0
CUST007450,272466.53,120,9.37,Personal,2023-05-26,0
CUST007451,719863.48,24,8.12,Education,2025-12-28,0
CUST007452,279498.79,48,6.63,Auto,2024-01-31,0
CUST007453,311318.1,36,7.31,Home,2023-01-24,0
CUST007454,125401.03,48,7.34,Home,2024-10-30,0
CUST007455,238770.73,36,15.13,Education,2023-05-22,0
CUST007456,199740.09,84,12.14,Personal,2024-10-13,0
CUST007457,465333.09,48,9.28,Personal,2023-10-28,0
CUST007458,681632.68,12,11.49,Education,2024-02-01,0
CUST007459,289037.69,120,10.49,Home,2023-07-21,1
CUST007460,245666.81,36,10.09,Auto,2025-12-16,0
CUST007461,1009333.23,120,13.29,Personal,2025-02-02,1
CUST007462,134699.44,36,10.76,Education,2024-04-28,0
CUST007463,328094.05,60,13.99,Auto,2024-11-14,0
CUST007464,216952.41,36,7.78,Auto,2023-12-21,0
CUST007465,1375492.04,84,14.6,Personal,2025-09-17,1
CUST007466,719977.99,60,11.1,Home,2025-01-28,0
CUST007467,435357.71,24,11.66,Auto,2024-03-24,0
CUST007468,37423.07,36,16.94,Education,2024-06-28,0
CUST007469,269785.94,60,7.87,Home,2025-08-11,0
CUST007470,320535.4,12,8.43,Business,2023-12-21,1
CUST007471,680032.27,60,10.84,Auto,2024-04-22,0
CUST007472,53007.86,12,13.67,Business,2025-10-18,0
CUST007473,172210.62,48,9.45,Personal,2025-01-25,0
CUST007474,295459.56,48,6.04,Auto,2024-12-11,0
CUST007475,532355.97,24,10.47,Personal,2023-10-30,1
CUST007476,469147.02,24,9.64,Education,2023-03-01,1
CUST007477,326349.12,36,6.0,Personal,2023-08-07,0
CUST007478,2132173.45,36,10.67,Education,2024-09-14,0
CUST007479,320114.96,60,12.96,Education,2024-03-18,0
CUST007480,153347.67,36,6.0,Business,2025-07-28,0
CUST007481,879684.67,48,8.41,Business,2023-03-02,0
CUST007482,556747.56,36,8.18,Auto,2023-09-09,0
CUST007483,655906.99,36,6.0,Business,2024-09-28,0
CUST007484,945248.2,120,14.92,Business,2023-12-02,0
CUST007485,303834.13,84,10.51,Education,2023-03-22,0
CUST007486,69270.69,24,13.17,Auto,2023-02-14,0
CUST007487,674239.3,120,8.41,Auto,2024-02-25,0
CUST007488,596581.82,84,6.0,Education,2023-05-12,0
CUST007489,451940.69,36,13.42,Home,2023-01-01,0
CUST007490,511039.94,24,8.78,Auto,2025-02-24,0
CUST007491,366064.63,120,12.87,Education,2023-06-18,1
CUST007492,634820.96,60,9.03,Personal,2023-04-08,1
CUST007493,178738.63,36,8.15,Home,2023-01-08,0
CUST007494,543129.02,84,10.54,Auto,2023-06-18,0
CUST007495,240338.78,48,13.49,Home,2025-06-13,0
CUST007496,217938.95,24,6.0,Education,2025-11-11,0
CUST007497,501221.63,84,12.95,Personal,2023-07-11,0
CUST007498,226732.29,12,14.5,Home,2024-08-14,0
CUST007499,867498.24,120,14.92,Education,2023-12-06,0
CUST007500,157981.65,84,14.17,Home,2025-11-25,0
CUST007501,173998.8,60,9.51,Auto,2025-01-12,0
CUST007502,683456.5,24,10.35,Home,2024-05-13,1
CUST007503,850325.86,24,7.74,Personal,2023-03-22,0
CUST007504,328234.49,24,11.21,Business,2024-08-05,0
CUST007505,421452.47,48,12.03,Personal,2023-10-18,0
CUST007506,881272.8,84,11.48,Personal,2025-12-24,0
CUST007507,431068.92,36,9.68,Education,2025-12-10,0
CUST007508,876173.07,24,9.57,Auto,2023-04-07,0
CUST007509,28541.64,48,9.55,Education,2025-03-19,0
CUST007510,331939.46,84,11.73,Home,2025-12-22,0
CUST007511,75085.0,48,14.13,Personal,2024-04-28,0
CUST007512,291064.62,120,9.44,Education,2024-06-02,0
CUST007513,94589.19,12,11.06,Business,2025-05-09,0
CUST007514,305065.84,12,8.9,Personal,2025-04-30,0
CUST007515,129644.83,24,10.05,Home,2023-04-01,0
CUST007516,84003.71,84,14.94,Personal,2024-02-05,0
CUST007517,266184.86,48,7.97,Personal,2024-08-02,0
CUST007518,377683.27,24,11.94,Business,2024-08-07,0
CUST007519,631733.01,24,9.16,Business,2025-01-21,1
CUST007520,281058.57,48,11.48,Business,2024-07-26,0
CUST007521,844979.03,48,11.3,Personal,2024-11-14,0
CUST007522,204561.15,60,12.13,Auto,2024-03-17,0
CUST007523,466385.15,48,6.73,Business,2023-06-21,0
CUST007524,159901.27,84,12.57,Auto,2024-02-14,0
CUST007525,569781.91,48,6.0,Home,2025-07-17,0
CUST007526,40963.54,36,6.73,Education,2023-07-26,0
CUST007527,429931.93,120,14.05,Education,2024-07-09,0
CUST007528,509716.92,12,11.5,Auto,2024-11-10,0
CUST007529,484954.59,84,15.94,Business,2023-04-09,0
CUST007530,440317.78,48,13.63,Auto,2023-11-30,0
CUST007531,187086.8,48,7.26,Personal,2023-08-30,0
CUST007532,226734.07,60,13.79,Auto,2025-10-26,0
CUST007533,158517.12,120,9.91,Home,2024-01-09,0
CUST007534,422707.54,60,12.01,Business,2024-03-27,0
CUST007535,517445.41,120,13.34,Home,2024-10-24,0
CUST007536,342872.83,48,9.6,Home,2025-07-14,0
CUST007537,491725.52,24,6.0,Auto,2023-03-16,0
CUST007538,149920.09,36,13.49,Business,2024-10-08,0
CUST007539,1052797.68,12,11.19,Education,2024-02-13,0
CUST007540,788844.18,36,9.32,Home,2025-10-11,0
CUST007541,156176.04,12,16.87,Auto,2025-06-01,0
CUST007542,642393.23,12,13.12,Home,2023-03-26,0
CUST007543,164279.26,48,15.61,Business,2025-12-15,0
CUST007544,453008.01,24,14.11,Business,2023-02-06,0
CUST007545,245499.21,12,10.19,Personal,2025-07-14,0
CUST007546,1473385.33,84,8.45,Personal,2024-01-09,0
CUST007547,506603.09,120,6.96,Education,2023-12-16,0
CUST007548,245277.34,60,12.3,Auto,2025-02-01,0
CUST007549,1053962.61,48,13.15,Personal,2025-09-16,0
CUST007550,292012.42,120,9.55,Personal,2023-02-07,0
CUST007551,502343.39,24,12.49,Business,2025-05-13,0
CUST007552,99444.9,60,7.04,Education,2025-06-09,0
CUST007553,703415.35,24,12.28,Business,2023-12-19,1
CUST007554,716091.49,24,6.79,Personal,2025-10-26,0
CUST007555,319837.06,24,12.23,Business,2025-07-24,0
CUST007556,634692.87,60,12.96,Auto,2023-06-14,0
CUST007557,872086.39,12,8.53,Education,2023-03-01,0
CUST007558,473336.4,120,11.61,Business,2023-04-19,0
CUST007559,679996.82,60,9.23,Home,2025-08-02,1
CUST007560,551748.98,60,8.95,Home,2025-07-17,0
CUST007561,533895.97,84,13.7,Business,2025-03-17,0
CUST007562,633571.92,60,14.47,Home,2025-08-02,0
CUST007563,443395.82,60,10.09,Home,2025-05-11,0
CUST007564,442869.56,36,7.02,Personal,2024-10-25,0
CUST007565,495058.12,24,15.07,Auto,2025-09-25,0
CUST007566,473864.25,24,11.16,Education,2025-05-28,0
CUST007567,667468.76,60,9.13,Education,2024-10-18,0
CUST007568,385506.84,84,13.38,Home,2025-04-15,0
CUST007569,789574.14,84,13.77,Education,2023-01-10,0
CUST007570,202033.0,60,9.49,Business,2024-12-05,0
CUST007571,1427042.31,84,9.32,Home,2024-04-07,0
CUST007572,79849.52,60,10.97,Personal,2023-06-22,0
CUST007573,238822.52,120,15.77,Home,2024-02-01,0
CUST007574,908336.21,84,10.39,Education,2023-12-18,0
CUST007575,471489.98,48,14.29,Personal,2025-06-08,0
CUST007576,83487.56,60,15.02,Education,2025-05-06,0
CUST007577,493055.78,120,12.77,Auto,2024-01-12,0
CUST007578,437220.79,60,15.14,Education,2023-06-01,0
CUST007579,152279.54,48,10.05,Auto,2025-11-28,0
CUST007580,479073.64,60,8.23,Personal,2025-03-26,1
CUST007581,647754.15,60,11.61,Home,2025-09-10,0
CUST007582,312711.91,12,8.81,Personal,2024-05-25,0
CUST007583,664283.56,60,9.68,Education,2025-02-20,1
CUST007584,244427.23,12,8.1,Auto,2025-07-24,0
CUST007585,182578.75,12,7.88,Education,2023-01-09,0
CUST007586,269847.28,48,11.69,Auto,2024-11-27,0
CUST007587,757137.76,24,6.45,Home,2023-07-07,0
CUST007588,790721.89,120,13.42,Business,2024-06-05,0
CUST007589,245355.67,60,11.79,Home,2025-07-28,0
CUST007590,642055.58,36,10.17,Auto,2024-05-08,0
CUST007591,292390.15,60,9.13,Personal,2023-06-28,1
CUST007592,286607.25,24,8.29,Business,2024-11-08,0
CUST007593,265856.11,36,8.77,Personal,2023-05-07,0
CUST007594,219847.01,12,6.9,Business,2025-09-29,0
CUST007595,371715.01,84,19.64,Auto,2025-09-04,0
CUST007596,540215.74,84,11.71,Education,2023-04-15,0
CUST007597,465990.31,120,10.13,Auto,2024-12-19,0
CUST007598,985324.15,84,15.02,Education,2025-05-11,0
CUST007599,695259.26,120,11.03,Business,2025-05-06,0
CUST007600,322347.13,48,7.25,Education,2025-02-20,0
CUST007601,483652.23,24,6.83,Home,2023-09-25,1
CUST007602,893803.25,12,6.32,Auto,2024-04-23,0
CUST007603,1665678.71,120,9.42,Education,2025-10-08,0
CUST007604,104542.72,12,16.28,Personal,2023-01-31,0
CUST007605,145485.82,120,7.24,Business,2025-07-31,1
CUST007606,264438.63,48,10.03,Auto,2024-07-08,0
CUST007607,889223.4,60,9.26,Business,2024-02-17,0
CUST007608,194445.62,84,13.34,Education,2024-05-17,0
CUST007609,386781.16,12,16.17,Auto,2023-01-12,0
CUST007610,385723.85,12,6.42,Education,2025-01-23,0
CUST007611,1532545.53,48,9.7,Auto,2023-11-28,1
CUST007612,700151.08,60,12.43,Business,2025-10-02,0
CUST007613,841190.39,24,13.04,Home,2025-09-01,0
CUST007614,1125371.18,60,6.0,Auto,2024-05-22,0
CUST007615,225810.18,24,7.91,Education,2024-04-08,0
CUST007616,6256.89,36,13.6,Auto,2023-09-28,0
CUST007617,289692.79,12,8.09,Home,2025-07-02,0
CUST007618,1032693.12,84,16.82,Auto,2025-05-01,0
CUST007619,230568.29,36,17.05,Business,2023-04-25,0
CUST007620,365926.33,36,14.5,Auto,2024-04-29,0
CUST007621,309142.9,12,6.99,Business,2024-08-27,0
CUST007622,761474.37,60,9.21,Home,2023-03-30,0
CUST007623,712652.79,60,12.8,Education,2023-05-02,0
CUST007624,474705.29,60,6.76,Auto,2025-01-25,0
CUST007625,547806.38,60,6.12,Personal,2024-07-15,0
CUST007626,695119.9,120,13.68,Auto,2024-06-02,0
CUST007627,346136.77,36,11.27,Home,2024-12-20,0
CUST007628,1258727.55,84,17.17,Personal,2024-07-23,0
CUST007629,1244813.49,84,13.14,Business,2025-01-08,0
CUST007630,410451.71,60,12.79,Auto,2024-03-02,0
CUST007631,184386.97,12,8.74,Business,2024-12-07,0
CUST007632,286210.15,60,7.47,Home,2025-11-23,0
CUST007633,781389.11,120,13.0,Auto,2023-09-30,0
CUST007634,469583.59,60,12.22,Education,2025-10-20,1
CUST007635,78001.74,36,6.0,Personal,2025-03-30,0
CUST007636,759254.08,48,10.54,Education,2023-04-15,0
CUST007637,638036.63,36,10.86,Education,2024-12-27,1
CUST007638,1608249.06,36,9.77,Auto,2025-03-25,1
CUST007639,198226.74,48,7.34,Home,2024-12-09,0
CUST007640,1143579.31,60,14.62,Personal,2023-10-22,0
CUST007641,263048.01,24,19.68,Business,2023-10-21,0
CUST007642,41509.45,24,9.99,Education,2025-05-29,0
CUST007643,654802.35,48,8.92,Auto,2024-07-13,0
CUST007644,1120234.48,12,9.39,Personal,2024-01-27,0
CUST007645,629279.59,48,9.51,Business,2023-08-07,0
CUST007646,199204.78,12,7.91,Personal,2025-03-16,0
CUST007647,327029.88,84,11.69,Auto,2024-01-22,0
CUST007648,492730.94,48,13.2,Business,2025-03-09,0
CUST007649,815113.3,12,9.82,Auto,2023-09-24,0
CUST007650,494568.54,36,9.23,Auto,2024-05-01,0
CUST007651,635868.27,84,13.2,Business,2025-05-01,0
CUST007652,1173400.59,60,12.25,Education,2024-10-24,0
CUST007653,69526.72,12,12.58,Auto,2023-11-05,0
CUST007654,285671.22,12,7.7,Business,2024-09-23,0
CUST007655,225400.08,12,16.52,Personal,2023-01-02,0
CUST007656,413643.91,60,15.3,Home,2025-06-12,0
CUST007657,687479.01,60,10.48,Auto,2023-04-04,1
CUST007658,174365.13,120,10.74,Personal,2024-01-11,0
CUST007659,181265.06,48,13.84,Auto,2023-01-28,0
CUST007660,1852367.0,48,8.15,Auto,2023-10-05,0
CUST007661,578352.37,60,11.52,Education,2023-12-27,1
CUST007662,785451.31,84,10.82,Business,2023-09-18,0
CUST007663,221094.44,120,10.49,Home,2023-03-10,0
CUST007664,830503.05,24,10.25,Education,2025-08-25,0
CUST007665,754829.76,24,8.64,Personal,2024-03-18,0
CUST007666,76963.73,12,7.55,Business,2023-12-19,0
CUST007667,805302.34,36,13.81,Auto,2023-05-22,0
CUST007668,1657223.69,48,9.89,Personal,2023-08-18,1
CUST007669,228482.96,48,12.0,Business,2024-09-06,0
CUST007670,764061.83,84,11.91,Home,2024-05-09,0
CUST007671,753548.46,12,13.44,Personal,2023-02-10,0
CUST007672,352741.55,84,7.99,Education,2025-02-06,0
CUST007673,250807.87,120,8.76,Home,2023-06-18,0
CUST007674,229669.35,48,6.0,Personal,2025-05-02,0
CUST007675,295372.28,36,10.07,Home,2024-11-19,0
CUST007676,1462900.83,48,14.01,Personal,2023-02-08,0
CUST007677,777024.01,48,11.75,Business,2023-11-20,0
CUST007678,805003.29,24,11.78,Education,2023-02-27,0
CUST007679,168973.32,12,9.65,Home,2023-06-29,0
CUST007680,760891.36,84,13.53,Auto,2023-06-18,0
CUST007681,425393.69,60,13.05,Business,2025-05-21,0
CUST007682,170723.63,84,13.94,Auto,2023-11-10,0
CUST007683,807501.35,60,13.32,Education,2024-10-13,1
CUST007684,232771.93,12,9.14,Auto,2023-05-01,0
CUST007685,195023.57,60,15.68,Personal,2023-03-20,0
CUST007686,295056.03,24,8.41,Personal,2024-12-26,0
CUST007687,1209897.7,24,11.25,Home,2025-01-12,0
CUST007688,110730.83,36,13.49,Business,2025-12-09,0
CUST007689,679927.25,84,9.1,Personal,2023-07-17,1
CUST007690,209883.57,48,8.59,Home,2025-07-01,0
CUST007691,341911.38,36,10.26,Education,2025-06-24,0
CUST007692,947483.72,24,11.44,Personal,2024-11-28,0
CUST007693,273230.14,120,11.67,Auto,2024-04-12,0
CUST007694,477349.5,84,11.44,Auto,2024-07-22,0
CUST007695,1736912.83,36,10.63,Auto,2025-11-26,0
CUST007696,337246.49,120,9.24,Auto,2023-08-05,0
CUST007697,550358.55,120,9.09,Auto,2023-04-26,1
CUST007698,524899.7,36,12.79,Education,2023-10-10,0
CUST007699,354286.88,60,13.76,Auto,2023-05-17,0
CUST007700,364012.44,84,11.55,Personal,2025-02-28,0
CUST007701,68325.24,120,11.82,Business,2023-12-30,0
CUST007702,132899.93,48,14.66,Education,2024-08-04,0
CUST007703,465021.64,12,6.07,Home,2024-04-21,0
CUST007704,701462.7,24,11.88,Home,2023-06-03,1
CUST007705,258242.86,60,8.61,Business,2024-12-31,0
CUST007706,70461.75,120,11.89,Personal,2023-09-20,0
CUST007707,187673.84,84,12.44,Business,2023-04-23,0
CUST007708,501394.95,48,11.46,Personal,2024-12-24,0
CUST007709,1733645.31,48,10.72,Home,2024-01-30,0
CUST007710,714007.15,12,10.07,Auto,2024-02-12,0
CUST007711,906222.81,12,7.86,Education,2025-06-27,0
CUST007712,488635.5,60,9.42,Personal,2023-05-31,0
CUST007713,588431.48,12,7.61,Personal,2023-09-24,0
CUST007714,1027874.73,12,10.28,Home,2025-10-08,0
CUST007715,347093.38,24,10.02,Business,2025-11-28,0
CUST007716,368379.68,24,10.9,Home,2025-09-06,0
CUST007717,263060.7,12,10.01,Home,2023-02-14,1
CUST007718,111990.45,48,12.34,Personal,2023-09-02,0
CUST007719,410112.41,60,7.36,Home,2023-03-11,0
CUST007720,1910069.54,36,11.8,Home,2025-04-28,0
CUST007721,404772.08,84,14.4,Personal,2025-10-02,0
CUST007722,121870.23,24,11.54,Home,2023-01-23,0
CUST007723,372073.55,36,7.68,Personal,2025-11-11,0
CUST007724,807322.65,120,10.02,Home,2024-08-21,0
CUST007725,521167.97,120,11.11,Personal,2025-10-09,0
CUST007726,700810.87,24,11.74,Business,2024-05-11,1
CUST007727,230452.38,24,6.83,Business,2023-11-01,1
CUST007728,1797171.74,36,8.38,Home,2024-04-04,0
CUST007729,247869.49,48,8.49,Auto,2025-03-22,0
CUST007730,372320.49,60,10.74,Personal,2024-09-30,0
CUST007731,205258.36,48,9.03,Business,2023-03-09,0
CUST007732,519635.12,24,10.66,Personal,2025-07-07,0
CUST007733,834579.67,84,9.74,Personal,2024-07-19,0
CUST007734,630417.59,60,9.93,Business,2024-04-10,0
CUST007735,378767.86,36,9.58,Home,2024-11-04,1
CUST007736,839461.14,36,10.26,Personal,2024-01-27,0
CUST007737,271032.61,84,13.55,Home,2023-01-03,0
CUST007738,82171.56,36,14.32,Home,2025-08-06,0
CUST007739,893152.28,24,10.15,Personal,2024-05-02,0
CUST007740,673373.88,12,11.67,Personal,2025-04-05,0
CUST007741,93469.46,120,10.17,Education,2023-10-23,0
CUST007742,290279.16,48,7.4,Education,2025-04-06,0
CUST007743,634307.7,36,9.99,Education,2024-04-26,0
CUST007744,562457.49,120,12.68,Personal,2024-11-28,0
CUST007745,690064.79,120,10.57,Auto,2024-12-11,0
CUST007746,1473580.49,48,11.07,Auto,2023-08-30,0
CUST007747,254082.98,12,12.33,Personal,2024-04-26,0
CUST007748,310767.7,84,9.69,Auto,2023-06-15,0
CUST007749,677644.09,84,13.86,Business,2024-01-10,1
CUST007750,253468.11,84,7.37,Personal,2024-10-01,0
CUST007751,583073.05,36,10.18,Home,2025-09-24,0
CUST007752,1094217.97,12,10.66,Education,2024-06-02,0
CUST007753,347354.56,24,15.4,Education,2024-03-29,0
CUST007754,2287804.66,60,10.79,Auto,2024-01-05,0
CUST007755,1027875.81,60,13.38,Education,2024-07-10,0
CUST007756,413257.46,36,11.39,Home,2025-11-01,0
CUST007757,151269.38,120,11.29,Personal,2024-01-03,0
CUST007758,466094.54,12,10.9,Business,2024-02-15,0
CUST007759,811632.44,120,7.78,Auto,2023-11-14,0
CUST007760,1097517.55,60,8.9,Auto,2025-07-03,0
CUST007761,237447.18,36,13.32,Business,2025-05-07,0
CUST007762,240377.38,36,11.29,Personal,2024-08-16,0
CUST007763,528022.12,60,9.94,Personal,2024-02-04,0
CUST007764,397133.42,84,13.75,Home,2023-07-13,0
CUST007765,669320.0,120,15.26,Auto,2024-11-16,0
CUST007766,457111.31,84,12.78,Home,2023-10-17,0
CUST007767,529090.92,60,12.91,Education,2025-09-13,0
CUST007768,208433.26,12,16.11,Business,2025-04-24,0
CUST007769,829517.34,12,11.26,Personal,2024-06-29,0
CUST007770,837675.16,24,13.41,Education,2023-08-28,0
CUST007771,573214.99,36,11.25,Home,2025-07-20,0
CUST007772,140187.17,84,11.07,Business,2025-10-21,0
CUST007773,446400.78,12,12.67,Business,2025-03-08,0
CUST007774,246434.87,12,13.54,Business,2023-07-19,0
CUST007775,1364150.46,60,8.78,Personal,2023-08-27,1
CUST007776,293432.85,48,10.98,Business,2023-06-14,0
CUST007777,457633.76,60,10.54,Auto,2023-06-11,0
CUST007778,426213.5,36,13.03,Education,2024-07-19,0
CUST007779,312447.79,60,10.2,Education,2025-04-03,0
CUST007780,974417.48,84,11.84,Personal,2025-10-05,0
CUST007781,446952.07,60,12.14,Business,2024-09-02,0
CUST007782,131188.69,120,10.2,Auto,2023-03-11,0
CUST007783,525628.78,48,12.27,Business,2023-01-10,0
CUST007784,423927.89,24,11.94,Business,2024-08-20,1
CUST007785,524059.01,60,6.0,Auto,2024-07-15,0
CUST007786,632866.86,120,13.61,Business,2025-11-28,0
CUST007787,833042.33,24,15.21,Home,2023-10-01,0
CUST007788,522989.87,84,12.9,Home,2023-08-15,0
CUST007789,216548.04,120,14.06,Home,2024-12-12,0
CUST007790,253337.24,48,11.3,Personal,2023-04-11,0
CUST007791,206809.55,84,15.55,Education,2023-06-12,0
CUST007792,100810.8,48,13.97,Personal,2023-03-13,0
CUST007793,26413.09,60,8.94,Personal,2023-10-17,0
CUST007794,293634.47,48,11.78,Education,2024-05-07,0
CUST007795,305304.76,84,8.56,Personal,2023-02-20,0
CUST007796,395313.82,48,12.35,Education,2023-01-14,1
CUST007797,808152.62,60,9.66,Auto,2025-08-17,0
CUST007798,416486.51,120,9.27,Auto,2025-03-01,0
CUST007799,144884.75,84,9.5,Home,2023-03-13,0
CUST007800,447884.47,36,15.74,Home,2025-08-04,0
CUST007801,302017.75,24,15.0,Home,2025-02-04,0
CUST007802,287762.57,48,6.0,Business,2025-05-14,0
CUST007803,988793.68,48,9.49,Business,2025-09-08,0
CUST007804,554620.48,84,13.76,Business,2024-05-08,0
CUST007805,744158.64,84,9.95,Business,2025-07-15,0
CUST007806,411466.39,24,6.0,Home,2023-11-21,0
CUST007807,56975.35,48,12.34,Personal,2023-01-13,0
CUST007808,197090.61,48,8.67,Education,2023-02-10,1
CUST007809,378363.05,84,11.52,Education,2023-09-01,0
CUST007810,566004.05,24,14.1,Education,2024-01-22,0
CUST007811,558748.84,12,14.92,Education,2024-08-11,0
CUST007812,11684.43,12,16.24,Home,2023-11-07,0
CUST007813,169165.65,120,14.37,Personal,2023-12-13,0
CUST007814,689873.58,48,8.63,Business,2024-02-28,0
CUST007815,105142.0,48,9.71,Home,2024-01-04,0
CUST007816,1579248.89,120,12.18,Business,2023-07-14,0
CUST007817,105631.53,84,7.94,Education,2025-01-08,0
CUST007818,700950.75,120,12.83,Auto,2023-07-03,0
CUST007819,101411.9,12,9.36,Personal,2024-07-21,0
CUST007820,273167.74,48,10.7,Auto,2025-03-05,1
CUST007821,321931.79,84,10.17,Personal,2023-10-22,1
CUST007822,1118776.75,84,9.19,Personal,2024-01-30,1
CUST007823,1097530.56,12,9.87,Education,2024-06-17,0
CUST007824,240279.34,24,13.03,Business,2024-02-24,0
CUST007825,546551.33,48,14.65,Auto,2024-03-01,0
CUST007826,635380.75,48,10.99,Home,2024-04-20,0
CUST007827,272650.49,120,12.0,Education,2025-10-07,0
CUST007828,442969.43,120,8.57,Auto,2023-11-13,1
CUST007829,948102.52,84,13.19,Education,2023-04-17,0
CUST007830,918276.14,36,14.57,Home,2023-05-05,0
CUST007831,263861.27,24,12.69,Education,2023-01-04,0
CUST007832,129740.08,48,12.18,Home,2025-08-28,0
CUST007833,194918.2,12,9.85,Business,2025-11-20,1
CUST007834,617025.01,48,8.56,Home,2025-11-03,0
CUST007835,394352.47,84,11.03,Education,2023-02-03,0
CUST007836,531099.81,84,9.17,Education,2024-02-17,0
CUST007837,405684.5,12,11.77,Home,2024-07-07,0
CUST007838,548902.58,24,6.42,Personal,2024-07-30,0
CUST007839,728131.18,48,13.08,Personal,2025-10-23,0
CUST007840,452506.37,36,9.61,Auto,2025-07-16,0
CUST007841,1132557.53,60,6.0,Personal,2024-08-25,0
CUST007842,760529.42,24,6.85,Home,2024-12-01,1
CUST007843,465219.26,12,13.18,Business,2024-11-13,0
CUST007844,96185.39,48,13.85,Home,2025-05-28,0
CUST007845,173556.15,24,6.68,Personal,2025-06-25,0
CUST007846,504005.66,120,17.18,Home,2024-01-18,0
CUST007847,433524.54,120,12.82,Auto,2025-03-08,0
CUST007848,143833.0,120,14.93,Business,2024-07-14,0
CUST007849,870238.89,84,9.91,Home,2023-08-28,0
CUST007850,691874.18,84,6.94,Business,2025-02-19,0
CUST007851,149289.91,24,8.73,Business,2023-02-14,0
CUST007852,185889.55,24,13.13,Education,2025-11-27,0
CUST007853,199923.45,84,12.69,Personal,2025-12-02,1
CUST007854,349809.11,120,9.83,Auto,2025-10-13,1
CUST007855,1089749.81,12,14.33,Home,2025-07-04,1
CUST007856,464953.52,12,9.49,Personal,2024-09-29,0
CUST007857,76188.67,84,6.0,Personal,2025-12-19,0
CUST007858,792097.76,24,17.34,Business,2023-04-11,0
CUST007859,485122.08,48,16.75,Personal,2023-08-14,0
CUST007860,546320.41,120,8.51,Auto,2023-11-21,0
CUST007861,205821.41,120,13.56,Education,2023-05-09,0
CUST007862,796388.88,36,7.51,Auto,2025-09-21,1
CUST007863,234498.85,36,11.34,Business,2025-05-21,0
CUST007864,419205.14,48,6.8,Business,2025-02-01,0
CUST007865,1166836.96,12,13.9,Auto,2025-02-17,1
CUST007866,51999.5,36,7.31,Auto,2023-07-13,0
CUST007867,324349.59,48,13.34,Education,2025-09-26,0
CUST007868,493881.01,60,10.9,Auto,2025-08-28,0
CUST007869,977688.43,12,8.63,Business,2024-07-07,0
CUST007870,853682.5,84,9.57,Education,2025-09-22,0
CUST007871,325816.96,120,11.66,Home,2024-10-19,0
CUST007872,1234090.44,84,12.07,Business,2025-07-16,1
CUST007873,165118.0,24,7.48,Personal,2025-09-21,0
CUST007874,352120.18,24,15.21,Home,2024-12-25,0
CUST007875,920649.51,84,6.0,Home,2023-02-21,0
CUST007876,885993.0,60,16.32,Education,2023-08-27,0
CUST007877,20738.46,12,10.37,Education,2024-01-29,0
CUST007878,193847.55,120,12.76,Personal,2024-10-20,0
CUST007879,296400.11,12,11.09,Education,2023-06-16,0
CUST007880,8726.32,48,7.65,Personal,2023-06-18,0
CUST007881,980579.31,84,9.25,Education,2023-03-30,0
CUST007882,1132205.53,48,9.91,Personal,2023-10-16,0
CUST007883,449782.39,48,12.38,Business,2025-02-24,0
CUST007884,938479.63,48,15.4,Auto,2025-01-06,0
CUST007885,590373.22,36,13.39,Personal,2024-04-25,0
CUST007886,154087.2,24,10.47,Personal,2023-09-11,0
CUST007887,529762.04,36,12.29,Auto,2023-11-05,0
CUST007888,507086.02,84,11.49,Education,2025-07-24,0
CUST007889,647213.02,60,8.5,Home,2025-01-17,1
CUST007890,359917.97,60,8.78,Personal,2025-11-16,0
CUST007891,208338.88,60,13.32,Home,2025-07-11,0
CUST007892,214968.58,84,7.68,Education,2025-04-24,0
CUST007893,276094.22,60,10.76,Business,2025-06-08,0
CUST007894,372609.63,84,8.38,Education,2025-07-13,0
CUST007895,343123.27,84,12.14,Education,2023-02-01,0
CUST007896,1284074.34,84,10.35,Education,2023-12-16,0
CUST007897,71685.31,48,9.75,Personal,2024-10-15,0
CUST007898,725602.0,12,12.32,Business,2025-06-22,0
CUST007899,615102.08,60,14.02,Personal,2024-12-26,0
CUST007900,258190.56,120,12.85,Business,2024-08-28,0
CUST007901,1046984.83,36,11.1,Business,2024-10-01,0
CUST007902,117284.83,12,14.73,Home,2023-04-15,0
CUST007903,381084.31,120,14.46,Business,2023-12-25,0
CUST007904,54796.86,12,15.02,Education,2024-04-04,0
CUST007905,209614.89,84,13.54,Education,2025-03-07,1
CUST007906,141296.98,84,13.19,Personal,2023-03-24,0
CUST007907,629955.07,84,9.32,Home,2023-10-20,0
CUST007908,677886.11,12,14.32,Personal,2025-09-08,0
CUST007909,613331.26,48,12.08,Education,2024-09-11,0
CUST007910,648436.67,48,8.95,Personal,2025-08-27,0
CUST007911,250831.63,24,15.31,Auto,2024-05-26,0
CUST007912,821022.6,36,6.0,Education,2025-10-11,0
CUST007913,421330.75,84,14.52,Auto,2025-01-03,0
CUST007914,448642.04,120,15.18,Home,2025-11-24,0
CUST007915,167129.51,12,6.23,Auto,2025-07-27,0
CUST007916,75890.92,12,12.03,Personal,2023-11-29,0
CUST007917,348564.54,84,9.91,Auto,2024-11-15,1
CUST007918,669909.84,24,10.14,Auto,2023-04-04,1
CUST007919,2566787.06,48,10.17,Business,2024-01-19,0
CUST007920,579546.99,36,6.0,Auto,2025-10-16,1
CUST007921,346782.98,120,9.67,Education,2025-11-08,0
CUST007922,68923.28,24,13.92,Personal,2023-05-06,0
CUST007923,138988.47,120,7.58,Personal,2025-06-29,0
CUST007924,1512448.97,36,11.77,Business,2024-08-26,0
CUST007925,557279.11,12,14.38,Education,2024-02-19,0
CUST007926,617666.57,36,14.19,Home,2024-11-27,0
CUST007927,308759.96,48,13.15,Personal,2023-09-30,0
CUST007928,508425.62,84,15.35,Personal,2024-04-08,0
CUST007929,1030101.06,48,6.0,Home,2025-04-06,1
CUST007930,121751.65,84,9.85,Education,2024-06-02,0
CUST007931,194333.75,84,11.71,Education,2024-03-08,0
CUST007932,1418744.68,12,9.17,Auto,2024-10-24,1
CUST007933,769798.85,24,7.35,Business,2025-05-13,0
CUST007934,318944.96,120,9.57,Personal,2023-02-16,0
CUST007935,312814.85,60,14.65,Business,2024-07-10,0
CUST007936,549203.28,12,8.48,Home,2025-06-23,0
CUST007937,288649.4,36,13.75,Business,2023-12-04,0
CUST007938,316241.34,12,13.37,Business,2024-11-22,0
CUST007939,218981.77,24,8.49,Education,2023-10-02,0
CUST007940,64411.41,12,13.16,Education,2024-03-22,0
CUST007941,505114.32,24,13.0,Business,2024-10-23,0
CUST007942,247751.64,24,12.11,Personal,2025-09-19,0
CUST007943,741072.91,12,9.59,Home,2024-07-23,1
CUST007944,804523.24,24,8.92,Education,2024-05-15,0
CUST007945,1051224.57,24,11.13,Education,2025-12-24,0
CUST007946,394842.5,84,14.77,Business,2023-01-27,0
CUST007947,282624.11,84,9.88,Home,2024-08-21,0
CUST007948,409610.5,48,12.09,Personal,2023-09-06,0
CUST007949,319084.65,48,17.05,Personal,2023-10-21,0
CUST007950,328291.35,48,10.89,Education,2024-03-30,0
CUST007951,719479.67,84,14.62,Auto,2025-12-27,0
CUST007952,858292.78,120,11.96,Personal,2025-03-26,0
CUST007953,350732.78,24,14.49,Personal,2023-11-27,0
CUST007954,78423.97,12,10.44,Personal,2025-11-05,0
CUST007955,506374.9,120,11.25,Home,2024-11-18,0
CUST007956,150463.48,24,11.57,Home,2024-03-07,0
CUST007957,252799.03,24,12.99,Education,2025-11-25,0
CUST007958,133892.56,60,8.46,Personal,2025-01-03,0
CUST007959,347841.8,84,8.42,Personal,2024-04-14,0
CUST007960,126315.77,120,13.46,Education,2025-03-30,0
CUST007961,395257.69,60,6.0,Auto,2023-09-08,0
CUST007962,338598.9,120,12.94,Business,2024-06-30,0
CUST007963,144150.6,84,14.69,Home,2024-09-08,0
CUST007964,244233.35,84,12.25,Education,2025-08-23,0
CUST007965,380449.23,24,11.92,Education,2025-12-13,0
CUST007966,123051.63,60,10.89,Education,2023-12-12,0
CUST007967,342566.39,24,14.58,Personal,2025-05-04,1
CUST007968,592497.38,60,10.53,Auto,2025-06-18,0
CUST007969,795099.57,84,9.82,Home,2025-12-23,0
CUST007970,260670.88,60,10.01,Home,2024-03-09,0
CUST007971,1249722.7,84,13.07,Auto,2023-12-09,0
CUST007972,581070.77,12,10.4,Auto,2024-07-28,0
CUST007973,387158.23,48,10.97,Home,2023-11-12,0
CUST007974,244242.26,36,8.59,Auto,2025-08-07,0
CUST007975,408302.8,36,6.0,Personal,2024-01-31,1
CUST007976,319531.86,36,8.16,Personal,2023-12-12,0
CUST007977,665730.55,60,15.61,Home,2023-01-31,0
CUST007978,432338.06,60,15.75,Business,2025-01-01,0
CUST007979,251564.68,36,10.6,Auto,2025-06-25,0
CUST007980,198896.63,12,9.6,Home,2024-09-07,0
CUST007981,591968.39,48,17.62,Auto,2023-01-09,0
CUST007982,430497.37,60,10.57,Auto,2024-03-18,0
CUST007983,457502.34,48,12.48,Auto,2024-04-21,0
CUST007984,290608.6,12,8.45,Education,2023-01-21,0
CUST007985,384395.43,84,10.08,Home,2025-02-10,0
CUST007986,1089913.63,24,7.79,Personal,2023-05-02,1
CUST007987,637401.27,48,9.81,Business,2024-08-15,1
CUST007988,395260.77,84,6.0,Personal,2023-01-24,0
CUST007989,271943.6,60,8.65,Education,2024-01-24,0
CUST007990,158185.91,84,13.95,Home,2025-12-03,0
CUST007991,753320.21,60,11.93,Business,2023-01-23,0
CUST007992,229640.44,84,14.29,Auto,2025-01-31,0
CUST007993,217328.79,12,10.28,Personal,2023-05-12,1
CUST007994,464477.69,12,9.99,Business,2023-10-30,0
CUST007995,261384.78,120,10.59,Personal,2024-08-08,0
CUST007996,97637.11,120,6.96,Education,2023-05-09,0
CUST007997,452008.59,60,7.41,Business,2023-09-06,0
CUST007998,70870.72,60,15.8,Education,2024-06-30,0
CUST007999,381644.45,84,15.82,Business,2025-10-22,0
CUST008000,331089.35,120,11.95,Personal,2024-08-02,0
CUST008001,558524.86,24,9.22,Personal,2023-02-15,0
CUST008002,562332.17,120,12.55,Personal,2023-10-15,0
CUST008003,744158.23,60,6.93,Home,2023-06-30,0
CUST008004,1160333.17,60,10.18,Home,2025-02-16,0
CUST008005,480316.64,12,9.53,Auto,2024-07-06,0
CUST008006,347325.5,48,15.53,Business,2024-05-24,0
CUST008007,462030.23,24,10.05,Auto,2023-05-15,0
CUST008008,1061807.12,48,14.59,Auto,2023-01-17,1
CUST008009,368963.0,48,12.0,Personal,2024-08-24,0
CUST008010,726068.03,60,9.93,Education,2023-01-06,0
CUST008011,165129.96,24,6.0,Auto,2024-12-02,0
CUST008012,364105.44,24,13.07,Auto,2024-01-30,0
CUST008013,452549.55,48,13.15,Home,2025-11-17,0
CUST008014,642644.75,24,13.12,Home,2023-01-07,0
CUST008015,90146.46,12,17.88,Auto,2024-09-28,0
CUST008016,392495.47,48,13.71,Auto,2025-06-28,0
CUST008017,635994.15,48,8.9,Education,2025-04-09,0
CUST008018,605609.56,60,12.95,Personal,2025-01-16,1
CUST008019,488939.93,60,8.63,Personal,2025-12-04,0
CUST008020,206437.63,120,10.87,Education,2025-08-09,1
CUST008021,1792070.91,48,12.06,Home,2023-08-21,0
CUST008022,961231.02,24,6.35,Personal,2023-06-10,0
CUST008023,749178.4,12,8.17,Personal,2025-02-01,0
CUST008024,386984.24,12,9.4,Business,2024-08-05,0
CUST008025,626398.26,60,8.55,Personal,2023-08-22,0
CUST008026,689674.74,120,11.6,Home,2023-12-22,0
CUST008027,205612.41,60,13.06,Auto,2025-06-12,1
CUST008028,589648.46,48,12.23,Auto,2024-06-05,0
CUST008029,1213076.67,48,6.96,Home,2024-01-23,0
CUST008030,625254.29,36,10.92,Home,2024-06-06,0
CUST008031,259758.8,24,11.95,Home,2023-05-21,0
CUST008032,486699.55,12,9.8,Home,2024-10-02,0
CUST008033,497891.95,36,6.68,Education,2024-12-05,0
CUST008034,150898.67,24,7.38,Personal,2023-02-01,0
CUST008035,413614.23,84,15.13,Auto,2024-08-05,0
CUST008036,881298.65,36,9.48,Home,2024-02-03,0
CUST008037,322162.68,36,14.8,Home,2024-06-21,0
CUST008038,1009944.15,24,9.68,Education,2023-06-07,1
CUST008039,169539.64,24,9.61,Education,2024-01-14,0
CUST008040,377704.58,84,11.71,Business,2023-09-27,1
CUST008041,409786.94,36,9.64,Business,2024-05-06,0
CUST008042,860177.58,48,6.24,Business,2025-10-21,0
CUST008043,155524.18,24,15.93,Business,2023-06-01,0
CUST008044,657046.87,120,8.48,Education,2025-05-10,0
CUST008045,1775833.84,60,8.32,Personal,2024-10-19,0
CUST008046,682273.99,120,11.99,Auto,2024-09-15,0
CUST008047,871268.19,60,9.29,Business,2023-07-26,0
CUST008048,226716.13,84,8.65,Business,2025-11-15,0
CUST008049,1429141.05,12,6.0,Home,2024-06-17,0
CUST008050,530525.08,120,10.36,Business,2023-01-02,1
CUST008051,471301.02,84,11.9,Personal,2025-11-30,0
CUST008052,849213.17,48,6.93,Education,2025-11-06,0
CUST008053,332476.55,60,7.63,Personal,2025-12-25,0
CUST008054,412787.82,36,11.53,Education,2025-11-02,0
CUST008055,319706.7,120,14.2,Education,2025-08-14,0
CUST008056,927707.76,36,13.8,Home,2024-01-15,0
CUST008057,568230.66,48,16.77,Business,2023-09-30,0
CUST008058,732913.48,36,9.19,Business,2024-10-24,0
CUST008059,258387.59,84,12.95,Home,2024-01-12,0
CUST008060,467550.74,60,12.38,Personal,2023-03-30,0
CUST008061,888554.06,60,12.16,Personal,2023-07-17,0
CUST008062,805924.04,24,7.51,Home,2024-01-28,0
CUST008063,393176.11,48,11.4,Home,2023-11-02,0
CUST008064,725567.28,84,13.14,Education,2025-03-26,0
CUST008065,113159.46,84,16.31,Business,2024-04-07,0
CUST008066,182306.14,48,10.61,Education,2023-06-10,0
CUST008067,198480.45,36,9.29,Business,2023-08-12,0
CUST008068,376538.51,120,18.39,Business,2025-01-17,0
CUST008069,418051.1,48,7.73,Personal,2023-05-17,0
CUST008070,706218.77,48,9.29,Auto,2023-11-09,0
CUST008071,288000.04,120,15.21,Education,2023-09-27,0
CUST008072,327263.59,36,14.91,Auto,2023-12-05,0
CUST008073,132783.89,120,6.15,Home,2023-09-28,0
CUST008074,357523.22,12,11.58,Home,2023-04-18,0
CUST008075,831978.46,48,11.55,Home,2025-12-16,0
CUST008076,389667.15,12,13.96,Home,2023-02-17,0
CUST008077,470592.97,24,17.24,Personal,2023-08-27,1
CUST008078,493515.5,36,6.0,Business,2023-06-19,0
CUST008079,1150546.65,48,9.57,Auto,2023-03-01,1
CUST008080,451960.37,120,12.16,Business,2023-03-23,0
CUST008081,461226.93,12,8.52,Auto,2025-01-30,0
CUST008082,644476.82,24,9.07,Home,2024-02-08,0
CUST008083,582862.53,120,11.65,Home,2023-11-17,0
CUST008084,53804.82,24,13.65,Auto,2023-08-30,0
CUST008085,228435.81,24,12.91,Business,2024-07-07,0
CUST008086,424057.07,48,8.45,Personal,2025-06-18,0
CUST008087,768206.59,12,8.07,Auto,2024-03-26,1
CUST008088,343257.33,120,10.62,Auto,2024-11-18,0
CUST008089,223370.23,60,6.0,Business,2025-05-30,0
CUST008090,201264.92,36,6.71,Business,2025-04-03,0
CUST008091,1090945.41,24,16.66,Business,2025-01-04,0
CUST008092,1843986.89,48,10.23,Personal,2024-05-21,0
CUST008093,235556.09,48,10.26,Auto,2024-05-21,0
CUST008094,378977.25,24,7.78,Home,2025-09-21,0
CUST008095,182267.61,84,11.84,Home,2024-04-10,0
CUST008096,248006.15,48,7.46,Business,2024-09-08,0
CUST008097,553246.24,24,6.02,Education,2024-10-26,0
CUST008098,976174.56,48,9.69,Home,2025-11-12,1
CUST008099,825510.85,120,10.47,Home,2023-09-09,0
CUST008100,402880.96,84,12.69,Education,2024-02-12,0
CUST008101,1044121.88,60,11.93,Business,2024-06-22,0
CUST008102,508576.24,120,6.0,Education,2024-10-30,0
CUST008103,373383.72,12,12.91,Business,2025-05-13,0
CUST008104,359349.23,48,7.85,Business,2025-09-15,0
CUST008105,626957.79,84,11.16,Personal,2025-06-15,0
CUST008106,626476.99,60,11.04,Auto,2024-03-02,0
CUST008107,135998.35,48,9.03,Personal,2023-04-07,0
CUST008108,422486.56,12,11.82,Business,2024-11-29,0
CUST008109,190009.87,120,6.38,Home,2024-03-13,0
CUST008110,798340.38,36,14.55,Home,2023-01-10,1
CUST008111,139450.22,48,10.52,Personal,2023-03-29,0
CUST008112,286532.27,60,15.24,Home,2025-03-18,0
CUST008113,255791.75,24,9.3,Auto,2023-06-13,0
CUST008114,714469.66,120,9.76,Auto,2023-01-19,0
CUST008115,312862.19,84,12.03,Education,2023-12-22,0
CUST008116,363708.59,24,9.73,Business,2023-06-07,0
CUST008117,198049.67,48,14.19,Education,2024-06-20,0
CUST008118,235134.04,36,7.27,Education,2024-05-28,0
CUST008119,271017.57,120,6.0,Personal,2023-07-14,0
CUST008120,464495.32,48,18.56,Business,2025-01-11,0
CUST008121,432584.67,24,9.91,Personal,2024-04-08,0
CUST008122,650609.17,24,12.06,Home,2024-07-31,0
CUST008123,381932.36,48,12.09,Home,2023-07-03,0
CUST008124,871941.71,36,9.93,Auto,2024-01-04,0
CUST008125,782554.46,36,9.79,Personal,2024-05-12,0
CUST008126,444064.6,48,9.86,Personal,2025-05-25,0
CUST008127,686060.11,60,16.23,Home,2025-12-28,0
CUST008128,428400.96,12,9.78,Education,2025-05-07,0
CUST008129,716111.49,12,8.65,Education,2025-10-20,0
CUST008130,587589.79,120,8.7,Auto,2023-11-25,0
CUST008131,486669.16,60,10.62,Personal,2025-10-15,0
CUST008132,187515.15,36,10.97,Auto,2023-08-24,0
CUST008133,474112.57,24,15.87,Auto,2025-06-10,0
CUST008134,186342.81,120,12.04,Business,2024-02-29,0
CUST008135,117999.71,84,14.91,Personal,2023-01-18,0
CUST008136,405803.66,36,12.87,Education,2024-03-08,0
CUST008137,270789.9,84,10.99,Auto,2024-09-26,0
CUST008138,235614.15,36,14.72,Personal,2025-01-27,0
CUST008139,66768.59,48,15.28,Education,2024-11-13,0
CUST008140,654055.29,36,11.46,Business,2025-10-20,0
CUST008141,637309.94,120,9.77,Education,2025-04-01,0
CUST008142,206797.74,120,9.6,Home,2023-05-26,0
CUST008143,849437.71,60,12.77,Auto,2023-06-10,0
CUST008144,403605.92,48,8.44,Home,2025-02-16,0
CUST008145,418505.83,60,8.99,Auto,2025-02-05,0
CUST008146,162383.3,84,7.5,Auto,2024-02-04,1
CUST008147,162416.48,36,18.59,Home,2023-11-27,0
CUST008148,326738.64,48,15.89,Education,2025-08-07,0
CUST008149,625016.53,48,10.15,Personal,2024-09-18,0
CUST008150,344255.15,12,14.97,Business,2024-12-02,0
CUST008151,638969.85,36,7.82,Education,2024-08-03,0
CUST008152,307986.36,120,14.93,Business,2025-12-05,0
CUST008153,134258.48,120,10.52,Business,2024-10-08,0
CUST008154,233736.14,60,10.35,Personal,2023-07-22,0
CUST008155,204015.81,120,9.96,Home,2025-07-17,0
CUST008156,520308.33,120,8.96,Personal,2025-03-06,0
CUST008157,131860.89,60,8.93,Education,2025-09-14,0
CUST008158,1227557.11,84,10.08,Auto,2025-11-11,0
CUST008159,733046.51,24,14.06,Business,2024-01-10,0
CUST008160,775715.81,120,11.21,Auto,2024-05-10,0
CUST008161,931652.33,24,11.19,Personal,2025-01-21,1
CUST008162,438755.83,84,8.04,Auto,2023-01-06,0
CUST008163,718716.3,24,12.0,Education,2024-01-06,0
CUST008164,924180.4,12,12.31,Auto,2024-04-24,0
CUST008165,311102.29,120,8.43,Education,2023-08-18,0
CUST008166,335843.29,12,8.96,Education,2025-06-01,0
CUST008167,484017.81,48,13.82,Personal,2025-09-10,0
CUST008168,588536.96,60,11.88,Personal,2023-08-06,1
CUST008169,593526.01,120,8.38,Education,2023-03-31,0
CUST008170,320218.02,84,10.36,Education,2023-07-17,0
CUST008171,394350.96,120,9.57,Auto,2024-11-23,0
CUST008172,422935.33,120,7.54,Business,2023-06-12,0
CUST008173,356237.26,48,6.0,Home,2023-10-29,0
CUST008174,257474.62,84,6.34,Education,2025-01-02,0
CUST008175,730651.27,120,12.6,Personal,2024-08-13,0
CUST008176,533536.0,48,10.22,Personal,2023-01-28,0
CUST008177,831540.76,60,18.95,Education,2025-08-29,1
CUST008178,159712.36,120,15.64,Personal,2024-04-10,0
CUST008179,126515.88,84,12.82,Home,2023-04-01,0
CUST008180,182082.27,120,10.86,Education,2023-08-08,0
CUST008181,881246.66,120,8.74,Business,2025-08-18,1
CUST008182,786908.03,60,10.63,Home,2024-01-17,0
CUST008183,411405.29,12,11.06,Education,2024-03-12,0
CUST008184,333070.61,60,19.12,Personal,2023-08-21,0
CUST008185,176425.44,24,10.59,Auto,2023-02-05,0
CUST008186,475835.96,120,11.09,Education,2025-12-20,0
CUST008187,220996.64,24,15.44,Home,2025-05-18,0
CUST008188,112340.63,48,11.61,Auto,2023-05-26,0
CUST008189,1093512.81,24,16.08,Auto,2025-01-25,0
CUST008190,560882.57,12,9.01,Auto,2023-11-05,0
CUST008191,582302.4,60,10.07,Business,2024-01-19,0
CUST008192,249639.0,36,9.85,Auto,2025-08-25,0
CUST008193,208642.28,84,11.74,Education,2025-06-11,0
CUST008194,197735.22,84,12.73,Home,2024-07-01,0
CUST008195,524746.61,12,12.62,Education,2025-01-27,0
CUST008196,328663.06,24,9.76,Home,2024-12-18,0
CUST008197,189441.24,36,12.8,Home,2024-08-11,0
CUST008198,1091379.57,120,17.18,Auto,2025-05-21,0
CUST008199,1397751.26,36,13.17,Business,2025-04-10,1
CUST008200,549774.08,120,6.0,Personal,2023-08-31,1
CUST008201,330057.9,84,11.1,Education,2023-10-06,0
CUST008202,659128.56,12,8.63,Business,2025-10-07,1
CUST008203,542083.1,36,9.43,Business,2023-11-26,0
CUST008204,1096495.23,60,13.01,Personal,2024-06-04,1
CUST008205,379015.98,48,14.4,Education,2024-04-27,0
CUST008206,428545.12,12,12.57,Education,2025-09-01,1
CUST008207,372844.9,60,7.97,Personal,2023-06-15,0
CUST008208,851060.0,12,13.97,Auto,2025-06-07,0
CUST008209,311896.03,36,14.88,Business,2025-02-01,0
CUST008210,526831.53,60,8.62,Auto,2025-12-30,0
CUST008211,701867.29,60,10.43,Education,2024-02-09,0
CUST008212,338953.25,60,13.45,Business,2025-09-21,0
CUST008213,487839.23,12,11.47,Education,2024-05-13,0
CUST008214,646872.03,36,13.63,Home,2024-12-30,0
CUST008215,306989.68,12,9.02,Personal,2024-06-10,0
CUST008216,557492.22,24,8.35,Auto,2023-01-09,0
CUST008217,1020546.6,120,10.41,Auto,2025-05-12,0
CUST008218,190854.64,36,13.32,Auto,2025-01-04,0
CUST008219,483058.6,60,12.5,Auto,2024-11-18,0
CUST008220,188870.12,48,6.0,Business,2024-09-10,0
CUST008221,507454.41,60,10.9,Education,2023-01-13,0
CUST008222,310108.19,60,13.96,Home,2025-02-07,0
CUST008223,291727.12,36,10.57,Personal,2023-02-07,0
CUST008224,166801.45,12,10.88,Auto,2024-12-04,0
CUST008225,183449.44,60,9.45,Auto,2023-08-22,0
CUST008226,382598.77,120,10.98,Auto,2025-12-17,0
CUST008227,1221133.97,12,8.72,Home,2024-10-17,1
CUST008228,522229.04,120,11.42,Personal,2025-08-31,0
CUST008229,66705.65,120,12.34,Home,2024-03-08,0
CUST008230,362281.28,84,10.85,Personal,2024-06-02,0
CUST008231,108877.1,120,10.19,Business,2024-03-08,0
CUST008232,442159.49,60,9.08,Education,2024-05-06,0
CUST008233,1413333.9,24,9.26,Personal,2023-01-07,0
CUST008234,695906.07,12,6.56,Auto,2023-07-11,1
CUST008235,984792.25,48,11.42,Auto,2025-06-24,0
CUST008236,342247.56,12,14.55,Home,2025-04-07,0
CUST008237,790473.43,24,7.83,Education,2025-08-21,0
CUST008238,305090.98,24,12.99,Education,2023-05-30,0
CUST008239,52114.26,48,10.27,Auto,2024-01-01,0
CUST008240,113436.32,48,8.04,Home,2025-08-18,0
CUST008241,1160899.43,120,12.19,Auto,2025-02-04,0
CUST008242,481468.41,48,13.84,Auto,2024-01-18,1
CUST008243,391830.94,60,6.0,Personal,2025-01-28,0
CUST008244,897276.26,12,11.88,Personal,2024-11-17,1
CUST008245,624121.95,120,8.8,Business,2025-10-02,0
CUST008246,198145.15,36,7.88,Personal,2024-05-30,0
CUST008247,765014.78,12,6.3,Auto,2024-09-26,0
CUST008248,299816.79,48,6.0,Education,2024-02-05,0
CUST008249,191926.51,84,13.68,Business,2025-08-20,0
CUST008250,278137.43,120,10.61,Personal,2025-01-11,0
CUST008251,618055.71,120,10.4,Auto,2024-12-26,0
CUST008252,528207.11,24,8.52,Education,2024-08-15,0
CUST008253,362492.52,120,12.66,Auto,2025-05-24,0
CUST008254,140775.06,12,8.19,Personal,2024-08-01,0
CUST008255,316905.41,12,9.93,Education,2024-11-20,0
CUST008256,194268.47,120,10.6,Home,2023-07-25,0
CUST008257,493453.58,48,10.74,Auto,2025-08-30,0
CUST008258,1564522.27,84,11.29,Home,2024-03-06,1
CUST008259,204157.54,36,8.34,Business,2025-07-20,0
CUST008260,545814.26,120,7.77,Business,2025-07-02,0
CUST008261,1496912.94,60,10.97,Home,2023-04-09,0
CUST008262,1141473.38,24,7.58,Home,2025-12-28,0
CUST008263,216908.65,36,14.7,Personal,2025-02-04,1
CUST008264,366238.24,84,7.66,Home,2025-12-07,0
CUST008265,324635.93,12,14.62,Personal,2024-04-01,0
CUST008266,262394.77,36,7.43,Auto,2025-12-18,0
CUST008267,108335.36,12,14.51,Home,2025-03-23,0
CUST008268,561440.46,12,11.36,Personal,2025-04-24,0
CUST008269,760909.39,84,15.71,Personal,2024-10-12,0
CUST008270,138816.23,60,10.06,Business,2023-09-29,0
CUST008271,155409.49,12,10.12,Auto,2025-05-21,0
CUST008272,182321.69,120,14.48,Auto,2024-08-13,0
CUST008273,814077.21,36,16.23,Home,2024-06-07,0
CUST008274,387242.16,120,13.59,Business,2024-04-09,0
CUST008275,329354.19,36,6.83,Auto,2025-07-11,0
CUST008276,401152.79,24,16.07,Auto,2023-09-28,0
CUST008277,161624.39,36,13.16,Personal,2023-02-15,0
CUST008278,1562162.29,12,11.25,Personal,2024-02-07,0
CUST008279,239093.69,36,10.54,Auto,2023-02-05,0
CUST008280,502736.58,48,10.65,Education,2024-07-30,1
CUST008281,154902.89,60,11.56,Business,2023-01-23,0
CUST008282,429101.46,24,7.39,Personal,2025-09-14,0
CUST008283,552606.18,48,6.0,Education,2024-08-07,0
CUST008284,1299208.28,60,10.09,Education,2023-08-01,0
CUST008285,593363.61,120,6.0,Business,2023-01-02,0
CUST008286,1049933.4,24,8.74,Auto,2024-07-24,0
CUST008287,373337.05,24,9.5,Education,2023-01-08,0
CUST008288,1284709.41,24,11.5,Business,2025-02-21,0
CUST008289,850747.49,48,11.44,Business,2024-08-01,0
CUST008290,165091.77,24,15.09,Auto,2024-03-06,0
CUST008291,344152.5,12,13.03,Personal,2023-08-20,0
CUST008292,54382.84,36,14.98,Home,2024-01-03,0
CUST008293,87980.4,12,8.54,Personal,2024-08-17,0
CUST008294,441641.44,60,6.0,Business,2025-04-23,0
CUST008295,542467.61,60,13.89,Personal,2025-11-30,0
CUST008296,952783.63,12,11.63,Home,2023-07-25,0
CUST008297,1156941.53,84,9.83,Home,2023-09-26,0
CUST008298,681161.64,36,12.79,Education,2023-04-24,0
CUST008299,426372.39,36,15.21,Personal,2023-01-03,0
CUST008300,484997.76,12,13.1,Personal,2025-07-27,0
CUST008301,789308.57,12,8.93,Education,2024-12-27,0
CUST008302,245404.85,48,9.06,Education,2025-08-21,0
CUST008303,452467.84,84,10.97,Education,2024-06-02,0
CUST008304,699570.99,36,11.03,Auto,2023-05-09,0
CUST008305,420476.71,60,7.84,Business,2023-05-30,1
CUST008306,540184.16,120,12.87,Business,2024-02-05,1
CUST008307,1472568.14,60,7.73,Home,2025-07-18,1
CUST008308,409226.12,48,13.43,Personal,2023-03-16,1
CUST008309,559231.55,48,7.63,Education,2024-03-02,1
CUST008310,346429.09,24,11.98,Personal,2025-06-20,1
CUST008311,145900.34,12,9.48,Education,2024-01-08,0
CUST008312,688614.66,48,9.56,Auto,2025-11-29,0
CUST008313,409807.17,24,12.26,Education,2025-03-23,0
CUST008314,605207.05,84,10.73,Education,2025-06-09,0
CUST008315,206238.32,120,10.79,Business,2025-06-14,0
CUST008316,75266.53,84,15.6,Business,2025-08-03,0
CUST008317,727746.29,84,6.0,Auto,2025-03-13,0
CUST008318,72014.2,84,9.45,Business,2024-11-18,0
CUST008319,87702.09,24,13.02,Education,2023-07-03,0
CUST008320,510094.58,48,10.99,Business,2023-06-18,0
CUST008321,105933.36,60,6.0,Education,2023-05-26,0
CUST008322,374474.64,48,10.16,Business,2023-05-07,0
CUST008323,116736.01,60,9.19,Education,2025-12-20,0
CUST008324,89595.88,36,7.96,Business,2023-09-21,0
CUST008325,331830.83,24,6.0,Business,2025-05-19,0
CUST008326,106915.22,12,10.38,Home,2024-01-12,0
CUST008327,367627.75,36,6.07,Education,2023-10-17,0
CUST008328,275636.12,24,6.0,Home,2024-01-06,0
CUST008329,149095.67,120,12.86,Business,2024-08-27,0
CUST008330,237663.54,48,14.11,Home,2025-10-11,0
CUST008331,353368.39,48,12.82,Auto,2023-08-13,0
CUST008332,199065.53,24,8.06,Home,2023-01-06,0
CUST008333,2043309.73,60,9.51,Personal,2024-02-02,1
CUST008334,337558.27,24,10.65,Auto,2025-08-23,0
CUST008335,667018.31,12,11.2,Education,2023-05-11,0
CUST008336,348216.93,120,10.29,Business,2024-11-19,0
CUST008337,403280.26,12,13.91,Business,2023-03-05,0
CUST008338,240942.21,36,9.98,Business,2025-06-10,0
CUST008339,238876.0,12,10.8,Auto,2025-10-07,0
CUST008340,611111.35,24,9.64,Education,2025-11-13,0
CUST008341,887491.84,36,14.33,Personal,2023-07-10,0
CUST008342,408014.92,24,11.43,Personal,2023-10-03,0
CUST008343,274199.15,60,8.62,Home,2023-09-13,0
CUST008344,347238.17,60,11.71,Personal,2025-02-26,1
CUST008345,87490.88,12,9.11,Home,2024-03-29,0
CUST008346,1018338.32,120,10.07,Personal,2023-02-23,0
CUST008347,342107.88,24,9.6,Auto,2023-04-15,0
CUST008348,310280.14,24,8.51,Home,2023-07-10,0
CUST008349,551954.72,12,11.14,Business,2024-12-19,0
CUST008350,339647.31,12,11.1,Auto,2023-12-27,0
CUST008351,262404.0,48,7.15,Business,2023-02-03,0
CUST008352,328683.22,48,9.47,Auto,2023-10-02,1
CUST008353,216986.11,60,8.31,Auto,2024-10-14,0
CUST008354,522648.97,60,6.0,Business,2025-10-28,0
CUST008355,466362.16,84,14.67,Auto,2025-11-23,0
CUST008356,385017.13,120,10.2,Education,2025-01-29,0
CUST008357,77233.49,120,8.26,Education,2025-07-02,0
CUST008358,476535.95,48,10.66,Education,2023-12-16,1
CUST008359,276806.95,60,6.0,Education,2024-07-19,0
CUST008360,343509.64,84,12.41,Business,2024-11-08,0
CUST008361,600115.98,12,13.1,Education,2025-03-20,0
CUST008362,229715.44,120,12.49,Home,2023-01-20,0
CUST008363,530900.34,12,12.05,Personal,2025-03-07,0
CUST008364,110432.18,84,12.28,Education,2024-09-26,0
CUST008365,149182.24,24,15.46,Home,2023-09-02,0
CUST008366,425005.13,60,9.91,Home,2025-12-18,0
CUST008367,62804.14,60,12.17,Business,2024-05-10,0
CUST008368,211947.08,24,10.62,Education,2025-03-15,0
CUST008369,684972.45,84,15.92,Personal,2025-07-06,0
CUST008370,26442.82,48,15.47,Auto,2024-12-25,0
CUST008371,641530.17,60,11.62,Home,2024-05-31,1
CUST008372,259354.75,84,14.99,Education,2025-06-28,0
CUST008373,262433.07,36,10.28,Auto,2024-05-03,0
CUST008374,791974.31,60,15.32,Business,2024-01-03,0
CUST008375,946301.64,12,9.2,Business,2024-02-19,0
CUST008376,438925.83,60,10.29,Auto,2023-08-19,0
CUST008377,22556.39,48,9.18,Business,2025-02-21,0
CUST008378,829090.42,36,10.27,Education,2023-09-21,0
CUST008379,956697.09,12,8.18,Business,2025-11-08,1
CUST008380,83268.91,48,11.12,Education,2025-12-28,0
CUST008381,405638.56,12,6.0,Home,2025-03-05,0
CUST008382,292502.62,120,8.08,Home,2024-12-20,0
CUST008383,1108065.35,120,11.23,Business,2023-02-22,0
CUST008384,331670.74,84,11.14,Personal,2023-03-03,0
CUST008385,707976.5,48,11.27,Auto,2024-05-04,0
CUST008386,871041.93,48,9.32,Auto,2025-10-28,1
CUST008387,223615.04,24,16.22,Education,2023-09-22,0
CUST008388,288601.55,84,8.85,Education,2023-03-06,0
CUST008389,302659.09,24,7.59,Auto,2025-09-02,0
CUST008390,351149.75,24,6.0,Auto,2025-01-11,0
CUST008391,343351.43,48,10.16,Business,2024-05-03,0
CUST008392,387919.26,12,12.95,Home,2024-01-27,0
CUST008393,278610.3,12,10.67,Education,2023-06-03,0
CUST008394,91984.43,36,14.71,Business,2025-12-17,0
CUST008395,259139.79,120,14.73,Personal,2024-01-13,0
CUST008396,457462.16,12,11.17,Personal,2023-08-02,0
CUST008397,357051.7,48,14.91,Personal,2023-09-09,0
CUST008398,588643.92,12,14.76,Business,2023-02-06,0
CUST008399,390056.17,60,9.61,Business,2024-02-27,0
CUST008400,967622.36,60,6.79,Business,2025-09-29,0
CUST008401,157705.54,24,8.8,Education,2024-06-04,0
CUST008402,212704.46,84,9.23,Auto,2025-03-06,0
CUST008403,288967.25,12,20.06,Home,2023-07-08,1
CUST008404,482332.61,84,8.8,Education,2023-12-09,0
CUST008405,452511.08,60,13.92,Personal,2024-04-21,0
CUST008406,315642.74,24,10.63,Personal,2025-08-15,0
CUST008407,218708.9,12,20.38,Auto,2024-10-03,0
CUST008408,385300.04,120,11.27,Personal,2023-08-13,1
CUST008409,1529424.53,84,10.67,Business,2024-07-13,0
CUST008410,31802.73,48,9.2,Home,2024-07-12,0
CUST008411,510502.71,120,10.4,Personal,2025-04-22,0
CUST008412,675109.67,48,15.22,Education,2023-06-17,0
CUST008413,719412.96,48,12.54,Home,2023-04-06,0
CUST008414,894832.03,12,12.75,Business,2024-07-27,0
CUST008415,851204.56,24,6.0,Home,2024-06-08,0
CUST008416,261759.21,24,6.0,Auto,2025-10-25,0
CUST008417,318270.12,84,10.69,Home,2023-06-23,0
CUST008418,479823.92,120,14.02,Education,2024-05-07,0
CUST008419,674760.86,60,7.88,Personal,2024-05-04,0
CUST008420,331519.4,12,10.31,Business,2025-10-14,0
CUST008421,1127779.06,84,11.62,Auto,2025-10-13,0
CUST008422,339492.76,12,12.69,Auto,2023-12-02,0
CUST008423,281675.36,60,10.66,Personal,2024-03-23,0
CUST008424,135014.9,120,14.63,Business,2025-12-09,0
CUST008425,696868.48,48,13.79,Education,2023-12-12,0
CUST008426,232771.87,60,13.84,Business,2023-10-02,0
CUST008427,1405583.52,36,16.08,Business,2023-01-03,0
CUST008428,1169892.48,24,13.98,Auto,2024-05-08,0
CUST008429,603748.15,12,6.0,Home,2024-10-22,0
CUST008430,1111833.27,12,6.2,Home,2025-01-26,0
CUST008431,177723.61,120,11.22,Auto,2024-04-06,0
CUST008432,448322.72,36,7.52,Personal,2025-07-05,0
CUST008433,401652.89,12,8.65,Education,2025-10-31,0
CUST008434,362611.06,84,7.73,Education,2023-05-22,0
CUST008435,1384227.85,24,12.97,Home,2023-01-08,1
CUST008436,1247835.58,12,6.0,Business,2024-06-11,0
CUST008437,332307.59,36,10.26,Auto,2025-02-15,0
CUST008438,577942.87,60,10.14,Business,2024-12-26,0
CUST008439,832100.23,36,9.94,Education,2025-01-08,0
CUST008440,1594548.01,120,11.95,Education,2025-06-28,0
CUST008441,250179.51,84,7.85,Auto,2025-07-09,0
CUST008442,586719.75,48,11.08,Auto,2024-10-05,1
CUST008443,462951.74,48,8.77,Education,2025-08-18,0
CUST008444,599901.57,60,7.75,Business,2025-04-28,0
CUST008445,25730.7,36,11.23,Personal,2025-08-31,0
CUST008446,655793.14,60,8.15,Education,2025-05-04,0
CUST008447,601153.99,12,7.63,Home,2024-07-04,1
CUST008448,326211.67,84,7.81,Business,2023-06-25,0
CUST008449,159298.89,60,11.51,Auto,2023-11-18,1
CUST008450,692113.71,36,10.3,Business,2023-03-07,0
CUST008451,177044.63,24,6.0,Education,2024-05-23,0
CUST008452,1212285.28,48,19.44,Auto,2024-12-12,0
CUST008453,77838.46,12,12.04,Auto,2024-04-16,0
CUST008454,628980.02,48,13.12,Business,2024-03-26,0
CUST008455,483899.0,120,11.45,Business,2023-09-23,0
CUST008456,268805.43,84,14.16,Home,2024-01-02,0
CUST008457,186475.15,36,13.22,Business,2023-05-30,0
CUST008458,864156.28,36,10.82,Personal,2025-09-27,0
CUST008459,516996.35,60,9.95,Home,2024-03-27,0
CUST008460,358999.77,24,9.37,Business,2025-05-20,0
CUST008461,538753.01,84,10.45,Home,2023-12-04,0
CUST008462,429172.43,24,11.74,Auto,2025-10-07,0
CUST008463,489552.8,24,7.92,Business,2023-02-10,0
CUST008464,234055.81,36,8.27,Personal,2025-01-14,0
CUST008465,481059.82,36,13.17,Business,2025-10-16,0
CUST008466,178441.91,12,10.9,Business,2024-08-27,0
CUST008467,130298.45,60,12.44,Personal,2025-04-25,0
CUST008468,123260.26,120,14.76,Business,2025-09-18,0
CUST008469,867195.21,36,11.02,Business,2023-03-10,0
CUST008470,1284839.01,84,13.09,Business,2025-08-16,0
CUST008471,1395737.98,120,8.59,Education,2024-08-14,0
CUST008472,554867.81,60,10.99,Business,2024-04-15,0
CUST008473,1000277.56,84,7.1,Education,2023-01-17,1
CUST008474,867952.62,84,6.0,Personal,2025-04-20,0
CUST008475,237858.3,60,6.98,Education,2024-05-16,0
CUST008476,1568756.25,60,7.84,Personal,2024-12-19,0
CUST008477,254692.73,60,13.55,Education,2023-05-25,0
CUST008478,638676.39,24,15.67,Education,2023-03-20,0
CUST008479,28673.19,84,11.43,Auto,2024-07-10,1
CUST008480,122214.32,48,13.44,Business,2025-03-25,0
CUST008481,1218517.66,48,12.54,Home,2024-03-15,0
CUST008482,307350.7,12,12.16,Personal,2025-11-22,0
CUST008483,514010.45,48,11.45,Business,2023-01-12,0
CUST008484,408139.58,84,14.29,Education,2025-08-09,0
CUST008485,223237.08,12,12.08,Education,2023-01-18,0
CUST008486,324995.89,36,10.15,Home,2024-11-09,1
CUST008487,715557.89,120,10.66,Education,2023-01-29,0
CUST008488,733738.3,12,7.9,Auto,2024-10-03,0
CUST008489,658985.16,84,7.31,Home,2025-02-06,0
CUST008490,246803.2,48,11.18,Business,2025-03-10,0
CUST008491,604298.06,48,8.16,Home,2025-01-05,0
CUST008492,683843.42,12,11.13,Auto,2025-01-23,0
CUST008493,944281.71,48,6.0,Auto,2025-06-19,0
CUST008494,703583.23,120,12.61,Personal,2024-06-17,0
CUST008495,341645.53,60,8.23,Auto,2025-08-07,0
CUST008496,207162.88,84,11.04,Education,2024-04-13,1
CUST008497,1115481.48,120,11.2,Business,2025-05-15,0
CUST008498,672999.69,60,12.92,Home,2025-11-10,1
CUST008499,161635.07,120,10.92,Education,2025-11-24,0
CUST008500,216192.21,36,12.0,Business,2023-01-22,0
CUST008501,244299.83,60,6.39,Auto,2024-01-25,0
CUST008502,961618.23,12,10.69,Education,2025-06-09,0
CUST008503,356392.4,120,12.18,Education,2024-10-15,0
CUST008504,224578.42,84,10.76,Business,2024-02-29,0
CUST008505,435327.06,60,6.0,Auto,2024-12-30,1
CUST008506,185635.43,60,8.76,Business,2025-07-07,0
CUST008507,453619.4,120,15.83,Auto,2024-12-14,0
CUST008508,276638.39,24,6.0,Business,2025-07-18,0
CUST008509,533329.5,84,9.4,Home,2025-08-05,0
CUST008510,285517.4,24,12.69,Education,2024-10-18,0
CUST008511,339894.47,60,13.27,Personal,2025-04-27,0
CUST008512,656219.58,48,14.36,Education,2023-07-19,0
CUST008513,558862.51,84,13.62,Auto,2024-02-10,0
CUST008514,940624.19,36,10.35,Business,2025-04-14,0
CUST008515,333428.7,12,9.81,Business,2023-11-02,0
CUST008516,352037.11,12,6.0,Auto,2025-09-30,0
CUST008517,279621.56,12,11.38,Business,2023-07-14,1
CUST008518,980630.9,84,13.66,Home,2023-07-22,0
CUST008519,307447.95,48,8.45,Auto,2023-11-01,0
CUST008520,178021.91,12,13.54,Personal,2023-04-19,0
CUST008521,235514.34,84,7.89,Auto,2024-06-17,0
CUST008522,250278.67,48,11.41,Home,2024-02-20,0
CUST008523,484380.58,48,8.46,Education,2025-05-31,0
CUST008524,485627.47,48,7.01,Home,2024-05-05,0
CUST008525,1088096.62,120,13.22,Auto,2025-10-08,0
CUST008526,542194.92,12,9.77,Education,2023-04-26,0
CUST008527,304295.5,24,14.62,Personal,2025-04-08,0
CUST008528,810134.92,24,10.46,Auto,2025-07-01,1
CUST008529,718183.47,60,6.65,Personal,2025-07-25,0
CUST008530,525428.09,84,11.19,Home,2023-06-30,0
CUST008531,451547.9,12,10.71,Auto,2025-12-01,0
CUST008532,544519.94,12,15.22,Home,2024-08-17,0
CUST008533,551572.09,36,12.42,Business,2023-09-13,0
CUST008534,71959.73,12,10.96,Auto,2025-06-19,0
CUST008535,145375.22,24,18.71,Auto,2025-02-22,1
CUST008536,372659.08,120,13.81,Education,2024-07-07,0
CUST008537,465505.46,120,8.56,Auto,2025-02-16,0
CUST008538,300943.26,84,11.66,Home,2025-12-30,0
CUST008539,719167.17,84,10.62,Personal,2025-10-02,0
CUST008540,391888.54,84,6.52,Home,2024-02-26,0
CUST008541,299431.61,12,11.79,Personal,2023-10-04,1
CUST008542,1079984.7,24,12.63,Business,2025-06-23,1
CUST008543,1628519.3,36,7.81,Home,2024-08-12,0
CUST008544,452509.76,12,11.56,Business,2025-01-20,0
CUST008545,48374.58,12,9.31,Personal,2024-04-07,0
CUST008546,366026.89,120,9.01,Education,2023-07-28,0
CUST008547,389034.27,120,6.0,Business,2024-09-14,0
CUST008548,547402.8,60,8.18,Personal,2025-06-02,0
CUST008549,308457.45,36,13.15,Personal,2023-07-20,0
CUST008550,196342.05,60,9.71,Home,2024-03-23,0
CUST008551,923693.93,36,12.53,Education,2023-12-12,0
CUST008552,1094983.85,12,10.15,Business,2023-06-21,1
CUST008553,164455.16,84,10.93,Auto,2023-11-17,1
CUST008554,211428.97,60,16.05,Personal,2025-05-20,0
CUST008555,819867.35,120,12.13,Education,2024-03-02,0
CUST008556,689576.69,84,8.26,Business,2025-04-05,0
CUST008557,167347.76,12,7.96,Auto,2024-01-12,0
CUST008558,1055258.94,120,11.99,Business,2024-10-16,1
CUST008559,420199.19,48,15.89,Business,2024-09-04,0
CUST008560,592224.57,48,8.26,Home,2023-12-26,0
CUST008561,347625.59,12,13.24,Education,2025-07-17,1
CUST008562,309438.02,120,8.84,Home,2025-02-27,0
CUST008563,373879.92,60,14.15,Business,2024-04-18,0
CUST008564,697697.24,60,8.81,Business,2024-11-27,0
CUST008565,398632.66,12,10.59,Business,2025-08-14,1
CUST008566,482416.36,36,8.56,Personal,2025-02-15,0
CUST008567,443957.17,48,6.0,Home,2025-04-08,0
CUST008568,1021393.29,120,14.26,Business,2023-10-26,0
CUST008569,97739.18,24,11.45,Business,2024-12-12,0
CUST008570,614921.67,24,8.97,Auto,2024-03-07,0
CUST008571,1754659.31,120,12.09,Home,2025-02-24,0
CUST008572,469837.21,60,13.79,Personal,2023-03-21,0
CUST008573,413638.16,48,9.9,Education,2023-02-13,0
CUST008574,821469.64,36,9.34,Education,2024-03-08,0
CUST008575,767295.64,120,13.84,Education,2025-12-09,0
CUST008576,376735.0,120,9.45,Home,2023-11-28,0
CUST008577,660547.94,24,10.25,Education,2023-06-03,0
CUST008578,614333.2,48,14.1,Business,2023-06-19,0
CUST008579,1100085.23,60,11.94,Business,2025-01-23,0
CUST008580,652687.43,48,9.04,Personal,2023-07-18,0
CUST008581,105575.61,12,14.51,Auto,2024-06-14,0
CUST008582,398793.38,120,6.0,Education,2024-06-01,0
CUST008583,299608.53,84,14.21,Business,2024-09-23,0
CUST008584,15677.07,36,16.59,Personal,2023-06-16,1
CUST008585,342080.95,84,12.36,Home,2024-06-30,0
CUST008586,88417.01,84,9.95,Business,2023-04-22,0
CUST008587,929009.52,84,10.01,Auto,2025-02-15,1
CUST008588,1799223.85,24,13.84,Auto,2024-10-26,0
CUST008589,177287.31,12,11.57,Education,2024-06-28,0
CUST008590,1154727.37,12,9.51,Personal,2024-05-22,1
CUST008591,251325.45,120,9.62,Education,2023-06-12,0
CUST008592,1002628.98,24,8.36,Auto,2023-06-03,1
CUST008593,1024960.54,60,11.33,Education,2023-11-04,0
CUST008594,354851.32,24,7.17,Home,2023-12-13,0
CUST008595,444631.82,24,6.48,Business,2023-07-14,0
CUST008596,534991.32,60,10.16,Personal,2025-09-21,0
CUST008597,401312.66,12,9.3,Education,2024-11-05,0
CUST008598,845846.73,60,15.1,Home,2023-01-10,0
CUST008599,299655.56,60,12.0,Personal,2024-04-16,0
CUST008600,518610.74,12,10.94,Education,2023-03-04,0
CUST008601,848381.85,120,7.53,Education,2024-05-31,0
CUST008602,896885.64,84,8.18,Auto,2025-05-09,1
CUST008603,94313.76,48,15.03,Education,2024-09-06,0
CUST008604,516979.53,48,11.64,Business,2025-10-20,0
CUST008605,263313.17,48,9.86,Education,2025-09-17,1
CUST008606,463663.17,12,17.42,Auto,2023-04-29,0
CUST008607,373375.01,24,13.84,Personal,2024-02-02,0
CUST008608,585736.62,24,11.15,Auto,2023-11-29,0
CUST008609,438174.58,24,10.76,Personal,2025-08-17,0
CUST008610,203481.97,12,14.93,Education,2024-08-08,0
CUST008611,352380.69,36,11.68,Auto,2025-02-27,0
CUST008612,233815.89,12,6.33,Personal,2023-05-13,0
CUST008613,494168.4,24,6.19,Home,2025-11-28,0
CUST008614,366386.3,12,7.43,Auto,2025-09-27,0
CUST008615,836264.17,12,11.51,Auto,2025-12-07,0
CUST008616,566950.65,60,13.3,Auto,2025-11-27,0
CUST008617,113574.93,60,11.11,Auto,2025-05-13,0
CUST008618,533654.26,36,17.77,Business,2023-03-16,0
CUST008619,220175.43,36,13.4,Business,2024-11-03,0
CUST008620,671927.93,48,13.87,Business,2025-05-02,1
CUST008621,465329.91,120,11.88,Business,2023-01-03,0
CUST008622,684391.02,24,11.44,Education,2024-07-20,0
CUST008623,433539.69,12,10.22,Home,2025-03-23,0
CUST008624,241465.36,36,13.79,Education,2024-01-26,0
CUST008625,603786.96,120,14.92,Auto,2023-07-31,0
CUST008626,662671.53,120,7.43,Home,2023-11-07,0
CUST008627,238167.67,48,8.39,Personal,2024-11-28,0
CUST008628,1045887.95,84,6.0,Home,2023-07-03,0
CUST008629,278997.83,24,15.42,Personal,2025-06-10,0
CUST008630,113266.74,84,8.08,Education,2023-05-17,0
CUST008631,135635.35,60,17.24,Education,2025-05-26,0
CUST008632,464253.05,120,13.01,Home,2024-11-18,0
CUST008633,1581692.38,24,11.15,Personal,2024-09-08,0
CUST008634,849935.69,12,10.1,Home,2023-07-26,0
CUST008635,264134.02,84,6.19,Personal,2023-08-02,0
CUST008636,270447.21,36,8.11,Business,2025-12-26,0
CUST008637,348057.1,48,13.22,Home,2023-05-28,0
CUST008638,967150.16,60,14.05,Education,2023-09-27,0
CUST008639,355951.35,60,10.5,Education,2023-07-09,0
CUST008640,133682.1,120,8.52,Education,2024-01-02,0
CUST008641,456356.58,48,8.4,Auto,2025-07-24,0
CUST008642,47253.07,48,13.78,Business,2024-07-09,0
CUST008643,43739.66,48,8.58,Business,2024-10-24,0
CUST008644,92801.26,24,11.9,Personal,2023-08-21,0
CUST008645,138816.0,24,11.58,Business,2024-03-09,0
CUST008646,189609.55,36,7.96,Education,2023-10-30,0
CUST008647,191292.03,48,6.0,Education,2024-05-13,0
CUST008648,206746.12,48,14.33,Personal,2024-12-06,0
CUST008649,137928.61,120,14.47,Personal,2025-08-28,0
CUST008650,795615.42,12,10.62,Home,2024-11-30,0
CUST008651,289419.08,48,11.85,Auto,2025-03-29,0
CUST008652,1537422.27,36,9.91,Personal,2024-10-13,0
CUST008653,254816.6,60,16.97,Education,2024-05-09,0
CUST008654,646234.74,60,10.22,Business,2023-03-09,1
CUST008655,449795.35,120,6.0,Business,2025-09-28,0
CUST008656,296091.46,48,7.62,Education,2025-12-02,0
CUST008657,137561.56,120,9.69,Business,2024-12-08,0
CUST008658,433451.13,84,11.89,Business,2023-08-04,0
CUST008659,297786.86,24,9.54,Home,2025-02-11,0
CUST008660,97025.33,48,10.63,Education,2023-06-26,0
CUST008661,397000.27,24,13.97,Education,2023-04-21,0
CUST008662,742288.04,24,12.49,Personal,2023-01-04,0
CUST008663,135563.12,36,9.9,Education,2024-06-12,0
CUST008664,136963.54,48,9.3,Home,2025-08-21,0
CUST008665,987684.28,120,11.62,Education,2024-05-27,0
CUST008666,413202.38,36,11.17,Personal,2023-03-21,0
CUST008667,749438.49,48,6.0,Personal,2023-10-27,0
CUST008668,669321.04,84,9.5,Home,2023-01-30,0
CUST008669,171889.71,60,9.59,Auto,2023-07-04,0
CUST008670,763534.13,60,11.72,Personal,2023-08-31,0
CUST008671,285467.03,36,11.8,Personal,2024-09-21,0
CUST008672,426842.57,36,12.32,Personal,2023-11-08,0
CUST008673,554923.01,84,9.97,Home,2024-04-01,1
CUST008674,643717.97,60,12.17,Home,2023-02-28,0
CUST008675,210424.91,48,13.69,Auto,2023-12-28,0
CUST008676,506139.3,60,10.45,Home,2024-07-04,0
CUST008677,105033.84,48,11.49,Business,2024-01-11,0
CUST008678,534713.05,60,8.02,Home,2024-09-02,1
CUST008679,564055.66,12,10.67,Business,2025-04-18,0
CUST008680,401929.45,48,15.38,Home,2024-01-27,0
CUST008681,271280.6,120,11.03,Home,2024-02-15,0
CUST008682,59324.85,36,13.16,Auto,2025-09-06,0
CUST008683,318250.68,48,9.23,Education,2024-03-11,0
CUST008684,408159.81,48,12.29,Personal,2023-12-30,0
CUST008685,216647.75,60,16.26,Home,2024-07-13,0
CUST008686,311462.64,24,14.1,Home,2025-03-06,0
CUST008687,1027176.13,84,15.1,Home,2024-03-05,0
CUST008688,154323.81,84,11.95,Education,2025-11-09,0
CUST008689,231447.47,120,14.94,Personal,2024-10-30,0
CUST008690,361791.68,48,13.02,Business,2024-07-25,0
CUST008691,451128.37,60,11.37,Education,2023-12-20,0
CUST008692,351652.05,60,6.0,Auto,2025-11-07,0
CUST008693,826982.32,120,13.62,Auto,2024-12-19,0
CUST008694,377802.9,36,11.36,Personal,2024-12-11,0
CUST008695,486120.49,48,10.19,Personal,2023-05-01,1
CUST008696,869995.19,12,10.83,Education,2025-07-29,1
CUST008697,403194.8,84,9.94,Auto,2023-12-09,0
CUST008698,240089.26,24,12.72,Education,2023-05-26,0
CUST008699,340713.04,12,6.0,Home,2024-01-14,0
CUST008700,89850.87,24,6.7,Home,2024-05-24,0
CUST008701,934794.05,60,10.7,Education,2025-10-31,0
CUST008702,222184.0,48,7.83,Business,2025-02-01,0
CUST008703,162863.31,36,6.0,Home,2024-12-05,0
CUST008704,335811.64,48,11.56,Personal,2025-04-27,0
CUST008705,201274.4,12,13.82,Business,2024-05-26,0
CUST008706,354710.59,12,12.48,Education,2023-03-31,0
CUST008707,1040093.32,84,11.67,Education,2023-09-30,1
CUST008708,362073.05,36,12.31,Business,2023-11-09,0
CUST008709,570873.99,84,10.76,Auto,2025-05-22,0
CUST008710,380573.5,12,13.35,Education,2024-02-11,0
CUST008711,415910.72,120,14.26,Home,2024-07-20,0
CUST008712,1413984.07,84,11.4,Personal,2024-12-13,0
CUST008713,297764.14,48,6.0,Personal,2023-01-13,0
CUST008714,114224.16,24,12.28,Education,2024-07-05,0
CUST008715,43462.44,120,13.04,Education,2024-05-29,0
CUST008716,170439.13,60,14.96,Education,2025-07-08,0
CUST008717,465227.74,12,16.92,Home,2023-02-12,0
CUST008718,136646.94,60,11.03,Business,2025-10-17,0
CUST008719,200022.82,60,15.06,Business,2023-10-05,0
CUST008720,181783.06,48,13.78,Education,2023-05-06,0
CUST008721,307721.44,48,13.15,Auto,2024-05-30,0
CUST008722,643050.2,24,12.39,Business,2024-04-06,0
CUST008723,75105.39,48,15.84,Education,2025-08-24,1
CUST008724,351266.63,12,12.22,Auto,2024-04-16,0
CUST008725,517918.19,60,15.47,Business,2023-11-04,0
CUST008726,425334.71,84,10.26,Personal,2023-04-13,1
CUST008727,514520.75,84,15.29,Business,2025-08-17,0
CUST008728,913680.02,60,11.41,Business,2024-05-16,1
CUST008729,296673.13,84,9.18,Education,2025-09-06,0
CUST008730,482946.07,60,10.41,Home,2024-11-09,0
CUST008731,366771.42,12,13.11,Education,2024-05-24,0
CUST008732,279036.97,12,11.13,Auto,2024-02-22,1
CUST008733,437272.78,12,8.46,Education,2023-01-30,0
CUST008734,188050.65,24,6.66,Education,2024-02-07,0
CUST008735,376828.56,24,6.0,Auto,2025-09-22,1
CUST008736,946070.26,12,6.15,Education,2023-02-11,0
CUST008737,1267024.59,48,12.7,Business,2023-01-13,0
CUST008738,44095.81,84,11.86,Personal,2023-10-06,0
CUST008739,427748.55,84,12.57,Home,2023-10-10,0
CUST008740,513804.63,120,7.47,Education,2024-10-22,0
CUST008741,234840.98,48,7.21,Business,2024-12-30,0
CUST008742,560094.21,60,11.4,Personal,2024-04-11,0
CUST008743,366357.27,84,13.06,Home,2023-01-22,0
CUST008744,264371.8,12,7.2,Education,2025-06-27,0
CUST008745,177799.95,84,9.84,Auto,2023-08-19,0
CUST008746,295865.86,24,10.27,Auto,2025-09-28,0
CUST008747,244655.91,36,12.74,Auto,2025-01-05,0
CUST008748,943990.23,12,18.95,Business,2025-10-31,0
CUST008749,27171.01,48,15.71,Home,2023-04-24,0
CUST008750,1064030.78,84,9.09,Auto,2025-07-22,0
CUST008751,1061925.53,120,9.6,Personal,2025-09-05,0
CUST008752,758313.13,48,9.3,Auto,2024-09-18,0
CUST008753,167084.71,120,13.47,Personal,2025-11-04,1
CUST008754,664696.09,24,10.34,Personal,2023-05-18,0
CUST008755,432768.86,36,17.78,Home,2023-06-05,0
CUST008756,347728.63,24,14.68,Personal,2024-12-06,0
CUST008757,483226.77,84,11.8,Auto,2023-03-07,0
CUST008758,1072997.41,84,9.91,Business,2024-06-02,1
CUST008759,108841.19,24,9.66,Education,2023-12-09,0
CUST008760,36794.45,24,7.43,Education,2024-04-07,1
CUST008761,1684164.88,84,6.58,Education,2024-11-11,0
CUST008762,275959.24,60,12.01,Auto,2025-01-15,0
CUST008763,623632.89,48,10.54,Personal,2023-04-09,0
CUST008764,114708.83,60,8.7,Personal,2023-05-02,0
CUST008765,287142.24,48,12.81,Education,2024-03-18,0
CUST008766,196805.16,84,13.63,Auto,2023-01-05,0
CUST008767,473773.48,24,9.05,Home,2023-05-29,0
CUST008768,259932.17,24,18.91,Education,2024-04-19,0
CUST008769,152595.93,48,12.21,Education,2024-05-11,0
CUST008770,179180.64,60,9.41,Business,2023-11-23,0
CUST008771,355827.72,84,7.97,Auto,2023-01-08,0
CUST008772,96144.13,24,16.51,Education,2023-04-01,0
CUST008773,20285.18,12,9.57,Business,2023-08-25,0
CUST008774,756480.77,24,10.68,Home,2023-02-22,0
CUST008775,856696.72,12,11.77,Personal,2024-12-17,0
CUST008776,345179.52,12,12.04,Education,2025-02-28,0
CUST008777,504655.9,36,13.3,Personal,2023-03-04,0
CUST008778,256006.38,24,9.61,Home,2025-11-25,0
CUST008779,451918.4,36,15.22,Auto,2023-05-04,1
CUST008780,830761.62,48,14.87,Business,2024-10-13,0
CUST008781,560192.82,120,7.0,Education,2025-03-11,0
CUST008782,530574.72,60,8.71,Education,2023-07-10,0
CUST008783,561544.81,36,9.16,Personal,2025-08-04,1
CUST008784,19992.55,36,12.17,Auto,2025-08-11,0
CUST008785,455412.18,36,7.09,Home,2024-01-22,0
CUST008786,347795.57,60,10.75,Education,2023-12-22,0
CUST008787,83443.24,48,6.0,Home,2023-03-09,0
CUST008788,728342.3,84,13.9,Business,2025-10-26,0
CUST008789,78419.06,120,11.06,Home,2024-02-25,0
CUST008790,1568257.26,36,6.0,Education,2023-08-27,1
CUST008791,1478803.55,84,7.78,Auto,2024-05-17,0
CUST008792,838334.99,24,17.85,Business,2024-07-22,0
CUST008793,260511.84,120,7.77,Auto,2023-09-19,0
CUST008794,314842.99,24,6.0,Personal,2023-04-25,0
CUST008795,503993.94,12,10.55,Business,2025-05-13,0
CUST008796,745581.59,120,8.02,Auto,2025-09-15,0
CUST008797,467404.23,84,13.04,Education,2025-07-15,0
CUST008798,621758.03,24,8.94,Education,2025-10-04,0
CUST008799,428558.27,36,9.02,Business,2023-03-25,0
CUST008800,796663.24,12,9.73,Business,2024-08-20,0
CUST008801,465168.29,120,9.19,Personal,2024-12-09,0
CUST008802,967911.85,12,8.29,Business,2024-08-03,0
CUST008803,126080.61,60,12.46,Education,2025-01-02,0
CUST008804,274516.1,60,13.86,Business,2024-10-03,0
CUST008805,468201.41,12,13.12,Business,2023-03-12,0
CUST008806,753985.07,48,12.39,Home,2025-08-22,0
CUST008807,673131.64,36,14.0,Home,2024-08-09,0
CUST008808,779984.06,24,11.33,Business,2025-04-05,1
CUST008809,458247.56,60,11.42,Home,2025-03-08,1
CUST008810,663536.92,24,6.85,Business,2025-11-26,0
CUST008811,337924.59,84,11.23,Business,2024-09-21,0
CUST008812,735536.94,84,15.71,Education,2024-02-03,0
CUST008813,774817.75,36,6.06,Education,2023-06-24,0
CUST008814,162965.73,24,10.64,Education,2025-10-02,0
CUST008815,433512.76,84,9.36,Auto,2023-07-10,0
CUST008816,622684.85,84,12.01,Business,2025-03-21,0
CUST008817,863844.47,120,14.4,Education,2025-05-21,0
CUST008818,927315.84,48,18.21,Personal,2025-12-09,0
CUST008819,539479.33,24,10.39,Home,2024-02-11,1
CUST008820,1039410.23,120,9.42,Personal,2024-01-18,0
CUST008821,775874.73,60,9.82,Personal,2023-07-21,0
CUST008822,491337.43,12,12.99,Business,2025-04-01,0
CUST008823,570653.04,36,11.12,Home,2024-04-06,0
CUST008824,337787.92,84,15.45,Personal,2024-06-03,0
CUST008825,941537.6,24,12.14,Business,2024-09-23,0
CUST008826,64079.8,48,12.91,Education,2023-10-16,0
CUST008827,1045011.1,12,14.65,Business,2025-06-06,0
CUST008828,999849.14,60,11.02,Personal,2023-10-03,1
CUST008829,335972.51,24,11.29,Auto,2023-06-08,0
CUST008830,1213820.29,48,7.05,Home,2025-10-05,1
CUST008831,351184.42,36,12.52,Auto,2023-03-03,0
CUST008832,486769.96,48,10.81,Education,2024-08-22,0
CUST008833,833286.77,12,7.09,Business,2025-07-09,0
CUST008834,1735220.2,48,10.91,Education,2024-08-15,0
CUST008835,787906.12,36,10.03,Auto,2023-05-30,0
CUST008836,188337.98,60,12.01,Business,2023-10-30,0
CUST008837,530790.41,24,11.26,Business,2024-01-31,0
CUST008838,553152.57,120,9.25,Personal,2024-11-21,0
CUST008839,912719.3,24,11.4,Auto,2025-12-30,0
CUST008840,1889142.81,12,8.26,Education,2023-08-30,0
CUST008841,125665.68,24,8.71,Home,2025-08-16,0
CUST008842,431145.89,84,6.69,Business,2025-10-05,1
CUST008843,335679.19,12,7.07,Auto,2023-07-05,0
CUST008844,448714.93,120,6.0,Education,2023-12-04,0
CUST008845,136302.71,120,12.0,Personal,2025-01-19,0
CUST008846,314372.88,60,11.83,Personal,2025-06-30,0
CUST008847,231618.48,120,10.36,Auto,2024-07-25,0
CUST008848,359531.35,24,10.57,Business,2023-12-31,0
CUST008849,945419.47,24,15.45,Education,2024-01-10,1
CUST008850,905674.03,120,12.44,Personal,2024-12-18,0
CUST008851,107737.96,24,12.15,Home,2023-08-10,0
CUST008852,738255.61,60,11.14,Personal,2023-08-17,0
CUST008853,392776.08,24,9.07,Business,2023-03-16,0
CUST008854,586993.0,120,7.45,Home,2025-10-29,1
CUST008855,99309.42,24,8.73,Auto,2025-12-29,0
CUST008856,208191.95,12,13.29,Personal,2024-06-10,0
CUST008857,1200691.23,48,10.49,Home,2024-11-29,0
CUST008858,606231.75,120,6.06,Business,2025-01-25,0
CUST008859,78521.13,12,13.72,Home,2025-03-24,0
CUST008860,670617.12,24,7.34,Education,2023-11-14,0
CUST008861,373585.76,48,13.03,Home,2025-06-08,1
CUST008862,420687.37,12,11.12,Education,2023-04-25,0
CUST008863,178919.35,84,8.75,Personal,2023-11-25,0
CUST008864,483808.41,120,6.61,Education,2023-08-25,0
CUST008865,196090.32,120,12.64,Personal,2023-01-23,0
CUST008866,284783.38,36,16.85,Home,2023-05-28,0
CUST008867,1315149.55,36,11.54,Education,2025-09-14,0
CUST008868,86588.21,36,15.19,Auto,2023-10-15,0
CUST008869,493902.45,12,11.56,Auto,2023-10-22,0
CUST008870,309711.18,12,10.88,Business,2024-06-02,0
CUST008871,201770.62,60,7.12,Education,2025-11-17,0
CUST008872,478979.08,12,6.0,Education,2024-08-18,0
CUST008873,907692.63,48,6.0,Education,2024-08-30,1
CUST008874,963618.65,60,11.32,Education,2025-08-08,0
CUST008875,362155.3,12,11.96,Education,2024-05-12,0
CUST008876,379869.58,60,19.25,Business,2025-08-08,0
CUST008877,642159.71,84,6.0,Auto,2023-06-19,0
CUST008878,464183.93,84,6.0,Auto,2024-06-30,0
CUST008879,74091.02,60,9.62,Auto,2024-04-21,0
CUST008880,158738.03,36,10.28,Auto,2024-02-17,0
CUST008881,391831.96,120,10.88,Home,2025-04-28,0
CUST008882,639762.23,84,12.52,Business,2025-04-11,1
CUST008883,159186.3,48,13.88,Personal,2024-06-28,0
CUST008884,269428.26,120,11.85,Business,2025-12-30,0
CUST008885,67874.16,12,11.49,Home,2025-01-17,0
CUST008886,324271.37,36,14.42,Personal,2024-09-15,0
CUST008887,504370.36,12,12.26,Business,2025-02-28,0
CUST008888,1562881.31,24,13.3,Education,2025-05-13,1
CUST008889,389092.44,48,9.95,Business,2025-10-16,0
CUST008890,51460.35,12,13.47,Home,2025-02-22,0
CUST008891,650334.63,84,10.71,Education,2025-08-24,0
CUST008892,477826.79,12,11.1,Business,2025-09-05,0
CUST008893,373121.39,48,11.77,Auto,2025-10-18,0
CUST008894,513271.82,12,9.63,Auto,2023-04-19,0
CUST008895,790796.69,12,10.9,Education,2023-10-14,0
CUST008896,324551.45,48,12.26,Business,2023-03-07,0
CUST008897,515689.09,84,16.85,Personal,2025-04-06,1
CUST008898,122180.54,24,13.46,Auto,2023-06-11,0
CUST008899,318312.22,36,13.11,Home,2025-01-07,0
CUST008900,1887646.74,60,10.58,Education,2023-09-07,1
CUST008901,217280.16,48,9.42,Education,2025-09-12,0
CUST008902,352930.71,24,15.08,Business,2025-05-18,1
CUST008903,365846.2,120,7.29,Personal,2024-02-19,0
CUST008904,820069.02,48,9.51,Home,2023-11-07,0
CUST008905,407497.2,12,15.76,Education,2024-07-05,0
CUST008906,521076.76,24,8.29,Home,2023-10-07,0
CUST008907,827344.51,24,16.74,Personal,2025-01-06,0
CUST008908,1122888.72,36,10.35,Education,2025-05-16,0
CUST008909,776474.22,12,11.95,Business,2024-09-04,0
CUST008910,446405.17,60,9.59,Auto,2024-05-03,0
CUST008911,81729.05,24,14.46,Home,2024-01-29,0
CUST008912,510581.56,120,10.0,Auto,2025-11-03,1
CUST008913,955793.88,36,10.65,Personal,2023-05-21,0
CUST008914,66053.97,120,11.49,Business,2025-10-08,0
CUST008915,382803.07,12,14.87,Education,2024-08-05,0
CUST008916,414695.86,84,12.99,Home,2025-04-14,0
CUST008917,842135.78,48,8.04,Home,2024-01-13,0
CUST008918,75991.39,24,11.98,Education,2024-01-06,0
CUST008919,150874.37,36,15.37,Education,2025-09-08,0
CUST008920,889799.18,24,6.49,Personal,2025-07-05,1
CUST008921,143034.98,120,8.42,Auto,2023-06-22,0
CUST008922,1209244.77,48,12.11,Home,2023-11-25,1
CUST008923,83150.91,48,9.34,Auto,2025-02-17,0
CUST008924,371180.26,24,9.18,Personal,2024-05-26,0
CUST008925,231555.72,36,10.26,Business,2023-07-01,0
CUST008926,1586976.62,48,11.93,Education,2025-05-10,0
CUST008927,437255.47,36,13.47,Business,2025-09-26,0
CUST008928,518367.11,60,10.52,Home,2025-12-13,0
CUST008929,1062926.14,120,13.29,Personal,2023-11-04,0
CUST008930,171360.79,12,12.09,Education,2023-06-20,0
CUST008931,414131.96,120,12.12,Business,2024-06-25,0
CUST008932,872544.45,12,11.85,Personal,2023-03-06,0
CUST008933,699622.57,120,11.12,Education,2025-04-27,0
CUST008934,36213.65,60,9.08,Home,2025-08-11,0
CUST008935,331781.31,36,11.24,Home,2024-12-14,0
CUST008936,146880.29,12,13.27,Education,2025-01-30,0
CUST008937,352855.56,60,6.7,Personal,2023-12-22,0
CUST008938,616998.9,12,13.86,Education,2025-10-26,0
CUST008939,675504.13,24,19.09,Auto,2025-12-15,1
CUST008940,695831.54,36,8.13,Home,2024-12-05,1
CUST008941,10798.85,60,11.39,Home,2025-11-04,0
CUST008942,339686.31,12,9.83,Education,2024-09-03,0
CUST008943,477062.64,84,12.88,Auto,2023-05-02,0
CUST008944,1061169.66,60,10.85,Personal,2025-01-11,0
CUST008945,39067.17,12,6.0,Personal,2023-09-04,0
CUST008946,599032.22,24,10.12,Business,2024-12-21,0
CUST008947,1155358.66,24,10.76,Education,2025-03-25,0
CUST008948,596542.55,120,10.04,Business,2024-09-23,1
CUST008949,1222794.59,48,12.06,Home,2025-10-30,0
CUST008950,791793.47,12,14.17,Education,2024-09-11,0
CUST008951,581516.84,24,16.71,Business,2023-02-25,0
CUST008952,179452.34,120,12.1,Home,2025-05-12,0
CUST008953,308009.31,84,13.99,Education,2024-01-04,0
CUST008954,1038290.15,120,6.46,Personal,2025-09-20,0
CUST008955,520953.36,60,10.13,Education,2025-03-23,0
CUST008956,1320736.31,120,6.2,Business,2025-09-15,1
CUST008957,435412.88,36,11.06,Education,2023-10-14,0
CUST008958,500693.78,48,10.43,Home,2024-03-27,0
CUST008959,281163.0,36,13.91,Auto,2024-01-03,1
CUST008960,143582.75,84,11.36,Education,2023-09-09,0
CUST008961,210529.51,120,7.66,Home,2024-03-06,0
CUST008962,71179.2,60,14.48,Personal,2023-07-23,0
CUST008963,584851.25,12,17.19,Personal,2023-03-22,0
CUST008964,219025.03,120,13.36,Auto,2024-02-17,0
CUST008965,348514.2,12,12.61,Education,2024-05-13,0
CUST008966,224932.25,12,8.45,Auto,2025-07-17,0
CUST008967,219017.54,12,15.11,Education,2024-06-07,0
CUST008968,208393.42,12,8.11,Education,2023-10-11,0
CUST008969,612238.4,120,11.77,Home,2023-10-24,0
CUST008970,303384.48,60,9.54,Personal,2024-10-15,0
CUST008971,357513.89,48,9.61,Auto,2024-08-10,0
CUST008972,289144.86,48,8.51,Home,2023-08-03,0
CUST008973,631231.65,84,11.45,Auto,2024-09-01,0
CUST008974,347543.7,48,10.21,Home,2023-03-06,0
CUST008975,516911.66,120,6.0,Business,2024-07-02,0
CUST008976,513378.14,24,12.5,Auto,2024-07-03,0
CUST008977,123206.13,60,8.66,Auto,2025-01-01,0
CUST008978,294128.85,12,11.95,Home,2024-10-23,0
CUST008979,760742.49,12,9.79,Personal,2023-05-04,0
CUST008980,374563.66,36,9.25,Personal,2024-08-22,0
CUST008981,356531.76,24,9.25,Auto,2025-02-03,0
CUST008982,101753.07,24,12.43,Personal,2023-01-13,0
CUST008983,509052.69,36,7.67,Education,2025-09-29,0
CUST008984,315858.73,48,16.49,Auto,2025-03-28,0
CUST008985,2260514.89,12,13.38,Business,2023-10-08,1
CUST008986,493577.27,12,9.57,Home,2023-08-18,0
CUST008987,344451.78,24,14.31,Home,2024-03-24,0
CUST008988,123296.91,48,8.37,Business,2023-05-10,0
CUST008989,275460.03,12,9.37,Home,2023-08-18,0
CUST008990,1229133.95,120,15.06,Auto,2023-04-22,0
CUST008991,541899.33,36,13.15,Business,2024-09-09,0
CUST008992,581744.52,12,7.75,Education,2023-01-28,0
CUST008993,462549.57,84,12.04,Education,2023-06-18,0
CUST008994,523888.49,36,7.33,Auto,2023-01-21,0
CUST008995,464029.29,60,9.76,Home,2023-03-12,0
CUST008996,105089.63,36,10.46,Education,2023-03-29,0
CUST008997,518069.73,120,13.41,Home,2025-12-24,0
CUST008998,235013.71,60,8.94,Home,2025-09-19,0
CUST008999,360965.64,84,10.96,Business,2023-12-13,0
CUST009000,438390.61,48,11.91,Business,2024-07-16,1
CUST009001,794185.32,12,6.63,Education,2024-06-04,0
CUST009002,307290.39,120,9.57,Auto,2024-07-27,1
CUST009003,769593.71,12,7.23,Business,2025-07-26,0
CUST009004,675011.39,84,15.76,Education,2023-12-09,0
CUST009005,456146.12,24,13.5,Business,2025-08-21,0
CUST009006,382022.56,120,8.47,Personal,2023-07-11,0
CUST009007,1166491.43,84,12.67,Personal,2023-10-13,1
CUST009008,144732.34,36,14.03,Personal,2025-02-13,0
CUST009009,710825.35,36,6.71,Auto,2025-06-03,0
CUST009010,902890.91,60,13.47,Auto,2025-01-15,0
CUST009011,299083.69,12,9.79,Education,2023-07-16,0
CUST009012,341494.11,120,11.66,Personal,2023-01-29,0
CUST009013,405120.71,36,12.11,Education,2023-02-01,0
CUST009014,407903.08,36,11.78,Auto,2025-06-22,0
CUST009015,518311.14,12,8.92,Personal,2023-09-19,1
CUST009016,719478.72,48,10.21,Business,2024-12-06,0
CUST009017,945057.17,48,15.82,Home,2025-09-12,0
CUST009018,944155.38,84,10.54,Home,2023-11-01,1
CUST009019,369897.02,84,10.4,Education,2024-10-12,1
CUST009020,89032.45,12,13.44,Personal,2025-12-14,0
CUST009021,593310.24,12,6.32,Education,2023-10-18,0
CUST009022,70719.99,48,12.01,Education,2023-09-22,0
CUST009023,71872.08,48,13.93,Auto,2024-05-31,0
CUST009024,300306.57,84,6.98,Auto,2025-01-14,0
CUST009025,187162.08,48,9.73,Home,2024-11-25,0
CUST009026,837459.86,12,11.88,Education,2024-06-28,0
CUST009027,984139.19,36,11.02,Personal,2023-01-15,1
CUST009028,808997.22,84,13.92,Personal,2025-06-02,0
CUST009029,554704.42,24,6.81,Education,2024-01-26,0
CUST009030,535420.86,60,8.85,Home,2024-07-09,0
CUST009031,662878.24,24,12.39,Business,2025-08-23,0
CUST009032,260207.17,120,9.96,Home,2023-01-04,0
CUST009033,447975.39,24,11.01,Education,2023-01-13,0
CUST009034,12731.35,24,11.21,Auto,2025-10-26,1
CUST009035,1106199.25,120,8.77,Home,2024-01-06,0
CUST009036,836735.43,84,14.0,Auto,2024-12-11,0
CUST009037,392700.52,36,12.17,Auto,2025-08-18,0
CUST009038,292065.96,84,9.15,Business,2023-12-05,0
CUST009039,81512.14,48,11.38,Home,2024-01-20,0
CUST009040,852366.79,84,12.57,Auto,2023-07-12,1
CUST009041,382518.84,60,10.87,Auto,2024-03-12,0
CUST009042,101914.97,24,9.11,Business,2024-09-03,0
CUST009043,335579.37,36,15.39,Home,2023-10-24,0
CUST009044,1003061.36,48,10.01,Business,2024-11-14,1
CUST009045,315078.45,84,9.73,Home,2023-08-27,0
CUST009046,1317623.85,12,12.06,Education,2024-12-08,0
CUST009047,163468.54,36,11.12,Home,2024-02-02,0
CUST009048,153016.12,120,7.41,Personal,2025-05-07,0
CUST009049,1663774.35,12,10.02,Education,2024-06-01,1
CUST009050,30642.12,120,10.24,Home,2025-01-21,0
CUST009051,153324.58,36,14.39,Education,2023-03-03,0
CUST009052,286662.77,60,12.72,Business,2023-02-07,0
CUST009053,381145.01,12,6.0,Business,2025-07-27,0
CUST009054,382033.37,120,8.86,Education,2025-01-24,0
CUST009055,223214.25,12,6.0,Auto,2024-07-01,0
CUST009056,402472.29,60,10.23,Personal,2025-08-21,1
CUST009057,514200.68,120,15.14,Auto,2023-06-04,0
CUST009058,865344.79,60,15.71,Home,2024-02-27,1
CUST009059,308073.96,120,12.11,Education,2024-06-09,0
CUST009060,864718.73,120,11.37,Personal,2024-01-05,0
CUST009061,82201.48,48,15.23,Education,2023-12-31,0
CUST009062,1414646.31,36,13.18,Business,2025-03-08,1
CUST009063,437391.7,36,10.53,Education,2023-10-25,0
CUST009064,128600.35,36,11.62,Personal,2025-12-22,0
CUST009065,931965.42,84,11.2,Auto,2024-12-02,0
CUST009066,962584.73,12,9.37,Auto,2025-11-09,0
CUST009067,410587.25,48,10.41,Auto,2023-10-23,0
CUST009068,654744.25,48,17.67,Home,2024-07-23,0
CUST009069,817246.96,120,7.39,Education,2025-06-23,0
CUST009070,193234.02,36,6.78,Business,2024-05-19,0
CUST009071,770230.33,60,15.59,Personal,2023-10-10,0
CUST009072,622862.54,48,14.66,Auto,2023-09-11,0
CUST009073,191935.63,60,8.6,Business,2025-03-07,0
CUST009074,476380.62,12,9.58,Education,2025-04-25,0
CUST009075,413905.68,120,12.38,Home,2024-01-11,0
CUST009076,513627.54,84,15.51,Auto,2023-01-31,0
CUST009077,267744.57,84,8.25,Home,2023-07-08,0
CUST009078,342334.34,120,9.11,Business,2025-06-05,0
CUST009079,390477.21,24,8.35,Education,2024-07-25,0
CUST009080,81800.19,24,8.41,Business,2025-07-13,0
CUST009081,248277.96,48,8.8,Education,2024-12-18,0
CUST009082,534785.84,60,13.53,Education,2025-07-19,0
CUST009083,790308.82,84,6.0,Home,2024-01-18,0
CUST009084,380850.83,120,7.68,Auto,2025-10-16,0
CUST009085,86057.99,24,8.74,Auto,2023-05-13,0
CUST009086,538129.85,48,11.36,Personal,2025-02-08,0
CUST009087,715873.62,12,12.2,Auto,2023-01-06,0
CUST009088,2241656.87,48,7.02,Business,2023-12-11,1
CUST009089,678882.04,60,10.56,Personal,2023-12-11,0
CUST009090,825145.07,12,6.96,Personal,2024-01-31,0
CUST009091,612836.53,48,11.27,Personal,2023-01-05,1
CUST009092,314165.23,60,9.23,Auto,2025-05-08,0
CUST009093,485793.58,84,12.16,Auto,2024-07-23,0
CUST009094,360074.15,84,15.29,Education,2025-06-22,0
CUST009095,113163.29,48,11.08,Home,2024-04-10,0
CUST009096,1487193.16,12,8.4,Business,2023-10-07,0
CUST009097,989575.51,12,12.95,Auto,2023-01-21,0
CUST009098,225848.81,48,13.69,Business,2023-07-23,0
CUST009099,616706.23,60,11.06,Business,2025-03-16,0
CUST009100,509406.73,12,8.83,Home,2025-04-14,0
CUST009101,779427.42,36,10.99,Home,2023-09-04,0
CUST009102,748597.74,24,11.72,Personal,2023-07-17,0
CUST009103,548558.26,60,14.79,Auto,2023-02-04,0
CUST009104,403562.83,84,8.24,Business,2025-09-21,0
CUST009105,288978.85,60,17.31,Personal,2023-10-08,0
CUST009106,425027.76,12,9.69,Personal,2025-08-20,0
CUST009107,86874.74,36,9.69,Education,2024-12-02,0
CUST009108,213057.57,24,11.52,Auto,2025-08-18,0
CUST009109,830765.32,12,8.42,Personal,2025-09-12,0
CUST009110,856974.0,12,9.49,Home,2025-04-16,0
CUST009111,307087.3,120,15.4,Auto,2025-03-02,0
CUST009112,454986.54,84,13.61,Auto,2023-07-13,0
CUST009113,46381.1,60,8.41,Education,2025-07-16,0
CUST009114,283548.6,48,12.59,Auto,2023-02-16,0
CUST009115,894798.15,60,8.68,Education,2025-03-12,0
CUST009116,480303.36,48,14.85,Business,2025-11-25,0
CUST009117,1160335.94,48,9.45,Personal,2023-08-27,1
CUST009118,493351.77,84,11.49,Auto,2024-08-19,0
CUST009119,562691.11,120,13.43,Personal,2023-08-13,1
CUST009120,320765.78,48,10.12,Business,2024-11-06,0
CUST009121,251586.07,36,13.76,Auto,2025-12-24,0
CUST009122,107172.58,12,7.38,Home,2024-01-05,0
CUST009123,1245225.19,24,11.98,Education,2023-01-11,0
CUST009124,758431.2,36,9.67,Business,2023-12-01,0
CUST009125,557389.13,12,14.53,Home,2023-03-06,0
CUST009126,377166.13,60,11.84,Home,2025-06-08,1
CUST009127,781053.76,36,11.46,Business,2024-11-05,0
CUST009128,848301.82,12,13.83,Business,2025-12-11,0
CUST009129,1244673.62,36,10.08,Education,2023-08-06,0
CUST009130,121682.86,84,14.62,Education,2025-04-07,0
CUST009131,305756.19,84,10.13,Business,2023-05-31,0
CUST009132,207350.0,84,13.74,Auto,2025-12-20,0
CUST009133,395056.38,84,12.37,Home,2023-06-23,1
CUST009134,134148.48,120,10.99,Personal,2024-10-28,0
CUST009135,350965.65,84,9.46,Personal,2025-05-19,0
CUST009136,35718.28,48,11.23,Education,2025-04-12,0
CUST009137,544685.49,84,13.27,Personal,2023-03-29,0
CUST009138,192762.45,84,8.52,Auto,2023-09-01,0
CUST009139,253350.9,120,10.01,Business,2023-07-21,0
CUST009140,31543.33,60,12.15,Auto,2025-10-27,0
CUST009141,638527.88,60,14.8,Auto,2025-07-30,0
CUST009142,817107.15,48,13.77,Personal,2025-08-20,1
CUST009143,1347974.95,120,10.72,Personal,2025-10-09,0
CUST009144,143353.69,36,9.01,Education,2025-09-20,1
CUST009145,1102237.49,36,11.81,Auto,2024-07-03,0
CUST009146,152415.36,120,13.16,Business,2024-01-01,0
CUST009147,594342.87,12,8.98,Business,2024-01-23,0
CUST009148,402315.95,24,11.88,Education,2024-06-01,0
CUST009149,97780.77,84,11.14,Personal,2023-02-23,0
CUST009150,793338.87,48,8.22,Home,2024-03-21,0
CUST009151,195475.86,12,10.53,Auto,2025-02-12,0
CUST009152,421646.49,24,8.94,Personal,2025-01-03,0
CUST009153,876062.22,48,13.15,Business,2024-10-22,0
CUST009154,974257.25,60,10.16,Personal,2023-04-16,0
CUST009155,283534.35,36,14.19,Home,2025-08-13,0
CUST009156,845727.76,36,16.18,Personal,2023-03-04,1
CUST009157,537352.53,12,10.49,Education,2025-06-01,0
CUST009158,454947.2,120,9.03,Auto,2025-02-19,0
CUST009159,432033.61,120,15.65,Home,2025-12-16,0
CUST009160,1363283.81,24,6.0,Personal,2023-11-25,0
CUST009161,737958.14,60,7.82,Personal,2023-02-20,0
CUST009162,228325.63,120,15.33,Business,2023-07-30,0
CUST009163,478686.68,60,11.66,Auto,2025-11-06,0
CUST009164,485980.83,12,13.26,Home,2024-10-05,0
CUST009165,250902.66,48,9.01,Personal,2025-04-04,0
CUST009166,21519.72,120,9.84,Home,2023-05-12,0
CUST009167,166322.58,60,6.0,Personal,2023-12-17,0
CUST009168,402017.91,48,10.83,Education,2025-05-25,0
CUST009169,487341.07,84,16.13,Personal,2025-04-14,0
CUST009170,859654.8,36,14.08,Business,2025-07-07,0
CUST009171,769310.87,120,12.84,Auto,2025-06-08,0
CUST009172,429872.56,12,13.43,Home,2024-09-25,0
CUST009173,496601.88,84,9.9,Personal,2023-10-27,1
CUST009174,204078.94,120,8.43,Personal,2023-01-18,0
CUST009175,501978.71,24,14.09,Personal,2023-10-15,0
CUST009176,577181.4,120,13.57,Education,2024-08-06,0
CUST009177,75950.57,120,15.07,Personal,2025-12-16,0
CUST009178,185751.23,120,13.39,Home,2024-01-04,1
CUST009179,400779.64,120,8.27,Education,2023-03-23,0
CUST009180,93023.33,36,7.41,Home,2025-09-22,0
CUST009181,313283.4,36,7.23,Business,2024-10-26,0
CUST009182,396244.88,36,6.87,Education,2024-09-01,0
CUST009183,280424.0,60,13.69,Education,2024-09-10,0
CUST009184,576980.71,36,15.81,Auto,2023-11-23,0
CUST009185,825562.43,48,9.29,Personal,2023-10-04,0
CUST009186,251379.55,12,13.17,Personal,2025-02-21,0
CUST009187,534483.77,120,11.83,Auto,2025-07-01,0
CUST009188,260642.33,60,10.38,Home,2023-10-11,0
CUST009189,317103.65,84,9.77,Personal,2023-07-18,0
CUST009190,635077.88,60,13.97,Business,2024-09-17,0
CUST009191,1365201.81,60,7.95,Personal,2024-10-16,1
CUST009192,611105.52,60,11.18,Auto,2023-02-11,0
CUST009193,571551.85,36,11.79,Business,2024-05-27,0
CUST009194,840407.49,36,6.0,Auto,2025-02-05,0
CUST009195,272701.34,120,14.43,Education,2023-12-02,0
CUST009196,192545.76,36,6.0,Education,2024-04-23,0
CUST009197,758055.76,60,14.92,Personal,2023-05-23,0
CUST009198,29585.5,36,11.44,Business,2024-09-18,0
CUST009199,217693.27,84,6.97,Home,2025-01-02,0
CUST009200,336643.07,48,11.37,Business,2024-08-16,0
CUST009201,404223.22,24,12.47,Personal,2024-02-01,0
CUST009202,426563.82,48,10.2,Auto,2024-10-27,0
CUST009203,893614.21,60,11.4,Personal,2025-05-23,0
CUST009204,289186.69,12,10.7,Home,2025-03-14,0
CUST009205,462468.97,24,12.97,Business,2025-01-24,0
CUST009206,1274041.23,24,10.3,Personal,2024-01-05,1
CUST009207,927293.17,36,7.99,Home,2023-01-11,0
CUST009208,514205.2,60,10.85,Education,2024-11-27,0
CUST009209,226219.3,48,11.55,Home,2025-04-20,0
CUST009210,588872.42,120,7.52,Auto,2023-05-15,0
CUST009211,136243.16,48,15.04,Home,2024-06-22,0
CUST009212,237478.17,120,6.13,Auto,2024-08-14,0
CUST009213,712845.05,48,10.9,Personal,2024-03-17,0
CUST009214,150071.52,24,12.98,Auto,2023-05-17,0
CUST009215,1338029.37,60,15.13,Personal,2025-08-05,0
CUST009216,388742.79,48,8.49,Home,2024-01-02,0
CUST009217,209590.77,36,14.05,Personal,2023-10-08,0
CUST009218,1003944.49,24,15.28,Education,2024-06-17,0
CUST009219,559962.0,60,10.43,Home,2023-05-06,1
CUST009220,428251.22,120,7.18,Education,2023-05-02,1
CUST009221,428795.94,36,10.79,Personal,2024-04-02,0
CUST009222,874120.24,120,11.64,Auto,2023-01-22,0
CUST009223,144868.33,36,9.33,Auto,2024-09-12,0
CUST009224,182120.58,48,9.96,Home,2025-10-08,0
CUST009225,77567.4,60,6.95,Education,2023-04-11,0
CUST009226,952037.99,12,12.71,Personal,2025-11-28,0
CUST009227,76433.61,60,15.39,Auto,2024-04-20,0
CUST009228,146444.06,60,12.27,Education,2023-06-09,0
CUST009229,254670.87,60,8.19,Home,2024-01-07,0
CUST009230,265669.37,84,12.24,Auto,2025-06-19,0
CUST009231,308799.34,12,15.01,Business,2023-11-11,0
CUST009232,200985.91,24,9.03,Home,2024-01-17,0
CUST009233,465804.04,48,13.18,Home,2025-07-13,1
CUST009234,575231.21,60,12.55,Home,2024-04-29,0
CUST009235,422922.6,36,12.03,Home,2025-06-11,0
CUST009236,161976.07,48,10.16,Education,2025-09-15,1
CUST009237,493694.48,24,12.31,Education,2023-05-23,0
CUST009238,332651.74,120,13.42,Personal,2025-10-18,0
CUST009239,747586.64,36,10.58,Personal,2023-01-23,1
CUST009240,617058.22,48,7.34,Personal,2023-08-30,0
CUST009241,651930.49,48,15.27,Home,2023-12-18,0
CUST009242,1136664.8,60,13.41,Personal,2025-11-19,0
CUST009243,1508648.27,60,8.93,Home,2023-08-29,0
CUST009244,29861.3,120,10.06,Education,2023-01-12,0
CUST009245,455915.06,84,15.67,Personal,2025-09-04,0
CUST009246,108805.84,24,6.0,Business,2023-10-26,0
CUST009247,652788.69,24,6.0,Business,2024-07-18,1
CUST009248,840341.68,48,11.28,Home,2024-02-19,0
CUST009249,573242.59,48,8.89,Home,2023-05-17,0
CUST009250,598042.41,36,15.79,Business,2023-04-13,0
CUST009251,500217.07,48,7.89,Education,2023-03-21,0
CUST009252,1349040.25,48,9.64,Home,2023-09-19,0
CUST009253,182044.22,48,13.66,Education,2024-06-11,0
CUST009254,231142.67,48,7.82,Personal,2025-06-14,1
CUST009255,1324548.85,12,10.45,Auto,2025-04-15,0
CUST009256,832999.52,48,9.76,Education,2023-08-17,0
CUST009257,714318.7,12,13.47,Home,2023-04-05,0
CUST009258,449133.52,120,8.45,Education,2024-09-10,0
CUST009259,284536.64,60,6.63,Education,2023-05-09,0
CUST009260,495368.47,24,11.71,Business,2023-07-21,0
CUST009261,810058.28,84,12.78,Personal,2025-12-01,1
CUST009262,418467.92,12,10.85,Business,2024-04-13,0
CUST009263,193488.98,120,6.83,Business,2023-12-02,0
CUST009264,228271.09,24,14.16,Personal,2023-07-09,0
CUST009265,407079.37,36,13.19,Personal,2025-08-16,1
CUST009266,583145.78,120,11.59,Personal,2023-03-17,0
CUST009267,212189.53,84,11.78,Education,2025-12-07,0
CUST009268,377519.89,12,19.2,Personal,2025-01-25,0
CUST009269,42949.11,36,8.86,Education,2024-04-23,0
CUST009270,930162.72,48,6.8,Education,2024-11-24,0
CUST009271,305683.45,48,13.36,Business,2024-12-25,0
CUST009272,429186.87,36,9.36,Education,2024-02-17,0
CUST009273,172254.79,120,7.09,Business,2024-02-18,0
CUST009274,221745.32,120,10.99,Auto,2024-05-24,0
CUST009275,327399.45,24,15.58,Business,2023-05-24,0
CUST009276,388157.44,12,14.32,Home,2024-12-18,0
CUST009277,342575.6,24,11.23,Auto,2025-05-19,0
CUST009278,1249421.47,84,7.94,Personal,2024-05-12,1
CUST009279,132799.9,48,18.7,Business,2025-03-22,0
CUST009280,498526.66,48,13.24,Personal,2024-05-20,0
CUST009281,282023.67,12,14.32,Education,2023-01-11,0
CUST009282,346355.45,84,11.47,Personal,2023-05-19,0
CUST009283,63152.72,12,17.53,Education,2023-05-05,0
CUST009284,229474.09,24,10.83,Education,2024-01-13,0
CUST009285,315428.53,12,9.62,Home,2024-02-09,0
CUST009286,127984.85,12,6.85,Education,2023-10-22,0
CUST009287,374186.56,36,10.42,Business,2025-10-20,1
CUST009288,335734.34,12,12.67,Auto,2024-08-02,0
CUST009289,77964.63,120,13.4,Auto,2023-09-06,0
CUST009290,1379590.34,36,11.18,Education,2025-09-05,1
CUST009291,137389.06,60,6.0,Personal,2025-07-09,0
CUST009292,503380.75,48,11.48,Personal,2023-11-26,1
CUST009293,96455.25,60,13.7,Education,2023-01-28,0
CUST009294,596217.22,60,8.3,Business,2023-11-22,1
CUST009295,309377.31,12,9.25,Education,2023-12-16,0
CUST009296,1247322.62,120,12.74,Home,2025-03-04,0
CUST009297,33484.95,24,9.54,Personal,2024-11-05,0
CUST009298,614291.32,60,13.04,Home,2025-06-21,1
CUST009299,702196.97,120,10.65,Home,2025-09-17,0
CUST009300,161903.88,120,7.49,Business,2024-08-27,0
CUST009301,328843.86,60,9.82,Home,2025-05-07,0
CUST009302,114874.91,60,10.75,Business,2024-02-28,0
CUST009303,113575.2,60,13.8,Education,2025-09-22,0
CUST009304,651789.25,12,6.98,Education,2024-12-05,0
CUST009305,396926.16,48,14.01,Business,2023-08-06,0
CUST009306,549955.73,84,11.57,Home,2023-07-03,0
CUST009307,248824.78,48,11.97,Auto,2023-07-13,0
CUST009308,757702.62,120,6.77,Auto,2023-09-24,0
CUST009309,532523.44,24,14.74,Business,2023-01-18,0
CUST009310,1089293.13,36,12.57,Personal,2024-07-09,1
CUST009311,57902.71,120,13.45,Auto,2024-11-01,0
CUST009312,647118.11,24,11.37,Personal,2025-01-13,0
CUST009313,391617.48,120,10.05,Home,2024-09-05,0
CUST009314,505444.05,60,16.16,Auto,2024-05-18,0
CUST009315,197766.7,60,13.22,Home,2023-11-20,0
CUST009316,658070.3,24,16.15,Personal,2025-10-22,0
CUST009317,797560.85,60,14.78,Education,2023-08-27,0
CUST009318,243723.11,60,12.12,Personal,2024-09-02,0
CUST009319,600047.69,48,7.72,Personal,2024-08-06,0
CUST009320,822568.43,36,11.15,Personal,2025-09-11,1
CUST009321,915593.04,24,7.16,Auto,2024-06-16,0
CUST009322,182364.41,120,11.68,Home,2025-11-04,0
CUST009323,759019.11,36,14.33,Home,2024-05-19,0
CUST009324,329933.22,12,13.92,Personal,2024-07-30,1
CUST009325,72541.42,36,13.37,Education,2025-04-28,0
CUST009326,240400.8,120,6.17,Home,2023-08-25,0
CUST009327,334026.89,24,8.48,Home,2024-02-22,0
CUST009328,223720.79,24,8.0,Home,2023-11-09,0
CUST009329,457481.97,120,9.9,Personal,2024-07-24,1
CUST009330,50722.27,36,6.81,Business,2025-10-12,0
CUST009331,903196.18,36,9.0,Business,2023-10-08,0
CUST009332,602786.6,36,11.09,Business,2024-05-05,0
CUST009333,689689.43,60,12.81,Education,2023-04-08,0
CUST009334,754210.44,12,15.8,Personal,2023-03-17,0
CUST009335,376516.39,60,9.31,Education,2023-06-20,0
CUST009336,1007500.3,120,8.35,Business,2025-02-20,0
CUST009337,624338.11,84,11.62,Education,2024-04-30,0
CUST009338,866429.32,60,8.09,Auto,2025-09-06,0
CUST009339,762614.28,120,13.57,Personal,2025-09-05,1
CUST009340,738488.06,36,11.04,Personal,2025-10-20,0
CUST009341,758740.73,36,10.42,Auto,2023-09-10,0
CUST009342,325063.29,12,12.2,Auto,2024-08-15,0
CUST009343,80255.55,48,8.82,Education,2024-01-25,0
CUST009344,385220.13,12,9.67,Education,2023-07-19,0
CUST009345,318274.17,36,10.14,Business,2025-07-08,0
CUST009346,1408539.81,12,6.95,Business,2024-01-11,0
CUST009347,116814.21,12,16.63,Home,2024-03-02,0
CUST009348,518193.79,48,12.02,Auto,2023-04-29,0
CUST009349,56953.34,24,10.08,Home,2025-02-08,0
CUST009350,416712.15,48,12.73,Auto,2025-05-28,0
CUST009351,261675.08,60,9.66,Business,2024-03-27,0
CUST009352,94043.53,84,8.29,Personal,2023-03-06,1
CUST009353,190626.16,12,16.69,Personal,2025-01-25,0
CUST009354,99074.43,120,15.15,Auto,2025-12-10,0
CUST009355,1140504.91,36,12.04,Education,2023-09-28,0
CUST009356,644337.48,12,17.69,Education,2025-01-05,0
CUST009357,1004128.69,24,8.71,Auto,2023-08-08,0
CUST009358,901905.8,24,15.41,Home,2023-01-17,0
CUST009359,88900.25,48,8.25,Education,2024-03-24,0
CUST009360,1202179.86,36,6.88,Business,2023-11-30,0
CUST009361,517501.61,24,13.69,Personal,2023-03-06,0
CUST009362,196175.32,60,7.15,Personal,2024-12-18,1
CUST009363,184574.73,36,12.84,Education,2025-07-02,0
CUST009364,1172846.58,60,14.12,Business,2025-10-25,0
CUST009365,449967.22,24,7.88,Auto,2023-04-12,0
CUST009366,36038.78,12,12.2,Home,2024-10-15,0
CUST009367,296916.77,12,8.88,Auto,2024-06-17,1
CUST009368,23421.91,120,10.39,Education,2023-05-06,0
CUST009369,68965.55,24,9.7,Home,2023-05-21,0
CUST009370,443912.14,60,10.04,Personal,2025-06-17,0
CUST009371,365334.86,84,14.35,Home,2025-08-01,0
CUST009372,623887.56,120,8.83,Home,2025-11-09,1
CUST009373,731493.24,60,11.7,Home,2025-01-22,0
CUST009374,719310.15,120,16.43,Education,2025-08-08,0
CUST009375,145801.49,24,9.05,Education,2024-03-18,0
CUST009376,474876.23,120,15.77,Home,2023-09-26,0
CUST009377,1029203.13,12,11.24,Home,2023-04-14,0
CUST009378,825301.29,24,6.63,Personal,2023-05-01,0
CUST009379,905303.57,24,6.0,Auto,2023-05-01,0
CUST009380,259420.95,84,15.49,Education,2023-05-29,0
CUST009381,838693.95,36,13.6,Education,2025-09-29,0
CUST009382,95143.24,120,14.19,Home,2023-02-22,0
CUST009383,1444068.85,84,9.55,Home,2024-01-14,0
CUST009384,936620.22,36,13.09,Home,2025-09-24,0
CUST009385,531337.32,48,12.67,Business,2025-09-09,0
CUST009386,639615.94,84,12.82,Education,2025-08-17,0
CUST009387,692483.55,120,8.05,Home,2024-05-13,0
CUST009388,385941.5,84,9.89,Business,2023-02-09,0
CUST009389,1222633.98,84,8.38,Auto,2025-05-11,0
CUST009390,826624.96,12,12.0,Home,2024-06-06,0
CUST009391,51735.0,120,10.21,Business,2024-04-22,0
CUST009392,455553.32,48,10.63,Auto,2025-08-11,0
CUST009393,369778.88,12,6.3,Auto,2024-12-19,0
CUST009394,508579.39,24,11.04,Business,2024-01-25,0
CUST009395,304333.75,84,14.75,Education,2024-08-11,0
CUST009396,165174.03,48,18.0,Home,2025-06-03,0
CUST009397,1742478.73,48,9.07,Education,2025-01-23,1
CUST009398,155530.99,24,6.0,Auto,2024-11-18,0
CUST009399,547670.51,36,9.76,Education,2024-07-25,0
CUST009400,369111.53,48,7.35,Education,2023-01-22,0
CUST009401,280003.32,36,11.43,Auto,2025-05-04,1
CUST009402,311126.51,24,9.63,Education,2023-05-21,0
CUST009403,1130585.75,120,12.7,Personal,2024-01-18,0
CUST009404,578617.74,60,14.41,Auto,2023-05-15,0
CUST009405,294109.73,36,12.05,Auto,2023-03-10,0
CUST009406,401586.7,24,11.78,Home,2023-09-02,1
CUST009407,213857.13,36,7.21,Personal,2024-11-13,1
CUST009408,565683.76,48,8.46,Personal,2024-06-12,1
CUST009409,785114.61,36,12.51,Personal,2025-02-12,0
CUST009410,141973.27,48,13.8,Education,2024-07-25,0
CUST009411,788131.37,84,6.0,Business,2025-09-08,1
CUST009412,359376.55,84,8.11,Education,2024-04-18,0
CUST009413,934093.28,120,13.21,Auto,2023-02-19,0
CUST009414,663694.18,36,13.43,Education,2024-08-23,1
CUST009415,738685.57,84,6.44,Education,2023-01-24,1
CUST009416,1228928.4,36,10.73,Home,2024-07-10,1
CUST009417,157080.04,84,11.52,Auto,2025-07-16,0
CUST009418,1015729.11,12,11.72,Personal,2024-12-06,1
CUST009419,788634.95,48,13.39,Home,2025-10-09,0
CUST009420,811101.97,12,9.59,Auto,2025-06-04,1
CUST009421,523830.05,12,9.36,Business,2024-07-01,0
CUST009422,1028501.42,24,16.65,Business,2024-10-19,0
CUST009423,240078.38,12,7.85,Education,2023-07-21,0
CUST009424,328508.23,120,6.81,Auto,2024-12-12,0
CUST009425,358687.43,48,10.89,Personal,2024-12-26,0
CUST009426,404487.1,84,14.14,Home,2025-02-18,0
CUST009427,1172156.43,12,13.89,Auto,2025-11-06,0
CUST009428,540590.37,60,9.85,Personal,2025-11-22,1
CUST009429,568813.47,120,6.0,Auto,2025-11-14,0
CUST009430,434731.01,12,7.66,Auto,2025-10-22,0
CUST009431,168176.54,60,15.43,Education,2025-12-03,1
CUST009432,251516.35,120,8.98,Education,2024-12-08,0
CUST009433,119892.31,12,10.19,Education,2023-11-29,0
CUST009434,749957.02,12,15.7,Personal,2023-01-20,0
CUST009435,860982.58,60,7.81,Education,2023-08-18,0
CUST009436,138520.93,36,15.73,Auto,2023-09-05,1
CUST009437,519467.76,24,8.96,Education,2024-02-10,0
CUST009438,776700.58,60,8.29,Personal,2023-08-17,0
CUST009439,113410.21,60,15.84,Business,2023-11-14,0
CUST009440,829719.37,84,15.33,Personal,2025-11-26,1
CUST009441,872995.18,12,11.88,Business,2025-12-10,0
CUST009442,646828.65,60,12.61,Auto,2023-07-29,0
CUST009443,93105.88,120,6.0,Education,2023-06-17,0
CUST009444,212759.02,36,10.7,Auto,2023-12-21,0
CUST009445,677649.97,120,6.0,Personal,2024-04-07,0
CUST009446,204900.67,84,13.61,Personal,2025-01-13,1
CUST009447,429217.52,12,10.43,Business,2025-07-13,0
CUST009448,517828.86,60,9.11,Business,2024-06-17,0
CUST009449,506235.57,48,13.07,Personal,2024-02-22,0
CUST009450,180741.29,120,13.58,Home,2023-11-01,0
CUST009451,299308.65,84,12.36,Education,2023-12-19,0
CUST009452,154235.27,24,12.8,Auto,2024-09-21,0
CUST009453,738672.38,48,11.46,Business,2024-09-02,1
CUST009454,364318.65,48,13.78,Auto,2023-03-22,0
CUST009455,983706.79,24,8.41,Personal,2025-08-06,0
CUST009456,392932.46,120,10.81,Business,2023-10-04,0
CUST009457,313575.91,48,10.35,Auto,2023-10-09,1
CUST009458,444882.46,24,12.54,Education,2024-06-13,0
CUST009459,679656.33,24,13.25,Education,2023-07-13,0
CUST009460,76858.77,48,12.54,Auto,2023-09-03,0
CUST009461,229211.68,84,10.02,Personal,2025-04-17,1
CUST009462,306970.63,24,10.49,Business,2024-02-29,0
CUST009463,533439.17,36,9.67,Education,2024-07-17,0
CUST009464,339485.15,24,15.03,Auto,2023-02-09,0
CUST009465,660788.8,36,9.59,Education,2023-03-05,1
CUST009466,496129.39,36,10.61,Auto,2024-08-23,0
CUST009467,491765.34,48,13.61,Education,2024-03-03,0
CUST009468,111700.14,36,11.86,Auto,2023-10-26,0
CUST009469,448214.65,84,13.92,Education,2025-10-11,0
CUST009470,596917.96,24,11.58,Personal,2023-08-30,1
CUST009471,455780.16,120,8.33,Business,2023-06-13,0
CUST009472,297529.19,48,12.68,Auto,2024-10-22,0
CUST009473,1039215.76,12,9.83,Auto,2023-05-14,0
CUST009474,513777.29,120,11.62,Auto,2025-06-22,0
CUST009475,143447.6,12,6.69,Education,2024-05-23,0
CUST009476,247302.88,12,6.0,Auto,2025-06-25,0
CUST009477,831675.59,36,18.91,Education,2024-05-06,0
CUST009478,294789.72,120,13.59,Home,2024-05-12,0
CUST009479,231512.88,120,12.16,Personal,2023-08-25,0
CUST009480,565373.09,24,10.71,Auto,2024-12-10,0
CUST009481,413281.18,48,14.01,Auto,2025-07-30,0
CUST009482,454090.48,48,8.74,Education,2025-03-22,0
CUST009483,285967.64,120,7.27,Home,2025-09-15,0
CUST009484,922030.91,120,13.59,Business,2023-07-22,0
CUST009485,1244577.19,48,15.53,Business,2025-12-11,1
CUST009486,1397560.26,36,14.14,Business,2023-05-27,1
CUST009487,250134.41,24,8.31,Business,2023-10-08,0
CUST009488,1005664.89,60,12.76,Home,2024-05-22,0
CUST009489,836935.36,36,9.79,Home,2023-08-01,1
CUST009490,314812.86,12,14.85,Auto,2023-04-03,0
CUST009491,480249.08,84,6.0,Business,2023-07-16,0
CUST009492,149735.22,24,11.61,Business,2025-09-16,0
CUST009493,190551.54,36,16.32,Personal,2023-08-26,0
CUST009494,410884.63,48,13.15,Home,2024-07-18,0
CUST009495,279212.45,60,11.36,Business,2025-06-23,0
CUST009496,501357.33,12,11.4,Auto,2024-02-06,0
CUST009497,993581.52,36,9.05,Business,2025-11-11,1
CUST009498,313740.63,36,6.0,Auto,2025-01-12,0
CUST009499,345270.74,60,14.8,Education,2024-11-10,0
CUST009500,561972.4,120,11.27,Personal,2025-05-22,0
CUST009501,337783.46,36,7.75,Personal,2023-01-17,0
CUST009502,820818.68,48,13.27,Personal,2024-10-15,0
CUST009503,448939.6,36,9.31,Home,2025-12-10,0
CUST009504,546000.8,84,12.56,Business,2023-02-07,0
CUST009505,417567.93,24,11.9,Auto,2024-06-01,0
CUST009506,838902.13,24,10.03,Home,2024-09-29,0
CUST009507,430398.49,60,9.79,Business,2024-03-26,0
CUST009508,242968.09,48,7.98,Personal,2025-10-04,0
CUST009509,210037.45,84,10.09,Personal,2024-04-23,0
CUST009510,474724.39,60,12.15,Home,2025-01-15,0
CUST009511,498483.56,24,17.37,Home,2025-12-24,0
CUST009512,606171.0,120,8.28,Auto,2023-08-06,1
CUST009513,1002116.51,48,14.74,Home,2024-01-13,0
CUST009514,619775.21,120,12.12,Home,2025-10-08,0
CUST009515,216710.85,60,14.3,Business,2025-01-08,0
CUST009516,498628.97,84,7.51,Personal,2023-08-11,0
CUST009517,504460.0,48,16.57,Business,2024-04-20,0
CUST009518,604319.46,24,12.15,Personal,2023-02-01,0
CUST009519,110655.47,60,11.37,Personal,2023-03-17,0
CUST009520,304879.54,120,16.74,Personal,2024-12-02,0
CUST009521,454734.9,36,11.37,Personal,2025-08-20,0
CUST009522,1610400.99,84,8.54,Auto,2024-03-20,0
CUST009523,464231.27,24,10.61,Personal,2023-07-31,0
CUST009524,46002.27,24,9.83,Business,2024-11-09,0
CUST009525,935260.22,60,11.21,Home,2024-12-01,0
CUST009526,363401.74,60,12.7,Auto,2023-11-20,0
CUST009527,602831.03,36,8.16,Personal,2023-02-03,0
CUST009528,991069.14,24,13.5,Personal,2024-09-16,0
CUST009529,476151.32,120,11.86,Home,2024-02-02,0
CUST009530,924624.24,36,17.47,Personal,2025-09-26,0
CUST009531,168523.77,48,10.38,Personal,2023-01-23,0
CUST009532,491586.38,36,12.5,Auto,2023-02-02,0
CUST009533,925185.67,84,9.44,Education,2025-04-17,0
CUST009534,63454.28,60,7.19,Personal,2025-02-27,0
CUST009535,593062.63,60,11.34,Business,2023-07-02,1
CUST009536,136703.7,120,10.88,Home,2023-08-07,0
CUST009537,267385.63,48,8.12,Auto,2023-12-18,0
CUST009538,807340.99,12,15.27,Personal,2024-05-11,0
CUST009539,599028.42,120,14.8,Education,2025-05-06,0
CUST009540,93710.12,12,14.84,Business,2023-12-29,0
CUST009541,153954.79,60,12.49,Home,2024-05-19,0
CUST009542,909549.67,48,15.72,Auto,2025-08-23,0
CUST009543,185064.25,48,12.66,Education,2023-05-17,0
CUST009544,336016.55,120,12.95,Auto,2024-12-21,1
CUST009545,275883.38,12,11.28,Business,2024-12-03,0
CUST009546,641316.23,60,13.18,Home,2024-10-04,0
CUST009547,734845.66,24,8.65,Auto,2025-07-18,0
CUST009548,555015.49,24,8.92,Education,2025-08-25,0
CUST009549,1361813.21,84,6.3,Business,2024-02-24,0
CUST009550,1385209.69,120,16.03,Education,2023-07-25,0
CUST009551,424682.95,12,12.91,Business,2025-06-23,0
CUST009552,205508.74,48,8.21,Personal,2024-02-04,0
CUST009553,231272.92,120,10.21,Home,2024-03-21,0
CUST009554,337498.24,36,10.83,Home,2025-05-04,0
CUST009555,978252.62,60,14.97,Business,2023-03-20,1
CUST009556,990950.85,60,10.3,Personal,2025-09-12,0
CUST009557,210300.0,120,12.1,Home,2025-10-12,0
CUST009558,857858.73,36,13.11,Business,2024-11-30,1
CUST009559,505438.8,120,9.66,Business,2025-09-22,0
CUST009560,561594.09,24,7.95,Education,2024-10-07,0
CUST009561,589764.87,12,9.83,Home,2024-01-07,0
CUST009562,513535.67,36,14.37,Auto,2025-01-22,0
CUST009563,288617.94,12,10.95,Home,2023-11-25,0
CUST009564,325923.6,84,6.0,Home,2025-09-25,0
CUST009565,992623.0,84,8.46,Home,2024-05-26,0
CUST009566,115930.99,48,11.46,Education,2023-01-05,0
CUST009567,290011.37,48,13.02,Auto,2024-07-04,0
CUST009568,809746.02,84,6.0,Personal,2025-02-05,0
CUST009569,169732.86,120,10.85,Business,2025-09-12,0
CUST009570,370965.86,120,12.2,Auto,2025-07-01,0
CUST009571,278926.14,60,14.58,Education,2024-09-18,0
CUST009572,731436.88,24,12.13,Business,2024-11-06,0
CUST009573,805433.56,84,6.06,Education,2025-10-23,0
CUST009574,90497.29,36,12.68,Business,2025-10-05,0
CUST009575,187562.28,24,10.62,Business,2025-01-19,0
CUST009576,1029633.78,60,9.01,Home,2023-11-25,1
CUST009577,778466.87,84,8.62,Auto,2025-07-18,0
CUST009578,704485.39,12,13.89,Home,2024-03-21,1
CUST009579,617311.15,48,8.3,Business,2023-08-08,1
CUST009580,201879.78,24,15.21,Personal,2025-05-21,0
CUST009581,142715.36,48,13.43,Business,2024-05-19,0
CUST009582,1115650.55,60,11.87,Auto,2024-08-03,1
CUST009583,574341.91,12,11.35,Home,2023-01-10,0
CUST009584,215127.43,24,9.15,Auto,2025-09-22,1
CUST009585,316104.6,120,8.44,Auto,2023-11-18,0
CUST009586,323676.98,24,13.46,Education,2023-12-01,0
CUST009587,1412538.69,84,6.0,Education,2025-07-18,0
CUST009588,91896.44,84,10.38,Personal,2024-09-16,0
CUST009589,591930.08,120,14.12,Personal,2024-10-27,0
CUST009590,154697.33,120,8.92,Education,2025-09-19,0
CUST009591,473174.85,120,10.99,Education,2023-10-21,0
CUST009592,602743.31,12,13.01,Auto,2025-12-18,0
CUST009593,790163.8,48,13.59,Home,2023-07-27,0
CUST009594,440846.92,120,14.71,Education,2024-12-10,0
CUST009595,178821.23,24,10.53,Personal,2024-10-07,0
CUST009596,777400.97,36,11.4,Auto,2023-04-04,0
CUST009597,309997.73,120,11.36,Personal,2024-10-19,1
CUST009598,518515.24,24,10.13,Education,2025-02-26,0
CUST009599,1120669.15,12,13.05,Education,2023-08-11,0
CUST009600,1174608.08,24,13.09,Auto,2023-05-07,1
CUST009601,367653.43,120,11.31,Education,2024-10-24,0
CUST009602,420008.54,36,8.79,Auto,2025-07-08,0
CUST009603,135894.3,48,10.98,Personal,2023-12-17,0
CUST009604,903948.49,48,8.52,Education,2024-01-22,0
CUST009605,1224203.09,24,6.34,Personal,2023-03-01,0
CUST009606,837771.91,84,9.91,Home,2024-08-10,0
CUST009607,563306.03,84,8.19,Education,2023-11-25,0
CUST009608,75572.64,120,9.76,Education,2024-05-11,0
CUST009609,230008.05,84,13.67,Auto,2025-11-11,0
CUST009610,273454.26,24,11.78,Auto,2024-01-02,0
CUST009611,219333.82,24,7.28,Business,2024-07-20,0
CUST009612,229210.88,60,12.06,Home,2023-12-27,0
CUST009613,299920.03,84,11.91,Education,2024-02-10,0
CUST009614,169486.91,60,13.73,Business,2025-03-30,0
CUST009615,657137.47,48,11.31,Business,2025-05-06,0
CUST009616,214349.65,48,13.23,Personal,2024-03-15,0
CUST009617,595269.65,36,9.49,Personal,2023-08-12,0
CUST009618,1604817.23,84,8.52,Education,2024-06-04,1
CUST009619,143394.4,48,10.43,Education,2023-09-07,0
CUST009620,496359.46,84,9.47,Personal,2023-09-22,0
CUST009621,136846.3,60,8.93,Auto,2025-07-14,0
CUST009622,576088.42,120,9.91,Auto,2025-05-16,1
CUST009623,452579.22,84,6.73,Auto,2023-03-02,0
CUST009624,644954.39,12,8.14,Education,2025-08-12,0
CUST009625,744311.99,24,9.52,Education,2023-07-19,0
CUST009626,394267.64,36,15.51,Auto,2024-11-05,0
CUST009627,392089.95,24,10.52,Personal,2023-04-23,0
CUST009628,539072.79,120,11.22,Education,2023-03-03,0
CUST009629,197855.97,84,10.22,Auto,2024-07-07,0
CUST009630,126291.11,120,13.58,Business,2023-12-30,0
CUST009631,953394.22,12,11.42,Personal,2025-02-06,0
CUST009632,142343.68,36,6.0,Education,2023-06-20,0
CUST009633,1699195.96,12,9.15,Personal,2025-05-24,0
CUST009634,660811.78,36,14.24,Business,2024-09-03,0
CUST009635,374775.79,48,9.55,Home,2025-10-29,0
CUST009636,1548080.21,12,11.25,Auto,2024-12-16,1
CUST009637,927513.98,12,15.27,Business,2024-10-16,0
CUST009638,158137.4,120,10.61,Education,2023-06-12,0
CUST009639,725832.38,84,13.44,Auto,2024-12-05,0
CUST009640,56134.33,12,11.43,Business,2024-03-11,0
CUST009641,315604.13,48,13.16,Education,2025-06-08,0
CUST009642,39304.1,60,12.15,Business,2023-08-23,0
CUST009643,474232.21,48,9.34,Business,2023-01-30,0
CUST009644,645106.33,12,9.28,Personal,2024-09-26,0
CUST009645,811917.17,48,11.47,Education,2025-05-25,0
CUST009646,526427.78,48,11.88,Education,2024-05-27,0
CUST009647,310613.16,12,11.63,Personal,2023-10-26,0
CUST009648,225880.67,84,12.03,Home,2023-04-22,0
CUST009649,601017.27,120,11.44,Business,2023-02-22,0
CUST009650,176041.91,24,11.17,Education,2023-11-20,0
CUST009651,882308.41,48,10.63,Education,2023-11-04,1
CUST009652,281530.01,84,11.54,Home,2024-10-02,0
CUST009653,2477942.13,48,9.36,Personal,2025-10-26,1
CUST009654,281354.91,24,8.74,Home,2025-11-03,0
CUST009655,297153.05,120,10.81,Auto,2024-04-30,0
CUST009656,80488.51,120,8.94,Personal,2023-09-28,0
CUST009657,729878.11,12,10.99,Education,2025-12-07,0
CUST009658,239012.22,12,6.56,Education,2024-02-18,0
CUST009659,581115.89,60,11.31,Auto,2025-11-03,0
CUST009660,266349.02,24,11.71,Personal,2023-11-15,0
CUST009661,136430.44,24,8.68,Education,2023-04-25,0
CUST009662,222335.42,48,12.78,Auto,2023-01-18,0
CUST009663,281951.08,120,6.35,Auto,2024-11-02,0
CUST009664,791094.93,48,13.05,Business,2023-12-02,0
CUST009665,684809.31,48,9.21,Business,2025-04-25,1
CUST009666,538830.64,60,8.97,Business,2024-12-14,0
CUST009667,147358.65,36,11.02,Education,2023-09-14,0
CUST009668,1193103.77,120,7.8,Home,2024-05-15,0
CUST009669,165635.64,60,9.68,Education,2024-04-08,0
CUST009670,1090276.5,24,9.6,Education,2025-04-23,1
CUST009671,155608.22,48,7.36,Business,2025-12-18,0
CUST009672,521650.01,48,7.22,Auto,2023-11-26,0
CUST009673,465434.99,12,14.11,Personal,2023-10-08,0
CUST009674,262277.37,84,7.0,Business,2025-04-13,0
CUST009675,131322.46,120,12.22,Personal,2023-12-29,0
CUST009676,91583.51,48,10.48,Auto,2025-06-14,0
CUST009677,299941.97,48,9.15,Home,2025-04-15,0
CUST009678,397766.08,24,11.99,Business,2025-02-12,0
CUST009679,803252.63,12,9.58,Personal,2025-06-13,0
CUST009680,279321.73,24,12.74,Personal,2024-12-08,0
CUST009681,593431.92,120,10.04,Education,2024-08-22,0
CUST009682,1141927.65,84,11.19,Business,2025-07-28,0
CUST009683,625031.79,36,10.9,Business,2024-11-26,0
CUST009684,655230.08,84,8.0,Auto,2024-09-03,0
CUST009685,268892.11,12,12.57,Personal,2024-02-10,0
CUST009686,38139.95,120,6.0,Home,2024-04-23,0
CUST009687,634679.01,48,9.0,Business,2024-09-21,0
CUST009688,565246.16,60,10.17,Personal,2023-04-27,0
CUST009689,361734.62,24,12.26,Auto,2025-01-31,0
CUST009690,184801.79,120,7.88,Business,2023-01-27,0
CUST009691,597573.92,60,10.62,Education,2024-05-16,0
CUST009692,820740.81,120,16.73,Home,2024-11-22,1
CUST009693,266528.92,84,12.5,Auto,2024-02-01,0
CUST009694,909857.96,36,13.23,Home,2023-08-27,0
CUST009695,426255.0,48,11.57,Personal,2024-07-09,0
CUST009696,915263.74,36,8.99,Personal,2023-12-31,0
CUST009697,526826.86,12,8.46,Auto,2023-06-20,0
CUST009698,368212.48,84,8.89,Business,2024-11-06,0
CUST009699,267555.74,60,12.59,Personal,2025-08-24,0
CUST009700,284763.74,60,13.14,Home,2023-02-04,0
CUST009701,232540.59,120,7.69,Home,2025-06-19,0
CUST009702,523158.87,12,10.36,Education,2024-01-18,0
CUST009703,266981.1,120,6.38,Home,2024-12-03,0
CUST009704,997295.5,36,8.88,Auto,2023-10-27,0
CUST009705,486107.43,84,14.12,Business,2025-12-13,0
CUST009706,704612.89,60,14.06,Home,2023-08-24,0
CUST009707,315761.83,84,12.82,Personal,2025-02-05,0
CUST009708,331585.54,120,10.25,Home,2024-04-22,0
CUST009709,748112.56,24,10.25,Home,2023-04-15,0
CUST009710,962046.7,60,6.86,Home,2024-05-16,0
CUST009711,688373.73,12,14.02,Education,2025-01-26,0
CUST009712,473973.63,36,13.51,Education,2024-02-18,0
CUST009713,136700.16,24,8.51,Education,2024-10-05,0
CUST009714,130445.56,84,10.09,Home,2025-06-28,0
CUST009715,436129.03,12,6.0,Home,2024-02-24,0
CUST009716,26054.92,60,11.39,Personal,2023-05-19,0
CUST009717,349101.06,84,12.92,Personal,2025-07-14,0
CUST009718,539653.6,12,8.4,Home,2024-11-17,0
CUST009719,518066.42,12,10.28,Personal,2025-01-31,0
CUST009720,872221.08,84,13.24,Auto,2025-07-18,0
CUST009721,611982.22,12,11.97,Home,2024-03-29,0
CUST009722,571129.43,24,10.89,Education,2025-08-01,0
CUST009723,841155.63,84,15.45,Personal,2024-09-10,0
CUST009724,360890.91,84,9.01,Auto,2024-01-23,1
CUST009725,1356269.75,24,13.06,Home,2023-04-17,0
CUST009726,539421.75,84,13.23,Personal,2024-03-01,0
CUST009727,169345.22,48,14.41,Home,2025-06-27,0
CUST009728,21962.12,60,8.52,Personal,2024-10-31,0
CUST009729,237161.82,36,13.53,Personal,2024-11-12,0
CUST009730,198407.93,84,8.29,Business,2025-04-21,0
CUST009731,375578.38,84,9.17,Education,2025-06-26,0
CUST009732,352015.28,24,8.64,Business,2024-08-17,0
CUST009733,82117.58,12,13.09,Business,2023-10-16,0
CUST009734,216442.44,60,9.31,Home,2023-07-02,0
CUST009735,123863.92,60,10.81,Home,2023-06-24,0
CUST009736,927866.51,120,9.81,Education,2023-03-02,0
CUST009737,515795.0,12,12.62,Home,2025-05-08,0
CUST009738,1154288.14,60,9.5,Education,2023-07-26,0
CUST009739,261455.9,48,11.4,Personal,2023-10-16,0
CUST009740,618462.99,48,13.33,Auto,2024-12-25,0
CUST009741,1004117.02,120,8.34,Personal,2024-07-03,0
CUST009742,505564.67,36,9.36,Business,2023-06-16,0
CUST009743,643193.24,120,11.56,Education,2024-02-28,0
CUST009744,1295163.55,120,13.74,Auto,2025-11-02,0
CUST009745,255084.19,60,13.02,Personal,2025-07-05,0
CUST009746,298115.65,24,9.51,Personal,2024-05-04,0
CUST009747,778579.65,36,11.72,Home,2025-04-01,0
CUST009748,569291.75,48,8.85,Auto,2025-03-06,0
CUST009749,476361.47,60,12.21,Auto,2023-12-04,0
CUST009750,170995.74,36,6.0,Education,2024-03-17,0
CUST009751,693191.82,12,14.18,Personal,2025-06-19,0
CUST009752,276512.25,84,12.48,Education,2025-02-26,0
CUST009753,138780.04,36,13.58,Education,2024-07-24,0
CUST009754,125363.41,120,14.68,Education,2025-04-07,0
CUST009755,448101.36,24,9.16,Education,2023-03-12,0
CUST009756,392626.54,48,12.43,Home,2023-08-13,0
CUST009757,680189.0,120,9.91,Auto,2023-06-24,0
CUST009758,400588.26,84,15.18,Home,2024-01-12,0
CUST009759,210788.07,12,9.13,Business,2023-01-20,1
CUST009760,533165.63,84,11.11,Auto,2023-10-20,0
CUST009761,1137683.12,84,6.29,Business,2025-01-23,0
CUST009762,242334.88,36,10.97,Auto,2024-12-02,0
CUST009763,227787.35,84,9.68,Home,2024-01-08,0
CUST009764,697305.37,60,14.56,Personal,2025-09-28,0
CUST009765,312680.0,84,12.08,Education,2025-10-06,0
CUST009766,337319.3,24,12.02,Home,2023-05-19,0
CUST009767,72887.77,60,10.16,Personal,2024-12-02,0
CUST009768,109079.25,36,9.77,Auto,2025-11-27,0
CUST009769,526793.86,24,13.48,Education,2024-07-18,0
CUST009770,126718.71,120,18.02,Personal,2025-04-01,0
CUST009771,432502.34,60,12.98,Auto,2023-08-26,0
CUST009772,59267.09,60,7.02,Home,2025-02-02,0
CUST009773,418772.94,24,11.06,Personal,2025-04-24,0
CUST009774,189339.07,48,11.36,Auto,2024-01-15,0
CUST009775,249737.95,84,14.85,Education,2024-05-11,0
CUST009776,129824.1,120,12.83,Home,2025-10-05,0
CUST009777,767619.59,84,7.86,Auto,2025-08-29,0
CUST009778,1374818.3,120,7.7,Personal,2023-11-27,1
CUST009779,843028.89,48,12.74,Business,2025-02-14,0
CUST009780,885454.62,84,11.97,Home,2025-04-25,0
CUST009781,240894.06,84,10.62,Business,2025-11-17,0
CUST009782,681130.17,60,14.53,Personal,2023-04-10,0
CUST009783,774809.25,24,10.86,Auto,2025-11-06,0
CUST009784,585581.66,36,9.54,Business,2023-05-28,0
CUST009785,216126.56,36,14.11,Home,2025-01-27,0
CUST009786,38323.32,36,8.17,Home,2024-09-11,0
CUST009787,514489.81,120,13.58,Home,2024-01-18,1
CUST009788,681971.61,60,11.08,Home,2024-12-04,0
CUST009789,1180317.59,84,6.96,Business,2024-04-27,0
CUST009790,503977.76,36,11.0,Home,2025-02-06,0
CUST009791,237294.97,24,6.0,Home,2025-05-22,0
CUST009792,740812.51,120,13.09,Education,2023-10-05,0
CUST009793,114851.93,48,10.44,Auto,2024-11-11,0
CUST009794,211143.56,48,13.65,Personal,2023-05-05,0
CUST009795,167707.83,120,11.53,Auto,2024-03-29,0
CUST009796,373215.88,120,15.24,Auto,2024-08-25,0
CUST009797,240437.87,36,8.42,Auto,2025-03-28,0
CUST009798,380043.59,120,15.33,Home,2024-01-13,0
CUST009799,330289.2,84,7.41,Education,2025-11-20,0
CUST009800,371567.46,120,13.92,Personal,2023-11-20,0
CUST009801,176108.7,24,6.0,Education,2024-08-23,0
CUST009802,651757.58,48,8.67,Business,2025-11-25,0
CUST009803,709364.19,24,10.16,Home,2024-12-18,0
CUST009804,242295.1,24,12.39,Education,2024-07-31,0
CUST009805,302755.39,84,11.07,Home,2025-07-21,0
CUST009806,809634.42,48,11.65,Home,2023-03-31,1
CUST009807,478940.6,48,8.56,Business,2024-04-03,0
CUST009808,313718.71,84,10.1,Auto,2024-11-26,0
CUST009809,433040.27,60,6.29,Home,2025-09-27,0
CUST009810,1291302.72,120,15.26,Business,2023-09-03,0
CUST009811,210881.22,48,10.25,Personal,2023-09-26,0
CUST009812,468586.88,24,11.46,Business,2024-05-09,0
CUST009813,570110.63,48,10.14,Home,2023-03-10,0
CUST009814,298895.39,60,13.18,Education,2025-05-10,0
CUST009815,537238.27,84,6.83,Education,2023-05-14,0
CUST009816,537376.51,60,12.65,Personal,2023-12-29,0
CUST009817,618526.95,60,7.41,Business,2024-02-23,0
CUST009818,151901.75,120,9.93,Business,2023-11-21,0
CUST009819,694102.36,60,8.78,Education,2024-04-04,0
CUST009820,286999.85,84,11.39,Business,2024-09-23,0
CUST009821,283606.11,36,14.23,Business,2023-02-06,0
CUST009822,866583.8,12,16.2,Home,2025-01-26,0
CUST009823,376936.94,36,17.65,Home,2023-07-07,0
CUST009824,517394.47,120,14.98,Education,2025-01-30,0
CUST009825,419177.05,24,13.66,Personal,2023-03-03,1
CUST009826,308148.7,60,14.41,Auto,2023-02-27,0
CUST009827,257718.18,48,8.31,Auto,2023-02-22,0
CUST009828,685263.89,12,11.66,Auto,2025-08-03,0
CUST009829,826242.31,120,11.76,Home,2024-01-18,0
CUST009830,340029.39,12,15.02,Auto,2024-08-27,0
CUST009831,729840.75,36,6.98,Business,2025-02-25,0
CUST009832,164734.39,36,7.94,Education,2024-08-25,0
CUST009833,219194.76,84,15.29,Auto,2023-03-11,0
CUST009834,238962.63,120,9.85,Auto,2024-11-28,0
CUST009835,282378.93,12,13.69,Auto,2025-05-28,0
CUST009836,68529.63,60,9.1,Education,2023-09-09,0
CUST009837,485310.0,60,12.92,Business,2024-01-20,0
CUST009838,473638.43,120,10.9,Home,2024-01-19,0
CUST009839,388212.12,60,16.01,Auto,2024-04-23,0
CUST009840,799659.15,36,7.2,Business,2025-01-09,0
CUST009841,46393.89,36,12.99,Home,2025-05-02,1
CUST009842,127233.94,84,10.08,Personal,2025-04-07,0
CUST009843,337058.35,120,6.0,Personal,2025-01-15,0
CUST009844,421311.1,24,13.66,Personal,2025-05-08,1
CUST009845,210716.78,60,10.79,Home,2023-03-12,0
CUST009846,343474.54,120,7.97,Education,2023-03-30,0
CUST009847,350867.13,120,6.43,Business,2025-06-08,0
CUST009848,661587.97,48,14.57,Personal,2023-04-07,0
CUST009849,515252.3,24,6.0,Business,2024-02-25,0
CUST009850,561764.86,84,12.08,Auto,2024-06-03,0
CUST009851,199540.99,60,10.92,Home,2025-10-02,0
CUST009852,121285.04,12,8.3,Business,2024-06-26,0
CUST009853,242883.34,60,11.61,Auto,2024-09-12,0
CUST009854,155087.14,24,15.65,Business,2023-03-11,0
CUST009855,315414.23,120,12.74,Education,2025-06-28,0
CUST009856,1376613.67,36,8.99,Business,2024-07-01,0
CUST009857,640910.91,120,11.05,Business,2023-06-20,1
CUST009858,691078.88,36,14.11,Business,2023-02-02,1
CUST009859,405377.45,84,9.12,Auto,2025-05-13,0
CUST009860,112625.63,12,13.13,Personal,2023-07-26,0
CUST009861,1054903.5,36,8.67,Education,2025-06-11,0
CUST009862,273156.98,24,8.89,Auto,2025-07-06,0
CUST009863,299297.52,84,8.49,Auto,2023-04-22,1
CUST009864,380320.76,60,13.42,Business,2024-05-26,0
CUST009865,329615.07,24,9.75,Auto,2023-05-01,0
CUST009866,304420.0,36,9.0,Personal,2024-09-03,0
CUST009867,226247.25,84,11.29,Business,2024-02-03,0
CUST009868,434115.62,48,10.85,Education,2025-02-07,0
CUST009869,434460.31,12,16.05,Personal,2025-02-16,0
CUST009870,2284115.34,60,12.33,Auto,2025-11-25,0
CUST009871,695152.71,120,6.43,Auto,2023-01-15,0
CUST009872,240391.48,120,13.83,Education,2025-01-31,0
CUST009873,734843.61,48,11.11,Auto,2024-03-26,0
CUST009874,144049.7,120,10.92,Business,2024-09-16,0
CUST009875,780578.1,84,7.31,Education,2023-09-20,0
CUST009876,381812.4,60,19.42,Home,2023-02-01,0
CUST009877,626301.21,36,7.96,Personal,2023-04-07,0
CUST009878,321319.36,84,10.72,Education,2024-08-18,0
CUST009879,841050.16,60,6.88,Personal,2025-03-08,0
CUST009880,116047.99,12,11.68,Business,2024-11-18,0
CUST009881,373942.72,120,7.21,Education,2023-12-23,0
CUST009882,494749.39,36,10.88,Auto,2024-03-07,0
CUST009883,1115322.78,24,12.99,Education,2025-10-26,0
CUST009884,162607.32,120,6.0,Home,2025-04-16,0
CUST009885,691888.26,60,11.4,Business,2025-03-17,0
CUST009886,236211.22,120,13.31,Home,2024-03-01,0
CUST009887,408122.66,24,11.67,Education,2025-04-30,0
CUST009888,457851.35,24,13.72,Personal,2023-01-13,0
CUST009889,323298.77,84,11.36,Home,2025-05-25,0
CUST009890,343450.77,12,9.3,Auto,2024-09-06,0
CUST009891,131188.6,60,14.91,Education,2024-07-07,1
CUST009892,462315.6,60,13.9,Business,2023-05-30,1
CUST009893,174225.46,12,11.28,Home,2025-03-18,0
CUST009894,666522.4,48,13.17,Auto,2023-11-30,0
CUST009895,1029443.73,48,10.96,Business,2025-01-12,0
CUST009896,392351.91,12,14.5,Home,2025-02-18,0
CUST009897,268725.75,36,6.97,Education,2023-02-21,0
CUST009898,171615.64,120,8.05,Personal,2025-11-05,0
CUST009899,132615.41,36,11.86,Personal,2025-09-12,0
CUST009900,891422.05,120,10.38,Auto,2024-10-18,1
CUST009901,572533.72,84,8.0,Home,2023-10-02,0
CUST009902,649114.61,12,17.19,Business,2025-04-06,0
CUST009903,564749.0,12,10.39,Home,2023-07-23,0
CUST009904,79470.92,120,9.09,Auto,2025-07-03,0
CUST009905,471567.91,84,14.96,Business,2024-10-27,0
CUST009906,58604.77,48,17.01,Business,2025-12-05,0
CUST009907,589378.4,12,11.16,Home,2024-08-27,0
CUST009908,573018.58,24,10.53,Personal,2023-02-10,0
CUST009909,401438.65,120,11.66,Personal,2024-03-28,0
CUST009910,1448096.54,48,7.38,Auto,2025-03-16,1
CUST009911,634156.32,84,10.98,Business,2025-10-13,0
CUST009912,411631.53,84,15.85,Personal,2025-05-24,0
CUST009913,807266.25,36,17.89,Personal,2024-12-16,0
CUST009914,844961.48,60,15.64,Business,2024-12-19,0
CUST009915,368425.28,24,15.12,Home,2025-07-02,1
CUST009916,520517.51,24,11.69,Auto,2025-06-22,0
CUST009917,779563.39,24,12.39,Business,2024-10-15,0
CUST009918,374659.49,12,13.27,Education,2025-12-14,0
CUST009919,1286835.89,36,13.98,Business,2025-03-03,0
CUST009920,392517.36,24,10.07,Auto,2023-01-01,0
CUST009921,532566.33,24,12.96,Auto,2023-02-16,0
CUST009922,419292.86,84,8.08,Auto,2024-08-18,0
CUST009923,132654.81,120,11.0,Business,2025-05-13,0
CUST009924,1639353.98,60,8.78,Home,2025-03-03,0
CUST009925,472195.95,24,7.63,Auto,2024-06-30,0
CUST009926,183415.1,60,12.47,Auto,2023-02-01,0
CUST009927,122395.0,48,9.42,Home,2024-12-13,0
CUST009928,298984.76,120,7.37,Business,2025-08-23,0
CUST009929,438244.52,120,14.64,Auto,2025-10-12,0
CUST009930,406962.69,24,8.15,Auto,2025-06-02,0
CUST009931,189574.34,60,6.0,Education,2023-09-18,0
CUST009932,413447.72,84,11.25,Auto,2024-05-22,0
CUST009933,876035.92,84,9.55,Auto,2024-03-13,1
CUST009934,240597.33,36,8.15,Auto,2025-11-06,0
CUST009935,770254.94,48,7.83,Home,2024-04-13,1
CUST009936,472931.18,84,8.24,Auto,2023-11-26,0
CUST009937,174210.4,36,11.08,Personal,2024-08-24,0
CUST009938,420623.57,24,8.79,Education,2023-11-14,0
CUST009939,987572.84,120,8.75,Auto,2023-02-27,0
CUST009940,334280.93,60,6.0,Auto,2023-03-27,0
CUST009941,20783.51,48,14.21,Business,2025-06-10,0
CUST009942,197276.5,12,13.43,Auto,2025-07-04,0
CUST009943,254545.57,48,10.93,Education,2024-04-24,1
CUST009944,499989.96,36,9.39,Home,2025-06-02,0
CUST009945,581741.72,12,8.73,Personal,2023-11-16,0
CUST009946,567367.97,12,7.86,Business,2023-08-28,0
CUST009947,732746.66,36,13.22,Auto,2023-06-01,0
CUST009948,309534.96,24,14.37,Auto,2025-08-12,0
CUST009949,102157.27,120,9.1,Auto,2025-05-21,0
CUST009950,999307.26,36,11.67,Auto,2024-08-26,0
CUST009951,329205.92,24,6.0,Home,2025-11-30,0
CUST009952,263164.58,12,11.12,Education,2023-12-30,0
CUST009953,357622.88,48,11.81,Business,2025-09-21,0
CUST009954,280681.33,60,8.49,Education,2025-01-03,0
CUST009955,1015664.42,120,6.0,Home,2023-06-03,0
CUST009956,780627.35,36,12.2,Personal,2025-08-08,1
CUST009957,798476.48,60,12.97,Auto,2024-02-03,0
CUST009958,107424.88,24,10.75,Education,2024-05-22,0
CUST009959,561940.49,12,10.6,Home,2025-11-12,1
CUST009960,303826.76,48,18.95,Home,2024-12-30,0
CUST009961,920041.79,60,12.16,Auto,2024-10-12,0
CUST009962,91054.26,120,8.52,Auto,2025-02-08,0
CUST009963,200930.09,60,10.27,Personal,2023-06-14,0
CUST009964,262525.53,24,7.28,Education,2023-09-17,1
CUST009965,374391.45,24,11.86,Home,2024-03-23,0
CUST009966,693541.94,24,12.9,Personal,2024-06-09,0
CUST009967,162552.72,12,10.51,Business,2024-03-19,0
CUST009968,405085.89,48,16.95,Education,2023-03-27,0
CUST009969,104937.86,12,13.97,Home,2023-06-18,0
CUST009970,520834.59,12,7.75,Auto,2023-02-05,0
CUST009971,100849.72,12,13.86,Auto,2025-06-20,0
CUST009972,206340.06,24,9.48,Business,2023-12-14,0
CUST009973,648921.18,60,7.98,Personal,2024-07-06,1
CUST009974,984204.91,84,12.87,Auto,2023-03-04,0
CUST009975,126684.24,120,7.26,Education,2023-01-03,0
CUST009976,297604.59,12,11.74,Home,2024-12-11,0
CUST009977,342357.8,24,9.97,Personal,2024-02-27,0
CUST009978,873740.26,36,12.06,Personal,2023-03-03,0
CUST009979,536507.08,48,6.0,Auto,2024-12-19,0
CUST009980,942805.79,12,18.59,Personal,2024-01-11,0
CUST009981,594861.94,36,14.61,Business,2023-03-02,0
CUST009982,958033.13,48,8.14,Business,2025-01-06,0
CUST009983,727832.04,48,10.93,Home,2024-02-07,0
CUST009984,585793.15,12,10.17,Business,2025-03-10,1
CUST009985,325347.07,36,8.04,Business,2023-01-02,0
CUST009986,314959.3,24,16.44,Auto,2024-12-31,0
CUST009987,325734.94,36,12.08,Home,2025-12-09,0
CUST009988,2167942.69,60,9.63,Home,2023-01-21,0
CUST009989,649003.25,120,9.34,Auto,2023-12-18,0
CUST009990,114157.44,48,13.12,Home,2024-08-15,1
CUST009991,971912.62,120,8.23,Home,2024-09-17,0
CUST009992,234388.4,60,7.84,Education,2023-02-16,0
CUST009993,179580.81,120,6.37,Personal,2023-02-04,0
CUST009994,341771.32,84,12.9,Business,2023-04-24,0
CUST009995,283677.79,60,9.42,Personal,2024-09-13,0
CUST009996,338042.03,120,7.63,Education,2025-03-16,0
CUST009997,304582.97,12,10.56,Home,2025-09-27,0
CUST009998,399792.59,24,11.81,Education,2025-11-30,1
CUST009999,737010.8,60,13.87,Home,2024-02-09,0
